{"protected":{"ver":"v1","alg":"HS256","iat":1740144625},"signature":"6d001a58b255699f0a5b0a376fc9ab048577a320642534f94f1ab686a077bf07","payload":{"device_name":"E6:61:78:C1:27:19:92:28","device_type":"DATA_FORWARDER","interval_ms":0.0625,"sensors":[{"name":"audio","units":"wav"}],"values":[[1],[-4],[10],[24],[1],[15],[4],[2],[2],[18],[1],[0],[20],[-3],[0],[-6],[-7],[11],[19],[-3],[2],[28],[-6],[-5],[21],[8],[0],[28],[4],[28],[6],[3],[27],[-8],[8],[19],[-3],[-5],[4],[-7],[3],[3],[21],[18],[-3],[4],[22],[11],[3],[35],[21],[5],[6],[3],[1],[4],[3],[1],[1],[10],[-7],[26],[12],[-6],[11],[22],[11],[-6],[12],[21],[8],[-5],[25],[5],[32],[17],[2],[17],[2],[-3],[11],[21],[-4],[0],[11],[-3],[4],[24],[3],[3],[28],[14],[1],[4],[26],[11],[1],[0],[28],[16],[3],[3],[27],[1],[20],[4],[19],[18],[2],[19],[6],[4],[33],[5],[-3],[13],[5],[6],[0],[5],[4],[28],[3],[-4],[4],[5],[3],[6],[6],[1],[24],[0],[22],[-6],[0],[19],[5],[-7],[29],[23],[9],[6],[30],[18],[1],[23],[4],[2],[27],[-8],[0],[3],[29],[3],[-2],[12],[-5],[-4],[21],[10],[-7],[20],[17],[3],[34],[17],[4],[2],[6],[0],[24],[10],[-8],[5],[19],[6],[-5],[1],[2],[-3],[3],[33],[19],[3],[1],[-4],[21],[10],[1],[35],[18],[-4],[15],[-5],[-8],[22],[10],[-3],[0],[12],[-5],[8],[24],[3],[2],[27],[15],[2],[0],[-4],[-4],[-6],[13],[22],[-8],[20],[-7],[0],[-6],[21],[9],[-5],[13],[1],[3],[0],[3],[10],[-10],[18],[17],[5],[-6],[21],[9],[-7],[14],[4],[4],[28],[0],[-3],[0],[-4],[27],[11],[-5],[32],[19],[5],[8],[32],[16],[1],[5],[28],[12],[13],[11],[8],[3],[2],[29],[16],[1],[31],[15],[0],[33],[5],[3],[2],[0],[3],[1],[3],[30],[17],[-4],[20],[25],[7],[-9],[28],[14],[-4],[1],[2],[1],[3],[8],[5],[5],[15],[-5],[26],[0],[-3],[4],[24],[10],[-5],[12],[-6],[30],[13],[-6],[8],[11],[-8],[0],[-6],[-4],[-7],[2],[0],[-3],[-7],[-6],[17],[-4],[-4],[27],[16],[-6],[22],[20],[5],[2],[28],[-6],[8],[-8],[24],[6],[-6],[24],[0],[0],[0],[0],[28],[18],[1],[3],[21],[0],[13],[-5],[0],[21],[6],[-7],[9],[19],[5],[4],[-11],[8],[-5],[-8],[28],[12],[-7],[-7],[17],[1],[1],[25],[11],[2],[2],[26],[6],[-10],[16],[18],[-7],[13],[-3],[-5],[22],[-8],[16],[-7],[11],[20],[5],[-8],[20],[18],[4],[-10],[20],[18],[3],[0],[26],[17],[-3],[8],[11],[-7],[0],[19],[4],[-11],[-10],[22],[12],[0],[0],[29],[11],[-4],[-4],[1],[26],[10],[-7],[10],[-3],[-7],[13],[-4],[-5],[-8],[6],[-6],[-6],[-5],[-6],[-5],[3],[4],[15],[-5],[26],[1],[-4],[24],[10],[-4],[2],[13],[-3],[-3],[21],[-4],[27],[11],[-5],[0],[22],[0],[1],[10],[4],[27],[-5],[11],[-5],[0],[-6],[-10],[32],[19],[-3],[8],[0],[24],[0],[22],[8],[-10],[6],[-7],[-4],[-5],[-5],[9],[-5],[13],[12],[-13],[24],[6],[-8],[28],[4],[0],[28],[13],[1],[-3],[26],[6],[-11],[13],[-4],[-6],[-7],[26],[10],[-4],[-5],[5],[21],[8],[-11],[13],[20],[8],[-9],[12],[-5],[-4],[-5],[-5],[19],[3],[1],[21],[-5],[-5],[27],[13],[-3],[16],[22],[5],[3],[31],[14],[1],[0],[18],[-5],[16],[12],[-4],[12],[19],[5],[-7],[12],[13],[-4],[0],[24],[-4],[14],[24],[5],[6],[32],[4],[6],[4],[28],[13],[2],[1],[5],[6],[33],[6],[-10],[20],[0],[20],[21],[2],[1],[15],[3],[3],[21],[4],[-10],[-8],[17],[1],[-10],[21],[-4],[1],[5],[5],[30],[14],[0],[0],[4],[-4],[16],[22],[6],[-7],[-5],[-6],[-6],[32],[17],[-2],[22],[9],[-7],[25],[-6],[-7],[1],[30],[13],[1],[1],[2],[2],[-3],[29],[-6],[-5],[26],[9],[-7],[10],[19],[-11],[-13],[1],[-8],[15],[27],[12],[0],[13],[-4],[20],[4],[-11],[18],[17],[6],[0],[32],[21],[5],[32],[8],[29],[14],[2],[16],[25],[0],[22],[6],[5],[2],[28],[4],[0],[15],[2],[-3],[18],[6],[9],[2],[1],[-3],[26],[14],[2],[14],[21],[8],[-6],[32],[0],[25],[21],[7],[6],[3],[5],[21],[5],[6],[26],[5],[10],[30],[6],[33],[13],[0],[8],[27],[11],[1],[5],[36],[6],[4],[27],[4],[3],[3],[18],[4],[4],[19],[4],[3],[11],[-5],[12],[2],[29],[15],[-3],[4],[29],[14],[1],[12],[18],[-4],[16],[24],[8],[0],[29],[0],[5],[6],[8],[23],[-5],[8],[21],[-4],[19],[1],[1],[27],[-6],[9],[22],[9],[-4],[27],[10],[-6],[28],[22],[4],[0],[29],[13],[-12],[27],[16],[2],[-11],[18],[18],[-7],[11],[21],[10],[-5],[16],[20],[4],[-14],[16],[17],[2],[-8],[20],[9],[-6],[2],[-12],[19],[3],[-11],[16],[9],[-11],[12],[22],[-4],[-5],[22],[9],[-11],[30],[17],[1],[1],[25],[11],[1],[-4],[0],[2],[1],[0],[31],[0],[22],[6],[-11],[14],[13],[-3],[-8],[28],[18],[6],[4],[33],[23],[8],[1],[32],[17],[1],[0],[29],[7],[-10],[20],[-7],[22],[10],[-5],[0],[24],[7],[8],[31],[18],[-3],[13],[2],[5],[27],[10],[-7],[13],[17],[2],[0],[22],[8],[-6],[12],[18],[4],[5],[34],[19],[6],[8],[2],[26],[13],[-4],[-5],[21],[8],[-6],[17],[2],[0],[1],[30],[13],[-3],[0],[-3],[0],[9],[5],[29],[13],[1],[34],[16],[-6],[16],[3],[3],[5],[-4],[0],[28],[8],[0],[25],[5],[2],[29],[19],[3],[3],[27],[8],[-8],[2],[33],[19],[4],[3],[28],[-5],[9],[-5],[12],[23],[10],[-5],[25],[6],[4],[32],[17],[-4],[1],[2],[26],[-5],[2],[27],[10],[10],[0],[24],[-6],[12],[21],[8],[-10],[20],[18],[-6],[22],[5],[4],[29],[17],[-4],[12],[24],[3],[2],[29],[17],[6],[2],[19],[3],[2],[5],[4],[13],[-3],[18],[2],[4],[24],[10],[8],[28],[15],[-3],[6],[16],[-4],[1],[29],[10],[9],[0],[36],[19],[3],[5],[31],[18],[-3],[14],[-7],[21],[10],[0],[6],[12],[0],[4],[0],[30],[13],[-4],[2],[24],[0],[2],[-3],[11],[-5],[-6],[21],[7],[-5],[11],[15],[1],[1],[2],[2],[1],[-4],[9],[17],[0],[-5],[20],[4],[-8],[25],[12],[-4],[0],[21],[-4],[27],[6],[0],[24],[2],[30],[9],[-7],[21],[4],[0],[27],[13],[2],[3],[2],[5],[2],[-4],[-9],[8],[18],[3],[0],[21],[5],[-7],[16],[22],[5],[-7],[25],[2],[-10],[8],[-8],[32],[14],[1],[3],[2],[-4],[24],[17],[3],[0],[27],[12],[-4],[-5],[-5],[-3],[1],[-4],[31],[16],[2],[0],[26],[4],[1],[20],[-5],[-7],[11],[19],[-4],[8],[21],[6],[-7],[8],[21],[8],[-5],[16],[3],[16],[1],[-5],[24],[13],[-3],[2],[27],[6],[-6],[27],[3],[5],[32],[19],[-5],[14],[-8],[20],[17],[-7],[8],[18],[-8],[1],[-14],[25],[14],[-6],[-5],[20],[2],[27],[15],[-3],[16],[20],[5],[-14],[27],[12],[-5],[-6],[24],[11],[-3],[4],[0],[-7],[16],[-3],[0],[16],[-6],[-7],[18],[0],[-3],[-8],[8],[17],[4],[-11],[21],[16],[5],[-12],[27],[17],[1],[22],[7],[0],[32],[5],[-9],[9],[19],[5],[-10],[27],[14],[-7],[10],[19],[4],[-7],[13],[-3],[0],[25],[5],[3],[29],[16],[3],[2],[26],[7],[-7],[-15],[14],[3],[-6],[30],[13],[1],[-3],[27],[8],[0],[30],[16],[0],[0],[18],[4],[-6],[11],[8],[-8],[28],[-4],[15],[2],[11],[-2],[20],[8],[1],[32],[23],[6],[0],[26],[15],[2],[4],[1],[31],[17],[0],[20],[20],[0],[15],[16],[0],[0],[29],[3],[28],[12],[-4],[13],[21],[8],[-3],[1],[0],[1],[-6],[17],[-3],[5],[2],[29],[8],[-10],[16],[16],[-5],[-6],[-6],[-5],[1],[15],[1],[-3],[8],[-8],[-10],[19],[21],[9],[-8],[20],[21],[2],[13],[25],[-4],[30],[0],[27],[11],[0],[20],[-6],[24],[-7],[-5],[29],[11],[0],[13],[8],[0],[33],[18],[6],[2],[30],[10],[-6],[25],[1],[22],[9],[-7],[10],[-4],[6],[9],[2],[10],[-5],[20],[21],[9],[-6],[28],[19],[1],[14],[0],[0],[2],[5],[16],[-5],[12],[14],[1],[3],[32],[17],[0],[0],[22],[7],[-8],[8],[20],[7],[-11],[5],[18],[0],[19],[-3],[-6],[-4],[9],[24],[11],[0],[13],[-3],[32],[20],[4],[4],[21],[5],[4],[0],[0],[-5],[7],[4],[32],[18],[6],[2],[16],[24],[6],[5],[33],[18],[0],[0],[30],[-4],[0],[16],[2],[30],[15],[-3],[-6],[22],[9],[6],[14],[-5],[12],[22],[2],[24],[17],[-3],[3],[31],[19],[5],[3],[30],[4],[4],[3],[30],[11],[1],[5],[4],[30],[15],[-3],[4],[24],[10],[-4],[16],[26],[14],[3],[1],[24],[3],[3],[3],[29],[4],[12],[-5],[20],[-5],[-4],[26],[9],[-4],[0],[32],[19],[2],[34],[22],[10],[7],[33],[3],[2],[4],[6],[11],[10],[35],[17],[4],[1],[28],[12],[1],[4],[5],[2],[2],[4],[24],[10],[4],[32],[17],[6],[5],[34],[19],[4],[3],[18],[-4],[13],[23],[2],[1],[16],[2],[2],[30],[16],[1],[1],[1],[26],[11],[-6],[13],[8],[4],[6],[4],[22],[3],[16],[26],[11],[-3],[30],[9],[-12],[27],[1],[32],[16],[-3],[17],[4],[5],[30],[16],[1],[4],[26],[11],[-4],[12],[13],[1],[0],[25],[1],[-4],[15],[-3],[14],[0],[24],[-6],[10],[-3],[22],[5],[-10],[16],[17],[-8],[8],[17],[4],[-6],[24],[11],[-5],[13],[0],[0],[19],[-4],[8],[17],[-3],[26],[15],[1],[4],[27],[10],[-7],[19],[-5],[0],[24],[-6],[1],[16],[0],[-3],[-7],[1],[0],[25],[13],[2],[4],[29],[3],[1],[-5],[-6],[25],[12],[-3],[-5],[25],[11],[-7],[9],[-6],[-6],[-5],[12],[11],[-8],[-3],[0],[21],[0],[0],[25],[12],[0],[1],[13],[-4],[-3],[-3],[-5],[17],[-8],[12],[-5],[-5],[-4],[23],[9],[-7],[11],[2],[0],[26],[-3],[18],[4],[-8],[-7],[0],[24],[11],[0],[-4],[1],[0],[5],[0],[28],[10],[-10],[8],[15],[3],[-10],[24],[17],[4],[2],[26],[8],[-11],[7],[0],[16],[1],[-4],[13],[1],[2],[1],[17],[-6],[13],[21],[-6],[-3],[-6],[30],[16],[0],[2],[0],[1],[5],[-5],[25],[-4],[-5],[7],[-10],[16],[10],[-6],[0],[0],[-5],[15],[-4],[-6],[24],[10],[-6],[10],[-6],[9],[17],[0],[-13],[18],[17],[5],[5],[27],[12],[1],[1],[14],[-3],[0],[23],[8],[-7],[6],[11],[-7],[16],[-3],[0],[13],[-4],[2],[21],[6],[-5],[-7],[-8],[-8],[-4],[28],[-7],[16],[2],[-3],[27],[10],[-5],[-5],[-6],[8],[22],[10],[-5],[10],[24],[4],[4],[29],[14],[-5],[9],[-5],[-2],[0],[-3],[15],[1],[0],[-10],[20],[0],[30],[12],[-5],[-3],[27],[12],[-4],[0],[26],[8],[0],[32],[19],[4],[3],[18],[5],[-8],[26],[18],[4],[0],[26],[14],[-3],[-4],[30],[1],[0],[-6],[0],[19],[5],[-6],[29],[14],[2],[1],[-5],[9],[-6],[16],[24],[9],[-8],[20],[19],[3],[1],[5],[32],[14],[-6],[-4],[-7],[-5],[19],[4],[2],[2],[20],[-4],[-6],[-4],[27],[11],[-4],[0],[18],[-4],[0],[24],[-7],[0],[-11],[26],[-3],[28],[11],[0],[28],[17],[4],[0],[28],[14],[-7],[12],[12],[-3],[13],[22],[-6],[-3],[-5],[-3],[16],[2],[3],[31],[18],[3],[3],[28],[12],[-5],[13],[21],[9],[-7],[19],[-5],[-19],[4],[-8],[22],[8],[-7],[6],[23],[5],[-7],[27],[-5],[0],[28],[10],[-3],[0],[2],[1],[0],[20],[5],[2],[27],[11],[1],[4],[1],[17],[0],[2],[26],[6],[16],[21],[8],[8],[32],[4],[2],[1],[21],[1],[1],[0],[0],[18],[29],[14],[3],[23],[5],[5],[31],[15],[4],[5],[30],[6],[8],[8],[28],[15],[4],[34],[15],[2],[28],[27],[12],[8],[17],[1],[18],[4],[5],[6],[30],[15],[6],[8],[18],[31],[14],[-3],[16],[27],[14],[11],[37],[20],[8],[6],[33],[20],[5],[18],[32],[13],[2],[26],[27],[7],[8],[6],[4],[4],[3],[5],[6],[8],[17],[29],[13],[-3],[17],[26],[11],[-3],[27],[13],[3],[-5],[34],[3],[32],[4],[29],[11],[-3],[0],[2],[5],[7],[5],[21],[-5],[11],[25],[11],[-3],[2],[17],[2],[2],[27],[14],[4],[2],[3],[31],[4],[-5],[21],[22],[8],[-6],[13],[24],[4],[18],[-5],[12],[21],[-6],[9],[-5],[12],[19],[3],[2],[28],[13],[0],[1],[24],[10],[-7],[1],[25],[9],[-6],[0],[22],[6],[-13],[4],[17],[3],[-11],[6],[16],[-4],[-3],[24],[-10],[3],[-8],[16],[15],[-6],[10],[0],[-6],[-8],[-10],[-13],[3],[-11],[21],[6],[-6],[22],[5],[-10],[-8],[-7],[-7],[11],[-6],[0],[19],[-5],[-3],[-10],[-3],[9],[21],[5],[-8],[-4],[-3],[-5],[22],[9],[-5],[-4],[27],[15],[0],[1],[-5],[-8],[18],[0],[4],[-3],[18],[2],[-4],[26],[13],[-10],[27],[14],[-5],[12],[21],[5],[-6],[-7],[9],[-5],[22],[10],[-6],[5],[18],[3],[-11],[24],[-6],[20],[6],[-7],[10],[21],[5],[-11],[16],[8],[-5],[13],[-4],[4],[20],[1],[-5],[12],[-3],[25],[8],[-5],[29],[1],[-3],[1],[25],[11],[0],[32],[16],[1],[37],[22],[3],[5],[3],[-4],[3],[2],[-3],[-5],[1],[25],[2],[4],[28],[18],[7],[6],[25],[12],[-3],[17],[26],[9],[10],[30],[13],[0],[15],[1],[22],[11],[0],[32],[21],[6],[9],[26],[8],[8],[2],[3],[5],[21],[1],[12],[-3],[26],[10],[11],[7],[30],[9],[4],[22],[6],[34],[19],[6],[5],[31],[15],[-3],[35],[22],[3],[3],[3],[30],[3],[10],[9],[33],[20],[1],[25],[22],[9],[0],[28],[18],[3],[6],[26],[11],[0],[13],[21],[11],[-4],[27],[11],[-6],[16],[2],[31],[14],[0],[18],[-6],[2],[14],[0],[12],[26],[11],[-4],[13],[21],[5],[3],[27],[13],[-4],[12],[20],[-4],[-7],[-3],[0],[0],[-3],[18],[26],[-5],[12],[12],[-3],[-11],[9],[-4],[16],[13],[0],[-5],[20],[6],[-7],[17],[-5],[12],[16],[-7],[27],[13],[1],[0],[26],[13],[-3],[13],[20],[-7],[29],[16],[-4],[13],[0],[-5],[6],[5],[21],[2],[3],[9],[-9],[11],[11],[-6],[8],[5],[0],[2],[17],[2],[3],[30],[13],[0],[0],[26],[11],[-8],[10],[-8],[11],[11],[-5],[27],[11],[-4],[-3],[28],[12],[-3],[-5],[24],[8],[-7],[0],[25],[2],[3],[4],[33],[1],[17],[1],[4],[22],[8],[0],[3],[2],[28],[16],[4],[4],[0],[18],[-5],[11],[22],[10],[-6],[16],[17],[4],[2],[28],[19],[2],[1],[26],[11],[1],[0],[25],[9],[-6],[0],[-6],[10],[-5],[1],[-3],[15],[0],[-4],[11],[-6],[12],[0],[0],[-8],[-8],[12],[18],[3],[0],[27],[2],[29],[15],[0],[33],[17],[2],[4],[0],[-6],[0],[1],[5],[4],[19],[2],[2],[21],[4],[6],[1],[1],[2],[27],[5],[5],[31],[3],[27],[12],[0],[1],[26],[4],[-4],[-3],[23],[4],[3],[5],[20],[-7],[28],[14],[-5],[2],[-6],[10],[22],[9],[-6],[11],[18],[-7],[-7],[25],[3],[18],[2],[5],[0],[0],[26],[5],[32],[14],[-3],[0],[22],[-4],[0],[28],[17],[-4],[1],[30],[-4],[0],[-7],[19],[5],[-12],[12],[-7],[16],[-5],[1],[-5],[24],[-7],[-11],[22],[4],[0],[-7],[-3],[-3],[1],[13],[0],[1],[-6],[1],[28],[15],[-5],[-3],[0],[0],[0],[0],[11],[-5],[27],[5],[-10],[10],[17],[-4],[-4],[22],[-7],[-6],[0],[25],[10],[-6],[13],[-2],[-5],[22],[-4],[-3],[30],[0],[-6],[-7],[8],[-5],[17],[4],[14],[0],[-3],[1],[24],[9],[-10],[27],[1],[-4],[4],[-3],[-4],[-5],[2],[-5],[-3],[17],[2],[-4],[17],[-6],[-12],[22],[22],[0],[14],[2],[1],[25],[4],[4],[29],[11],[-5],[0],[0],[20],[4],[-8],[16],[18],[1],[10],[-6],[10],[-6],[0],[29],[-7],[-4],[-6],[21],[4],[5],[12],[-5],[9],[2],[-3],[28],[13],[2],[2],[29],[1],[25],[11],[0],[14],[-11],[22],[5],[-9],[-4],[-8],[3],[-3],[-4],[3],[29],[3],[33],[18],[-6],[16],[3],[-4],[16],[24],[5],[2],[25],[-3],[-7],[16],[2],[1],[1],[6],[5],[33],[4],[2],[21],[1],[2],[1],[-3],[0],[19],[3],[0],[25],[9],[-5],[27],[9],[-6],[16],[2],[6],[5],[28],[3],[4],[14],[-3],[14],[16],[0],[1],[2],[-4],[-3],[0],[11],[1],[9],[6],[32],[15],[-7],[11],[22],[3],[7],[3],[2],[1],[28],[1],[3],[2],[4],[4],[17],[2],[4],[33],[17],[6],[34],[3],[5],[5],[5],[4],[6],[6],[3],[16],[0],[17],[30],[4],[8],[6],[0],[0],[2],[-3],[15],[5],[2],[22],[7],[0],[29],[3],[28],[14],[5],[8],[8],[5],[29],[-3],[0],[0],[2],[0],[0],[19],[7],[0],[28],[0],[-4],[1],[-5],[-3],[26],[9],[-3],[1],[11],[-4],[13],[-3],[3],[1],[4],[2],[4],[30],[2],[17],[-3],[14],[0],[10],[2],[4],[33],[10],[-8],[12],[0],[12],[-5],[0],[-3],[4],[0],[-11],[20],[-8],[11],[-5],[3],[-2],[21],[14],[-4],[0],[25],[12],[-6],[-3],[0],[-3],[21],[7],[-8],[0],[0],[-5],[-5],[-5],[0],[-4],[11],[-6],[12],[20],[8],[-9],[9],[20],[-4],[27],[11],[1],[4],[25],[13],[-4],[2],[25],[0],[-3],[1],[1],[19],[-2],[1],[26],[13],[1],[-8],[20],[13],[-5],[19],[11],[-4],[1],[20],[6],[-7],[29],[14],[1],[2],[0],[-3],[-5],[26],[4],[-8],[10],[-4],[16],[4],[4],[24],[9],[-7],[0],[25],[10],[-4],[8],[-3],[1],[28],[17],[1],[14],[1],[32],[1],[29],[17],[2],[2],[-10],[14],[2],[2],[27],[16],[-6],[-6],[24],[22],[10],[-7],[8],[20],[4],[4],[1],[20],[7],[-10],[13],[17],[5],[-5],[28],[12],[-7],[13],[-7],[-6],[-5],[1],[29],[12],[0],[0],[-6],[-8],[13],[20],[6],[-11],[12],[-12],[19],[7],[-7],[14],[4],[5],[28],[12],[-3],[12],[20],[7],[4],[34],[-5],[26],[0],[22],[8],[-5],[18],[-3],[-2],[16],[21],[1],[17],[4],[5],[29],[13],[-7],[16],[8],[-5],[12],[25],[3],[2],[1],[33],[18],[3],[2],[13],[0],[32],[20],[3],[21],[9],[-3],[18],[-3],[1],[3],[13],[1],[4],[26],[10],[-4],[8],[-5],[15],[26],[7],[4],[30],[9],[-4],[32],[2],[2],[0],[-4],[5],[-6],[2],[33],[16],[-7],[15],[21],[-3],[2],[28],[14],[5],[4],[0],[-10],[-7],[12],[12],[-5],[0],[-4],[16],[2],[3],[24],[4],[-12],[28],[6],[-12],[12],[-7],[-4],[22],[-6],[8],[-7],[16],[22],[9],[1],[4],[1],[2],[2],[2],[13],[-7],[-5],[0],[12],[1],[3],[2],[20],[-13],[21],[18],[1],[-11],[16],[12],[0],[-5],[0],[25],[11],[-3],[8],[27],[13],[-3],[8],[3],[0],[26],[17],[8],[-9],[13],[-4],[16],[26],[5],[6],[0],[12],[-8],[0],[0],[21],[3],[17],[-3],[0],[-3],[9],[-7],[12],[0],[2],[8],[30],[-5],[22],[7],[-7],[12],[12],[-3],[0],[2],[33],[13],[-3],[32],[17],[-3],[4],[26],[5],[3],[28],[15],[5],[32],[10],[1],[-3],[19],[-3],[25],[6],[-5],[-6],[-5],[26],[9],[-7],[11],[24],[4],[0],[10],[21],[8],[6],[32],[-3],[0],[-5],[21],[11],[8],[5],[9],[0],[2],[4],[33],[19],[0],[2],[21],[1],[15],[2],[3],[21],[8],[-9],[24],[19],[-4],[10],[1],[4],[26],[2],[7],[0],[3],[28],[5],[2],[1],[28],[12],[3],[4],[34],[19],[4],[8],[22],[2],[5],[7],[5],[30],[14],[1],[2],[29],[3],[34],[3],[3],[10],[13],[-3],[4],[20],[1],[12],[-6],[12],[-5],[5],[-10],[8],[1],[24],[22],[5],[0],[21],[7],[-5],[-2],[-7],[0],[24],[11],[1],[-6],[-5],[-5],[-5],[-4],[12],[-3],[-6],[-8],[5],[-6],[25],[2],[1],[27],[12],[1],[-4],[13],[1],[1],[27],[11],[1],[0],[6],[3],[32],[1],[17],[0],[0],[3],[3],[28],[1],[-3],[0],[-8],[11],[3],[17],[-3],[1],[26],[13],[-5],[-3],[26],[0],[2],[0],[1],[0],[23],[1],[13],[2],[32],[18],[3],[3],[22],[2],[4],[30],[16],[3],[5],[32],[10],[0],[32],[-7],[12],[19],[0],[-7],[20],[6],[-13],[25],[-6],[23],[3],[4],[19],[4],[-17],[21],[9],[-8],[10],[14],[-7],[-4],[19],[-5],[12],[20],[2],[3],[-6],[25],[0],[-3],[1],[-7],[-4],[0],[-4],[4],[1],[26],[12],[3],[3],[-3],[25],[-8],[11],[-4],[21],[8],[-6],[25],[11],[-4],[12],[-7],[12],[20],[1],[-7],[24],[15],[-5],[11],[21],[-5],[-4],[-6],[-10],[16],[-4],[22],[8],[-7],[-7],[24],[10],[-4],[29],[14],[1],[2],[1],[1],[24],[5],[-5],[1],[3],[16],[1],[13],[24],[2],[25],[11],[-7],[-4],[5],[5],[8],[5],[25],[8],[-7],[29],[10],[-5],[-5],[1],[8],[-8],[10],[-3],[-4],[11],[-5],[0],[-4],[11],[-5],[2],[-5],[17],[-4],[1],[2],[2],[26],[13],[3],[3],[24],[8],[-5],[10],[0],[0],[-8],[-10],[18],[-4],[0],[25],[12],[1],[27],[14],[1],[12],[1],[-5],[32],[22],[6],[5],[29],[16],[0],[0],[1],[33],[10],[-5],[26],[1],[3],[35],[18],[0],[3],[5],[1],[16],[25],[5],[8],[25],[3],[5],[32],[18],[4],[4],[26],[5],[2],[2],[-7],[-4],[20],[4],[3],[13],[14],[8],[9],[7],[31],[16],[-3],[0],[32],[19],[2],[3],[5],[32],[10],[13],[18],[1],[16],[23],[9],[1],[9],[24],[9],[10],[5],[3],[16],[1],[16],[27],[15],[4],[16],[21],[1],[15],[23],[9],[-4],[4],[24],[9],[0],[6],[30],[13],[2],[-3],[23],[14],[4],[17],[6],[6],[26],[8],[-11],[24],[6],[-16],[11],[17],[4],[5],[30],[17],[2],[8],[19],[-3],[5],[2],[34],[20],[2],[1],[2],[-3],[-4],[3],[2],[4],[3],[34],[19],[3],[4],[21],[6],[-7],[32],[1],[0],[24],[12],[1],[4],[6],[29],[14],[-4],[3],[1],[29],[14],[5],[2],[16],[2],[18],[4],[18],[4],[35],[16],[0],[-3],[4],[9],[7],[35],[6],[6],[8],[9],[34],[10],[7],[32],[18],[5],[5],[27],[11],[-7],[30],[23],[8],[8],[0],[21],[5],[5],[34],[16],[3],[5],[4],[22],[-6],[15],[4],[5],[7],[6],[32],[18],[-5],[1],[0],[19],[2],[1],[0],[8],[8],[33],[17],[0],[17],[-5],[25],[11],[1],[19],[1],[1],[4],[28],[5],[30],[10],[-5],[4],[22],[5],[-12],[12],[19],[9],[-5],[28],[19],[1],[22],[3],[16],[-3],[15],[2],[27],[5],[-10],[-10],[-8],[22],[10],[-6],[-4],[1],[1],[-4],[-7],[0],[-4],[8],[5],[32],[9],[-10],[9],[22],[4],[4],[37],[16],[1],[11],[21],[5],[4],[1],[5],[5],[29],[13],[1],[8],[27],[12],[-3],[14],[22],[3],[3],[1],[2],[24],[6],[-10],[11],[-4],[0],[0],[3],[-3],[24],[-7],[0],[17],[-5],[-3],[-4],[-6],[5],[6],[0],[33],[20],[7],[5],[31],[16],[1],[-3],[27],[14],[2],[2],[10],[-5],[0],[2],[3],[28],[13],[2],[20],[20],[3],[4],[33],[5],[4],[21],[0],[15],[25],[0],[-5],[8],[-5],[0],[-6],[9],[19],[-3],[25],[12],[1],[4],[18],[0],[18],[-6],[11],[18],[-6],[-8],[-7],[-7],[0],[27],[10],[-12],[25],[12],[-4],[-5],[27],[-5],[28],[12],[-3],[-6],[23],[9],[-7],[8],[20],[7],[-6],[16],[19],[6],[0],[5],[-13],[16],[12],[-3],[0],[-5],[0],[1],[-3],[23],[-7],[22],[10],[-6],[-6],[-9],[4],[20],[3],[-10],[10],[16],[3],[0],[27],[8],[-11],[-10],[7],[-8],[18],[-3],[-13],[5],[19],[4],[-12],[4],[9],[-7],[0],[20],[1],[0],[-3],[18],[22],[9],[-6],[3],[2],[22],[4],[3],[29],[17],[6],[3],[31],[16],[3],[2],[0],[30],[11],[-8],[32],[0],[0],[-3],[-4],[11],[0],[31],[14],[1],[1],[25],[10],[-7],[8],[1],[-4],[25],[13],[-6],[2],[27],[10],[-3],[19],[4],[5],[0],[17],[1],[10],[21],[1],[-3],[27],[13],[0],[1],[19],[3],[0],[-5],[17],[-5],[1],[0],[-3],[3],[3],[27],[13],[-11],[20],[17],[1],[0],[-7],[-12],[20],[9],[-7],[-10],[19],[9],[-7],[1],[-5],[4],[-11],[25],[9],[-7],[-9],[19],[-3],[-12],[22],[9],[-6],[-5],[1],[-3],[24],[7],[0],[21],[2],[-10],[24],[3],[0],[26],[-5],[10],[-5],[0],[25],[10],[-5],[12],[8],[-11],[16],[19],[1],[1],[-5],[-5],[20],[-4],[19],[5],[-8],[20],[16],[3],[4],[0],[-4],[-4],[11],[-3],[1],[0],[11],[-4],[0],[21],[1],[-7],[32],[18],[1],[2],[19],[-4],[6],[3],[32],[19],[2],[10],[-11],[13],[13],[-6],[16],[25],[10],[-4],[-4],[13],[-5],[4],[22],[9],[-6],[12],[1],[32],[20],[5],[5],[29],[13],[0],[-3],[23],[9],[-5],[12],[0],[18],[0],[15],[-5],[-8],[27],[19],[-5],[10],[20],[9],[-5],[28],[11],[1],[32],[20],[-2],[16],[27],[14],[1],[0],[22],[4],[0],[1],[7],[4],[8],[29],[6],[3],[18],[3],[1],[1],[25],[11],[-4],[16],[0],[0],[6],[-7],[17],[3],[2],[26],[13],[1],[8],[22],[10],[-4],[2],[4],[29],[17],[5],[24],[9],[8],[29],[3],[4],[17],[26],[-3],[0],[-5],[1],[14],[-4],[17],[5],[14],[0],[13],[1],[11],[21],[5],[8],[24],[8],[-8],[16],[17],[8],[-6],[30],[10],[-7],[33],[18],[3],[1],[28],[14],[1],[4],[6],[21],[5],[3],[31],[18],[4],[11],[-5],[11],[-3],[19],[5],[10],[20],[5],[0],[6],[0],[25],[11],[2],[21],[6],[5],[25],[0],[35],[3],[-7],[34],[18],[8],[4],[29],[16],[1],[24],[22],[10],[1],[5],[1],[18],[25],[4],[3],[29],[17],[3],[-6],[27],[15],[-4],[27],[1],[24],[4],[4],[29],[13],[-3],[12],[2],[12],[25],[10],[-3],[-6],[-7],[1],[19],[3],[22],[4],[0],[16],[1],[33],[-3],[0],[33],[17],[5],[5],[24],[-3],[14],[-3],[13],[26],[15],[0],[32],[24],[9],[5],[30],[16],[3],[3],[29],[1],[26],[21],[6],[-7],[29],[12],[2],[8],[12],[-6],[11],[19],[1],[1],[-3],[-3],[27],[13],[0],[16],[23],[7],[-5],[-3],[-3],[12],[22],[-4],[10],[19],[8],[-6],[1],[27],[8],[-8],[28],[-5],[1],[25],[10],[-5],[28],[13],[-7],[13],[27],[11],[8],[32],[1],[27],[13],[-7],[32],[20],[2],[0],[5],[-6],[-5],[10],[18],[5],[-11],[16],[9],[-10],[12],[21],[4],[-12],[25],[-7],[0],[21],[6],[-7],[-8],[-4],[-6],[32],[15],[-4],[0],[0],[-10],[0],[1],[0],[-3],[16],[-7],[-8],[-4],[1],[23],[1],[16],[22],[6],[-8],[1],[1],[-3],[16],[-5],[-3],[27],[0],[1],[27],[-6],[5],[-13],[6],[16],[3],[-8],[25],[9],[-6],[4],[18],[-6],[1],[-13],[24],[10],[-4],[28],[-6],[29],[11],[-5],[2],[-10],[-4],[2],[2],[-6],[1],[2],[19],[1],[0],[17],[-3],[0],[-5],[26],[12],[1],[26],[13],[-13],[21],[11],[-5],[-9],[-6],[-5],[3],[0],[1],[-6],[0],[10],[14],[-3],[-3],[27],[17],[3],[-3],[26],[-7],[-10],[-8],[-8],[-6],[14],[-6],[-7],[8],[18],[-5],[-10],[8],[10],[-5],[-5],[-3],[29],[17],[1],[2],[28],[14],[-7],[11],[18],[-4],[6],[-9],[30],[12],[-9],[-7],[25],[-4],[1],[25],[10],[-6],[12],[-7],[12],[-4],[-5],[24],[4],[-7],[15],[-5],[0],[21],[3],[-11],[4],[14],[-6],[1],[1],[-7],[-5],[3],[-12],[8],[15],[-3],[-4],[-12],[-10],[-15],[22],[13],[1],[1],[27],[13],[-6],[5],[0],[30],[17],[3],[3],[28],[13],[-4],[0],[-4],[10],[-5],[1],[17],[1],[1],[19],[1],[-7],[-5],[22],[8],[-6],[13],[23],[2],[1],[22],[9],[-6],[6],[19],[3],[-12],[5],[17],[6],[-6],[-5],[4],[22],[0],[27],[8],[-11],[22],[17],[2],[0],[2],[0],[0],[-4],[-6],[-12],[24],[19],[7],[4],[32],[9],[-5],[27],[8],[3],[27],[13],[-5],[0],[20],[5],[-12],[31],[1],[3],[3],[27],[4],[0],[1],[1],[26],[10],[-6],[10],[17],[-3],[3],[2],[1],[29],[14],[0],[26],[11],[-6],[30],[2],[23],[7],[8],[34],[20],[2],[1],[14],[1],[11],[-4],[-5],[29],[9],[-5],[16],[26],[9],[8],[34],[20],[3],[2],[22],[9],[8],[33],[-3],[15],[21],[5],[-8],[29],[1],[12],[-5],[32],[2],[5],[28],[10],[-7],[18],[1],[10],[29],[8],[6],[31],[13],[4],[8],[27],[11],[0],[9],[-6],[28],[0],[0],[32],[1],[1],[4],[4],[0],[28],[3],[31],[13],[1],[3],[0],[28],[11],[-4],[20],[2],[34],[18],[5],[6],[30],[15],[3],[29],[10],[0],[32],[8],[2],[0],[1],[17],[-3],[12],[22],[0],[0],[2],[0],[7],[0],[32],[14],[2],[33],[1],[1],[0],[6],[-5],[23],[7],[-6],[18],[3],[26],[10],[-7],[18],[22],[2],[16],[27],[12],[1],[17],[24],[12],[-4],[28],[4],[33],[14],[0],[4],[3],[2],[21],[2],[-6],[3],[0],[0],[0],[27],[17],[-5],[26],[16],[0],[2],[0],[26],[11],[0],[0],[20],[2],[-7],[-9],[24],[19],[1],[8],[1],[24],[8],[0],[3],[9],[-6],[2],[4],[21],[3],[0],[27],[4],[2],[10],[27],[4],[3],[5],[13],[-3],[13],[0],[32],[0],[4],[28],[5],[6],[35],[18],[-3],[13],[0],[12],[7],[0],[32],[17],[-3],[-3],[-3],[1],[2],[8],[12],[4],[5],[0],[2],[10],[-6],[28],[0],[-6],[16],[24],[4],[2],[0],[20],[1],[3],[32],[15],[-5],[12],[19],[0],[1],[4],[4],[5],[4],[29],[7],[-8],[32],[19],[8],[4],[14],[-6],[10],[-5],[12],[21],[9],[-8],[10],[20],[6],[-11],[-3],[1],[22],[4],[-13],[20],[18],[-3],[-3],[24],[9],[-6],[25],[3],[-14],[-6],[0],[1],[1],[2],[-5],[-8],[27],[14],[-7],[0],[2],[0],[2],[6],[5],[6],[29],[3],[-3],[20],[3],[19],[5],[-4],[28],[11],[-5],[0],[2],[-5],[0],[0],[24],[9],[0],[26],[21],[5],[2],[0],[29],[14],[3],[3],[27],[-3],[7],[0],[21],[20],[8],[4],[18],[0],[1],[27],[14],[5],[4],[1],[9],[-6],[13],[22],[10],[9],[36],[23],[6],[25],[6],[8],[32],[13],[-6],[12],[-3],[15],[13],[-4],[16],[21],[2],[12],[0],[20],[23],[3],[16],[4],[24],[2],[18],[19],[0],[24],[23],[8],[8],[32],[14],[4],[4],[28],[11],[-5],[12],[19],[6],[-12],[-4],[0],[16],[-6],[20],[-6],[18],[22],[6],[8],[2],[1],[1],[3],[35],[20],[4],[3],[36],[18],[-3],[14],[1],[15],[19],[1],[3],[26],[15],[3],[5],[29],[12],[0],[13],[26],[3],[8],[-5],[17],[16],[-3],[1],[1],[-4],[12],[-4],[-6],[-4],[22],[6],[-7],[-8],[-3],[22],[1],[14],[22],[7],[0],[24],[5],[0],[25],[16],[5],[3],[21],[5],[0],[30],[20],[5],[3],[31],[19],[5],[6],[30],[10],[-5],[32],[18],[2],[1],[25],[2],[-8],[30],[-4],[3],[-5],[-7],[-10],[27],[6],[2],[28],[10],[-6],[10],[19],[4],[0],[32],[19],[7],[4],[25],[10],[1],[16],[19],[-3],[0],[-6],[32],[6],[4],[6],[-3],[26],[12],[1],[3],[22],[-2],[2],[-3],[3],[2],[5],[-8],[14],[19],[5],[0],[27],[14],[-4],[12],[19],[2],[0],[-4],[26],[-5],[-11],[28],[8],[-8],[9],[17],[-9],[29],[9],[-8],[11],[21],[3],[3],[13],[-5],[0],[14],[1],[1],[24],[9],[-6],[10],[-3],[29],[12],[-4],[25],[7],[-4],[2],[22],[-4],[0],[19],[6],[4],[27],[11],[2],[14],[0],[2],[-5],[13],[22],[8],[-10],[0],[30],[17],[2],[0],[22],[-5],[-5],[16],[2],[3],[22],[4],[-5],[-5],[0],[30],[11],[-6],[13],[20],[-6],[-8],[20],[2],[1],[26],[11],[-8],[0],[0],[-4],[13],[22],[8],[-7],[28],[4],[3],[17],[-3],[4],[24],[-3],[3],[3],[15],[-4],[1],[-4],[14],[2],[30],[11],[-6],[0],[22],[8],[-8],[-5],[1],[21],[5],[-11],[6],[22],[1],[3],[28],[12],[-3],[10],[20],[4],[29],[10],[-3],[29],[13],[-4],[-4],[-3],[1],[2],[-5],[8],[-5],[14],[-4],[-7],[17],[-4],[1],[-4],[24],[9],[-8],[11],[22],[8],[-7],[26],[19],[4],[22],[4],[2],[26],[8],[-6],[18],[11],[-5],[27],[10],[-5],[0],[24],[9],[-4],[14],[4],[1],[1],[10],[-7],[10],[20],[-4],[0],[-5],[-3],[-7],[0],[-5],[13],[-7],[8],[-8],[4],[19],[7],[-7],[24],[9],[-3],[1],[22],[8],[-5],[6],[-9],[8],[19],[-3],[-6],[-5],[-4],[15],[-7],[10],[14],[-5],[10],[22],[0],[1],[12],[14],[-5],[-5],[24],[8],[-8],[7],[16],[0],[-11],[16],[16],[1],[2],[28],[8],[-7],[20],[-6],[4],[0],[29],[6],[-11],[12],[-5],[-4],[-6],[12],[19],[6],[-6],[26],[11],[-6],[10],[16],[0],[-3],[23],[8],[-10],[8],[21],[9],[-5],[-4],[-4],[-6],[-3],[4],[25],[11],[-3],[10],[22],[-6],[-6],[11],[-3],[24],[2],[18],[-6],[19],[0],[0],[0],[16],[-3],[13],[26],[13],[2],[8],[3],[1],[34],[20],[14],[27],[8],[19],[22],[-4],[0],[22],[-11],[-24],[-6],[11],[5],[2],[13],[-6],[4],[28],[4],[10],[32],[16],[3],[-6],[-4],[1],[-3],[-8],[-5],[0],[15],[11],[-10],[11],[-5],[-12],[22],[-8],[25],[3],[-12],[13],[-8],[-25],[21],[-5],[16],[-7],[26],[-10],[9],[-3],[-8],[18],[10],[-7],[0],[32],[16],[12],[8],[27],[-4],[-21],[-8],[-16],[-11],[0],[9],[13],[52],[36],[13],[10],[22],[-15],[-8],[20],[-8],[-18],[-5],[-26],[-22],[14],[3],[-12],[25],[3],[30],[25],[27],[27],[21],[27],[2],[-15],[-19],[1],[-18],[-16],[0],[-23],[8],[15],[-7],[12],[0],[3],[33],[20],[-7],[16],[6],[-21],[-23],[11],[-30],[4],[-18],[-23],[6],[-3],[-15],[4],[-3],[24],[19],[39],[52],[54],[92],[62],[46],[40],[40],[11],[-19],[0],[-39],[-36],[-19],[-29],[-12],[24],[26],[38],[51],[72],[58],[68],[70],[54],[31],[13],[36],[8],[-23],[-22],[11],[-15],[1],[21],[36],[28],[20],[54],[34],[20],[8],[19],[-5],[-27],[-17],[-13],[-29],[-17],[-18],[27],[25],[14],[34],[37],[16],[0],[0],[6],[-37],[-29],[-30],[-55],[-47],[-70],[-77],[-54],[-82],[-98],[-101],[-116],[-155],[-173],[-45],[147],[274],[295],[280],[229],[281],[295],[157],[-6],[-99],[-290],[-400],[-299],[-229],[-179],[-112],[-183],[-197],[13],[175],[217],[317],[356],[255],[249],[227],[193],[149],[52],[-175],[-264],[-234],[-256],[-206],[-120],[-111],[-85],[-16],[85],[211],[281],[250],[196],[209],[146],[104],[122],[41],[-54],[-126],[-196],[-168],[-132],[-90],[-80],[-79],[-51],[15],[90],[185],[198],[191],[147],[122],[98],[85],[19],[-59],[-117],[-186],[-200],[-161],[-84],[-64],[-49],[-10],[28],[104],[116],[148],[182],[134],[71],[41],[26],[19],[-55],[-117],[-128],[-160],[-171],[-140],[-46],[1],[22],[81],[103],[138],[202],[178],[140],[118],[98],[33],[2],[-15],[-30],[-40],[-88],[-96],[-42],[-40],[-11],[22],[30],[56],[91],[91],[96],[88],[77],[37],[14],[16],[-20],[-19],[-66],[-67],[-46],[-29],[18],[34],[47],[82],[48],[37],[30],[1],[0],[-41],[-80],[-93],[-61],[-74],[-90],[-83],[-81],[-98],[-93],[-88],[-81],[-62],[-102],[-112],[-125],[-110],[-102],[65],[224],[324],[315],[301],[279],[281],[225],[62],[-98],[-213],[-410],[-459],[-323],[-257],[-228],[-128],[-164],[-117],[66],[173],[261],[381],[345],[252],[270],[245],[138],[98],[-62],[-261],[-293],[-309],[-341],[-220],[-148],[-147],[-102],[58],[147],[235],[299],[303],[257],[194],[156],[94],[70],[-3],[-122],[-175],[-203],[-198],[-169],[-136],[-100],[-63],[-36],[59],[144],[197],[214],[237],[209],[160],[141],[73],[4],[-76],[-143],[-215],[-232],[-192],[-131],[-108],[-33],[16],[56],[133],[166],[200],[201],[148],[118],[111],[65],[10],[-34],[-92],[-140],[-160],[-175],[-122],[-64],[-16],[41],[98],[185],[190],[215],[181],[144],[105],[6],[-53],[-60],[-90],[-112],[-100],[-56],[-44],[-15],[18],[40],[66],[44],[28],[53],[24],[-26],[-53],[-52],[-90],[-127],[-144],[-152],[-207],[-234],[-242],[-222],[-192],[-157],[-172],[-132],[191],[474],[511],[517],[430],[290],[276],[210],[14],[-117],[-297],[-624],[-605],[-406],[-401],[-260],[-156],[-279],[-116],[234],[285],[446],[662],[529],[351],[395],[304],[182],[109],[-181],[-404],[-428],[-506],[-462],[-271],[-207],[-219],[-101],[62],[243],[402],[436],[408],[387],[257],[185],[169],[109],[-35],[-195],[-286],[-348],[-307],[-268],[-180],[-116],[-107],[-72],[59],[235],[296],[315],[300],[244],[206],[114],[52],[32],[-84],[-245],[-317],[-277],[-219],[-160],[-112],[-56],[13],[59],[139],[221],[315],[307],[250],[149],[115],[40],[-39],[-132],[-171],[-257],[-291],[-254],[-159],[26],[86],[87],[150],[175],[237],[254],[217],[186],[101],[-19],[-82],[-92],[-112],[-135],[-127],[-130],[-95],[24],[52],[111],[120],[78],[32],[4],[-43],[-70],[-95],[-150],[-186],[-162],[-196],[-197],[-196],[-215],[-251],[-147],[135],[393],[534],[542],[512],[445],[391],[217],[10],[-167],[-438],[-632],[-627],[-499],[-368],[-241],[-224],[-245],[-123],[72],[171],[348],[513],[459],[389],[409],[395],[320],[172],[-43],[-275],[-416],[-501],[-455],[-330],[-257],[-185],[-116],[-13],[154],[332],[373],[360],[378],[290],[194],[202],[138],[3],[-125],[-211],[-299],[-280],[-208],[-181],[-131],[-67],[-35],[48],[176],[243],[273],[291],[206],[148],[128],[43],[-35],[-68],[-174],[-251],[-242],[-183],[-139],[-91],[-25],[-3],[37],[144],[208],[251],[294],[305],[227],[137],[57],[-38],[-96],[-194],[-272],[-287],[-237],[-166],[-28],[129],[170],[196],[232],[197],[154],[124],[66],[30],[-53],[-130],[-135],[-105],[-83],[-61],[-42],[-16],[18],[62],[93],[121],[123],[73],[-52],[-126],[-172],[-227],[-272],[-283],[-295],[-251],[-248],[-207],[-170],[-26],[197],[406],[522],[577],[497],[468],[480],[345],[93],[-96],[-372],[-639],[-668],[-563],[-502],[-375],[-310],[-290],[-134],[104],[283],[465],[610],[593],[486],[426],[320],[241],[95],[-177],[-365],[-440],[-474],[-447],[-318],[-243],[-224],[-163],[-38],[143],[316],[401],[435],[442],[389],[285],[244],[146],[-24],[-202],[-347],[-418],[-390],[-340],[-246],[-115],[-23],[66],[187],[310],[378],[370],[328],[268],[171],[66],[21],[-70],[-181],[-254],[-310],[-302],[-267],[-196],[-138],[-47],[29],[132],[232],[366],[418],[396],[377],[225],[64],[-32],[-145],[-264],[-357],[-381],[-409],[-339],[-152],[39],[180],[304],[358],[339],[344],[324],[212],[136],[-5],[-116],[-203],[-261],[-294],[-258],[-242],[-190],[-95],[34],[185],[273],[314],[274],[212],[82],[-77],[-183],[-301],[-360],[-391],[-420],[-416],[-359],[-315],[-238],[-27],[302],[507],[590],[617],[629],[611],[547],[422],[165],[-156],[-463],[-657],[-715],[-666],[-579],[-513],[-478],[-363],[-119],[112],[351],[556],[673],[700],[619],[554],[487],[306],[60],[-220],[-423],[-530],[-566],[-532],[-426],[-319],[-250],[-124],[73],[242],[370],[440],[492],[481],[430],[347],[255],[141],[-50],[-243],[-367],[-421],[-434],[-403],[-334],[-255],[-102],[45],[176],[331],[465],[474],[491],[391],[249],[148],[18],[-150],[-272],[-366],[-428],[-399],[-322],[-228],[-114],[-58],[26],[156],[266],[400],[485],[511],[437],[295],[161],[-7],[-146],[-296],[-427],[-485],[-500],[-339],[-140],[34],[202],[334],[344],[356],[378],[353],[261],[160],[22],[-138],[-197],[-248],[-272],[-283],[-277],[-251],[-130],[-12],[114],[261],[297],[278],[204],[100],[0],[-108],[-236],[-304],[-400],[-420],[-420],[-397],[-356],[-163],[120],[367],[538],[578],[545],[568],[578],[445],[249],[2],[-289],[-522],[-592],[-551],[-477],[-453],[-451],[-476],[-362],[-117],[150],[355],[532],[585],[574],[557],[525],[410],[236],[-24],[-311],[-478],[-534],[-513],[-434],[-366],[-317],[-243],[-98],[70],[244],[384],[451],[460],[491],[442],[350],[250],[92],[-107],[-301],[-407],[-411],[-397],[-365],[-317],[-215],[-126],[26],[229],[371],[459],[485],[473],[376],[283],[206],[69],[-109],[-288],[-406],[-433],[-405],[-333],[-251],[-172],[-68],[32],[137],[334],[464],[478],[464],[379],[239],[96],[-6],[-168],[-316],[-420],[-507],[-456],[-288],[-94],[67],[185],[235],[298],[361],[336],[299],[256],[117],[-21],[-116],[-186],[-240],[-280],[-275],[-263],[-184],[-94],[16],[138],[236],[277],[221],[160],[104],[-11],[-135],[-203],[-267],[-340],[-367],[-365],[-341],[-335],[-215],[29],[379],[541],[594],[611],[559],[536],[474],[227],[0],[-268],[-557],[-660],[-528],[-471],[-413],[-340],[-422],[-356],[-55],[137],[329],[613],[637],[545],[549],[523],[389],[257],[26],[-302],[-459],[-536],[-551],[-466],[-362],[-341],[-287],[-134],[29],[250],[454],[497],[511],[517],[416],[330],[270],[68],[-118],[-324],[-453],[-445],[-396],[-336],[-234],[-171],[-122],[-18],[137],[280],[393],[397],[382],[340],[283],[230],[119],[-26],[-194],[-362],[-418],[-390],[-335],[-264],[-165],[-59],[27],[116],[298],[422],[466],[398],[320],[191],[60],[-30],[-124],[-224],[-336],[-381],[-396],[-279],[-52],[76],[167],[267],[252],[276],[351],[302],[242],[181],[17],[-151],[-184],[-237],[-257],[-270],[-244],[-181],[-124],[43],[171],[267],[328],[249],[150],[72],[-38],[-138],[-234],[-284],[-323],[-344],[-349],[-299],[-265],[-263],[-77],[183],[466],[597],[629],[579],[594],[523],[372],[139],[-133],[-400],[-637],[-694],[-583],[-456],[-395],[-391],[-347],[-199],[35],[254],[500],[624],[640],[572],[488],[421],[348],[147],[-108],[-334],[-480],[-520],[-481],[-418],[-330],[-306],[-256],[-109],[77],[297],[446],[516],[516],[472],[404],[313],[166],[-7],[-183],[-360],[-445],[-451],[-392],[-319],[-234],[-118],[-59],[72],[244],[352],[434],[437],[360],[272],[179],[89],[-18],[-117],[-282],[-404],[-420],[-345],[-297],[-230],[-105],[-15],[76],[196],[350],[450],[447],[404],[306],[168],[40],[-116],[-252],[-358],[-446],[-454],[-401],[-203],[40],[166],[268],[347],[326],[316],[300],[252],[206],[95],[-53],[-170],[-230],[-232],[-256],[-264],[-245],[-178],[-71],[109],[235],[312],[347],[256],[170],[60],[-51],[-144],[-235],[-330],[-376],[-381],[-330],[-268],[-216],[-243],[-163],[85],[363],[562],[653],[603],[609],[566],[424],[245],[9],[-322],[-616],[-736],[-685],[-540],[-435],[-387],[-400],[-299],[-26],[221],[446],[679],[678],[576],[496],[443],[371],[265],[-14],[-295],[-477],[-545],[-535],[-475],[-350],[-331],[-270],[-148],[53],[330],[496],[529],[530],[454],[361],[299],[187],[51],[-97],[-298],[-423],[-465],[-408],[-330],[-227],[-164],[-76],[61],[262],[398],[466],[477],[366],[242],[140],[14],[-79],[-168],[-247],[-359],[-373],[-303],[-234],[-183],[-98],[-30],[48],[142],[222],[301],[393],[369],[330],[249],[106],[-50],[-149],[-284],[-379],[-374],[-341],[-273],[-92],[101],[189],[285],[326],[284],[293],[292],[190],[122],[29],[-92],[-192],[-221],[-223],[-255],[-235],[-160],[-51],[83],[204],[307],[308],[294],[171],[52],[-27],[-128],[-179],[-260],[-322],[-292],[-270],[-273],[-231],[-215],[-268],[-231],[52],[383],[575],[662],[619],[541],[552],[422],[198],[-18],[-317],[-647],[-712],[-633],[-558],[-422],[-373],[-458],[-292],[-27],[162],[417],[648],[613],[569],[584],[482],[366],[268],[-7],[-335],[-502],[-557],[-568],[-460],[-354],[-331],[-242],[-96],[63],[264],[458],[482],[434],[370],[335],[284],[206],[93],[-59],[-263],[-394],[-432],[-392],[-283],[-206],[-147],[-55],[107],[248],[355],[413],[353],[267],[165],[91],[2],[-50],[-74],[-189],[-279],[-287],[-258],[-199],[-170],[-135],[-69],[36],[97],[177],[275],[331],[350],[352],[268],[154],[46],[-92],[-215],[-290],[-331],[-343],[-271],[-124],[1],[109],[213],[273],[283],[252],[252],[194],[164],[110],[3],[-113],[-191],[-278],[-308],[-250],[-149],[-38],[108],[193],[245],[285],[252],[178],[62],[-24],[-162],[-224],[-212],[-231],[-255],[-234],[-245],[-262],[-263],[-314],[-308],[-150],[145],[442],[633],[741],[646],[609],[556],[361],[91],[-179],[-511],[-733],[-735],[-658],[-519],[-389],[-399],[-352],[-138],[109],[339],[526],[611],[572],[579],[522],[418],[336],[182],[-160],[-405],[-513],[-540],[-508],[-381],[-334],[-297],[-181],[-32],[144],[330],[442],[450],[379],[342],[301],[255],[191],[2],[-203],[-329],[-388],[-354],[-292],[-207],[-109],[-67],[-4],[155],[267],[320],[316],[214],[123],[85],[44],[-5],[-29],[-65],[-175],[-252],[-231],[-205],[-157],[-131],[-125],[-40],[75],[142],[221],[265],[291],[247],[225],[151],[136],[42],[-101],[-191],[-257],[-294],[-262],[-194],[-132],[4],[119],[173],[244],[303],[310],[255],[209],[106],[-11],[-108],[-184],[-223],[-256],[-196],[-135],[-48],[91],[159],[211],[257],[245],[217],[122],[29],[-46],[-141],[-211],[-237],[-299],[-306],[-309],[-303],[-291],[-238],[-252],[-250],[-117],[144],[473],[658],[689],[675],[573],[511],[410],[99],[-231],[-513],[-734],[-838],[-714],[-513],[-390],[-311],[-271],[-131],[129],[328],[490],[554],[569],[509],[469],[394],[309],[208],[-60],[-348],[-480],[-510],[-508],[-463],[-378],[-308],[-203],[-28],[165],[339],[476],[517],[437],[362],[288],[216],[133],[-57],[-194],[-251],[-303],[-268],[-225],[-156],[-71],[-52],[-36],[41],[166],[205],[180],[171],[161],[167],[118],[80],[61],[-22],[-133],[-220],[-246],[-223],[-187],[-152],[-79],[-11],[97],[128],[178],[207],[210],[205],[206],[171],[160],[75],[-28],[-154],[-227],[-231],[-242],[-198],[-73],[9],[89],[172],[220],[265],[296],[187],[75],[-25],[-98],[-111],[-136],[-117],[-93],[-63],[-15],[25],[105],[176],[208],[226],[164],[108],[84],[-5],[-91],[-132],[-216],[-287],[-278],[-301],[-302],[-254],[-192],[-173],[-133],[-88],[-62],[-62],[110],[409],[603],[680],[560],[444],[281],[166],[19],[-167],[-364],[-571],[-708],[-640],[-459],[-282],[-163],[-142],[-177],[-33],[187],[315],[467],[527],[511],[409],[329],[274],[227],[60],[-193],[-396],[-489],[-461],[-371],[-256],[-184],[-162],[-93],[53],[204],[380],[429],[376],[260],[177],[141],[134],[87],[-22],[-92],[-161],[-186],[-166],[-100],[-69],[-85],[-118],[-143],[-74],[64],[150],[129],[129],[176],[178],[160],[179],[148],[16],[-135],[-227],[-183],[-122],[-104],[-108],[-90],[-68],[-41],[33],[141],[207],[190],[107],[57],[97],[105],[67],[35],[-69],[-162],[-150],[-96],[-47],[38],[49],[-61],[-24],[43],[113],[161],[117],[38],[14],[-6],[20],[68],[81],[22],[-19],[25],[84],[123],[159],[92],[41],[-15],[-55],[-71],[-43],[-119],[-180],[-229],[-253],[-216],[-123],[-124],[-102],[-135],[-134],[-58],[37],[58],[0],[80],[219],[329],[366],[365],[226],[149],[183],[89],[-60],[-127],[-273],[-483],[-449],[-358],[-314],[-224],[-207],[-279],[-150],[100],[204],[349],[485],[435],[378],[365],[291],[224],[164],[-87],[-303],[-363],[-370],[-366],[-300],[-257],[-213],[-143],[-4],[126],[297],[340],[357],[281],[219],[204],[225],[138],[44],[-10],[-100],[-109],[-143],[-178],[-156],[-188],[-245],[-240],[-164],[-15],[94],[180],[266],[305],[324],[263],[217],[111],[-12],[-111],[-231],[-215],[-165],[-128],[-114],[-82],[3],[31],[40],[94],[109],[112],[108],[114],[121],[159],[168],[95],[34],[-76],[-156],[-199],[-167],[-140],[-87],[-14],[21],[80],[208],[227],[171],[106],[85],[56],[40],[84],[81],[54],[17],[-19],[-14],[-34],[-40],[-40],[-70],[-49],[12],[33],[14],[-15],[-53],[-127],[-136],[-103],[-103],[-55],[-60],[-71],[-34],[41],[43],[34],[0],[-119],[-275],[-221],[-35],[161],[275],[274],[248],[275],[302],[290],[170],[24],[-230],[-447],[-453],[-378],[-288],[-231],[-272],[-359],[-257],[-6],[196],[395],[508],[510],[428],[390],[313],[300],[165],[-85],[-275],[-365],[-397],[-355],[-260],[-257],[-257],[-188],[-48],[92],[222],[288],[264],[254],[243],[285],[367],[316],[176],[48],[-114],[-243],[-301],[-303],[-319],[-318],[-278],[-207],[-12],[162],[244],[250],[224],[217],[239],[214],[196],[176],[112],[20],[-123],[-183],[-175],[-213],[-221],[-239],[-179],[-104],[12],[92],[172],[235],[211],[174],[190],[162],[158],[60],[-32],[-103],[-136],[-135],[-92],[-94],[-53],[-67],[-51],[17],[121],[228],[246],[270],[252],[171],[98],[26],[-71],[-114],[-152],[-165],[-109],[-45],[5],[40],[82],[53],[12],[14],[-5],[-34],[-43],[5],[-16],[-22],[-4],[9],[-38],[-44],[-53],[-102],[-135],[-136],[-161],[-183],[-220],[-282],[-194],[29],[265],[351],[349],[362],[395],[434],[365],[183],[-30],[-312],[-559],[-613],[-539],[-428],[-348],[-317],[-248],[-12],[235],[405],[485],[508],[453],[348],[286],[294],[267],[128],[-82],[-292],[-389],[-401],[-389],[-399],[-404],[-347],[-238],[-65],[143],[365],[448],[469],[403],[384],[341],[262],[117],[-28],[-175],[-273],[-310],[-301],[-318],[-276],[-253],[-263],[-198],[-14],[163],[260],[352],[365],[396],[410],[323],[208],[106],[-55],[-262],[-366],[-358],[-306],[-273],[-263],[-241],[-114],[17],[96],[222],[292],[312],[298],[291],[240],[244],[167],[13],[-124],[-240],[-272],[-260],[-246],[-182],[-132],[-6],[81],[148],[261],[381],[331],[257],[212],[96],[24],[-12],[-55],[-124],[-153],[-128],[-143],[-88],[4],[18],[-7],[0],[4],[58],[92],[124],[110],[77],[42],[-11],[-7],[-40],[-102],[-159],[-211],[-188],[-192],[-159],[-141],[-175],[-223],[-273],[-196],[94],[344],[445],[429],[426],[396],[470],[360],[133],[-79],[-418],[-648],[-632],[-514],[-380],[-215],[-216],[-252],[-62],[180],[313],[447],[515],[436],[404],[390],[353],[305],[122],[-167],[-446],[-545],[-547],[-479],[-373],[-280],[-215],[-94],[81],[276],[436],[457],[424],[334],[258],[256],[238],[120],[-48],[-187],[-291],[-323],[-302],[-268],[-240],[-231],[-208],[-102],[51],[238],[382],[392],[363],[376],[357],[232],[96],[1],[-167],[-318],[-390],[-343],[-273],[-222],[-160],[-128],[24],[134],[205],[249],[304],[264],[215],[166],[180],[151],[64],[-48],[-156],[-243],[-283],[-275],[-257],[-190],[-86],[45],[152],[270],[440],[461],[357],[227],[141],[36],[-59],[-114],[-136],[-194],[-211],[-180],[-145],[-65],[5],[44],[13],[65],[151],[202],[228],[262],[213],[117],[16],[-61],[-164],[-239],[-271],[-295],[-229],[-155],[-108],[-71],[-6],[-32],[-78],[-124],[-190],[-245],[-55],[203],[375],[432],[411],[408],[426],[313],[73],[-146],[-346],[-590],[-632],[-495],[-343],[-186],[-130],[-193],[-64],[161],[259],[354],[398],[341],[308],[293],[243],[212],[137],[-65],[-311],[-442],[-440],[-407],[-327],[-260],[-198],[-99],[50],[165],[323],[441],[398],[319],[284],[217],[148],[90],[-76],[-211],[-260],[-288],[-261],[-188],[-158],[-146],[-131],[-85],[30],[176],[311],[305],[311],[274],[248],[184],[88],[20],[-110],[-230],[-276],[-285],[-239],[-163],[-126],[-111],[-33],[94],[122],[192],[222],[212],[173],[173],[123],[73],[62],[-42],[-150],[-202],[-190],[-181],[-150],[-39],[37],[106],[220],[255],[249],[254],[226],[132],[73],[-31],[-138],[-195],[-181],[-184],[-163],[-77],[-3],[27],[86],[142],[140],[184],[166],[158],[175],[142],[69],[33],[-53],[-125],[-177],[-211],[-220],[-229],[-171],[-155],[-123],[-63],[-15],[18],[30],[15],[-17],[-45],[-142],[-213],[-96],[76],[238],[299],[257],[177],[159],[170],[124],[-45],[-151],[-281],[-408],[-307],[-195],[-148],[-119],[-153],[-234],[-58],[150],[235],[344],[402],[283],[208],[187],[130],[37],[-52],[-204],[-294],[-218],[-143],[-97],[-36],[-71],[-134],[-72],[12],[88],[166],[232],[194],[196],[198],[205],[197],[115],[-44],[-160],[-206],[-189],[-154],[-96],[-64],[-55],[-40],[-23],[81],[157],[169],[160],[147],[145],[128],[96],[11],[-68],[-155],[-253],[-252],[-199],[-122],[-71],[-72],[-4],[59],[101],[146],[220],[212],[156],[141],[102],[71],[66],[10],[-107],[-164],[-155],[-133],[-66],[47],[74],[68],[96],[163],[170],[154],[128],[69],[-10],[-34],[-34],[-18],[10],[-5],[-57],[-61],[4],[43],[112],[129],[131],[157],[145],[122],[122],[67],[-19],[-108],[-167],[-184],[-166],[-180],[-158],[-113],[-89],[2],[63],[82],[122],[82],[49],[-16],[-87],[-151],[-216],[-245],[-280],[-304],[-200],[-17],[172],[219],[219],[219],[222],[282],[206],[104],[24],[-139],[-233],[-237],[-223],[-226],[-234],[-260],[-272],[-119],[5],[107],[233],[315],[348],[354],[351],[307],[254],[136],[-70],[-235],[-278],[-302],[-317],[-280],[-229],[-190],[-68],[85],[180],[251],[320],[269],[224],[206],[191],[199],[121],[37],[-48],[-43],[-91],[-171],[-180],[-172],[-189],[-177],[-102],[6],[80],[128],[162],[163],[193],[223],[166],[106],[39],[-36],[-92],[-136],[-116],[-131],[-144],[-115],[-97],[-44],[59],[129],[148],[172],[177],[186],[145],[108],[57],[-13],[-67],[-86],[-104],[-109],[-123],[-150],[-112],[-60],[49],[129],[157],[190],[198],[156],[153],[156],[152],[70],[-7],[-76],[-101],[-47],[-43],[-16],[9],[25],[70],[70],[97],[63],[2],[-72],[-114],[-100],[-85],[-32],[0],[-21],[-24],[-21],[18],[46],[75],[28],[-26],[-38],[-67],[-97],[-93],[-110],[-166],[-232],[-272],[-273],[-249],[-267],[-125],[35],[139],[240],[340],[351],[400],[393],[272],[115],[-23],[-188],[-272],[-247],[-253],[-271],[-257],[-279],[-239],[-50],[75],[154],[298],[316],[269],[306],[263],[160],[124],[31],[-83],[-116],[-129],[-156],[-212],[-234],[-227],[-203],[-84],[8],[90],[190],[265],[305],[360],[352],[267],[151],[49],[-87],[-160],[-177],[-162],[-180],[-173],[-142],[-145],[-115],[-58],[3],[81],[108],[131],[224],[273],[255],[218],[174],[53],[-24],[-111],[-184],[-196],[-177],[-166],[-119],[-36],[66],[102],[156],[137],[116],[116],[78],[90],[33],[31],[-26],[-72],[-89],[-99],[-115],[-117],[-95],[-70],[-20],[82],[204],[237],[312],[290],[236],[202],[98],[16],[-93],[-160],[-191],[-222],[-195],[-135],[-43],[5],[41],[92],[93],[83],[89],[77],[85],[128],[101],[55],[28],[-19],[-92],[-135],[-147],[-177],[-179],[-144],[-112],[-52],[2],[54],[26],[-24],[-74],[-116],[-187],[-248],[-253],[-280],[-277],[-156],[31],[249],[348],[385],[379],[354],[339],[273],[149],[-14],[-150],[-259],[-302],[-292],[-247],[-293],[-364],[-336],[-232],[-50],[98],[254],[281],[284],[307],[322],[344],[267],[176],[18],[-107],[-191],[-200],[-230],[-241],[-238],[-231],[-181],[-80],[66],[153],[208],[252],[304],[299],[273],[232],[141],[29],[-82],[-135],[-162],[-189],[-215],[-224],[-199],[-202],[-164],[-76],[50],[90],[143],[208],[301],[321],[312],[253],[129],[36],[-86],[-156],[-157],[-177],[-189],[-181],[-111],[-36],[19],[59],[82],[107],[72],[109],[153],[139],[144],[83],[-19],[-88],[-84],[-108],[-116],[-94],[-38],[-6],[73],[170],[261],[278],[228],[150],[82],[19],[-56],[-105],[-166],[-189],[-199],[-124],[-75],[-44],[28],[43],[88],[118],[145],[152],[139],[137],[97],[48],[28],[0],[-56],[-128],[-187],[-213],[-193],[-131],[-93],[-106],[-96],[-90],[-75],[-13],[-30],[-34],[-16],[-72],[-112],[-94],[-122],[-151],[-143],[33],[223],[307],[302],[294],[258],[261],[221],[69],[-108],[-207],[-363],[-427],[-291],[-244],[-211],[-157],[-167],[-79],[130],[258],[262],[318],[270],[148],[178],[210],[126],[65],[-11],[-156],[-192],[-171],[-189],[-178],[-136],[-188],[-128],[52],[188],[250],[262],[268],[221],[168],[124],[107],[45],[-74],[-195],[-215],[-205],[-164],[-175],[-128],[-93],[-43],[33],[131],[193],[243],[197],[170],[221],[225],[150],[44],[-24],[-109],[-177],[-180],[-127],[-117],[-90],[-83],[-4],[61],[113],[125],[97],[121],[86],[65],[114],[74],[34],[-54],[-103],[-91],[-91],[-88],[-62],[-62],[-19],[24],[114],[163],[205],[200],[157],[128],[80],[-6],[-72],[-129],[-159],[-185],[-149],[-81],[3],[73],[154],[171],[165],[150],[157],[116],[49],[14],[-76],[-101],[-143],[-146],[-113],[-128],[-111],[-75],[-69],[5],[42],[45],[41],[43],[6],[-28],[-19],[-74],[-133],[-190],[-207],[-263],[-291],[-275],[-131],[112],[318],[346],[379],[369],[356],[397],[282],[28],[-125],[-307],[-484],[-368],[-247],[-282],[-245],[-239],[-266],[-74],[210],[222],[265],[403],[315],[282],[401],[389],[210],[120],[-59],[-245],[-256],[-247],[-314],[-311],[-303],[-287],[-94],[112],[208],[265],[284],[309],[278],[268],[251],[190],[75],[-52],[-130],[-148],[-156],[-175],[-237],[-267],[-214],[-162],[-65],[108],[174],[159],[181],[237],[271],[280],[221],[153],[45],[-58],[-106],[-91],[-62],[-119],[-170],[-165],[-150],[-90],[-10],[38],[44],[101],[102],[125],[160],[121],[20],[-50],[-142],[-156],[-67],[-34],[-19],[35],[95],[95],[155],[223],[165],[95],[44],[-31],[-48],[-39],[-66],[-52],[-90],[-125],[-84],[-34],[-21],[5],[56],[58],[85],[140],[180],[167],[137],[89],[-12],[-61],[-107],[-122],[-186],[-235],[-208],[-156],[-126],[-62],[34],[48],[44],[61],[91],[74],[42],[17],[-91],[-161],[-214],[-312],[-370],[-220],[62],[200],[201],[221],[270],[358],[435],[299],[99],[0],[-269],[-414],[-253],[-192],[-221],[-207],[-262],[-276],[-34],[142],[110],[255],[277],[142],[215],[336],[274],[209],[124],[-36],[-118],[-102],[-168],[-205],[-166],[-271],[-284],[-110],[70],[193],[255],[233],[221],[195],[160],[145],[123],[3],[-125],[-130],[-117],[-111],[-90],[-97],[-138],[-148],[-70],[21],[133],[196],[192],[162],[189],[202],[175],[133],[20],[-96],[-165],[-189],[-156],[-88],[-87],[-86],[-85],[-52],[13],[93],[115],[117],[122],[129],[115],[123],[113],[15],[-101],[-163],[-160],[-149],[-100],[-86],[-58],[0],[51],[118],[207],[243],[221],[161],[128],[83],[22],[-36],[-111],[-180],[-220],[-182],[-163],[-93],[0],[59],[99],[161],[230],[225],[177],[100],[1],[-63],[-135],[-181],[-180],[-136],[-133],[-119],[-68],[-3],[22],[27],[48],[28],[43],[62],[32],[27],[-47],[-78],[-125],[-202],[-254],[-293],[-374],[-301],[24],[267],[293],[321],[366],[354],[503],[390],[120],[-33],[-240],[-492],[-407],[-260],[-278],[-278],[-251],[-349],[-128],[209],[185],[298],[424],[296],[255],[378],[365],[212],[128],[-37],[-235],[-213],[-223],[-273],[-251],[-254],[-352],[-253],[9],[125],[200],[308],[315],[341],[323],[280],[256],[180],[-15],[-158],[-167],[-185],[-212],[-226],[-215],[-172],[-117],[-74],[30],[136],[117],[89],[150],[217],[261],[223],[154],[120],[21],[-93],[-95],[-106],[-126],[-139],[-165],[-133],[-31],[20],[73],[96],[98],[93],[76],[108],[69],[11],[-40],[-138],[-117],[-118],[-107],[-40],[1],[43],[46],[153],[191],[218],[176],[148],[84],[8],[-6],[-87],[-125],[-120],[-178],[-189],[-102],[-37],[14],[86],[174],[147],[160],[176],[109],[34],[1],[-63],[-122],[-109],[-79],[-65],[-20],[-31],[-25],[2],[13],[24],[-12],[-36],[-27],[-51],[-63],[-53],[-46],[-86],[-125],[-167],[-204],[-227],[-233],[-257],[-207],[84],[339],[375],[355],[354],[319],[364],[291],[54],[-86],[-222],[-453],[-415],[-261],[-260],[-230],[-170],[-218],[-63],[192],[218],[301],[381],[257],[210],[288],[260],[153],[60],[-95],[-237],[-250],[-273],[-288],[-207],[-191],[-225],[-89],[161],[256],[286],[296],[249],[196],[189],[137],[109],[57],[-97],[-211],[-201],[-144],[-165],[-172],[-124],[-85],[-76],[4],[116],[194],[205],[185],[228],[243],[210],[153],[61],[-23],[-96],[-158],[-143],[-99],[-74],[-108],[-68],[-50],[-14],[17],[78],[97],[92],[101],[95],[72],[65],[-22],[-99],[-100],[-101],[-127],[-72],[20],[73],[101],[153],[174],[216],[178],[133],[120],[28],[-34],[-101],[-120],[-136],[-126],[-141],[-133],[-90],[14],[76],[130],[185],[221],[186],[172],[145],[79],[32],[-37],[-124],[-172],[-176],[-143],[-151],[-116],[-80],[-39],[16],[51],[54],[54],[53],[36],[2],[4],[-18],[-104],[-198],[-224],[-268],[-286],[-257],[-259],[-257],[33],[330],[421],[435],[402],[339],[373],[309],[48],[-87],[-179],[-463],[-503],[-246],[-241],[-253],[-167],[-253],[-168],[114],[188],[235],[425],[362],[208],[314],[389],[234],[173],[2],[-249],[-280],[-291],[-374],[-284],[-218],[-296],[-212],[42],[201],[264],[306],[292],[305],[244],[165],[160],[140],[-38],[-213],[-218],[-215],[-239],[-231],[-207],[-135],[-67],[-42],[62],[212],[268],[235],[232],[258],[245],[202],[108],[50],[-34],[-134],[-221],[-212],[-173],[-189],[-187],[-137],[-60],[-12],[64],[171],[188],[174],[142],[131],[115],[46],[-20],[-49],[-71],[-156],[-166],[-93],[0],[67],[121],[100],[104],[149],[148],[118],[66],[20],[-84],[-124],[-139],[-93],[-108],[-108],[-77],[10],[67],[159],[226],[195],[162],[150],[84],[20],[-15],[-38],[-102],[-151],[-147],[-120],[-80],[-71],[-87],[-74],[-14],[11],[19],[33],[88],[77],[52],[24],[-3],[-78],[-173],[-227],[-280],[-291],[-260],[-236],[-219],[-194],[54],[366],[465],[387],[339],[274],[269],[309],[161],[-40],[-152],[-407],[-509],[-314],[-222],[-230],[-211],[-255],[-218],[49],[231],[265],[416],[427],[257],[333],[463],[298],[115],[-31],[-315],[-410],[-392],[-370],[-272],[-189],[-252],[-159],[77],[225],[281],[369],[355],[291],[251],[248],[214],[133],[-20],[-197],[-253],[-230],[-220],[-216],[-214],[-187],[-175],[-93],[106],[270],[340],[337],[323],[307],[271],[209],[95],[-22],[-172],[-308],[-317],[-259],[-213],[-179],[-149],[-96],[-10],[83],[228],[286],[327],[246],[165],[141],[124],[17],[-79],[-160],[-256],[-296],[-262],[-205],[-77],[58],[81],[170],[242],[227],[278],[273],[166],[88],[-10],[-127],[-167],[-118],[-160],[-161],[-101],[-65],[-6],[111],[160],[170],[193],[154],[122],[114],[76],[13],[-37],[-59],[-134],[-128],[-127],[-126],[-143],[-135],[-122],[-68],[-12],[58],[118],[137],[132],[153],[92],[-11],[-93],[-189],[-240],[-271],[-299],[-301],[-256],[-248],[-98],[182],[390],[329],[285],[307],[364],[407],[281],[106],[6],[-240],[-383],[-222],[-161],[-282],[-285],[-326],[-371],[-116],[77],[94],[302],[386],[273],[349],[537],[442],[232],[71],[-142],[-304],[-297],[-349],[-307],[-232],[-275],[-307],[-91],[144],[194],[216],[288],[290],[259],[266],[328],[254],[99],[-82],[-163],[-185],[-184],[-235],[-255],[-216],[-185],[-150],[-14],[190],[221],[200],[241],[291],[249],[217],[186],[125],[-18],[-159],[-196],[-168],[-166],[-217],[-189],[-116],[-86],[-12],[73],[211],[209],[161],[120],[128],[107],[52],[15],[-59],[-124],[-184],[-186],[-136],[-100],[-27],[5],[50],[126],[157],[190],[223],[211],[106],[41],[45],[-51],[-109],[-76],[-130],[-138],[-100],[-68],[-28],[66],[107],[86],[142],[178],[99],[68],[51],[-24],[-46],[-103],[-123],[-76],[-79],[-82],[-55],[-14],[8],[30],[77],[89],[72],[70],[13],[-37],[-119],[-206],[-252],[-279],[-296],[-281],[-259],[-256],[-241],[43],[323],[448],[408],[363],[321],[368],[374],[220],[35],[-84],[-367],[-504],[-322],[-275],[-357],[-346],[-403],[-293],[10],[150],[253],[509],[504],[356],[470],[579],[372],[182],[-37],[-305],[-399],[-420],[-456],[-371],[-298],[-386],[-288],[20],[209],[329],[387],[414],[442],[386],[330],[331],[270],[5],[-226],[-288],[-309],[-347],[-350],[-306],[-245],[-199],[-108],[70],[272],[318],[312],[344],[389],[348],[280],[206],[102],[-77],[-231],[-284],[-294],[-322],[-347],[-299],[-208],[-108],[16],[222],[331],[332],[288],[226],[187],[130],[24],[-97],[-161],[-208],[-285],[-260],[-182],[-80],[-12],[41],[96],[203],[222],[238],[253],[262],[138],[64],[-3],[-84],[-176],[-209],[-212],[-212],[-162],[-86],[35],[104],[142],[201],[275],[218],[152],[144],[67],[16],[-56],[-132],[-152],[-141],[-210],[-223],[-134],[-87],[-22],[37],[102],[173],[178],[144],[106],[50],[-72],[-189],[-272],[-300],[-355],[-389],[-368],[-362],[-228],[98],[395],[464],[440],[384],[378],[486],[397],[171],[82],[-142],[-448],[-435],[-302],[-350],[-415],[-419],[-469],[-258],[56],[164],[355],[569],[434],[390],[541],[509],[325],[134],[-133],[-357],[-406],[-466],[-442],[-299],[-306],[-376],[-165],[90],[256],[367],[429],[428],[425],[347],[296],[333],[147],[-117],[-294],[-330],[-369],[-368],[-321],[-226],[-190],[-163],[-36],[221],[349],[334],[328],[384],[355],[277],[204],[119],[-22],[-198],[-317],[-328],[-301],[-300],[-263],[-208],[-104],[18],[117],[230],[322],[299],[242],[169],[119],[58],[-53],[-148],[-204],[-283],[-294],[-228],[-158],[-64],[39],[132],[211],[212],[234],[299],[252],[155],[78],[6],[-82],[-137],[-190],[-199],[-165],[-149],[-152],[16],[108],[110],[158],[244],[197],[131],[108],[46],[-18],[-53],[-110],[-170],[-157],[-135],[-166],[-117],[-38],[22],[46],[99],[144],[165],[124],[91],[22],[-94],[-214],[-290],[-350],[-354],[-397],[-420],[-382],[-181],[164],[437],[507],[483],[461],[445],[518],[394],[159],[16],[-259],[-529],[-438],[-314],[-413],[-431],[-446],[-467],[-187],[96],[216],[439],[596],[433],[422],[594],[539],[302],[117],[-150],[-354],[-426],[-496],[-444],[-315],[-326],[-420],[-193],[123],[262],[350],[461],[500],[429],[357],[344],[314],[158],[-135],[-310],[-325],[-354],[-386],[-352],[-280],[-220],[-187],[-59],[128],[268],[332],[305],[371],[411],[342],[266],[171],[26],[-152],[-290],[-323],[-302],[-282],[-295],[-248],[-123],[-21],[71],[188],[292],[289],[245],[191],[157],[89],[-43],[-144],[-196],[-250],[-272],[-220],[-138],[-21],[74],[158],[186],[252],[228],[193],[201],[152],[54],[-23],[-54],[-117],[-143],[-151],[-164],[-154],[-108],[-31],[32],[95],[136],[195],[182],[142],[69],[8],[-35],[-105],[-84],[-110],[-122],[-92],[-46],[-25],[13],[67],[85],[56],[51],[59],[-16],[-58],[-107],[-187],[-253],[-257],[-296],[-330],[-346],[-320],[-21],[265],[368],[373],[400],[406],[465],[404],[220],[77],[-106],[-401],[-440],[-256],[-295],[-366],[-288],[-367],[-300],[-3],[108],[222],[440],[395],[261],[414],[483],[349],[207],[62],[-144],[-259],[-301],[-378],[-300],[-280],[-363],[-294],[-31],[142],[219],[340],[388],[392],[362],[346],[285],[171],[24],[-147],[-230],[-255],[-257],[-288],[-312],[-232],[-171],[-101],[48],[184],[205],[233],[307],[329],[353],[325],[202],[77],[-85],[-197],[-212],[-228],[-268],[-269],[-212],[-146],[-40],[78],[126],[180],[209],[184],[212],[218],[131],[16],[-94],[-188],[-242],[-252],[-226],[-196],[-119],[20],[125],[216],[282],[320],[274],[200],[96],[44],[-46],[-114],[-183],[-175],[-160],[-174],[-128],[-38],[-22],[25],[85],[107],[172],[184],[175],[109],[77],[30],[-46],[-74],[-82],[-116],[-148],[-143],[-101],[-102],[-45],[38],[40],[47],[77],[53],[60],[58],[-65],[-142],[-174],[-242],[-316],[-388],[-244],[18],[195],[232],[222],[275],[321],[384],[317],[176],[79],[-145],[-322],[-207],[-69],[-171],[-270],[-293],[-353],[-196],[-5],[93],[222],[293],[198],[270],[420],[368],[260],[138],[-47],[-123],[-143],[-189],[-156],[-140],[-273],[-340],[-152],[-5],[66],[164],[201],[212],[272],[275],[276],[348],[210],[-12],[-95],[-122],[-152],[-194],[-219],[-259],[-224],[-165],[-101],[45],[147],[115],[164],[200],[208],[258],[236],[182],[97],[-7],[-79],[-106],[-75],[-127],[-183],[-188],[-160],[-102],[-5],[63],[89],[64],[97],[96],[129],[115],[127],[32],[-87],[-132],[-143],[-145],[-140],[-132],[-43],[42],[128],[248],[288],[272],[202],[125],[58],[10],[-118],[-218],[-212],[-191],[-172],[-83],[18],[57],[76],[115],[136],[164],[172],[137],[51],[14],[-38],[-96],[-109],[-78],[-69],[-139],[-133],[-65],[11],[9],[20],[59],[72],[75],[84],[75],[43],[-48],[-127],[-171],[-206],[-274],[-323],[-374],[-338],[-138],[116],[265],[321],[371],[341],[379],[431],[281],[106],[-64],[-289],[-325],[-238],[-215],[-251],[-254],[-320],[-286],[-51],[93],[182],[324],[321],[210],[280],[402],[308],[189],[67],[-87],[-191],[-214],[-213],[-192],[-191],[-286],[-293],[-96],[60],[141],[250],[268],[240],[236],[227],[218],[229],[84],[-85],[-133],[-129],[-180],[-181],[-171],[-183],[-171],[-124],[-26],[96],[164],[147],[163],[242],[285],[215],[187],[115],[-10],[-116],[-158],[-149],[-135],[-162],[-168],[-102],[-32],[16],[60],[97],[132],[77],[37],[56],[115],[113],[49],[-18],[-33],[-67],[-130],[-95],[-44],[-78],[-80],[9],[78],[151],[196],[161],[161],[129],[13],[-59],[-67],[-108],[-146],[-104],[-102],[-54],[58],[61],[67],[82],[84],[27],[13],[36],[1],[-29],[-26],[-45],[-29],[8],[-31],[-59],[-84],[-103],[-83],[-100],[-105],[-81],[-85],[-50],[-54],[-64],[-104],[-68],[46],[173],[180],[129],[100],[112],[138],[93],[50],[-28],[-167],[-283],[-264],[-179],[-111],[-85],[-102],[-80],[30],[137],[188],[260],[259],[176],[140],[107],[118],[81],[-37],[-166],[-203],[-211],[-185],[-93],[-53],[4],[7],[40],[129],[206],[246],[188],[145],[114],[34],[27],[74],[-6],[-102],[-142],[-124],[-106],[-58],[9],[5],[34],[64],[63],[108],[132],[122],[71],[48],[62],[31],[-21],[-60],[-78],[-133],[-146],[-75],[-17],[7],[35],[44],[116],[158],[186],[172],[155],[73],[32],[-30],[-62],[-115],[-135],[-146],[-166],[-129],[-36],[-20],[40],[60],[74],[144],[157],[138],[142],[132],[56],[1],[22],[-5],[5],[-36],[-66],[-60],[-63],[-59],[-56],[-6],[-13],[-12],[33],[47],[22],[44],[67],[42],[23],[51],[16],[-11],[-4],[-54],[-83],[-63],[-78],[-91],[-66],[-11],[-12],[-14],[19],[-12],[-55],[-108],[-167],[-225],[-189],[-83],[51],[187],[305],[311],[288],[260],[182],[51],[-80],[-214],[-342],[-345],[-251],[-176],[-86],[-34],[-38],[-11],[52],[81],[141],[232],[196],[220],[214],[202],[186],[95],[-29],[-127],[-196],[-288],[-283],[-180],[-127],[-101],[-35],[92],[182],[270],[253],[256],[241],[197],[110],[56],[36],[-20],[-103],[-164],[-172],[-157],[-167],[-159],[-112],[-40],[10],[75],[203],[255],[251],[235],[222],[166],[49],[-43],[-87],[-127],[-208],[-231],[-221],[-158],[-84],[-34],[31],[92],[168],[138],[165],[248],[246],[193],[140],[117],[82],[-48],[-114],[-219],[-254],[-266],[-248],[-192],[-40],[62],[86],[181],[286],[254],[221],[216],[99],[38],[-14],[-45],[-47],[-49],[-95],[-115],[-91],[-86],[-98],[-82],[-47],[-16],[6],[79],[102],[105],[96],[69],[50],[9],[5],[-66],[-127],[-126],[-104],[-146],[-150],[-95],[-145],[-161],[-106],[17],[89],[164],[231],[285],[302],[284],[243],[123],[17],[-165],[-280],[-309],[-328],[-309],[-214],[-169],[-99],[11],[102],[149],[203],[197],[201],[258],[235],[224],[197],[67],[-56],[-133],[-227],[-257],[-262],[-255],[-209],[-125],[5],[100],[206],[277],[323],[282],[269],[212],[146],[88],[-14],[-88],[-119],[-157],[-152],[-120],[-103],[-96],[-74],[-27],[46],[97],[121],[189],[195],[161],[133],[118],[52],[21],[-20],[-123],[-122],[-147],[-171],[-131],[-84],[-37],[11],[73],[106],[147],[170],[170],[138],[137],[78],[63],[28],[-63],[-126],[-106],[-126],[-116],[-45],[-47],[-24],[58],[102],[102],[145],[141],[127],[68],[31],[-30],[-60],[-90],[-151],[-136],[-91],[-74],[1],[42],[77],[88],[85],[73],[49],[38],[24],[-55],[-100],[-116],[-101],[-124],[-124],[-126],[-125],[-146],[-178],[-152],[-71],[29],[140],[251],[300],[346],[333],[290],[180],[66],[-52],[-236],[-322],[-351],[-349],[-291],[-198],[-173],[-100],[8],[48],[107],[166],[179],[224],[217],[188],[184],[178],[95],[26],[-23],[-131],[-186],[-195],[-222],[-204],[-156],[-123],[-59],[53],[102],[136],[207],[179],[158],[162],[126],[64],[16],[-20],[-77],[-104],[-80],[-45],[-23],[-37],[-5],[35],[40],[33],[59],[32],[32],[57],[61],[77],[122],[57],[-12],[-10],[-46],[-83],[-61],[-56],[-7],[35],[80],[96],[98],[78],[61],[9],[13],[-32],[-97],[-69],[-27],[-22],[-15],[41],[42],[47],[37],[7],[41],[84],[66],[73],[61],[37],[-10],[-31],[-65],[-94],[-102],[-51],[-31],[-6],[68],[81],[76],[88],[52],[-10],[-42],[-76],[-152],[-211],[-187],[-167],[-133],[-108],[-48],[-38],[13],[100],[203],[212],[226],[220],[246],[196],[103],[26],[-60],[-182],[-262],[-278],[-257],[-250],[-240],[-186],[-103],[-6],[117],[195],[249],[272],[243],[232],[180],[125],[40],[-88],[-159],[-166],[-208],[-206],[-160],[-153],[-139],[-87],[-30],[85],[123],[176],[203],[187],[208],[180],[133],[106],[35],[-32],[-76],[-133],[-154],[-146],[-163],[-142],[-80],[-43],[5],[67],[68],[83],[112],[145],[140],[148],[173],[128],[51],[-13],[-35],[-83],[-110],[-110],[-72],[-40],[0],[37],[56],[58],[70],[54],[24],[43],[51],[28],[11],[43],[-4],[-35],[-58],[-59],[-45],[-56],[-44],[-21],[-7],[28],[82],[65],[54],[46],[5],[-28],[-38],[-51],[-48],[3],[-15],[-20],[-24],[-75],[-102],[-124],[-104],[-18],[65],[134],[172],[204],[240],[233],[166],[94],[-18],[-119],[-197],[-216],[-219],[-179],[-173],[-131],[-97],[-25],[34],[121],[149],[126],[117],[165],[187],[179],[140],[89],[12],[-59],[-134],[-184],[-207],[-213],[-231],[-206],[-119],[-19],[68],[155],[201],[227],[220],[193],[147],[80],[-6],[-48],[-104],[-97],[-115],[-110],[-73],[-45],[-31],[17],[41],[106],[90],[72],[83],[118],[89],[48],[31],[23],[-26],[-71],[-66],[-67],[-67],[-59],[-53],[-27],[54],[84],[97],[136],[137],[90],[70],[-7],[-28],[-114],[-182],[-180],[-163],[-163],[-149],[-79],[-62],[-29],[13],[43],[60],[62],[19],[-8],[10],[-49],[-93],[-130],[-112],[47],[150],[176],[186],[153],[132],[164],[162],[46],[-27],[-109],[-261],[-227],[-137],[-88],[-70],[-122],[-163],[-67],[67],[93],[185],[225],[172],[153],[186],[185],[166],[96],[-54],[-106],[-86],[-133],[-143],[-74],[-107],[-143],[-120],[-13],[82],[131],[172],[161],[161],[153],[116],[85],[32],[-66],[-120],[-133],[-97],[-32],[-13],[18],[58],[61],[75],[99],[145],[81],[12],[14],[17],[3],[6],[-17],[-52],[-64],[-100],[-98],[-48],[0],[-17],[31],[71],[136],[137],[121],[144],[76],[-22],[-64],[-52],[-100],[-147],[-143],[-161],[-133],[-78],[-66],[-7],[24],[43],[51],[69],[66],[43],[-5],[0],[-27],[-82],[-131],[-133],[-143],[-126],[-20],[101],[169],[181],[212],[207],[208],[155],[65],[-47],[-135],[-187],[-199],[-136],[-135],[-136],[-163],[-127],[-90],[-22],[17],[52],[125],[145],[121],[184],[216],[176],[109],[39],[8],[-37],[-95],[-136],[-101],[-123],[-149],[-71],[26],[65],[74],[113],[129],[111],[124],[108],[104],[76],[79],[46],[33],[29],[22],[-47],[-14],[65],[28],[40],[134],[95],[66],[83],[43],[15],[10],[-53],[-69],[-37],[-40],[-23],[10],[29],[9],[48],[73],[36],[4],[24],[-29],[-74],[-62],[-70],[-96],[-82],[-85],[-125],[-117],[-99],[-129],[-156],[-155],[-26],[146],[230],[291],[261],[248],[237],[218],[102],[2],[-111],[-274],[-349],[-283],[-181],[-155],[-140],[-107],[-76],[56],[124],[146],[214],[246],[140],[140],[182],[145],[89],[-56],[-144],[-153],[-183],[-227],[-192],[-148],[-128],[-93],[-5],[111],[199],[228],[220],[265],[237],[155],[111],[39],[-27],[-150],[-221],[-173],[-141],[-142],[-108],[-4],[53],[77],[138],[189],[177],[140],[87],[97],[68],[27],[-28],[-18],[-36],[-75],[-95],[-85],[-60],[-39],[-78],[-62],[0],[32],[-6],[-30],[0],[5],[-45],[-33],[-44],[-51],[-104],[-136],[-176],[-183],[-164],[-54],[99],[179],[212],[224],[250],[318],[229],[88],[26],[-77],[-252],[-268],[-118],[-108],[-143],[-165],[-137],[-40],[89],[84],[108],[214],[165],[133],[229],[266],[214],[102],[-33],[-48],[-29],[-86],[-111],[-98],[-126],[-158],[-96],[20],[64],[108],[102],[164],[216],[181],[142],[116],[18],[-108],[-144],[-139],[-110],[-65],[-47],[-20],[76],[131],[101],[136],[116],[21],[-24],[10],[8],[-10],[-47],[-53],[-22],[-31],[-42],[-41],[-18],[-29],[-78],[-35],[4],[34],[12],[-41],[-63],[-56],[-74],[-95],[-106],[-95],[-164],[-192],[-67],[113],[170],[144],[136],[181],[212],[189],[158],[89],[-22],[-178],[-217],[-131],[-145],[-157],[-213],[-263],[-170],[-43],[-20],[79],[245],[241],[204],[286],[320],[268],[188],[88],[-11],[-42],[-88],[-96],[-82],[-92],[-111],[-99],[-45],[3],[17],[34],[22],[49],[99],[114],[134],[153],[181],[131],[86],[80],[45],[-22],[-30],[-61],[-69],[-69],[-45],[-14],[-21],[-46],[-51],[-16],[-5],[-8],[-3],[54],[49],[29],[43],[70],[38],[-8],[-54],[-108],[-133],[-146],[-187],[-182],[-64],[84],[143],[139],[159],[172],[174],[161],[85],[20],[-53],[-190],[-230],[-157],[-123],[-139],[-122],[-121],[-139],[-15],[11],[26],[164],[144],[138],[181],[187],[121],[73],[22],[-101],[-136],[-116],[-90],[-30],[30],[17],[46],[131],[97],[83],[89],[11],[-28],[-5],[-47],[3],[30],[0],[2],[6],[63],[41],[56],[93],[58],[26],[32],[65],[40],[43],[-8],[-45],[-52],[-52],[-80],[-53],[-67],[-94],[-101],[-48],[-19],[-7],[26],[25],[4],[0],[33],[63],[121],[123],[81],[86],[104],[88],[37],[-8],[-67],[-127],[-206],[-195],[-123],[-94],[-75],[-63],[-23],[16],[96],[145],[181],[257],[211],[204],[178],[126],[32],[-23],[-133],[-218],[-200],[-193],[-144],[-28],[19],[51],[101],[132],[137],[76],[41],[-5],[-39],[-68],[-52],[-47],[-34],[6],[1],[42],[70],[99],[91],[118],[132],[77],[80],[18],[-51],[-82],[-160],[-143],[-152],[-162],[-151],[-112],[-32],[-29],[-37],[-32],[29],[29],[35],[69],[152],[185],[211],[215],[221],[190],[125],[46],[4],[-69],[-147],[-220],[-259],[-263],[-233],[-229],[-184],[-120],[-44],[57],[153],[288],[322],[353],[298],[241],[186],[62],[-68],[-145],[-173],[-233],[-205],[-151],[-69],[14],[77],[141],[160],[150],[118],[85],[57],[2],[-46],[-98],[-104],[-90],[-90],[-51],[-15],[30],[70],[114],[118],[121],[99],[67],[17],[3],[-11],[-72],[-115],[-89],[-97],[-100],[-90],[-54],[-74],[-102],[-107],[-71],[-68],[-56],[8],[50],[86],[132],[168],[181],[159],[155],[73],[41],[23],[-36],[-107],[-118],[-133],[-143],[-100],[-81],[-44],[0],[24],[61],[110],[148],[186],[147],[86],[41],[18],[32],[24],[17],[2],[16],[-4],[22],[40],[80],[61],[27],[23],[-6],[-31],[-7],[-27],[-49],[-45],[-23],[2],[37],[62],[59],[45],[70],[49],[32],[32],[-35],[-93],[-124],[-105],[-95],[-79],[-40],[11],[26],[26],[46],[53],[53],[15],[-5],[16],[15],[69],[43],[21],[18],[22],[-16],[-37],[-32],[-63],[-64],[-28],[-39],[-10],[57],[57],[53],[65],[100],[104],[89],[77],[89],[56],[46],[42],[9],[-14],[-16],[-38],[-52],[-36],[-25],[19],[55],[70],[80],[100],[120],[78],[60],[12],[-16],[-18],[-47],[-59],[-49],[-47],[-27],[-34],[-4],[-17],[9],[21],[4],[32],[18],[9],[6],[16],[-26],[-30],[-45],[-70],[-45],[-60],[-83],[-73],[-15],[-12],[11],[21],[12],[20],[-12],[-34],[-20],[-29],[-7],[-23],[-22],[20],[32],[37],[46],[8],[-24],[-31],[-21],[13],[17],[22],[44],[57],[40],[40],[20],[27],[2],[12],[46],[44],[51],[72],[65],[72],[50],[21],[2],[-16],[-26],[-7],[-19],[-10],[36],[53],[48],[69],[56],[31],[40],[45],[14],[-11],[-15],[-29],[-13],[5],[5],[29],[-9],[-8],[-3],[5],[3],[-6],[-28],[-23],[-15],[32],[25],[36],[51],[-14],[0],[-7],[-21],[-38],[-11],[-6],[8],[30],[45],[51],[66],[0],[-4],[-26],[-42],[-43],[-12],[-15],[6],[54],[66],[64],[61],[63],[20],[0],[32],[21],[2],[10],[-5],[-23],[-24],[-20],[-22],[-18],[-19],[-24],[-19],[24],[42],[33],[31],[35],[25],[-5],[-27],[0],[-40],[-40],[-13],[-8],[3],[-38],[2],[-15],[-36],[-28],[21],[35],[36],[48],[20],[23],[32],[-20],[-52],[-22],[-21],[-39],[-48],[-34],[12],[-4],[1],[5],[11],[16],[41],[29],[27],[44],[54],[45],[64],[62],[32],[15],[44],[8],[-11],[-29],[-12],[-14],[13],[-24],[-8],[27],[5],[8],[64],[81],[70],[64],[58],[57],[65],[13],[-20],[-11],[-59],[-56],[-44],[-32],[-12],[-29],[-19],[5],[-7],[8],[16],[56],[54],[46],[50],[51],[19],[15],[-6],[-44],[-70],[-44],[-59],[-62],[-35],[-22],[-7],[10],[26],[-5],[-5],[18],[-14],[-31],[-30],[-28],[-34],[-31],[10],[0],[9],[19],[-23],[-23],[-13],[4],[-10],[18],[11],[-12],[27],[25],[14],[35],[48],[43],[38],[72],[33],[37],[27],[45],[14],[2],[3],[-7],[6],[2],[-30],[-32],[-3],[-22],[-16],[-8],[43],[49],[53],[62],[86],[71],[58],[40],[35],[13],[-5],[16],[11],[2],[-10],[22],[-19],[-56],[-59],[-72],[-60],[-78],[-31],[0],[14],[42],[90],[70],[64],[49],[52],[12],[3],[22],[-23],[-19],[-58],[-72],[-42],[-47],[-54],[-53],[-47],[-11],[1],[-6],[33],[40],[69],[55],[44],[44],[40],[26],[-18],[-37],[-45],[-46],[-53],[-54],[-36],[-25],[-6],[35],[46],[65],[57],[72],[62],[45],[25],[25],[-5],[-28],[-42],[-30],[-40],[-36],[-17],[26],[23],[32],[53],[69],[107],[74],[45],[40],[51],[9],[-18],[-14],[-20],[-44],[-66],[-60],[-43],[-45],[-42],[-7],[8],[31],[70],[65],[76],[68],[49],[15],[-19],[3],[-39],[-64],[-56],[-51],[-71],[-47],[-43],[-20],[-6],[-15],[-12],[3],[20],[52],[35],[19],[13],[15],[-11],[-18],[-4],[1],[-17],[-26],[26],[36],[25],[18],[22],[1],[-11],[11],[3],[5],[29],[-11],[-5],[8],[1],[-10],[-15],[-21],[-15],[3],[21],[66],[54],[25],[32],[33],[9],[17],[-17],[-28],[-5],[-30],[-35],[8],[32],[34],[72],[67],[57],[94],[59],[30],[33],[-12],[-53],[-59],[-62],[-36],[-35],[-42],[-14],[18],[13],[17],[21],[35],[21],[58],[40],[32],[27],[3],[-30],[-37],[-14],[-45],[-77],[-64],[-51],[-49],[-42],[10],[32],[46],[76],[54],[46],[37],[40],[-16],[-36],[-13],[-30],[-56],[-41],[-21],[-26],[-28],[32],[47],[50],[57],[52],[54],[44],[12],[25],[12],[0],[23],[0],[-14],[27],[4],[-26],[-20],[30],[19],[37],[84],[60],[60],[53],[68],[49],[21],[-16],[-15],[-33],[-58],[-51],[-27],[-20],[-14],[37],[35],[41],[48],[20],[42],[25],[-6],[-22],[1],[-20],[-29],[1],[-30],[-31],[-28],[-26],[-15],[14],[34],[48],[27],[20],[49],[25],[-15],[-34],[-3],[-23],[-21],[21],[18],[2],[20],[-5],[-19],[4],[-8],[-4],[13],[46],[43],[44],[74],[37],[47],[14],[-20],[-17],[-18],[-39],[-58],[-12],[-16],[-17],[32],[52],[50],[48],[74],[79],[53],[32],[0],[-31],[-42],[-83],[-78],[-87],[-56],[-43],[-32],[18],[52],[62],[70],[95],[72],[61],[37],[37],[15],[-15],[-24],[-50],[-70],[-74],[-56],[-63],[-58],[-35],[24],[27],[31],[81],[68],[42],[34],[59],[19],[3],[-5],[3],[20],[-6],[-16],[6],[-16],[-45],[-45],[-21],[-5],[14],[11],[36],[38],[48],[66],[41],[50],[67],[23],[28],[31],[5],[-3],[5],[-20],[0],[1],[-10],[-16],[28],[29],[21],[21],[47],[15],[28],[1],[-18],[0],[-8],[5],[33],[22],[16],[12],[11],[-5],[13],[-8],[0],[4],[-19],[-26],[-11],[-31],[-23],[18],[5],[-3],[22],[37],[26],[9],[30],[10],[-12],[-12],[-53],[-59],[-52],[-11],[-21],[1],[16],[19],[19],[47],[15],[29],[40],[17],[8],[22],[40],[6],[9],[-27],[-56],[-48],[-60],[-40],[8],[18],[30],[65],[70],[74],[70],[52],[66],[30],[-13],[6],[-24],[-24],[-28],[-63],[-47],[-55],[-54],[-4],[-14],[15],[35],[93],[102],[99],[105],[89],[29],[-12],[0],[-47],[-24],[-42],[-53],[-36],[-8],[-6],[-15],[-16],[12],[-21],[16],[27],[37],[77],[69],[56],[65],[41],[4],[-19],[-42],[-64],[-47],[-59],[-36],[-15],[8],[37],[22],[26],[58],[36],[14],[16],[27],[59],[49],[56],[46],[27],[32],[-27],[-36],[-29],[-26],[11],[10],[13],[57],[57],[46],[41],[47],[5],[-20],[-20],[6],[-15],[-21],[28],[24],[6],[6],[37],[9],[32],[26],[23],[29],[27],[25],[17],[36],[14],[-11],[-29],[-24],[-52],[-68],[-27],[-29],[-13],[31],[30],[4],[37],[29],[10],[40],[16],[0],[-3],[21],[-4],[-23],[-28],[-38],[-32],[-24],[-35],[-29],[26],[14],[37],[50],[49],[44],[38],[35],[-5],[-23],[-7],[-35],[0],[12],[13],[60],[25],[50],[37],[19],[12],[38],[22],[12],[18],[48],[40],[36],[53],[4],[21],[-6],[-23],[-20],[10],[-7],[6],[38],[14],[25],[41],[27],[28],[25],[20],[19],[26],[-9],[-28],[-30],[-38],[-39],[-20],[-26],[-19],[-8],[26],[43],[41],[29],[33],[21],[-13],[-34],[-15],[-32],[-46],[-12],[-7],[-14],[-4],[35],[10],[2],[29],[19],[11],[40],[29],[40],[28],[-6],[-32],[-15],[-26],[-39],[-37],[-27],[1],[5],[37],[56],[44],[39],[57],[51],[27],[5],[-11],[-13],[-13],[-26],[-20],[6],[-5],[-5],[4],[4],[36],[12],[36],[26],[23],[19],[23],[13],[-17],[-3],[8],[-14],[-21],[18],[3],[28],[38],[20],[12],[32],[-6],[6],[-10],[4],[-13],[5],[-5],[15],[-5],[6],[-17],[3],[-20],[-24],[12],[5],[2],[40],[34],[38],[70],[38],[13],[-3],[-28],[-26],[-44],[-50],[-27],[-32],[-20],[19],[15],[19],[40],[24],[46],[46],[22],[51],[44],[22],[5],[19],[-4],[-24],[-13],[-34],[-52],[-48],[-26],[-23],[0],[45],[65],[65],[59],[64],[54],[14],[-4],[13],[-19],[-13],[21],[1],[-14],[-11],[14],[23],[11],[-4],[11],[16],[31],[16],[37],[50],[27],[8],[36],[14],[8],[-11],[5],[-19],[-35],[-21],[-5],[-17],[18],[-12],[-4],[13],[21],[54],[45],[36],[56],[24],[-10],[-7],[-6],[-28],[-47],[-33],[-21],[-5],[-18],[-19],[-7],[16],[2],[-3],[32],[6],[29],[3],[-15],[-7],[-16],[-39],[-33],[-4],[-22],[5],[22],[17],[12],[32],[13],[-3],[-6],[1],[-32],[-48],[-7],[-31],[2],[-4],[6],[42],[32],[13],[14],[10],[22],[21],[6],[8],[9],[22],[56],[37],[20],[44],[-6],[-12],[10],[-13],[-24],[6],[-10],[-21],[9],[25],[14],[3],[32],[23],[-3],[0],[19],[32],[53],[41],[22],[31],[30],[1],[-22],[6],[-36],[-43],[-28],[16],[0],[3],[24],[3],[-16],[8],[-7],[8],[5],[28],[18],[20],[50],[16],[28],[8],[-26],[-36],[-34],[-29],[8],[-15],[-8],[-3],[13],[19],[44],[26],[2],[16],[6],[-13],[0],[26],[12],[-5],[28],[8],[-18],[-16],[-10],[-14],[1],[0],[41],[29],[19],[28],[19],[0],[26],[-12],[25],[21],[12],[42],[24],[1],[36],[18],[-10],[-14],[10],[-22],[-14],[13],[12],[14],[16],[21],[8],[39],[14],[20],[45],[21],[3],[37],[34],[23],[19],[22],[-11],[-19],[-12],[-12],[27],[7],[20],[20],[13],[26],[29],[11],[-4],[32],[30],[13],[37],[23],[29],[-5],[-16],[18],[7],[-7],[2],[8],[4],[28],[38],[40],[42],[20],[31],[8],[-19],[9],[-27],[-7],[-26],[-39],[-34],[-13],[-22],[-21],[12],[4],[14],[22],[61],[54],[40],[34],[33],[8],[17],[9],[-22],[-34],[0],[-31],[-36],[-22],[-19],[-20],[18],[4],[-7],[20],[5],[35],[25],[34],[53],[38],[27],[27],[34],[2],[-16],[-23],[-13],[-34],[2],[5],[-7],[11],[21],[16],[26],[56],[24],[17],[12],[1],[26],[0],[0],[9],[-16],[-7],[9],[12],[26],[9],[10],[11],[8],[43],[25],[11],[10],[-5],[26],[-10],[16],[-19],[-18],[7],[-3],[-7],[-3],[24],[12],[1],[14],[28],[17],[18],[48],[36],[9],[-5],[17],[-14],[-36],[-18],[-5],[-15],[-23],[3],[20],[13],[22],[29],[24],[55],[20],[15],[32],[4],[-11],[4],[5],[-10],[-28],[-30],[-8],[-25],[-37],[-13],[-3],[26],[43],[82],[82],[62],[64],[46],[3],[-21],[-9],[-45],[-27],[-37],[-37],[-30],[-5],[-27],[-19],[-22],[-7],[16],[10],[13],[17],[11],[12],[25],[1],[22],[1],[-20],[-19],[5],[-14],[12],[6],[-11],[26],[17],[4],[6],[35],[27],[14],[19],[26],[18],[33],[-4],[15],[-11],[-11],[-7],[12],[1],[6],[13],[17],[46],[24],[0],[30],[13],[-5],[0],[25],[2],[1],[29],[11],[21],[56],[30],[36],[64],[34],[5],[6],[29],[10],[-12],[-14],[-10],[16],[-7],[-23],[0],[-14],[-10],[-12],[32],[32],[21],[24],[54],[37],[14],[6],[26],[5],[-8],[24],[6],[-13],[-14],[8],[-15],[-22],[-22],[-20],[10],[8],[0],[26],[6],[18],[13],[-18],[-21],[11],[-13],[-13],[20],[13],[2],[37],[17],[-6],[8],[3],[-14],[5],[20],[6],[7],[3],[8],[-13],[24],[5],[-12],[25],[8],[-4],[34],[37],[32],[42],[17],[26],[22],[-4],[-7],[20],[-16],[25],[3],[10],[40],[30],[13],[9],[2],[22],[1],[-16],[4],[-6],[0],[6],[10],[22],[5],[10],[14],[-9],[-14],[-11],[1],[17],[2],[18],[29],[9],[1],[-7],[-20],[4],[-10],[-16],[-6],[29],[19],[5],[4],[35],[3],[32],[-4],[27],[13],[6],[10],[29],[0],[-12],[-16],[-14],[-20],[12],[4],[-10],[-11],[32],[26],[40],[46],[24],[26],[-5],[-14],[-31],[-27],[-42],[-16],[3],[5],[18],[52],[13],[5],[8],[-8],[-7],[17],[3],[9],[37],[14],[46],[29],[5],[-8],[5],[-19],[-36],[0],[-3],[-19],[-9],[3],[21],[8],[19],[19],[2],[-7],[16],[-3],[-13],[2],[7],[-11],[-23],[-11],[1],[-15],[-28],[12],[4],[-5],[11],[39],[13],[1],[26],[4],[-11],[10],[8],[-11],[19],[1],[-14],[8],[20],[8],[0],[35],[24],[11],[28],[18],[12],[33],[-5],[5],[-10],[-11],[15],[-8],[3],[18],[8],[35],[21],[20],[33],[-4],[-3],[-14],[19],[2],[-14],[9],[25],[10],[-6],[37],[25],[7],[20],[25],[9],[-5],[-10],[1],[-19],[-12],[-3],[-24],[-35],[-40],[-32],[3],[-7],[-11],[26],[11],[15],[44],[19],[-6],[9],[11],[-18],[-34],[-21],[-21],[-30],[12],[-16],[36],[25],[10],[13],[41],[26],[6],[46],[24],[6],[8],[5],[-4],[15],[-10],[-14],[12],[2],[-6],[32],[12],[50],[45],[37],[51],[32],[48],[21],[11],[27],[2],[-7],[11],[-13],[-23],[12],[-5],[-11],[33],[23],[12],[22],[32],[66],[37],[48],[19],[26],[10],[-26],[-32],[-14],[-43],[-14],[-33],[-22],[-11],[26],[14],[9],[20],[22],[18],[35],[38],[16],[0],[18],[-23],[-29],[-29],[-22],[-30],[1],[-18],[7],[0],[9],[9],[40],[27],[13],[33],[25],[26],[18],[25],[-4],[-5],[13],[-11],[-24],[10],[-14],[29],[25],[20],[29],[31],[31],[30],[30],[9],[40],[5],[11],[-9],[16],[-8],[6],[-6],[30],[1],[0],[9],[13],[34],[19],[8],[26],[31],[2],[-10],[9],[-14],[-24],[-22],[10],[-18],[-12],[2],[-8],[28],[21],[13],[15],[38],[16],[44],[4],[5],[1],[16],[-19],[-18],[-20],[3],[-16],[-18],[13],[-6],[1],[40],[32],[20],[44],[21],[2],[9],[12],[-16],[-14],[9],[-10],[-6],[3],[10],[25],[5],[16],[28],[12],[2],[22],[9],[24],[26],[4],[26],[27],[6],[9],[-11],[25],[13],[-4],[21],[27],[9],[0],[2],[13],[16],[-3],[-5],[27],[15],[5],[4],[29],[6],[-11],[-7],[-8],[-7],[-8],[-10],[-7],[26],[-5],[17],[3],[-4],[22],[-7],[-13],[8],[-7],[-7],[26],[12],[2],[19],[16],[18],[41],[26],[13],[10],[34],[3],[-3],[-8],[17],[-6],[-22],[13],[-4],[-19],[-10],[-6],[0],[39],[33],[25],[22],[24],[-4],[8],[17],[-4],[-15],[16],[-12],[-15],[-15],[-11],[2],[24],[12],[-4],[20],[26],[9],[22],[27],[11],[0],[11],[-15],[-20],[3],[-29],[-25],[-14],[-8],[2],[30],[12],[17],[19],[43],[12],[35],[14],[-11],[4],[-19],[-15],[9],[-7],[-19],[2],[15],[0],[16],[13],[16],[21],[33],[13],[15],[29],[1],[-22],[-22],[-28],[-24],[-4],[-4],[9],[44],[17],[45],[25],[-6],[16],[6],[-10],[10],[-8],[0],[11],[20],[43],[27],[13],[29],[3],[-20],[-23],[12],[15],[13],[8],[44],[30],[15],[10],[26],[6],[-9],[-7],[11],[-5],[12],[21],[0],[-8],[-7],[-7],[25],[-10],[2],[8],[48],[34],[18],[16],[41],[14],[-15],[5],[-8],[-21],[0],[9],[-7],[15],[24],[12],[43],[4],[9],[0],[-3],[1],[7],[-17],[-18],[5],[-10],[0],[26],[6],[8],[33],[20],[9],[22],[29],[14],[9],[12],[-14],[0],[9],[-14],[-15],[17],[1],[-11],[13],[8],[9],[37],[21],[8],[26],[39],[28],[15],[45],[13],[11],[37],[19],[4],[0],[-16],[-19],[2],[-15],[-11],[26],[9],[12],[18],[19],[57],[40],[19],[21],[16],[9],[2],[0],[-3],[0],[14],[-5],[-4],[20],[25],[10],[2],[10],[16],[13],[33],[12],[20],[27],[9],[-10],[24],[10],[-19],[0],[2],[-12],[3],[6],[9],[24],[8],[22],[7],[32],[16],[-3],[5],[5],[-10],[-23],[0],[-19],[-16],[20],[6],[-4],[4],[32],[14],[-4],[14],[29],[19],[8],[41],[23],[2],[-6],[17],[3],[-13],[-14],[8],[-7],[-14],[14],[31],[17],[18],[17],[17],[37],[20],[13],[16],[12],[40],[14],[9],[4],[16],[19],[-6],[-24],[23],[12],[2],[5],[1],[34],[19],[0],[2],[9],[-3],[22],[36],[20],[8],[22],[6],[12],[-13],[8],[-23],[-6],[10],[-6],[-4],[13],[-4],[2],[27],[14],[3],[2],[22],[9],[0],[35],[21],[11],[8],[20],[-4],[-7],[20],[5],[-11],[-9],[-4],[6],[40],[29],[16],[13],[17],[0],[25],[19],[4],[29],[8],[-12],[-3],[-3],[2],[0],[26],[10],[12],[44],[18],[20],[44],[17],[10],[40],[19],[-6],[8],[-8],[-8],[-6],[26],[14],[0],[29],[29],[8],[9],[4],[0],[24],[24],[10],[0],[32],[28],[11],[8],[32],[-4],[-8],[21],[2],[-12],[20],[-8],[11],[-5],[4],[18],[10],[1],[5],[2],[7],[3],[2],[-4],[-7],[-4],[-6],[19],[5],[-5],[17],[32],[20],[14],[34],[40],[17],[9],[26],[-4],[11],[-8],[26],[11],[-5],[2],[3],[20],[6],[10],[6],[2],[2],[4],[9],[33],[6],[5],[26],[7],[-6],[4],[12],[29],[11],[3],[22],[5],[-10],[12],[12],[-3],[0],[30],[5],[9],[9],[1],[-6],[-11],[-14],[-19],[5],[-13],[-23],[22],[17],[-3],[11],[2],[1],[0],[2],[17],[1],[-4],[22],[10],[-13],[2],[10],[-6],[-14],[26],[15],[3],[9],[38],[13],[-6],[9],[15],[-8],[-26],[5],[-15],[16],[-5],[7],[12],[34],[11],[18],[36],[11],[18],[-4],[-3],[-5],[-11],[-8],[-5],[19],[5],[-9],[2],[5],[3],[0],[26],[14],[1],[0],[-7],[-4],[-8],[5],[-11],[9],[25],[11],[-7],[12],[19],[-3],[17],[10],[8],[26],[0],[-5],[28],[11],[-7],[-12],[16],[2],[-15],[-19],[-18],[12],[1],[-11],[16],[28],[4],[19],[26],[9],[-7],[24],[-3],[-3],[3],[0],[19],[1],[-16],[2],[11],[-5],[-20],[20],[0],[22],[5],[3],[-3],[27],[10],[-7],[10],[13],[-12],[-15],[-13],[19],[8],[-2],[6],[34],[23],[12],[21],[27],[-3],[0],[16],[-9],[-16],[-6],[-30],[-36],[0],[-5],[-16],[-13],[24],[31],[25],[18],[36],[41],[15],[6],[25],[3],[-11],[18],[-8],[-22],[-14],[-19],[-14],[21],[-3],[-3],[30],[10],[14],[40],[25],[8],[38],[6],[16],[-8],[2],[5],[-11],[-16],[5],[-8],[-5],[12],[3],[11],[46],[32],[9],[20],[20],[0],[22],[-3],[-9],[-8],[-10],[-15],[26],[-7],[24],[25],[4],[0],[23],[10],[1],[30],[14],[-2],[3],[20],[2],[0],[-10],[2],[-20],[-9],[9],[-3],[-10],[16],[21],[10],[1],[36],[8],[6],[24],[-8],[-14],[-15],[-14],[-16],[14],[1],[-10],[28],[17],[13],[12],[30],[4],[18],[4],[-6],[9],[-8],[-18],[12],[12],[-11],[12],[10],[-11],[0],[26],[18],[6],[20],[30],[4],[4],[-5],[-10],[-3],[-4],[20],[5],[-8],[18],[28],[11],[13],[27],[9],[6],[5],[8],[1],[21],[1],[0],[24],[6],[-14],[-7],[-21],[0],[14],[8],[-5],[25],[7],[4],[14],[-10],[8],[9],[-14],[-12],[4],[24],[4],[25],[7],[-7],[24],[-4],[0],[26],[13],[1],[2],[2],[29],[9],[-8],[9],[6],[-18],[-13],[-8],[12],[3],[8],[12],[31],[18],[20],[48],[13],[8],[4],[1],[-4],[-5],[-10],[0],[-13],[-14],[-11],[-8],[14],[27],[17],[9],[20],[18],[13],[38],[10],[26],[6],[-11],[4],[-13],[0],[-4],[-13],[1],[5],[4],[1],[16],[26],[1],[-5],[-12],[2],[9],[2],[3],[33],[0],[-12],[3],[13],[-13],[14],[-11],[-18],[10],[26],[14],[17],[46],[22],[3],[19],[28],[14],[-5],[6],[16],[-9],[20],[3],[-11],[-11],[-5],[-17],[32],[20],[10],[14],[41],[9],[22],[6],[0],[17],[-6],[-18],[4],[0],[16],[6],[9],[5],[19],[1],[2],[28],[14],[2],[0],[4],[1],[0],[27],[11],[-10],[-12],[-11],[-7],[1],[17],[19],[20],[6],[34],[2],[3],[-19],[12],[10],[-7],[11],[2],[16],[29],[11],[-12],[5],[3],[-15],[-13],[9],[1],[3],[24],[24],[3],[16],[-10],[-11],[8],[-11],[-9],[19],[8],[4],[10],[6],[28],[13],[-3],[10],[-3],[15],[3],[16],[5],[11],[10],[22],[6],[-9],[-10],[-17],[-15],[-9],[15],[3],[30],[16],[5],[18],[0],[43],[33],[21],[17],[12],[43],[26],[5],[-3],[25],[1],[-18],[8],[14],[3],[4],[34],[17],[4],[17],[10],[-6],[26],[24],[5],[10],[6],[24],[26],[3],[-4],[20],[-10],[-8],[10],[0],[3],[31],[20],[8],[22],[29],[12],[-8],[20],[8],[-20],[-15],[17],[8],[9],[43],[12],[28],[13],[9],[31],[2],[1],[24],[7],[-13],[21],[5],[-10],[-12],[16],[0],[-16],[-12],[-5],[8],[21],[33],[17],[-3],[13],[20],[-7],[-13],[21],[0],[-18],[0],[9],[-11],[-20],[12],[12],[1],[1],[29],[21],[3],[11],[-5],[1],[9],[-14],[18],[0],[-14],[-8],[21],[12],[2],[8],[18],[4],[6],[11],[17],[2],[8],[26],[13],[-6],[-7],[-8],[25],[5],[-6],[4],[20],[11],[7],[16],[26],[8],[2],[25],[2],[-13],[3],[-12],[-9],[25],[12],[3],[32],[17],[1],[1],[-3],[22],[10],[-6],[16],[11],[-6],[-6],[9],[-13],[-16],[13],[2],[-9],[1],[28],[18],[4],[16],[26],[14],[-3],[12],[-7],[10],[19],[10],[-7],[31],[8],[-10],[26],[3],[4],[26],[5],[8],[40],[28],[16],[28],[11],[32],[29],[11],[8],[22],[3],[3],[32],[10],[10],[27],[35],[12],[9],[22],[3],[1],[33],[21],[9],[8],[28],[6],[-15],[25],[8],[-13],[-11],[-6],[1],[37],[14],[17],[40],[21],[-5],[11],[17],[-10],[-11],[-5],[-12],[21],[-10],[18],[6],[-13],[10],[11],[-7],[-5],[19],[4],[8],[7],[32],[17],[3],[-7],[4],[-11],[-8],[-10],[-6],[-8],[0],[0],[22],[-5],[8],[22],[10],[0],[34],[22],[6],[8],[34],[14],[-7],[6],[18],[2],[-10],[10],[3],[14],[8],[40],[18],[4],[35],[6],[-15],[18],[-3],[0],[24],[9],[-9],[5],[15],[-10],[-6],[-3],[4],[-6],[9],[28],[13],[33],[13],[3],[7],[-11],[-14],[11],[-18],[-17],[-13],[-7],[10],[-8],[-5],[25],[-5],[-8],[-3],[3],[37],[10],[10],[10],[4],[2],[12],[-4],[19],[1],[0],[24],[11],[-4],[2],[5],[30],[13],[4],[8],[33],[6],[6],[7],[0],[2],[1],[8],[0],[27],[11],[-3],[-4],[24],[13],[3],[16],[27],[13],[-3],[13],[21],[-7],[4],[-12],[8],[19],[7],[-5],[-4],[11],[-4],[26],[3],[4],[30],[1],[1],[4],[2],[2],[4],[26],[-6],[-3],[-18],[10],[-8],[-6],[10],[1],[8],[27],[17],[13],[5],[9],[23],[4],[32],[22],[1],[0],[24],[6],[-12],[16],[-7],[-10],[19],[9],[2],[9],[13],[11],[16],[13],[21],[28],[10],[-12],[4],[11],[-5],[-19],[26],[11],[-4],[-4],[22],[9],[4],[44],[14],[27],[4],[0],[-6],[-11],[8],[-10],[-13],[3],[-7],[-5],[25],[8],[0],[37],[21],[3],[22],[10],[10],[24],[6],[-10],[20],[10],[-8],[22],[6],[-13],[-11],[25],[18],[13],[45],[30],[11],[8],[25],[-4],[8],[14],[-4],[1],[28],[-4],[26],[14],[4],[33],[17],[8],[8],[27],[13],[4],[20],[30],[4],[30],[10],[-8],[1],[1],[24],[8],[-5],[37],[20],[6],[9],[35],[8],[20],[3],[4],[26],[8],[-12],[5],[-3],[17],[-3],[-4],[26],[10],[-10],[34],[16],[3],[34],[27],[11],[9],[0],[21],[8],[-8],[-12],[16],[-6],[-3],[7],[9],[34],[21],[9],[22],[30],[5],[11],[-7],[1],[1],[19],[-4],[-6],[18],[4],[-8],[13],[-3],[5],[35],[14],[19],[44],[26],[9],[3],[25],[5],[-8],[9],[-7],[-7],[19],[5],[-4],[-3],[15],[4],[5],[31],[4],[3],[27],[15],[3],[2],[25],[1],[-10],[22],[17],[4],[8],[1],[13]]}}