{"protected":{"ver":"v1","alg":"HS256","iat":1740144625},"signature":"6d001a58b255699f0a5b0a376fc9ab048577a320642534f94f1ab686a077bf07","payload":{"device_name":"E6:61:78:C1:27:19:92:28","device_type":"DATA_FORWARDER","interval_ms":0.0625,"sensors":[{"name":"audio","units":"wav"}],"values":[[-3],[16],[21],[7],[0],[30],[21],[5],[10],[26],[5],[16],[30],[15],[-3],[14],[16],[2],[16],[20],[2],[-5],[25],[-11],[-4],[13],[-7],[16],[21],[-6],[1],[27],[6],[-7],[8],[18],[-5],[-4],[24],[13],[-3],[31],[6],[-10],[10],[-9],[6],[8],[-7],[9],[13],[-12],[19],[8],[-11],[-6],[15],[1],[1],[27],[18],[6],[5],[27],[13],[2],[4],[0],[24],[2],[27],[10],[-5],[13],[20],[7],[-8],[16],[19],[5],[4],[34],[20],[4],[5],[25],[5],[0],[30],[15],[6],[8],[4],[2],[4],[1],[-3],[17],[27],[3],[4],[1],[-7],[-3],[30],[15],[4],[4],[31],[18],[0],[33],[14],[-4],[12],[25],[12],[-5],[18],[18],[6],[-5],[3],[3],[28],[0],[8],[22],[-3],[3],[4],[17],[1],[3],[0],[28],[19],[0],[8],[19],[3],[-8],[26],[4],[3],[13],[-3],[8],[27],[13],[-5],[11],[20],[-6],[-8],[9],[18],[-6],[-5],[-7],[0],[-7],[5],[0],[14],[-3],[31],[14],[7],[2],[1],[19],[3],[4],[18],[2],[-8],[29],[13],[-5],[13],[22],[4],[0],[14],[-4],[29],[-6],[27],[17],[2],[-4],[25],[8],[-3],[28],[1],[-3],[30],[11],[-3],[2],[28],[0],[16],[1],[32],[18],[0],[25],[19],[8],[8],[22],[-4],[4],[25],[11],[3],[34],[18],[4],[4],[27],[13],[-5],[4],[14],[3],[5],[30],[14],[0],[-5],[24],[-6],[-4],[0],[-5],[22],[9],[-5],[29],[13],[0],[29],[14],[-4],[28],[4],[18],[-5],[12],[24],[10],[0],[27],[0],[0],[-3],[16],[3],[9],[20],[3],[-10],[1],[20],[0],[-7],[32],[16],[-12],[29],[10],[-6],[12],[16],[-6],[12],[21],[10],[-7],[28],[18],[3],[0],[30],[20],[9],[6],[-5],[0],[28],[-6],[-8],[-3],[1],[2],[6],[5],[30],[13],[-3],[4],[29],[-7],[-11],[8],[-6],[-5],[-5],[1],[-13],[9],[16],[1],[-11],[24],[-12],[18],[13],[2],[0],[28],[13],[-4],[-3],[-5],[-8],[-10],[5],[14],[4],[-8],[16],[19],[0],[4],[-13],[6],[-13],[0],[14],[1],[-18],[2],[16],[2],[0],[24],[-7],[17],[1],[-15],[-15],[0],[18],[4],[-10],[10],[-5],[-6],[-7],[-11],[17],[-14],[-16],[13],[-13],[-7],[22],[6],[-12],[26],[10],[-9],[-7],[-11],[-7],[-5],[-3],[-8],[-5],[-8],[22],[8],[-10],[-7],[-8],[6],[-11],[4],[2],[-10],[22],[7],[-7],[0],[-5],[24],[6],[-12],[12],[18],[1],[0],[26],[5],[-8],[24],[16],[-3],[-3],[26],[5],[-11],[-12],[15],[6],[-10],[-5],[-7],[-8],[8],[-8],[25],[11],[-8],[29],[13],[-5],[20],[2],[0],[25],[6],[-8],[-8],[-10],[19],[3],[-8],[-10],[-10],[5],[17],[3],[-13],[9],[-10],[7],[17],[-8],[-11],[12],[-18],[-19],[-11],[-11],[6],[16],[-7],[18],[4],[-12],[2],[13],[-11],[-8],[18],[-4],[13],[-4],[-9],[-12],[-8],[-5],[21],[6],[-10],[10],[19],[3],[-11],[13],[7],[-11],[-7],[-5],[24],[-12],[17],[-14],[-16],[1],[-8],[-5],[24],[6],[-11],[-10],[-13],[-11],[21],[-10],[3],[-16],[1],[11],[-13],[15],[1],[-17],[2],[13],[-11],[-8],[-9],[-8],[-5],[1],[5],[-12],[0],[-13],[17],[-14],[12],[1],[-13],[-7],[-15],[20],[10],[-10],[-9],[13],[-5],[-20],[21],[8],[-13],[-4],[-7],[20],[-10],[-9],[4],[16],[0],[-15],[20],[-10],[-12],[21],[5],[-6],[-6],[-8],[-5],[0],[21],[4],[-6],[26],[4],[2],[28],[16],[4],[3],[27],[14],[-9],[26],[6],[-7],[14],[0],[35],[21],[6],[6],[30],[16],[2],[18],[9],[0],[35],[4],[11],[0],[32],[22],[8],[9],[36],[24],[4],[3],[30],[16],[4],[22],[2],[3],[8],[34],[20],[7],[21],[9],[12],[-3],[7],[8],[33],[0],[32],[25],[11],[10],[38],[22],[9],[7],[7],[9],[34],[4],[17],[4],[32],[14],[0],[2],[28],[12],[-3],[25],[5],[12],[2],[3],[20],[29],[8],[9],[33],[2],[32],[4],[32],[27],[13],[0],[32],[4],[26],[15],[5],[34],[17],[0],[33],[4],[2],[18],[2],[29],[11],[0],[35],[20],[5],[8],[27],[10],[-5],[16],[26],[0],[22],[6],[6],[25],[9],[-8],[22],[0],[-5],[3],[34],[17],[-4],[2],[25],[11],[-5],[11],[17],[1],[3],[17],[3],[5],[4],[33],[16],[2],[1],[28],[14],[6],[4],[-4],[14],[24],[6],[5],[29],[8],[35],[18],[4],[8],[4],[8],[13],[1],[19],[29],[10],[5],[31],[8],[9],[27],[11],[10],[35],[20],[7],[10],[24],[4],[8],[12],[11],[0],[32],[21],[5],[17],[2],[2],[30],[17],[3],[12],[5],[5],[4],[26],[21],[7],[6],[31],[16],[0],[29],[24],[8],[8],[36],[5],[3],[4],[0],[24],[9],[-5],[13],[4],[35],[17],[5],[6],[34],[19],[2],[28],[15],[-6],[26],[23],[6],[2],[26],[11],[2],[3],[20],[2],[3],[29],[15],[4],[3],[26],[10],[-6],[26],[21],[-3],[2],[22],[-6],[-6],[0],[32],[20],[4],[6],[33],[3],[4],[6],[17],[-4],[4],[0],[18],[-3],[18],[19],[6],[0],[27],[-4],[17],[2],[13],[-4],[14],[28],[1],[1],[14],[1],[0],[1],[0],[-3],[1],[13],[1],[24],[13],[1],[15],[22],[0],[23],[9],[-4],[11],[-5],[2],[25],[2],[30],[15],[-6],[21],[6],[-6],[11],[22],[8],[0],[29],[0],[26],[13],[1],[1],[27],[1],[-4],[13],[-3],[0],[0],[2],[26],[9],[0],[11],[-5],[9],[25],[9],[-4],[3],[1],[22],[-3],[13],[24],[2],[-4],[-6],[25],[12],[-5],[-5],[21],[-3],[0],[27],[11],[-6],[-7],[4],[14],[-6],[-5],[25],[4],[0],[25],[17],[-5],[10],[1],[-5],[12],[16],[3],[0],[26],[13],[1],[0],[19],[2],[1],[28],[2],[5],[-7],[-7],[12],[20],[6],[-10],[24],[18],[-3],[0],[26],[0],[10],[-7],[9],[15],[3],[2],[27],[3],[1],[26],[9],[-10],[8],[19],[6],[-5],[28],[4],[5],[29],[12],[-8],[-7],[20],[-5],[6],[-9],[19],[1],[4],[19],[3],[-12],[-7],[-10],[14],[-9],[8],[-8],[15],[-5],[13],[-4],[0],[22],[-8],[-8],[-9],[-11],[17],[3],[-10],[-5],[0],[29],[-4],[-3],[19],[3],[3],[27],[12],[0],[18],[-6],[12],[9],[-6],[8],[-4],[2],[0],[-7],[9],[-5],[11],[18],[-3],[1],[27],[5],[-12],[24],[18],[1],[0],[26],[11],[-6],[10],[17],[1],[0],[25],[9],[1],[33],[15],[-7],[10],[-4],[19],[2],[4],[4],[2],[17],[-4],[13],[24],[8],[-5],[1],[1],[11],[0],[28],[13],[-6],[16],[19],[0],[24],[18],[5],[1],[26],[6],[-10],[25],[12],[2],[29],[18],[3],[0],[0],[0],[0],[9],[8],[1],[1],[25],[12],[1],[16],[24],[1],[-6],[22],[0],[18],[1],[0],[21],[11],[-5],[12],[0],[-3],[9],[-6],[9],[17],[3],[-8],[28],[21],[4],[5],[29],[16],[2],[16],[29],[13],[2],[1],[2],[13],[1],[2],[19],[3],[-12],[8],[17],[-7],[4],[12],[-7],[10],[18],[-5],[0],[26],[8],[-7],[14],[3],[31],[18],[2],[1],[26],[-4],[0],[13],[0],[1],[30],[14],[1],[13],[15],[-3],[1],[0],[0],[29],[5],[2],[28],[17],[0],[32],[21],[5],[0],[8],[6],[5],[4],[5],[5],[30],[9],[8],[33],[6],[26],[9],[8],[6],[8],[33],[21],[6],[19],[25],[13],[2],[24],[21],[10],[8],[33],[18],[6],[24],[33],[12],[43],[20],[4],[36],[27],[11],[8],[36],[4],[41],[30],[14],[14],[31],[13],[25],[9],[42],[25],[8],[24],[36],[15],[17],[41],[24],[11],[11],[36],[24],[10],[18],[8],[12],[13],[14],[12],[30],[11],[11],[20],[6],[3],[36],[29],[8],[4],[35],[17],[3],[20],[29],[10],[-8],[35],[22],[3],[20],[10],[34],[13],[11],[31],[16],[2],[4],[21],[2],[13],[-3],[17],[24],[10],[9],[25],[3],[1],[3],[30],[14],[4],[19],[5],[18],[28],[5],[34],[17],[-4],[1],[24],[8],[-4],[30],[16],[0],[33],[20],[8],[11],[34],[17],[2],[8],[1],[31],[17],[4],[9],[3],[14],[-2],[17],[21],[5],[2],[27],[15],[-6],[-6],[0],[21],[9],[-7],[11],[21],[-10],[24],[-8],[10],[-6],[14],[19],[-3],[26],[-5],[0],[-5],[-5],[-8],[-8],[-11],[26],[14],[3],[3],[-8],[12],[-6],[12],[18],[3],[0],[30],[9],[-8],[16],[22],[10],[0],[5],[2],[27],[21],[4],[0],[-3],[-6],[1],[23],[0],[21],[10],[-4],[32],[18],[4],[4],[27],[9],[-7],[22],[20],[6],[7],[37],[7],[8],[3],[17],[3],[25],[27],[6],[5],[24],[2],[25],[11],[-4],[12],[15],[3],[5],[2],[2],[21],[6],[8],[28],[16],[0],[13],[22],[5],[17],[1],[13],[26],[12],[1],[2],[5],[37],[17],[2],[1],[25],[1],[1],[27],[12],[3],[17],[20],[3],[4],[33],[5],[4],[29],[17],[5],[4],[1],[27],[16],[2],[18],[27],[8],[-3],[24],[21],[8],[4],[30],[1],[1],[16],[29],[13],[-3],[12],[1],[20],[5],[4],[12],[0],[0],[24],[12],[-6],[10],[14],[-3],[-3],[27],[12],[-5],[10],[22],[6],[0],[26],[6],[-7],[24],[14],[1],[8],[24],[0],[2],[5],[4],[31],[9],[0],[2],[2],[1],[21],[7],[0],[28],[17],[-3],[13],[21],[-7],[0],[5],[8],[34],[17],[0],[-3],[28],[6],[-7],[13],[20],[0],[33],[10],[-7],[8],[17],[-6],[0],[29],[6],[28],[11],[-6],[18],[27],[13],[-10],[31],[14],[-4],[28],[18],[-4],[12],[22],[6],[0],[0],[1],[2],[13],[-4],[15],[25],[9],[-8],[18],[7],[-11],[24],[9],[-12],[8],[13],[0],[1],[28],[10],[0],[32],[18],[4],[2],[21],[5],[-12],[26],[11],[1],[3],[30],[17],[4],[5],[31],[12],[-6],[24],[16],[3],[5],[29],[11],[-5],[0],[19],[-5],[-4],[-4],[-7],[30],[17],[3],[4],[19],[2],[-11],[19],[3],[-10],[32],[19],[4],[5],[33],[1],[13],[23],[2],[-5],[28],[10],[-4],[-3],[-4],[5],[1],[26],[18],[5],[18],[1],[0],[25],[2],[4],[27],[13],[-3],[12],[1],[-3],[14],[23],[9],[0],[35],[-4],[14],[22],[8],[1],[29],[12],[-7],[16],[18],[9],[-6],[16],[-4],[-6],[17],[-5],[-11],[29],[13],[-3],[1],[17],[-6],[16],[0],[22],[-7],[29],[0],[1],[14],[-3],[12],[14],[-6],[31],[18],[5],[7],[23],[8],[7],[32],[18],[1],[21],[5],[-10],[26],[13],[1],[8],[1],[23],[7],[-5],[2],[17],[-6],[12],[16],[0],[31],[7],[-10],[11],[-9],[17],[18],[1],[-11],[24],[9],[0],[0],[22],[8],[-10],[32],[22],[6],[0],[25],[5],[0],[21],[3],[3],[29],[19],[0],[-3],[-3],[13],[0],[21],[3],[2],[-9],[24],[14],[-9],[11],[3],[29],[16],[2],[16],[-4],[22],[11],[-3],[10],[19],[9],[-4],[30],[-3],[-7],[-7],[27],[-5],[11],[3],[0],[27],[12],[-13],[10],[15],[-3],[-4],[-7],[-4],[26],[6],[-11],[20],[0],[24],[10],[-5],[12],[20],[-6],[1],[1],[27],[11],[-7],[-10],[17],[1],[-12],[-8],[24],[16],[2],[-3],[23],[6],[-8],[-7],[-10],[-10],[6],[-8],[10],[17],[-5],[-6],[19],[4],[-13],[3],[14],[3],[-10],[6],[-11],[25],[9],[-8],[7],[18],[3],[-11],[-7],[16],[-3],[0],[-7],[12],[-10],[25],[12],[-13],[16],[-3],[-4],[20],[8],[-7],[24],[11],[-5],[1],[28],[0],[26],[8],[-5],[-7],[25],[11],[-8],[7],[-7],[-5],[22],[3],[27],[8],[-7],[8],[19],[-4],[-3],[25],[11],[1],[-4],[11],[18],[-6],[1],[11],[8],[5],[0],[28],[13],[-4],[11],[1],[32],[11],[-11],[24],[18],[-4],[10],[18],[-5],[-3],[2],[4],[3],[30],[15],[2],[2],[26],[1],[29],[7],[-8],[-5],[29],[13],[-4],[-4],[21],[1],[6],[21],[3],[-13],[21],[13],[-10],[12],[0],[15],[-4],[11],[0],[29],[13],[-6],[-4],[1],[2],[-11],[29],[14],[-12],[30],[14],[-3],[-5],[-6],[-10],[16],[17],[-4],[-5],[0],[0],[20],[-5],[-6],[15],[-12],[-12],[6],[-11],[5],[-7],[-7],[-7],[-3],[-3],[-14],[6],[16],[-11],[0],[3],[-11],[16],[-7],[-4],[-6],[-10],[-6],[4],[-14],[12],[13],[-8],[-10],[-10],[20],[8],[-11],[-7],[-14],[-13],[1],[-16],[3],[16],[1],[-14],[-10],[11],[-5],[-8],[22],[6],[-14],[-8],[8],[-6],[9],[-7],[4],[17],[-11],[19],[12],[-5],[22],[-5],[-10],[6],[20],[8],[-10],[18],[17],[1],[3],[28],[14],[2],[2],[28],[14],[2],[2],[-2],[11],[-9],[11],[-6],[-5],[14],[25],[8],[-7],[1],[0],[10],[0],[25],[8],[-3],[27],[8],[-5],[27],[-5],[-3],[-5],[2],[6],[4],[28],[13],[-7],[0],[22],[11],[-3],[-5],[27],[11],[-7],[11],[21],[7],[-8],[16],[-10],[17],[16],[0],[-14],[20],[-6],[0],[5],[-10],[26],[7],[-10],[0],[-3],[-3],[4],[-13],[24],[17],[1],[-5],[23],[11],[-3],[-3],[24],[0],[8],[-11],[8],[-6],[16],[1],[-5],[-12],[17],[-7],[-8],[8],[-14],[24],[16],[1],[13],[-5],[13],[18],[4],[0],[-8],[10],[-8],[27],[11],[-4],[-8],[21],[3],[-8],[32],[14],[-7],[12],[-6],[0],[25],[3],[0],[-5],[-5],[9],[-12],[5],[11],[-5],[0],[18],[3],[-11],[-5],[-6],[-4],[16],[24],[7],[-8],[16],[-4],[0],[21],[-3],[0],[2],[9],[-4],[-5],[0],[19],[6],[-10],[24],[18],[2],[2],[4],[7],[7],[27],[8],[5],[33],[3],[-3],[2],[3],[10],[1],[17],[20],[9],[0],[26],[4],[2],[2],[4],[11],[1],[5],[34],[19],[1],[2],[3],[2],[12],[0],[23],[3],[3],[9],[41],[21],[9],[11],[6],[3],[28],[2],[22],[5],[26],[10],[0],[2],[1],[22],[4],[2],[-4],[13],[23],[1],[8],[24],[-3],[1],[6],[6],[4],[23],[8],[-9],[26],[17],[1],[3],[0],[1],[1],[10],[0],[0],[1],[3],[2],[-3],[-4],[26],[10],[-5],[13],[23],[8],[0],[29],[20],[6],[5],[29],[17],[4],[10],[8],[0],[1],[4],[31],[19],[3],[0],[1],[0],[2],[33],[15],[-5],[0],[-4],[27],[15],[4],[4],[21],[2],[-3],[2],[7],[4],[25],[6],[-5],[12],[-5],[12],[21],[7],[-9],[24],[20],[3],[29],[4],[2],[5],[1],[5],[16],[0],[14],[25],[3],[4],[12],[3],[0],[33],[2],[27],[3],[6],[10],[11],[11],[8],[26],[10],[-3],[18],[0],[11],[-7],[30],[21],[1],[5],[7],[27],[-3],[16],[24],[10],[1],[5],[8],[4],[5],[13],[1],[7],[10],[32],[17],[1],[12],[22],[9],[8],[8],[10],[33],[11],[2],[37],[23],[5],[9],[34],[10],[-6],[26],[19],[8],[7],[33],[19],[5],[19],[30],[8],[31],[17],[3],[5],[20],[22],[2],[4],[30],[17],[3],[8],[3],[-4],[0],[16],[3],[6],[32],[15],[2],[5],[2],[5],[28],[11],[-2],[31],[16],[5],[4],[22],[4],[6],[26],[9],[-8],[27],[12],[-6],[0],[25],[10],[-5],[12],[22],[7],[-7],[20],[26],[12],[0],[24],[25],[11],[8],[32],[11],[-4],[14],[24],[0],[0],[4],[0],[1],[22],[9],[-6],[29],[20],[4],[3],[29],[12],[-4],[2],[29],[7],[30],[2],[1],[24],[6],[-14],[24],[4],[-11],[20],[16],[-4],[-3],[-7],[20],[14],[2],[0],[26],[4],[-11],[30],[16],[-4],[-7],[24],[17],[3],[5],[4],[3],[19],[5],[-12],[28],[13],[-4],[10],[-7],[9],[-8],[12],[24],[4],[3],[0],[30],[13],[1],[2],[9],[3],[23],[5],[-8],[27],[13],[-2],[4],[22],[-3],[1],[-5],[27],[9],[-4],[8],[0],[-6],[12],[-5],[12],[16],[0],[2],[-7],[20],[4],[3],[29],[13],[-4],[-4],[5],[-7],[25],[2],[1],[18],[0],[0],[26],[8],[-7],[2],[20],[1],[4],[-8],[11],[-8],[20],[15],[1],[0],[28],[-5],[14],[-5],[-4],[22],[-7],[0],[-10],[10],[17],[-7],[-7],[-7],[18],[5],[-11],[8],[-6],[-6],[-5],[17],[-7],[8],[19],[3],[28],[10],[-11],[8],[19],[3],[-12],[18],[9],[-6],[26],[11],[-7],[-9],[-5],[-5],[24],[9],[-13],[5],[14],[1],[-13],[10],[11],[-5],[-8],[16],[-3],[-13],[16],[16],[1],[-12],[26],[11],[-5],[-5],[21],[-10],[-10],[6],[13],[-3],[-12],[10],[12],[-13],[5],[-5],[-5],[24],[-6],[-3],[-8],[24],[-5],[9],[-7],[1],[0],[6],[0],[30],[15],[2],[2],[18],[3],[5],[32],[18],[1],[1],[28],[0],[3],[0],[0],[24],[26],[5],[26],[4],[11],[0],[32],[26],[11],[1],[26],[20],[0],[13],[22],[6],[-4],[0],[20],[18],[7],[8],[29],[12],[-4],[29],[14],[0],[2],[-6],[-6],[13],[2],[-2],[26],[0],[16],[1],[0],[24],[12],[-7],[25],[24],[10],[5],[30],[-7],[0],[-7],[8],[0],[-5],[1],[26],[-6],[8],[13],[-5],[-3],[27],[-6],[3],[19],[2],[1],[25],[13],[0],[2],[1],[1],[0],[3],[3],[28],[14],[-5],[-4],[21],[0],[14],[24],[1],[-5],[14],[1],[0],[-5],[1],[0],[2],[1],[13],[-6],[9],[-8],[-6],[0],[1],[25],[-4],[-10],[-3],[-3],[22],[6],[-6],[-5],[22],[8],[0],[27],[-6],[-7],[-7],[8],[-12],[18],[11],[-8],[8],[10],[-10],[-12],[-7],[-11],[5],[12],[1],[-15],[16],[10],[-8],[25],[8],[-10],[0],[17],[5],[-11],[8],[20],[4],[-10],[8],[17],[3],[-6],[-3],[-5],[22],[0],[2],[2],[-4],[-11],[21],[13],[-6],[-4],[0],[5],[9],[0],[-3],[6],[-11],[20],[13],[-3],[0],[16],[4],[-3],[22],[5],[-11],[-3],[0],[1],[22],[6],[0],[29],[19],[3],[11],[-6],[24],[14],[2],[8],[25],[-4],[25],[3],[3],[30],[3],[17],[4],[4],[25],[4],[18],[0],[0],[-4],[1],[0],[-4],[4],[5],[31],[3],[9],[0],[29],[19],[3],[4],[28],[0],[2],[0],[2],[21],[-4],[14],[25],[3],[3],[29],[13],[-3],[2],[4],[27],[13],[-3],[18],[15],[0],[0],[25],[12],[-3],[16],[26],[-3],[-4],[-4],[9],[-8],[9],[-7],[0],[1],[-3],[0],[1],[-8],[27],[14],[1],[1],[9],[-13],[28],[-11],[28],[8],[-9],[8],[1],[0],[14],[-6],[16],[16],[6],[-7],[24],[6],[-4],[16],[22],[6],[-11],[8],[17],[3],[-13],[16],[11],[-4],[27],[13],[-9],[0],[20],[-6],[17],[-3],[-6],[26],[8],[-11],[3],[-12],[5],[13],[-8],[-7],[-4],[25],[8],[-10],[-11],[17],[1],[-8],[19],[3],[-6],[21],[5],[-8],[24],[-10],[6],[-8],[19],[4],[-17],[26],[-10],[-8],[8],[18],[3],[-12],[-8],[-11],[-8],[16],[-3],[1],[-10],[0],[-5],[6],[-12],[17],[-13],[11],[-5],[-5],[24],[11],[-3],[14],[21],[9],[-3],[1],[2],[-5],[16],[14],[-3],[30],[14],[0],[-3],[28],[2],[2],[14],[-8],[12],[8],[4],[24],[-7],[5],[19],[3],[3],[28],[13],[2],[5],[32],[18],[-3],[26],[-5],[0],[16],[23],[9],[-7],[11],[21],[-4],[-8],[-5],[1],[0],[26],[12],[-6],[11],[23],[2],[1],[15],[0],[31],[1],[0],[18],[2],[5],[1],[22],[5],[19],[2],[0],[22],[8],[0],[14],[-4],[2],[27],[4],[30],[13],[-4],[34],[6],[11],[29],[13],[0],[16],[6],[6],[21],[8],[21],[19],[4],[8],[26],[3],[19],[8],[1],[17],[2],[2],[28],[16],[2],[17],[3],[-4],[26],[1],[1],[6],[9],[13],[10],[36],[22],[8],[3],[30],[13],[0],[16],[29],[16],[3],[14],[21],[8],[-4],[27],[15],[0],[16],[25],[11],[0],[28],[18],[1],[0],[29],[14],[1],[2],[4],[14],[25],[11],[-4],[32],[4],[17],[1],[8],[2],[4],[11],[8],[35],[21],[6],[37],[19],[3],[6],[3],[14],[5],[6],[7],[6],[8],[32],[17],[1],[24],[6],[21],[6],[4],[20],[1],[0],[29],[1],[2],[29],[14],[1],[10],[26],[11],[-6],[32],[17],[2],[8],[2],[32],[3],[37],[-4],[13],[19],[5],[-12],[8],[14],[1],[1],[1],[2],[8],[18],[-4],[-3],[27],[0],[23],[6],[-11],[-5],[0],[-4],[-3],[17],[24],[5],[3],[29],[14],[0],[5],[5],[4],[3],[2],[29],[9],[5],[30],[16],[-4],[2],[1],[3],[29],[9],[-6],[14],[22],[6],[-6],[1],[-6],[-9],[14],[-4],[-4],[26],[6],[-11],[16],[20],[6],[0],[24],[20],[5],[0],[17],[-3],[4],[-7],[12],[22],[6],[5],[32],[16],[5],[6],[6],[0],[6],[5],[32],[16],[1],[16],[2],[0],[2],[13],[-4],[16],[25],[14],[3],[2],[3],[4],[4],[27],[10],[-6],[24],[21],[9],[9],[36],[17],[0],[18],[27],[11],[-5],[34],[8],[6],[34],[18],[1],[24],[8],[19],[4],[16],[27],[12],[0],[18],[28],[13],[1],[32],[19],[7],[8],[29],[13],[-2],[15],[23],[8],[-3],[9],[5],[32],[19],[3],[-3],[11],[-4],[14],[26],[13],[-4],[16],[-4],[8],[0],[32],[16],[4],[8],[3],[20],[5],[7],[30],[13],[0],[22],[10],[0],[28],[4],[10],[5],[30],[16],[3],[3],[25],[11],[-3],[27],[14],[0],[14],[2],[3],[29],[13],[5],[-13],[-4],[11],[-11],[8],[-8],[13],[-5],[-3],[-5],[-9],[13],[-6],[0],[15],[-5],[-5],[24],[9],[-7],[-5],[25],[5],[-10],[-10],[-6],[21],[-6],[5],[-8],[16],[-8],[6],[-10],[8],[19],[1],[-4],[-7],[-4],[25],[6],[-11],[1],[0],[28],[8],[-10],[11],[15],[1],[3],[24],[9],[-5],[12],[20],[1],[0],[26],[11],[0],[1],[1],[-7],[23],[8],[-5],[10],[21],[9],[-7],[10],[20],[-6],[0],[31],[-3],[-4],[2],[0],[-5],[25],[19],[3],[5],[4],[21],[6],[5],[25],[6],[0],[18],[5],[-9],[8],[-3],[25],[9],[-7],[2],[30],[7],[8],[31],[12],[0],[28],[4],[10],[12],[27],[12],[0],[24],[6],[0],[26],[0],[15],[0],[18],[19],[4],[20],[5],[6],[4],[4],[34],[20],[3],[4],[3],[33],[17],[4],[4],[32],[19],[5],[3],[4],[16],[-4],[13],[24],[11],[1],[14],[6],[5],[30],[1],[-3],[0],[18],[3],[5],[30],[2],[27],[12],[-5],[0],[24],[11],[0],[-3],[-4],[26],[5],[-10],[9],[13],[-4],[0],[-8],[-5],[-5],[-12],[23],[10],[-4],[-3],[25],[9],[-7],[-8],[15],[-3],[1],[0],[26],[4],[-11],[16],[13],[-3],[-3],[24],[10],[-5],[-3],[25],[-6],[18],[5],[0],[24],[9],[-6],[-5],[-6],[28],[1],[-5],[9],[20],[0],[0],[1],[9],[-5],[9],[-7],[35],[12],[-8],[12],[20],[10],[1],[-4],[10],[20],[2],[27],[12],[-5],[-5],[25],[8],[0],[20],[1],[0],[3],[24],[19],[5],[-3],[34],[20],[6],[6],[32],[14],[-4],[0],[18],[1],[29],[12],[-3],[-3],[2],[5],[8],[5],[2],[16],[28],[14],[1],[0],[3],[3],[1],[-3],[26],[12],[1],[17],[3],[34],[19],[1],[10],[20],[9],[8],[19],[3],[12],[20],[-6],[32],[16],[2],[2],[-6],[13],[1],[6],[10],[1],[14],[-4],[0],[25],[18],[2],[2],[29],[1],[1],[2],[32],[17],[-5],[14],[25],[1],[-4],[13],[27],[13],[0],[32],[15],[-4],[-3],[20],[0],[1],[28],[-5],[8],[24],[-4],[15],[1],[4],[0],[9],[-6],[8],[21],[-4],[11],[-5],[-5],[26],[11],[0],[-3],[23],[-7],[-5],[13],[24],[-4],[-5],[-6],[-4],[10],[21],[1],[2],[-5],[-4],[25],[2],[7],[-7],[11],[-8],[9],[-5],[1],[30],[18],[6],[0],[20],[-5],[-4],[0],[-9],[3],[-12],[10],[11],[-10],[8],[15],[6],[-9],[24],[0],[-4],[16],[1],[3],[31],[18],[-5],[1],[21],[11],[-4],[0],[20],[8],[-6],[26],[-8],[-4],[2],[4],[0],[10],[-8],[20],[18],[8],[-11],[12],[13],[-3],[-11],[-12],[24],[-8],[-6],[2],[-6],[-6],[10],[21],[-3],[1],[31],[-4],[24],[8],[-7],[2],[-3],[0],[0],[-3],[27],[11],[-6],[-5],[8],[-8],[15],[-6],[-3],[-5],[-4],[0],[-3],[22],[8],[-6],[2],[18],[-4],[-3],[1],[24],[12],[-3],[-5],[18],[2],[-12],[20],[-5],[-3],[-13],[-11],[-6],[-10],[1],[2],[-5],[16],[1],[2],[-7],[-6],[4],[4],[18],[-10],[-8],[-9],[-10],[26],[-3],[0],[-4],[-5],[-4],[11],[-13],[5],[6],[-6],[-5],[22],[3],[-11],[16],[15],[-5],[-3],[3],[25],[-3],[-3],[25],[11],[-6],[16],[14],[-7],[9],[-7],[28],[12],[1],[-5],[-5],[10],[19],[5],[-9],[6],[-5],[25],[9],[-5],[-4],[-3],[25],[-8],[-5],[-6],[4],[24],[10],[-4],[-6],[-10],[16],[11],[2],[2],[29],[13],[0],[1],[8],[3],[-8],[24],[2],[19],[1],[29],[2],[1],[1],[28],[13],[3],[3],[29],[15],[2],[3],[2],[4],[29],[6],[35],[21],[9],[5],[31],[9],[-5],[16],[22],[0],[0],[3],[17],[5],[4],[4],[15],[0],[16],[-3],[-4],[-4],[1],[5],[4],[2],[3],[19],[4],[6],[32],[2],[0],[31],[1],[2],[9],[-4],[31],[-5],[12],[2],[26],[18],[7],[-8],[16],[18],[5],[-5],[-5],[-3],[0],[9],[0],[-5],[26],[10],[-8],[16],[1],[0],[4],[6],[0],[21],[-3],[-5],[24],[-5],[18],[6],[-11],[9],[-7],[19],[-5],[0],[-4],[28],[9],[-4],[-3],[1],[27],[11],[-11],[-8],[25],[11],[-3],[8],[18],[1],[-12],[5],[-8],[-11],[-7],[27],[11],[-4],[3],[-8],[-6],[-4],[-5],[-6],[3],[-12],[5],[18],[-8],[-6],[-7],[6],[-8],[25],[10],[-3],[0],[7],[-8],[11],[21],[-6],[-7],[9],[-9],[-3],[0],[0],[-4],[13],[24],[11],[-8],[13],[22],[-3],[1],[14],[0],[32],[20],[5],[4],[-4],[14],[0],[24],[9],[1],[32],[17],[5],[5],[30],[4],[2],[4],[5],[2],[21],[7],[9],[39],[25],[11],[11],[36],[6],[4],[9],[30],[11],[11],[33],[18],[8],[37],[26],[5],[6],[24],[22],[5],[16],[27],[13],[3],[20],[20],[6],[6],[27],[12],[1],[5],[30],[14],[4],[33],[20],[4],[9],[32],[13],[1],[31],[10],[0],[4],[33],[20],[-4],[15],[0],[20],[6],[-7],[-7],[-2],[26],[10],[-6],[10],[21],[-6],[25],[9],[-6],[14],[5],[3],[21],[-10],[-10],[-4],[-6],[27],[0],[-4],[-6],[3],[1],[29],[11],[-11],[7],[-8],[2],[4],[26],[2],[2],[4],[3],[-3],[27],[9],[-13],[9],[12],[-4],[2],[-4],[-6],[22],[9],[-5],[-5],[25],[9],[-8],[20],[15],[-4],[0],[22],[-5],[-4],[26],[-7],[4],[0],[27],[11],[-4],[0],[25],[7],[-6],[-5],[27],[12],[-4],[-3],[19],[2],[-8],[25],[-4],[22],[9],[-5],[27],[0],[25],[13],[-4],[1],[-4],[23],[11],[-4],[-5],[-5],[0],[6],[-10],[24],[-3],[2],[26],[19],[0],[11],[-9],[4],[17],[4],[5],[32],[17],[2],[2],[29],[12],[-3],[-5],[25],[10],[1],[2],[29],[14],[2],[5],[34],[20],[1],[5],[0],[27],[1],[28],[17],[6],[3],[4],[4],[5],[5],[25],[6],[5],[34],[18],[4],[33],[19],[-3],[5],[4],[2],[30],[5],[1],[25],[8],[13],[24],[8],[20],[12],[4],[34],[8],[1],[1],[20],[9],[10],[7],[7],[34],[19],[0],[4],[9],[5],[3],[8],[20],[0],[11],[25],[3],[25],[2],[18],[5],[3],[8],[8],[32],[18],[1],[14],[14],[-5],[12],[1],[0],[27],[4],[2],[22],[6],[-8],[24],[17],[5],[0],[32],[18],[2],[2],[19],[4],[5],[32],[0],[2],[3],[27],[15],[2],[2],[30],[3],[6],[4],[30],[9],[0],[2],[2],[26],[8],[9],[35],[19],[2],[17],[25],[10],[-5],[16],[27],[4],[17],[4],[2],[3],[1],[0],[9],[0],[5],[5],[32],[13],[-3],[14],[23],[5],[30],[12],[-3],[24],[9],[8],[4],[5],[3],[1],[16],[27],[14],[2],[24],[21],[3],[32],[3],[18],[19],[0],[24],[20],[5],[21],[4],[4],[3],[1],[3],[34],[18],[4],[6],[23],[4],[5],[9],[29],[11],[-8],[12],[-3],[5],[8],[32],[17],[3],[4],[19],[2],[3],[3],[11],[-4],[14],[27],[10],[-7],[20],[21],[1],[1],[0],[3],[32],[17],[5],[4],[32],[1],[27],[10],[-8],[2],[2],[26],[26],[11],[0],[24],[2],[13],[-6],[-10],[18],[-6],[2],[8],[-8],[26],[14],[0],[0],[28],[19],[6],[4],[32],[17],[2],[3],[1],[5],[4],[29],[-5],[10],[22],[0],[-4],[30],[13],[4],[1],[0],[27],[12],[-5],[-9],[23],[12],[-7],[26],[-7],[-7],[22],[7],[-8],[0],[21],[4],[2],[-5],[-3],[-6],[8],[-4],[27],[12],[-3],[-4],[25],[-4],[24],[0],[-2],[2],[32],[15],[2],[2],[29],[17],[3],[3],[29],[-4],[27],[4],[5],[30],[19],[4],[3],[-3],[13],[25],[10],[-7],[27],[11],[0],[20],[6],[-19],[24],[-3],[14],[28],[6],[20],[4],[5],[23],[7],[0],[2],[1],[1],[5],[1],[29],[14],[-7],[2],[0],[0],[32],[17],[1],[2],[9],[-6],[16],[20],[-4],[10],[22],[10],[-6],[21],[19],[5],[-10],[26],[14],[2],[2],[28],[13],[2],[3],[31],[5],[5],[32],[6],[-13],[20],[17],[4],[0],[29],[17],[-7],[25],[14],[1],[-7],[21],[8],[-8],[5],[16],[3],[-9],[-4],[12],[3],[13],[0],[3],[0],[9],[-11],[5],[16],[1],[-11],[20],[4],[2],[0],[20],[3],[3],[13],[-5],[0],[24],[10],[-7],[9],[20],[4],[-8],[20],[17],[2],[1],[29],[6],[7],[0],[-4],[30],[13],[-5],[-3],[23],[-9],[16],[13],[-4],[1],[28],[16],[1],[1],[24],[13],[0],[11],[1],[26],[12],[-5],[10],[24],[9],[-7],[-5],[20],[1],[1],[29],[13],[1],[17],[0],[24],[1],[0],[13],[-7],[-6],[-3],[26],[14],[0],[5],[30],[16],[2],[6],[22],[8],[4],[26],[7],[0],[34],[18],[3],[1],[26],[2],[-12],[26],[22],[9],[9],[26],[10],[-10],[26],[20],[4],[6],[34],[5],[2],[-5],[20],[18],[3],[0],[2],[3],[25],[8],[-6],[11],[17],[0],[1],[23],[-8],[25],[6],[-7],[25],[13],[-3],[3],[19],[4],[-11],[18],[16],[3],[-8],[2],[-12],[19],[3],[-6],[-8],[-5],[6],[-8],[-7],[-9],[5],[-8],[24],[2],[-14],[18],[-6],[19],[3],[-12],[4],[16],[1],[-13],[6],[16],[-8],[-11],[5],[14],[1],[0],[-5],[-8],[1],[-4],[22],[-4],[-16],[-10],[-3],[-8],[25],[-3],[0],[24],[-6],[14],[-11],[6],[-5],[-5],[24],[-5],[-6],[8],[3],[29],[16],[-5],[9],[21],[8],[-10],[20],[17],[-4],[-11],[24],[9],[-5],[1],[3],[1],[20],[1],[4],[29],[15],[5],[34],[19],[0],[2],[29],[16],[1],[5],[2],[4],[3],[5],[24],[4],[4],[6],[6],[7],[8],[28],[13],[3],[17],[21],[7],[6],[34],[20],[5],[12],[31],[11],[10],[37],[20],[8],[17],[28],[5],[4],[28],[8],[28],[12],[1],[2],[6],[8],[10],[27],[11],[8],[35],[4],[24],[5],[16],[0],[2],[14],[-3],[13],[26],[11],[4],[33],[22],[9],[1],[27],[12],[2],[35],[20],[6],[9],[36],[21],[7],[5],[-6],[12],[19],[0],[-6],[12],[20],[6],[-7],[24],[4],[-11],[6],[14],[-5],[-5],[30],[11],[-5],[-3],[-8],[-11],[3],[-7],[24],[-6],[-8],[27],[10],[-10],[-11],[-11],[5],[13],[-8],[17],[-3],[-12],[-10],[18],[-7],[-8],[4],[-13],[-7],[-10],[18],[6],[-9],[-5],[-4],[0],[25],[12],[-13],[2],[11],[-4],[-8],[24],[6],[-9],[6],[14],[-8],[0],[-8],[-5],[-10],[-11],[-5],[4],[13],[-4],[-14],[-4],[31],[15],[-7],[18],[18],[-5],[-8],[11],[-6],[0],[9],[-4],[2],[16],[-4],[14],[-4],[29],[1],[1],[15],[21],[0],[3],[21],[4],[2],[21],[7],[-10],[32],[17],[1],[1],[29],[14],[4],[28],[12],[3],[0],[22],[0],[0],[-3],[26],[11],[1],[1],[-3],[4],[3],[27],[16],[2],[27],[0],[24],[22],[8],[8],[0],[-6],[21],[19],[-3],[5],[27],[9],[0],[19],[3],[17],[24],[-5],[-5],[-13],[-10],[-5],[-8],[29],[-5],[-6],[0],[19],[5],[-7],[32],[11],[-7],[13],[0],[24],[14],[-3],[12],[1],[5],[-4],[27],[0],[-3],[-3],[0],[-4],[-3],[13],[0],[0],[26],[13],[-4],[-3],[-5],[1],[0],[21],[4],[0],[20],[20],[1],[17],[0],[26],[12],[-6],[11],[21],[5],[-10],[-5],[9],[25],[0],[-5],[1],[11],[-4],[31],[13],[-4],[-4],[14],[-3],[5],[0],[27],[11],[-6],[-6],[21],[1],[2],[-6],[12],[-4],[14],[27],[4],[3],[34],[17],[0],[-4],[-4],[4],[23],[5],[3],[31],[17],[4],[5],[26],[3],[3],[4],[-4],[3],[25],[2],[2],[32],[3],[3],[29],[17],[3],[1],[-7],[8],[22],[4],[4],[26],[11],[-4],[14],[17],[3],[2],[2],[32],[17],[2],[3],[29],[-5],[-3],[10],[21],[0],[15],[-4],[3],[19],[3],[5],[32],[1],[3],[9],[-3],[-7],[28],[22],[2],[14],[27],[11],[-3],[-4],[13],[3],[4],[2],[35],[18],[2],[1],[1],[14],[-3],[5],[19],[3],[-2],[29],[-3],[1],[30],[13],[2],[17],[1],[0],[21],[0],[2],[-7],[13],[-5],[4],[25],[1],[-5],[-3],[2],[1],[1],[3],[2],[2],[25],[9],[-6],[12],[10],[-11],[22],[19],[3],[3],[2],[15],[-6],[17],[-4],[0],[1],[24],[3],[20],[4],[2],[30],[5],[2],[2],[1],[8],[26],[3],[33],[14],[-5],[7],[28],[13],[0],[13],[11],[-4],[13],[-5],[4],[22],[11],[-3],[13],[25],[8],[6],[30],[9],[34],[20],[3],[4],[22],[6],[4],[26],[5],[19],[29],[6],[7],[32],[8],[4],[32],[6],[14],[-3],[13],[17],[1],[2],[28],[13],[2],[5],[1],[32],[24],[9],[10],[3],[3],[2],[1],[0],[18],[5],[3],[31],[10],[-4],[30],[13],[1],[32],[21],[5],[5],[32],[15],[2],[0],[2],[9],[-7],[17],[22],[9],[0],[30],[0],[4],[5],[21],[8],[0],[1],[24],[22],[8],[0],[-3],[0],[-3],[6],[4],[28],[10],[-7],[8],[-12],[28],[11],[-4],[2],[0],[-3],[20],[22],[8],[-10],[10],[17],[3],[-11],[4],[-11],[6],[-3],[-4],[17],[2],[-9],[8],[14],[-8],[-5],[-5],[25],[-5],[-3],[0],[0],[6],[-11],[5],[-8],[-7],[-5],[2],[-8],[19],[4],[-11],[12],[9],[-7],[-7],[17],[1],[-12],[-7],[-8],[18],[-3],[-8],[1],[-14],[25],[2],[0],[28],[0],[1],[11],[-6],[0],[29],[13],[1],[0],[21],[-6],[-3],[26],[11],[-4],[13],[25],[8],[-6],[1],[26],[-7],[18],[9],[-2],[25],[9],[-5],[26],[3],[2],[28],[4],[0],[29],[15],[2],[1],[28],[15],[2],[4],[25],[13],[2],[18],[2],[6],[29],[9],[-5],[20],[19],[2],[6],[27],[12],[1],[2],[29],[12],[0],[14],[1],[16],[25],[3],[8],[30],[10],[6],[5],[8],[41],[26],[9],[4],[18],[28],[13],[1],[6],[9],[6],[0],[34],[20],[3],[5],[-3],[14],[13],[3],[21],[5],[18],[5],[2],[21],[1],[2],[2],[30],[11],[-5],[30],[15],[-3],[-3],[29],[0],[1],[20],[2],[0],[-4],[-5],[12],[-4],[-3],[-7],[-7],[21],[4],[0],[10],[-6],[10],[2],[17],[1],[0],[19],[2],[1],[26],[-12],[4],[13],[-7],[15],[-6],[19],[2],[-12],[28],[16],[-8],[9],[17],[-5],[25],[9],[-8],[0],[25],[-5],[-10],[-10],[19],[5],[-10],[4],[-10],[-5],[10],[17],[4],[6],[30],[-8],[1],[1],[3],[0],[27],[-5],[-5],[4],[1],[25],[6],[-7],[10],[21],[6],[-9],[28],[16],[-5],[12],[20],[5],[8],[-5],[8],[17],[5],[0],[26],[13],[2],[2],[30],[16],[1],[3],[5],[2],[1],[29],[12],[-6],[8],[-6],[16],[0],[0],[-6],[28],[14],[2],[1],[26],[-5],[-5],[2],[2],[33],[14],[0],[1],[26],[8],[-5],[0],[-7],[-5],[8],[0],[32],[17],[5],[5],[28],[15],[-6],[-7],[-3],[1],[3],[3],[3],[3],[28],[1],[14],[1],[8],[25],[13],[-5],[1],[0],[1],[0],[0],[-4],[23],[11],[-4],[20],[19],[-7],[11],[21],[6],[-7],[-5],[1],[26],[11],[-5],[26],[6],[-7],[0],[24],[17],[1],[-3],[4],[3],[3],[13],[-7],[16],[1],[1],[-3],[11],[19],[5],[-7],[22],[4],[-10],[11],[-8],[0],[20],[9],[-6],[-7],[-7],[9],[16],[-3],[-6],[-8],[-6],[-7],[12],[12],[-3],[1],[19],[-11],[19],[0],[1],[26],[10],[-7],[0],[18],[5],[-10],[8],[13],[-5],[-8],[-6],[-6],[6],[-11],[18],[14],[-5],[-3],[25],[12],[-4],[13],[22],[11],[-3],[14],[25],[8],[-12],[21],[19],[1],[13],[1],[-4],[15],[21],[9],[-8],[9],[-7],[29],[0],[1],[0],[31],[13],[1],[2],[31],[15],[-4],[0],[20],[3],[13],[30],[9],[4],[26],[11],[-5],[1],[5],[-8],[9],[-9],[12],[19],[5],[-11],[20],[11],[-4],[1],[17],[2],[3],[30],[17],[0],[30],[17],[-7],[13],[4],[3],[2],[25],[12],[1],[18],[13],[1],[-3],[27],[11],[0],[1],[6],[3],[32],[4],[3],[24],[-3],[0],[25],[9],[-6],[2],[3],[33],[18],[0],[0],[24],[1],[12],[-3],[-5],[-4],[26],[12],[0],[34],[3],[3],[4],[27],[7],[0],[32],[8],[5],[30],[16],[1],[2],[28],[7],[0],[11],[-4],[25],[10],[-6],[9],[19],[6],[-11],[10],[18],[0],[4],[21],[3],[3],[28],[15],[0],[24],[16],[2],[2],[27],[13],[0],[27],[-5],[1],[11],[-7],[12],[19],[1],[0],[20],[5],[2],[26],[-4],[0],[4],[-11],[20],[11],[-6],[26],[-3],[-5],[4],[13],[-3],[12],[21],[2],[20],[4],[4],[5],[6],[15],[1],[34],[3],[4],[28],[13],[3],[36],[22],[1],[34],[8],[2],[16],[0],[26],[19],[3],[3],[16],[3],[1],[13],[12],[-5],[14],[23],[3],[1],[30],[18],[1],[24],[25],[7],[0],[27],[18],[5],[8],[34],[17],[4],[2],[25],[12],[-3],[13],[21],[0],[19],[-4],[13],[21],[2],[2],[27],[11],[-12],[18],[5],[-11],[27],[13],[-4],[0],[-4],[0],[3],[10],[-7],[9],[-5],[12],[19],[-4],[12],[-4],[10],[24],[5],[8],[26],[0],[0],[2],[19],[3],[1],[23],[-5],[13],[19],[2],[2],[0],[1],[20],[-4],[1],[26],[9],[-5],[15],[0],[1],[29],[14],[-7],[12],[14],[1],[14],[-7],[8],[-4],[-6],[7],[-11],[31],[7],[0],[24],[-6],[-4],[4],[1],[21],[-4],[0],[29],[8],[-11],[16],[13],[-5],[-3],[25],[10],[-6],[9],[18],[6],[-11],[10],[-4],[13],[-9],[32],[13],[-4],[-4],[22],[-3],[29],[10],[-6],[0],[21],[1],[19],[3],[3],[27],[0],[27],[12],[-2],[5],[31],[6],[-8],[-4],[0],[3],[28],[2],[-4],[19],[-3],[21],[8],[8],[24],[9],[9],[34],[5],[5],[29],[11],[-4],[-7],[12],[20],[7],[6],[32],[7],[6],[32],[16],[3],[4],[19],[3],[12],[8],[34],[18],[3],[4],[23],[11],[8],[34],[19],[3],[3],[20],[3],[4],[28],[0],[28],[0],[0],[1],[32],[7],[6],[0],[7],[4],[2],[24],[1],[11],[-5],[24],[5],[-10],[13],[16],[3],[-10],[24],[13],[-5],[-6],[-4],[-4],[-4],[-6],[20],[9],[1],[-5],[7],[-5],[-6],[12],[-10],[-4],[-5],[-8],[28],[-4],[-5],[-5],[-3],[19],[-7],[1],[-13],[13],[1],[3],[26],[10],[-10],[-7],[12],[-5],[-4],[1],[3],[6],[31],[16],[-3],[-4],[24],[11],[0],[24],[13],[-3],[-4],[-4],[6],[-3],[29],[5],[3],[27],[0],[1],[4],[4],[0],[32],[18],[1],[13],[22],[-6],[10],[-6],[0],[25],[10],[2],[14],[1],[26],[15],[0],[12],[-5],[24],[20],[5],[1],[32],[3],[5],[4],[27],[11],[11],[35],[15],[0],[33],[15],[0],[26],[12],[1],[25],[24],[11],[14],[8],[8],[8],[6],[9],[5],[19],[5],[36],[4],[4],[37],[7],[31],[6],[4],[3],[24],[28],[7],[17],[2],[20],[27],[11],[2],[36],[8],[12],[9],[33],[19],[3],[33],[19],[5],[5],[-5],[16],[24],[8],[4],[34],[11],[2],[3],[-4],[1],[6],[-8],[28],[18],[5],[6],[25],[2],[1],[27],[3],[6],[5],[30],[14],[-8],[30],[0],[-5],[1],[24],[11],[-3],[13],[24],[1],[4],[28],[-5],[1],[-6],[24],[15],[-7],[12],[13],[-11],[8],[17],[3],[-10],[-4],[-8],[14],[-5],[-6],[25],[-3],[23],[0],[24],[7],[-7],[-8],[-4],[-5],[28],[14],[-3],[-5],[25],[-3],[28],[15],[-5],[8],[-8],[20],[10],[-9],[-4],[7],[-10],[2],[24],[-5],[18],[2],[2],[34],[20],[5],[-4],[26],[-8],[18],[17],[3],[0],[31],[3],[34],[19],[3],[6],[45],[24],[60],[53],[28],[9],[18],[-13],[-26],[-22],[-15],[-14],[-13],[26],[32],[24],[46],[54],[20],[5],[-12],[-14],[22],[13],[6],[12],[37],[21],[4],[13],[9],[-17],[-23],[11],[4],[8],[19],[44],[33],[61],[38],[17],[3],[16],[-8],[-26],[-14],[6],[3],[5],[29],[31],[13],[24],[2],[-6],[6],[-14],[16],[11],[-4],[16],[8],[26],[9],[5],[3],[5],[0],[-3],[3],[5],[34],[20],[12],[16],[30],[1],[11],[16],[-9],[-12],[11],[-8],[22],[2],[16],[3],[32],[16],[20],[34],[44],[23],[1],[2],[-21],[-8],[6],[-8],[-18],[26],[12],[2],[21],[1],[30],[14],[-8],[0],[-12],[14],[4],[-5],[16],[21],[5],[-14],[16],[-16],[16],[-14],[-12],[-16],[16],[-8],[12],[1],[10],[26],[10],[-16],[6],[-20],[-35],[-10],[19],[20],[21],[16],[38],[12],[-19],[-27],[-20],[3],[-12],[-13],[15],[6],[-7],[10],[16],[29],[5],[-8],[-37],[-11],[-50],[-34],[-50],[-26],[-35],[1],[-34],[-22],[-18],[-42],[2],[72],[111],[144],[150],[75],[26],[-18],[-37],[-27],[-39],[-30],[-40],[-68],[-38],[-12],[42],[73],[61],[66],[40],[45],[32],[41],[61],[38],[25],[64],[58],[29],[7],[5],[-32],[-47],[-38],[14],[29],[35],[49],[80],[56],[63],[35],[46],[9],[-27],[-11],[-27],[-34],[-12],[6],[1],[-13],[35],[25],[5],[-13],[4],[-25],[-43],[-41],[-14],[-26],[-45],[-54],[-38],[-56],[-76],[-80],[-85],[-110],[-125],[-125],[-161],[-209],[-261],[-223],[-40],[264],[511],[509],[384],[203],[3],[-174],[-238],[-172],[-106],[-124],[-232],[-210],[-61],[46],[81],[102],[100],[67],[40],[38],[108],[166],[161],[74],[118],[252],[232],[123],[-54],[-187],[-294],[-394],[-381],[-209],[-38],[60],[155],[252],[330],[358],[272],[184],[96],[-13],[-97],[-131],[-76],[-64],[-120],[-143],[-87],[-30],[-23],[-28],[22],[-4],[-13],[18],[103],[156],[208],[166],[107],[63],[3],[-85],[-138],[-211],[-239],[-215],[-157],[-75],[15],[100],[165],[162],[162],[185],[142],[79],[48],[37],[26],[35],[-7],[-38],[-53],[-45],[-75],[-43],[-23],[16],[1],[13],[64],[125],[160],[194],[149],[106],[36],[-20],[-29],[-46],[-75],[-90],[-84],[-51],[-5],[4],[30],[75],[45],[13],[46],[52],[43],[41],[21],[-6],[-15],[-11],[-24],[-50],[-50],[-111],[-153],[-162],[-124],[-115],[-119],[-144],[-132],[-151],[-138],[-34],[150],[330],[477],[403],[241],[73],[-79],[-200],[-248],[-205],[-135],[-142],[-138],[-80],[32],[98],[95],[100],[117],[112],[101],[128],[124],[171],[105],[28],[41],[53],[69],[-7],[-98],[-158],[-200],[-260],[-235],[-87],[20],[90],[157],[223],[284],[236],[160],[84],[5],[-71],[-129],[-158],[-138],[-112],[-98],[-107],[-59],[-3],[26],[60],[47],[54],[89],[80],[68],[76],[97],[58],[19],[0],[-32],[-109],[-150],[-130],[-83],[-23],[-12],[23],[99],[121],[109],[109],[144],[110],[42],[0],[-7],[-29],[-25],[3],[14],[40],[43],[16],[41],[11],[17],[8],[-23],[-23],[27],[30],[48],[67],[37],[32],[-13],[-43],[-42],[-35],[-90],[-119],[-141],[-127],[-146],[-133],[-125],[-133],[-185],[-214],[-171],[-21],[277],[499],[537],[393],[166],[-40],[-224],[-325],[-256],[-163],[-124],[-158],[-150],[0],[125],[103],[35],[39],[11],[-29],[37],[165],[297],[306],[144],[97],[104],[78],[-20],[-140],[-166],[-189],[-225],[-223],[-94],[45],[122],[142],[228],[329],[282],[224],[141],[71],[-8],[-95],[-132],[-71],[-12],[-41],[-66],[-15],[-20],[-56],[-64],[-13],[-8],[-5],[9],[93],[137],[141],[135],[108],[44],[-44],[-104],[-151],[-183],[-186],[-132],[-122],[-56],[62],[156],[268],[260],[256],[218],[109],[-5],[-80],[-109],[-109],[-87],[-80],[-19],[-38],[-38],[-23],[13],[36],[4],[6],[-31],[34],[51],[80],[56],[28],[36],[-10],[-55],[-67],[-50],[-98],[-128],[-108],[-140],[-133],[-160],[-150],[-80],[-74],[-91],[-110],[-124],[-193],[-178],[61],[331],[510],[510],[331],[106],[-88],[-276],[-347],[-244],[-93],[-76],[-90],[-29],[75],[115],[56],[-44],[-4],[-20],[33],[93],[205],[288],[196],[52],[60],[78],[31],[-90],[-131],[-143],[-127],[-159],[-114],[6],[60],[86],[101],[185],[260],[264],[187],[123],[96],[-25],[-108],[-83],[-24],[-16],[-82],[-92],[-16],[40],[26],[4],[16],[-42],[-108],[-82],[38],[83],[72],[61],[78],[57],[30],[11],[-64],[-107],[-83],[-62],[17],[129],[171],[170],[153],[116],[30],[12],[8],[-11],[-15],[25],[-20],[-62],[-55],[-35],[12],[4],[-5],[-29],[7],[-32],[-64],[-61],[-20],[35],[68],[76],[83],[92],[16],[-47],[4],[16],[-66],[-140],[-146],[-161],[-164],[-180],[-203],[-215],[-302],[-369],[-259],[164],[551],[748],[662],[404],[159],[-144],[-343],[-364],[-236],[-176],[-205],[-259],[-130],[105],[152],[74],[13],[-28],[-76],[-71],[66],[300],[336],[197],[99],[161],[167],[76],[-134],[-257],[-263],[-290],[-247],[-128],[84],[141],[81],[82],[224],[306],[310],[261],[179],[66],[-40],[-138],[-93],[-69],[-124],[-152],[-76],[6],[80],[75],[37],[10],[-19],[-54],[-34],[49],[129],[96],[52],[60],[40],[6],[-13],[-85],[-145],[-153],[-105],[-24],[91],[214],[214],[158],[102],[73],[46],[19],[36],[3],[-38],[-23],[-7],[19],[67],[10],[-15],[-44],[6],[6],[-34],[-73],[-72],[-24],[-39],[-21],[43],[58],[74],[6],[-26],[8],[-7],[-99],[-152],[-146],[-186],[-225],[-270],[-271],[-355],[-392],[-72],[400],[702],[711],[507],[214],[-34],[-360],[-469],[-255],[-77],[-79],[-186],[-156],[27],[117],[-3],[-69],[-34],[-57],[-107],[9],[334],[556],[465],[261],[163],[119],[-40],[-228],[-312],[-282],[-324],[-348],[-259],[-36],[163],[187],[215],[352],[423],[328],[240],[185],[108],[-61],[-165],[-177],[-74],[-107],[-190],[-156],[-60],[-3],[29],[54],[78],[91],[65],[105],[169],[236],[188],[86],[5],[-77],[-107],[-178],[-205],[-165],[-133],[-90],[-10],[68],[161],[237],[269],[204],[131],[60],[16],[-36],[-69],[-76],[-95],[-91],[0],[59],[73],[73],[34],[32],[8],[-15],[-42],[-58],[-45],[-27],[-23],[-23],[-40],[0],[-50],[-54],[-24],[-40],[-55],[-87],[-120],[-125],[-116],[-204],[-281],[-332],[-357],[-110],[255],[604],[662],[443],[162],[-10],[-266],[-398],[-263],[-81],[-9],[-107],[-125],[43],[141],[31],[-147],[-151],[-157],[-157],[-71],[258],[529],[523],[401],[325],[310],[179],[-154],[-391],[-431],[-443],[-454],[-370],[-144],[74],[122],[121],[292],[452],[418],[328],[255],[145],[-12],[-152],[-161],[-79],[-73],[-154],[-182],[-79],[28],[10],[0],[31],[65],[35],[96],[188],[287],[275],[196],[123],[49],[-42],[-120],[-207],[-240],[-188],[-84],[-23],[87],[146],[177],[153],[129],[84],[75],[83],[51],[18],[36],[-10],[-90],[-116],[-34],[9],[-14],[-43],[-24],[-21],[-15],[-62],[-103],[-49],[9],[-6],[13],[54],[35],[-40],[-140],[-144],[-116],[-142],[-202],[-187],[-112],[-135],[-194],[-276],[-222],[14],[300],[600],[683],[511],[150],[-159],[-420],[-460],[-321],[-202],[-104],[-28],[17],[83],[105],[2],[-89],[-118],[-167],[-125],[6],[199],[381],[434],[412],[348],[270],[138],[-67],[-237],[-315],[-328],[-365],[-317],[-196],[-66],[10],[45],[180],[371],[403],[355],[304],[256],[144],[-51],[-158],[-139],[-140],[-199],[-199],[-128],[-63],[-74],[-77],[-19],[79],[77],[104],[220],[323],[274],[180],[130],[33],[-77],[-208],[-264],[-207],[-168],[-140],[-54],[97],[161],[145],[134],[197],[214],[162],[59],[43],[62],[35],[-8],[-49],[-19],[-83],[-132],[-129],[-64],[-49],[-87],[-78],[9],[65],[72],[109],[121],[82],[-3],[-53],[-121],[-146],[-160],[-183],[-207],[-214],[-238],[-250],[-245],[-203],[-74],[198],[464],[648],[581],[378],[177],[-95],[-361],[-443],[-298],[-187],[-160],[-240],[-167],[6],[78],[-36],[-98],[-86],[-147],[-160],[-6],[266],[415],[372],[241],[242],[310],[202],[24],[-87],[-224],[-347],[-453],[-336],[-114],[39],[77],[94],[149],[193],[214],[243],[330],[307],[206],[30],[-46],[-32],[-88],[-174],[-200],[-142],[-102],[-94],[-42],[-27],[10],[-14],[22],[160],[246],[251],[201],[133],[89],[33],[-54],[-127],[-147],[-119],[-108],[-67],[10],[115],[146],[88],[60],[107],[115],[122],[100],[108],[101],[25],[-29],[37],[27],[-17],[-46],[-59],[-45],[-43],[-107],[-109],[-47],[-53],[17],[106],[131],[133],[8],[-127],[-192],[-216],[-298],[-317],[-263],[-246],[-274],[-274],[-77],[316],[589],[663],[574],[354],[131],[-164],[-330],[-290],[-212],[-184],[-200],[-143],[-7],[81],[-33],[-146],[-196],[-187],[-122],[-91],[15],[202],[266],[251],[268],[296],[269],[131],[-61],[-140],[-166],[-206],[-277],[-246],[-146],[-62],[3],[150],[307],[344],[319],[198],[109],[92],[83],[69],[50],[27],[-56],[-159],[-168],[-74],[-3],[20],[17],[45],[47],[16],[-21],[29],[111],[194],[168],[120],[107],[82],[-43],[-116],[-102],[-107],[-80],[-27],[61],[189],[259],[190],[126],[104],[65],[-14],[-86],[-55],[-10],[11],[8],[28],[34],[22],[14],[44],[95],[77],[-12],[-99],[-108],[-52],[-40],[-66],[-46],[-26],[-20],[-108],[-134],[-97],[-95],[-166],[-225],[-260],[-250],[-230],[-94],[187],[492],[550],[441],[288],[101],[-139],[-356],[-417],[-330],[-187],[-82],[6],[133],[214],[153],[-43],[-173],[-189],[-180],[-160],[-42],[152],[201],[137],[114],[142],[121],[8],[-92],[-141],[-132],[-184],[-194],[-150],[-116],[-67],[-50],[57],[237],[306],[282],[238],[193],[97],[-10],[-103],[-135],[-75],[-53],[-40],[-24],[-35],[-55],[-78],[-43],[9],[50],[67],[104],[88],[82],[52],[14],[35],[94],[59],[-6],[-6],[-18],[-13],[-32],[-18],[-6],[22],[45],[96],[146],[203],[204],[128],[109],[57],[-15],[-79],[-99],[-107],[-74],[0],[35],[55],[96],[53],[-3],[10],[46],[22],[-29],[4],[-8],[-29],[-107],[-186],[-176],[-184],[-245],[-250],[-224],[-173],[-123],[-46],[174],[456],[580],[503],[368],[200],[-38],[-270],[-358],[-322],[-248],[-204],[-189],[-97],[64],[141],[70],[32],[4],[-43],[-93],[-43],[116],[218],[129],[59],[120],[163],[49],[-133],[-196],[-203],[-250],[-268],[-164],[2],[24],[-20],[9],[120],[207],[198],[228],[242],[206],[112],[48],[0],[-11],[-124],[-226],[-222],[-109],[10],[73],[59],[60],[21],[-60],[-40],[29],[110],[139],[151],[122],[92],[13],[-85],[-141],[-50],[-18],[-29],[-29],[10],[61],[93],[77],[132],[156],[115],[82],[101],[68],[58],[45],[12],[11],[0],[-59],[-47],[-20],[36],[38],[-27],[-67],[-54],[-45],[-55],[20],[51],[60],[29],[-76],[-112],[-150],[-195],[-222],[-212],[-225],[-245],[-181],[89],[378],[543],[546],[387],[217],[-19],[-216],[-301],[-259],[-193],[-156],[-100],[-55],[-3],[33],[6],[-46],[-29],[8],[56],[76],[123],[146],[83],[10],[6],[107],[90],[-30],[-126],[-243],[-298],[-303],[-242],[-119],[-24],[-16],[35],[134],[262],[258],[195],[170],[200],[142],[70],[59],[27],[-59],[-178],[-274],[-239],[-144],[-57],[10],[62],[96],[91],[65],[72],[156],[100],[9],[-21],[21],[31],[14],[-40],[-83],[-61],[-40],[52],[99],[76],[54],[59],[34],[66],[160],[191],[211],[144],[42],[-8],[-17],[-18],[-22],[-11],[-32],[-49],[-31],[22],[57],[17],[-42],[-58],[-15],[-5],[-3],[3],[-3],[-106],[-204],[-192],[-142],[-111],[-145],[-180],[-228],[-168],[60],[350],[610],[652],[459],[138],[-115],[-290],[-344],[-269],[-176],[-147],[-148],[-92],[18],[81],[66],[-59],[-104],[-94],[-20],[155],[269],[331],[255],[90],[-4],[-30],[-63],[-141],[-194],[-255],[-248],[-219],[-228],[-104],[-20],[-30],[-24],[81],[211],[300],[314],[231],[137],[34],[-16],[-37],[5],[21],[-81],[-178],[-168],[-79],[-51],[-22],[21],[1],[-24],[-10],[91],[200],[196],[155],[49],[-30],[-53],[-35],[-74],[-51],[-62],[-53],[-16],[38],[41],[57],[58],[61],[73],[140],[224],[225],[179],[168],[101],[11],[-30],[-54],[-66],[-46],[-47],[-15],[17],[26],[-12],[-60],[-50],[11],[44],[4],[-30],[-24],[-67],[-168],[-219],[-179],[-183],[-234],[-215],[-130],[47],[283],[542],[658],[560],[344],[19],[-237],[-330],[-288],[-252],[-171],[-112],[-62],[36],[77],[96],[-24],[-187],[-238],[-144],[64],[233],[332],[354],[297],[138],[15],[-17],[-36],[-137],[-239],[-285],[-272],[-247],[-214],[-135],[-9],[60],[47],[70],[210],[253],[240],[182],[68],[11],[-43],[-81],[-79],[-38],[-102],[-142],[-158],[-85],[-3],[21],[37],[87],[94],[85],[84],[72],[109],[140],[75],[-16],[-58],[-67],[-121],[-158],[-122],[-19],[0],[1],[85],[133],[114],[87],[46],[59],[82],[80],[58],[105],[141],[85],[37],[40],[88],[43],[23],[-9],[-27],[-79],[-124],[-82],[-38],[11],[12],[1],[-11],[-66],[-134],[-123],[-124],[-133],[-161],[-177],[-192],[-88],[102],[371],[567],[624],[497],[257],[10],[-207],[-319],[-305],[-251],[-216],[-147],[-65],[60],[148],[117],[12],[-77],[-112],[-70],[9],[145],[248],[217],[188],[184],[185],[69],[-88],[-156],[-183],[-256],[-295],[-239],[-197],[-115],[-83],[38],[172],[256],[320],[313],[270],[178],[20],[-107],[-159],[-126],[-109],[-119],[-131],[-114],[-134],[-123],[-65],[43],[129],[99],[89],[147],[155],[125],[122],[104],[51],[-31],[-69],[-86],[-44],[-34],[-83],[-117],[-98],[-100],[-69],[4],[90],[68],[77],[114],[147],[191],[156],[66],[4],[38],[32],[36],[64],[100],[46],[-20],[-59],[-95],[-101],[-83],[-42],[-55],[-11],[-27],[-56],[-42],[-73],[-99],[-110],[-162],[-191],[-177],[-127],[-44],[160],[481],[638],[615],[439],[229],[-47],[-272],[-336],[-300],[-198],[-188],[-178],[-111],[69],[160],[96],[-8],[-22],[-29],[-25],[59],[219],[289],[230],[95],[27],[19],[-15],[-108],[-140],[-120],[-173],[-234],[-221],[-143],[-102],[-103],[-54],[58],[202],[312],[326],[322],[258],[83],[-106],[-159],[-114],[-131],[-172],[-162],[-131],[-157],[-172],[-143],[-74],[4],[76],[104],[150],[180],[170],[144],[119],[104],[37],[-47],[-35],[-19],[-28],[-53],[-88],[-82],[-114],[-124],[-74],[34],[52],[29],[40],[108],[126],[133],[96],[84],[80],[81],[48],[63],[115],[157],[75],[-57],[-110],[-93],[-64],[-46],[-47],[-49],[-107],[-173],[-171],[-137],[-106],[-124],[-136],[-78],[-21],[-43],[-31],[93],[357],[581],[593],[488],[337],[74],[-207],[-355],[-326],[-259],[-224],[-256],[-177],[16],[97],[73],[43],[54],[54],[17],[49],[213],[356],[304],[192],[82],[33],[-34],[-159],[-221],[-222],[-259],[-315],[-270],[-140],[-67],[-79],[-54],[66],[230],[292],[331],[358],[320],[182],[-35],[-135],[-98],[-119],[-181],[-212],[-184],[-220],[-235],[-152],[-48],[73],[77],[58],[82],[167],[128],[124],[142],[125],[61],[20],[-27],[-36],[-38],[-37],[-61],[-66],[-67],[-62],[-50],[24],[54],[38],[58],[52],[60],[35],[12],[21],[57],[56],[54],[66],[115],[112],[67],[24],[25],[23],[16],[-12],[-43],[-99],[-115],[-145],[-142],[-154],[-161],[-175],[-160],[-84],[37],[26],[-4],[-51],[-24],[142],[311],[493],[574],[511],[256],[-11],[-176],[-319],[-388],[-344],[-251],[-173],[-59],[36],[138],[177],[122],[18],[9],[21],[50],[140],[186],[197],[202],[141],[107],[99],[-24],[-195],[-303],[-310],[-248],[-232],[-210],[-114],[-40],[37],[169],[281],[380],[326],[242],[179],[104],[26],[-54],[-116],[-133],[-220],[-298],[-262],[-116],[-42],[13],[-20],[-29],[-24],[11],[49],[113],[186],[168],[113],[121],[166],[105],[-15],[-75],[-126],[-120],[-142],[-133],[-69],[6],[-13],[-3],[80],[171],[147],[78],[22],[9],[16],[-11],[49],[105],[75],[14],[26],[19],[66],[12],[-63],[-70],[-108],[-131],[-72],[-3],[8],[-40],[-124],[-147],[-97],[-23],[-28],[-52],[-66],[-63],[-18],[-4],[34],[58],[48],[106],[281],[437],[391],[264],[32],[-213],[-368],[-347],[-241],[-91],[-28],[20],[37],[100],[122],[99],[20],[-44],[-68],[-85],[11],[192],[315],[255],[142],[41],[-20],[-67],[-152],[-195],[-213],[-293],[-308],[-206],[-21],[164],[200],[238],[223],[225],[251],[233],[192],[83],[-114],[-248],[-264],[-231],[-156],[-109],[-94],[-62],[8],[30],[46],[80],[9],[-23],[35],[101],[187],[200],[159],[108],[-4],[-60],[-107],[-139],[-147],[-131],[-118],[-81],[-8],[85],[115],[137],[156],[106],[76],[90],[93],[79],[43],[-5],[-23],[-18],[8],[58],[38],[-21],[-79],[-122],[-136],[-88],[-87],[-32],[4],[60],[49],[33],[37],[63],[21],[-4],[-33],[-21],[3],[6],[4],[-20],[-78],[-163],[-226],[-176],[-28],[228],[413],[480],[313],[86],[-69],[-189],[-248],[-202],[-104],[-37],[-24],[18],[108],[185],[84],[-69],[-135],[-105],[-93],[-54],[88],[228],[237],[170],[143],[110],[40],[-102],[-214],[-218],[-144],[-141],[-113],[-17],[98],[92],[117],[149],[192],[164],[61],[-4],[11],[-35],[-112],[-149],[-142],[-129],[-99],[-62],[28],[98],[45],[-21],[-3],[13],[37],[98],[110],[150],[90],[36],[37],[-10],[-72],[-141],[-226],[-215],[-133],[-16],[65],[115],[178],[144],[150],[132],[145],[144],[83],[35],[38],[17],[-12],[-22],[-61],[-97],[-117],[-120],[-106],[-36],[-24],[-26],[-4],[17],[94],[107],[90],[98],[102],[57],[13],[5],[44],[65],[-8],[-55],[-90],[-115],[-128],[-134],[-133],[-117],[-120],[-170],[-149],[-4],[173],[324],[394],[362],[260],[57],[-147],[-200],[-178],[-122],[-55],[-26],[-33],[-16],[-18],[-17],[-54],[-92],[-100],[-117],[-41],[120],[210],[267],[273],[241],[173],[73],[-38],[-134],[-186],[-208],[-177],[-170],[-155],[-103],[-69],[34],[102],[157],[211],[194],[146],[100],[57],[-18],[-59],[-82],[-53],[-55],[-56],[-36],[-10],[36],[25],[5],[-8],[-21],[11],[70],[66],[28],[6],[-6],[-32],[-7],[-19],[-37],[-61],[-62],[-20],[49],[66],[96],[122],[109],[90],[89],[51],[64],[2],[-75],[-116],[-99],[-100],[-88],[-60],[-31],[-7],[32],[83],[72],[36],[16],[5],[-11],[40],[87],[95],[98],[92],[41],[40],[-17],[-87],[-96],[-92],[-110],[-118],[-75],[-98],[-122],[-108],[-115],[-118],[-126],[-128],[-95],[59],[290],[463],[454],[356],[221],[-47],[-288],[-369],[-304],[-205],[-147],[-108],[-65],[-42],[-40],[7],[27],[94],[158],[145],[201],[264],[233],[153],[91],[14],[-51],[-139],[-198],[-227],[-231],[-200],[-163],[-61],[92],[177],[163],[165],[216],[199],[164],[141],[140],[78],[0],[-14],[-51],[-90],[-126],[-120],[-95],[-44],[11],[37],[48],[15],[-12],[-12],[27],[100],[105],[93],[85],[84],[43],[10],[8],[-11],[-60],[-88],[-51],[-29],[9],[68],[43],[16],[24],[52],[50],[55],[89],[89],[50],[27],[18],[-5],[-5],[-34],[4],[35],[46],[61],[43],[38],[50],[16],[2],[44],[39],[13],[-11],[12],[7],[-3],[9],[57],[15],[-27],[-102],[-95],[-94],[-70],[-71],[-41],[-67],[-84],[-142],[-176],[-171],[-105],[41],[261],[357],[316],[147],[-29],[-173],[-259],[-213],[-79],[7],[26],[44],[48],[80],[29],[-63],[-99],[-133],[-139],[-80],[42],[155],[193],[147],[91],[92],[110],[73],[13],[2],[-19],[-80],[-91],[-66],[-26],[-19],[-4],[33],[79],[102],[74],[45],[62],[67],[28],[10],[56],[36],[30],[-26],[-27],[33],[22],[-34],[-38],[-41],[-49],[-28],[41],[67],[98],[66],[18],[13],[30],[13],[-70],[-139],[-103],[-80],[-59],[-3],[102],[142],[116],[76],[97],[113],[99],[82],[80],[123],[88],[11],[0],[15],[-5],[-28],[-108],[-102],[-55],[-35],[-38],[27],[75],[84],[113],[138],[154],[140],[115],[38],[31],[-19],[-52],[-61],[-64],[-81],[-83],[-119],[-113],[-92],[-90],[-139],[-143],[-78],[-40],[-41],[-30],[-42],[-60],[-140],[-102],[70],[222],[255],[208],[107],[-6],[-119],[-182],[-164],[-72],[-50],[-59],[19],[85],[120],[65],[0],[-65],[-84],[-64],[6],[93],[161],[188],[139],[170],[193],[157],[62],[-23],[-108],[-153],[-170],[-197],[-161],[-64],[-47],[29],[95],[179],[241],[193],[180],[171],[198],[144],[68],[21],[-38],[-117],[-173],[-144],[-151],[-148],[-160],[-134],[-98],[-27],[80],[143],[130],[101],[99],[81],[82],[83],[93],[28],[-60],[-91],[-126],[-106],[-103],[-85],[-29],[4],[52],[124],[177],[196],[138],[48],[4],[10],[-10],[-11],[4],[-40],[-54],[-24],[-27],[-40],[-58],[-53],[-51],[38],[156],[194],[204],[196],[168],[58],[-42],[-48],[-85],[-126],[-130],[-71],[-62],[-61],[-60],[-91],[-96],[-107],[-149],[-115],[-12],[24],[2],[-39],[-94],[-109],[-144],[-143],[-86],[-46],[-107],[-122],[3],[203],[386],[444],[296],[117],[-69],[-197],[-254],[-176],[-85],[-56],[-141],[-123],[0],[69],[83],[66],[-14],[-71],[-78],[22],[172],[234],[236],[148],[155],[173],[157],[118],[17],[-111],[-196],[-248],[-213],[-116],[-37],[-16],[48],[133],[174],[251],[233],[153],[65],[-3],[-23],[13],[-10],[-22],[-60],[-76],[-67],[-70],[-39],[-10],[-38],[-93],[-44],[49],[74],[57],[59],[88],[108],[113],[118],[126],[25],[-112],[-158],[-147],[-102],[-87],[-53],[-25],[-30],[-39],[9],[71],[152],[106],[84],[98],[95],[58],[29],[21],[19],[-20],[-37],[-20],[38],[69],[-26],[-110],[-112],[-54],[-70],[-63],[43],[71],[31],[7],[57],[49],[-16],[-82],[-85],[-23],[18],[11],[18],[48],[6],[-12],[-6],[31],[68],[84],[33],[35],[51],[-21],[-106],[-160],[-176],[-226],[-228],[-182],[-117],[-107],[-56],[73],[274],[370],[371],[239],[94],[-53],[-156],[-130],[-15],[29],[-17],[-66],[-87],[-123],[-131],[-72],[-61],[1],[22],[97],[261],[307],[277],[250],[210],[158],[131],[107],[36],[-47],[-130],[-218],[-250],[-203],[-160],[-69],[70],[136],[176],[225],[291],[259],[165],[81],[16],[-83],[-134],[-135],[-85],[-24],[-50],[-65],[-24],[-39],[-57],[-103],[-56],[27],[64],[93],[165],[171],[132],[74],[39],[-11],[-67],[-107],[-108],[-88],[-74],[-55],[-60],[-21],[34],[12],[-19],[14],[40],[40],[20],[21],[-22],[-54],[-70],[-107],[-37],[14],[43],[64],[56],[58],[57],[34],[59],[126],[112],[96],[52],[72],[56],[-14],[-68],[-69],[-69],[-79],[-43],[25],[77],[15],[-69],[-52],[-13],[35],[87],[123],[123],[91],[2],[-42],[-35],[-42],[-104],[-138],[-167],[-177],[-183],[-154],[-139],[-123],[-116],[-107],[-97],[-59],[41],[107],[232],[336],[348],[236],[110],[-61],[-165],[-218],[-223],[-120],[-59],[-26],[7],[65],[83],[107],[144],[156],[123],[86],[106],[106],[116],[128],[141],[73],[6],[-11],[-32],[-47],[-44],[-46],[-115],[-173],[-152],[-105],[-14],[88],[173],[184],[165],[188],[161],[100],[70],[-11],[-91],[-112],[-82],[-34],[-13],[-21],[-85],[-110],[-87],[-78],[-38],[20],[82],[73],[74],[95],[53],[25],[17],[-28],[-101],[-123],[-140],[-102],[-24],[9],[1],[16],[84],[99],[95],[106],[54],[38],[12],[77],[108],[96],[41],[-50],[-69],[-66],[-55],[-60],[-21],[-14],[5],[53],[124],[171],[160],[88],[16],[-32],[-28],[12],[29],[51],[50],[18],[-39],[-35],[-12],[-40],[-71],[-62],[-64],[-10],[4],[59],[115],[91],[56],[63],[40],[15],[0],[-47],[-64],[-53],[-101],[-123],[-96],[-108],[-114],[-67],[-28],[27],[-19],[-86],[-114],[-106],[-52],[100],[256],[317],[332],[218],[92],[25],[-96],[-128],[-133],[-148],[-126],[-71],[64],[124],[105],[48],[5],[-54],[-49],[-3],[86],[123],[100],[81],[18],[-5],[33],[48],[17],[-21],[-43],[-92],[-107],[-100],[-63],[-40],[-18],[-8],[43],[88],[130],[116],[84],[-4],[-68],[-73],[-79],[-59],[-27],[-26],[-20],[-5],[9],[9],[10],[-6],[-11],[-11],[21],[11],[4],[25],[0],[-23],[-12],[7],[22],[-28],[-50],[-58],[-72],[-92],[-39],[-4],[25],[34],[60],[113],[88],[68],[15],[-24],[-7],[-25],[24],[31],[21],[0],[-77],[-113],[-59],[-20],[19],[17],[59],[79],[105],[146],[185],[150],[72],[-13],[-32],[-39],[-56],[-77],[-59],[-40],[-30],[11],[50],[101],[52],[13],[-24],[44],[88],[89],[64],[47],[-27],[-81],[-77],[-84],[-59],[-63],[-72],[-102],[-83],[-42],[12],[-7],[-15],[-43],[-100],[-111],[-34],[-12],[17],[-6],[22],[70],[90],[82],[101],[32],[1],[-50],[-50],[0],[32],[22],[-11],[-35],[-31],[-8],[17],[36],[60],[25],[-10],[36],[76],[146],[133],[106],[65],[47],[-5],[-19],[-39],[-84],[-88],[-107],[-112],[-53],[-19],[24],[29],[44],[11],[-21],[-10],[-10],[1],[7],[4],[11],[49],[69],[46],[28],[54],[23],[-14],[-15],[17],[-31],[-48],[-95],[-84],[-46],[27],[37],[40],[58],[54],[16],[-7],[-10],[-13],[-27],[-11],[9],[79],[99],[88],[49],[-46],[-102],[-124],[-91],[-31],[-4],[32],[18],[12],[44],[76],[100],[113],[93],[68],[86],[62],[92],[64],[2],[-40],[-62],[-93],[-83],[-31],[-10],[6],[33],[53],[70],[116],[142],[95],[101],[98],[93],[100],[57],[4],[-66],[-133],[-183],[-173],[-109],[-115],[-108],[-71],[-53],[-28],[6],[38],[51],[73],[27],[9],[27],[16],[-15],[-62],[-53],[-65],[-24],[8],[54],[80],[96],[46],[32],[30],[11],[8],[-14],[-10],[-40],[-50],[-51],[-56],[-12],[-23],[-14],[53],[98],[97],[93],[128],[107],[110],[52],[18],[44],[29],[-24],[-46],[-85],[-95],[-79],[-83],[-55],[21],[49],[68],[89],[111],[144],[95],[30],[14],[-13],[-47],[-32],[-47],[-19],[-4],[-42],[-38],[-8],[-11],[-5],[5],[49],[87],[65],[53],[76],[67],[36],[10],[16],[2],[-31],[-50],[-68],[-93],[-99],[-90],[-48],[34],[37],[26],[45],[51],[57],[64],[54],[72],[53],[80],[44],[21],[35],[9],[-7],[10],[-9],[-15],[-13],[-7],[46],[54],[63],[51],[27],[30],[6],[5],[12],[15],[3],[-3],[-46],[-53],[-15],[-21],[-13],[17],[48],[24],[25],[67],[66],[41],[21],[-51],[-48],[-88],[-87],[-63],[-30],[-61],[-123],[-144],[-102],[-55],[-6],[-7],[8],[-4],[-36],[-28],[12],[80],[62],[14],[-14],[4],[-19],[13],[17],[37],[-7],[-53],[-36],[30],[33],[14],[27],[37],[34],[45],[83],[108],[56],[13],[32],[31],[21],[16],[44],[12],[-6],[-27],[-11],[13],[8],[22],[18],[45],[88],[99],[91],[97],[43],[-28],[-64],[-63],[-66],[-75],[-52],[-26],[-13],[0],[21],[35],[48],[34],[12],[26],[5],[-19],[4],[-12],[-5],[12],[36],[12],[32],[57],[3],[-38],[-31],[-40],[1],[8],[27],[33],[37],[-10],[10],[3],[-6],[-5],[-13],[-24],[-15],[36],[25],[19],[30],[49],[29],[20],[42],[20],[-21],[-10],[-23],[-42],[-40],[-32],[-27],[-3],[-31],[-22],[43],[43],[64],[28],[-10],[-19],[14],[23],[46],[61],[66],[13],[-36],[-39],[-42],[-68],[-85],[-64],[-66],[-73],[-61],[-23],[3],[11],[4],[20],[18],[63],[48],[42],[12],[-28],[-56],[-38],[-47],[-50],[-22],[4],[6],[29],[24],[34],[70],[52],[40],[70],[31],[62],[72],[74],[57],[11],[18],[-24],[-28],[-31],[16],[25],[18],[47],[52],[63],[92],[73],[36],[22],[37],[8],[27],[50],[79],[35],[30],[6],[6],[-6],[17],[5],[20],[41],[0],[-15],[-13],[-11],[17],[3],[31],[52],[66],[20],[8],[10],[8],[0],[29],[27],[16],[36],[19],[32],[51],[-10],[-45],[-29],[-36],[-46],[-58],[-29],[-19],[49],[48],[68],[83],[99],[45],[-10],[-22],[-4],[-35],[-65],[-50],[-55],[-37],[-52],[-51],[-20],[-22],[-44],[-28],[45],[61],[54],[80],[79],[50],[15],[0],[-49],[-92],[-111],[-138],[-126],[-53],[-33],[-26],[-13],[22],[29],[89],[72],[82],[61],[49],[-3],[8],[-6],[-35],[-60],[-55],[-58],[-37],[31],[37],[24],[4],[-15],[-62],[-44],[5],[29],[31],[50],[65],[55],[46],[58],[28],[0],[-26],[-28],[-30],[7],[38],[31],[78],[70],[49],[65],[38],[22],[2],[1],[-31],[-30],[-14],[-36],[-6],[68],[69],[45],[53],[45],[53],[63],[49],[84],[68],[38],[26],[45],[22],[21],[-34],[-60],[-47],[-60],[-50],[11],[19],[65],[50],[41],[73],[85],[73],[74],[35],[-21],[-71],[-99],[-59],[-32],[13],[27],[10],[1],[16],[-21],[0],[5],[-23],[-38],[-22],[-17],[12],[25],[49],[33],[6],[12],[-25],[-40],[3],[6],[11],[-6],[8],[3],[-19],[-29],[12],[10],[-20],[-19],[-8],[-3],[6],[56],[51],[40],[34],[52],[29],[12],[18],[-30],[-59],[-24],[-28],[-26],[23],[21],[13],[2],[4],[-7],[-10],[-12],[-45],[-19],[-18],[45],[58],[66],[88],[41],[10],[-14],[17],[-3],[-30],[-45],[-52],[-22],[-45],[-55],[-20],[-32],[-35],[17],[20],[54],[92],[106],[80],[52],[81],[57],[28],[9],[-3],[-44],[-66],[-45],[-45],[-42],[-37],[-31],[-15],[21],[81],[79],[68],[72],[67],[30],[28],[27],[40],[-8],[-8],[-45],[-35],[-3],[-22],[-6],[28],[23],[15],[33],[5],[-15],[-14],[-19],[-11],[25],[59],[39],[13],[3],[4],[-33],[-51],[-8],[12],[-21],[-18],[-4],[-14],[-20],[4],[24],[57],[18],[-7],[28],[53],[31],[-16],[-32],[-61],[-25],[-24],[-13],[7],[32],[-6],[-12],[3],[37],[36],[11],[0],[27],[17],[13],[22],[38],[6],[-8],[-11],[-6],[-11],[-12],[-10],[16],[6],[9],[29],[65],[48],[26],[38],[46],[26],[25],[14],[2],[-19],[-55],[-53],[-29],[-31],[-7],[-23],[-5],[-7],[-3],[39],[28],[61],[44],[25],[34],[69],[62],[43],[58],[0],[-35],[-49],[-28],[-21],[-43],[-44],[-6],[12],[19],[34],[72],[54],[31],[53],[43],[45],[49],[50],[1],[-8],[-28],[-59],[-29],[-9],[19],[41],[15],[9],[11],[33],[9],[-4],[9],[-15],[-19],[8],[46],[21],[-5],[3],[-35],[-34],[-23],[13],[-3],[19],[32],[25],[19],[34],[27],[3],[1],[-27],[-17],[-6],[-18],[-24],[-6],[-27],[-32],[25],[38],[34],[30],[-10],[-14],[28],[19],[25],[12],[18],[-17],[-27],[3],[-8],[-24],[-33],[-59],[-43],[-19],[2],[27],[20],[29],[33],[22],[19],[46],[10],[-19],[1],[29],[24],[25],[7],[10],[-44],[-77],[-43],[6],[17],[16],[33],[18],[18],[68],[66],[46],[24],[16],[1],[-15],[-13],[12],[-30],[-16],[-27],[-30],[-18],[19],[-15],[8],[-11],[-7],[32],[41],[40],[40],[51],[31],[21],[24],[14],[-32],[-45],[-45],[-44],[6],[2],[21],[-31],[-36],[-31],[-10],[36],[38],[13],[6],[8],[-21],[-9],[42],[53],[17],[-19],[25],[-4],[9],[14],[0],[-8],[-22],[-37],[4],[21],[17],[16],[6],[-10],[0],[22],[16],[40],[63],[29],[29],[62],[46],[27],[18],[-40],[-32],[-27],[-35],[-15],[35],[21],[-15],[-6],[16],[17],[3],[16],[10],[16],[20],[40],[25],[34],[55],[29],[15],[26],[21],[4],[-14],[-20],[-18],[-24],[5],[-16],[14],[24],[53],[52],[45],[37],[45],[21],[10],[11],[27],[-12],[-5],[20],[-7],[-11],[1],[33],[19],[-26],[-35],[-8],[-19],[-19],[30],[54],[57],[32],[1],[-6],[1],[1],[19],[21],[31],[60],[29],[24],[41],[-19],[-58],[-72],[-31],[-21],[-20],[-14],[25],[17],[24],[12],[35],[12],[8],[17],[-10],[-5],[35],[24],[35],[12],[-3],[-7],[-34],[-21],[20],[41],[1],[-34],[-35],[-22],[-37],[-8],[21],[50],[31],[43],[64],[55],[19],[17],[6],[-26],[-31],[-30],[-11],[4],[3],[-20],[-19],[12],[11],[26],[33],[30],[25],[13],[37],[31],[34],[26],[19],[35],[20],[3],[12],[10],[-10],[-22],[6],[3],[-23],[-22],[11],[3],[-7],[16],[34],[24],[52],[43],[59],[63],[66],[54],[18],[-14],[-16],[-22],[-39],[-52],[-45],[-11],[-5],[12],[44],[60],[34],[60],[34],[10],[34],[46],[30],[17],[21],[-27],[-45],[-51],[-53],[-23],[-16],[0],[5],[-21],[-27],[4],[2],[1],[12],[12],[19],[25],[26],[44],[13],[-28],[-30],[-30],[-40],[-22],[13],[-7],[-28],[-11],[15],[16],[26],[45],[8],[-31],[-30],[-12],[-18],[-24],[12],[0],[-19],[-24],[15],[5],[-13],[-11],[-11],[8],[49],[35],[37],[28],[11],[25],[6],[-6],[-6],[5],[-44],[-56],[-39],[-33],[-12],[28],[18],[8],[36],[62],[51],[46],[50],[17],[0],[35],[24],[10],[14],[8],[-18],[-27],[14],[12],[5],[7],[37],[27],[46],[62],[86],[63],[51],[68],[44],[23],[40],[32],[-10],[-42],[-52],[-35],[0],[10],[14],[11],[8],[44],[32],[36],[46],[46],[59],[34],[27],[33],[8],[-4],[17],[-5],[-15],[-14],[-11],[-13],[-16],[23],[30],[38],[40],[19],[9],[4],[4],[17],[24],[42],[1],[2],[-39],[-17],[-13],[12],[1],[4],[40],[27],[8],[9],[-28],[-37],[-71],[-66],[-13],[-4],[-5],[2],[14],[-4],[27],[6],[-14],[16],[-7],[-22],[-14],[29],[16],[-8],[-4],[-21],[-55],[-51],[-26],[39],[40],[14],[0],[-14],[-21],[-30],[13],[0],[-22],[-32],[1],[-21],[6],[13],[2],[12],[28],[10],[50],[47],[34],[26],[46],[27],[7],[4],[12],[-20],[-21],[1],[-11],[10],[45],[43],[37],[31],[40],[6],[-8],[5],[36],[29],[28],[42],[27],[30],[2],[1],[23],[7],[17],[49],[27],[6],[21],[32],[3],[-16],[-5],[-5],[4],[6],[24],[32],[11],[5],[8],[42],[42],[35],[46],[17],[8],[9],[20],[8],[-15],[-14],[-14],[20],[21],[11],[27],[1],[-7],[16],[22],[-12],[-11],[19],[20],[32],[37],[29],[5],[-3],[-35],[-54],[-58],[-14],[-28],[-7],[19],[35],[58],[34],[36],[5],[29],[5],[-20],[-20],[11],[-15],[4],[-25],[-26],[-29],[-3],[-11],[-6],[16],[42],[35],[24],[19],[5],[21],[-4],[-7],[12],[0],[8],[34],[17],[5],[16],[51],[28],[1],[-6],[-7],[-12],[-19],[-21],[-11],[-25],[-11],[16],[14],[8],[17],[1],[44],[25],[20],[55],[32],[33],[14],[17],[-16],[-34],[-32],[-49],[-50],[2],[1],[14],[34],[11],[12],[-19],[1],[-5],[17],[47],[24],[9],[52],[37],[13],[4],[-8],[1],[-29],[-28],[-10],[30],[10],[-15],[1],[-14],[-21],[3],[5],[31],[35],[9],[0],[40],[35],[10],[-12],[24],[13],[-8],[-13],[10],[-8],[-26],[0],[-14],[-15],[-3],[30],[17],[-10],[3],[3],[-11],[20],[21],[24],[35],[1],[13],[27],[8],[-18],[0],[-33],[-47],[-51],[-14],[-5],[4],[21],[5],[21],[56],[38],[22],[36],[30],[-6],[-23],[16],[5],[-32],[-46],[-10],[-24],[-22],[-15],[12],[-5],[-22],[2],[10],[26],[51],[22],[1],[29],[8],[-11],[14],[27],[-9],[-29],[-11],[9],[11],[6],[24],[25],[1],[12],[6],[17],[36],[1],[0],[3],[-8],[-16],[13],[9],[-13],[-12],[17],[17],[15],[20],[40],[17],[1],[26],[25],[43],[72],[33],[47],[20],[-10],[-20],[2],[-29],[-52],[-42],[5],[14],[10],[32],[21],[11],[8],[6],[24],[36],[15],[-8],[-5],[21],[6],[-3],[12],[-7],[-23],[-19],[-5],[-7],[-12],[24],[-3],[16],[44],[18],[17],[4],[28],[10],[25],[-12],[-12],[-13],[-34],[-37],[-5],[23],[17],[5],[21],[2],[4],[-14],[-10],[-4],[10],[40],[36],[41],[61],[20],[37],[0],[-17],[2],[3],[-14],[8],[25],[-3],[4],[33],[21],[11],[48],[29],[20],[33],[12],[2],[12],[6],[4],[8],[21],[5],[24],[7],[-21],[-12],[-6],[-26],[25],[23],[10],[18],[36],[25],[1],[14],[24],[5],[13],[-6],[32],[20],[24],[33],[32],[52],[15],[8],[41],[13],[14],[6],[22],[0],[-17],[-5],[-21],[1],[-6],[1],[1],[27],[17],[13],[48],[15],[13],[13],[19],[50],[34],[8],[19],[-14],[-32],[-26],[-16],[-5],[2],[1],[20],[9],[-7],[34],[21],[3],[4],[34],[19],[-6],[19],[5],[0],[16],[9],[-3],[7],[35],[25],[11],[9],[31],[15],[0],[-6],[0],[17],[11],[6],[26],[13],[12],[6],[3],[-8],[28],[18],[2],[-5],[24],[33],[17],[-5],[28],[17],[1],[-3],[23],[11],[-4],[15],[6],[11],[42],[28],[19],[30],[29],[20],[32],[2],[-5],[21],[-7],[18],[-16],[-24],[-27],[-8],[-16],[2],[24],[6],[19],[9],[36],[18],[20],[33],[9],[-8],[-12],[-3],[-12],[6],[-11],[3],[-16],[-21],[-24],[-18],[-7],[20],[-3],[-15],[-12],[19],[0],[1],[30],[18],[6],[18],[39],[16],[14],[-14],[17],[11],[-12],[0],[-12],[3],[23],[-5],[-17],[12],[-7],[-23],[12],[22],[10],[21],[32],[26],[14],[27],[-5],[3],[12],[8],[-5],[19],[9],[-7],[5],[13],[-4],[-5],[16],[-15],[-13],[33],[26],[16],[29],[49],[25],[22],[40],[22],[12],[17],[-11],[-20],[-17],[-31],[9],[-7],[-6],[25],[13],[-3],[10],[25],[20],[22],[50],[23],[12],[35],[36],[11],[2],[-11],[4],[-23],[-16],[19],[1],[1],[27],[-7],[-9],[4],[9],[-11],[2],[9],[-5],[9],[14],[15],[48],[11],[-4],[24],[14],[2],[0],[-7],[11],[-13],[-21],[-12],[17],[-6],[-19],[6],[25],[6],[13],[-11],[18],[10],[-3],[4],[32],[11],[-24],[-12],[-13],[-22],[-14],[-19],[-19],[-7],[-24],[-10],[36],[19],[20],[38],[12],[-17],[-22],[6],[-12],[-31],[1],[-21],[24],[20],[11],[19],[17],[-11],[-24],[0],[15],[4],[32],[19],[1],[-7],[13],[-23],[-3],[-25],[-34],[2],[10],[49],[25],[-6],[8],[17],[2],[13],[33],[21],[47],[25],[8],[16],[18],[-5],[-18],[12],[10],[35],[27],[36],[24],[27],[18],[54],[35],[11],[36],[1],[-3],[8],[-10],[30],[-5],[-3],[-15],[34],[18],[16],[21],[5],[16],[14],[13],[41],[30],[7],[14],[19],[-3],[-5],[4],[-20],[-12],[-7],[21],[9],[6],[38],[22],[8],[11],[42],[29],[13],[18],[24],[-8],[12],[-4],[-12],[-12],[-8],[14],[9],[18],[-3],[27],[11],[-5],[22],[-6],[-15],[8],[21],[-5],[0],[-7],[-12],[5],[-11],[-5],[26],[9],[-15],[5],[-20],[-24],[-19],[-26],[-24],[6],[-28],[-19],[-7],[8],[0],[28],[18],[3],[2],[27],[9],[-14],[-16],[-22],[-35],[-24],[3],[-27],[7],[-7],[-17],[-8],[30],[22],[16],[34],[-6],[2],[-11],[10],[17],[-5],[-6],[21],[6],[-13],[-12],[-12],[0],[27],[10],[24],[18],[9],[27],[14],[-4],[-18],[-25],[8],[17],[6],[8],[22],[14],[44],[27],[11],[10],[32],[6],[-11],[-3],[12],[-12],[3],[-7],[31],[12],[-6],[10],[43],[16],[10],[23],[11],[20],[-15],[-18],[10],[-15],[2],[22],[25],[14],[14],[-13],[-11],[-8],[29],[9],[18],[53],[29],[6],[1],[11],[1],[-27],[-19],[-26],[-15],[14],[34],[28],[10],[37],[-7],[1],[35],[11],[1],[0],[10],[12],[43],[29],[9],[3],[-12],[11],[2],[-7],[13],[24],[-3],[2],[19],[5],[3],[21],[-13],[-19],[-18],[18],[2],[1],[31],[19],[1],[21],[9],[9],[41],[16],[-4],[26],[10],[11],[17],[26],[6],[-14],[0],[-15],[3],[-3],[33],[15],[-4],[5],[10],[28],[8],[40],[43],[17],[1],[4],[1],[-23],[-10],[4],[-5],[-8],[5],[10],[16],[19],[27],[4],[3],[26],[-6],[6],[-4],[2],[20],[30],[12],[3],[33],[-5],[19],[7],[-11],[-3],[2],[30],[9],[-11],[21],[17],[3],[21],[3],[13],[13],[34],[17],[1],[-5],[20],[4],[-7],[-6],[-8],[-4],[-6],[26],[16],[-4],[2],[15],[0],[8],[17],[25],[36],[50],[26],[16],[-10],[-29],[-38],[-31],[-30],[-31],[-21],[-7],[25],[27],[9],[10],[27],[9],[13],[28],[38],[3],[-13],[-21],[4],[12],[0],[-8],[-16],[-26],[-21],[-18],[-4],[19],[8],[16],[25],[13],[22],[49],[26],[12],[-10],[-20],[-11],[12],[10],[1],[20],[1],[-13],[8],[2],[19],[28],[1],[-7],[-8],[40],[28],[17],[28],[10],[29],[13],[2],[-12],[-15],[-18],[-13],[-4],[27],[13],[19],[-10],[9],[-23],[-16],[15],[10],[0],[28],[5],[-11],[1],[35],[9],[9],[4],[20],[11],[16],[10],[19],[-12],[5],[-27],[-27],[-20],[-32],[-6],[-15],[-23],[-10],[35],[34],[24],[21],[31],[12],[6],[1],[-8],[2],[-18],[-21],[4],[-11],[-21],[12],[-6],[-11],[3],[38],[23],[8],[-3],[-5],[12],[5],[12],[14],[1],[7],[-21],[-16],[21],[6],[-14],[30],[27],[10],[6],[4],[5],[13],[-13],[-12],[25],[21],[6],[39],[25],[5],[1],[28],[16],[2],[0],[-11],[28],[6],[2],[0],[-11],[9],[1],[9],[17],[50],[37],[16],[0],[-8],[17],[5],[3],[31],[25],[17],[24],[45],[34],[16],[34],[10],[-4],[28],[20],[5],[7],[31],[-8],[18],[5],[-4],[21],[37],[34],[23],[40],[17],[10],[6],[25],[2],[-7],[5],[2],[30],[5],[-17],[-21],[3],[-8],[-12],[-6],[26],[5],[38],[26],[11],[29],[11],[3],[-7],[28],[20],[8],[5],[23],[-5],[-24],[-24],[4],[-6],[5],[-9],[0],[10],[17],[11],[35],[9],[-7],[11],[-5],[-9],[4],[2],[-11],[27],[9],[-15],[8],[4],[5],[1],[31],[18],[43],[27],[20],[34],[6],[-14],[-10],[26],[18],[-4],[22],[-4],[-10],[4],[13],[-6],[18],[19],[6],[14],[46],[11],[36],[18],[-10],[-11],[24],[5],[-13],[-14],[14],[9],[14],[43],[26],[3],[8],[16],[6],[-5],[10],[5],[-19],[-16],[17],[8],[2],[8],[27],[6],[9],[34],[17],[-4],[-5],[17],[10],[20],[20],[38],[11],[-13],[17],[9],[-3],[0],[22],[-7],[-6],[20],[39],[21],[38],[43],[24],[5],[36],[16],[44],[21],[3],[21],[24],[1],[0],[2],[5],[20],[3],[26],[35],[20],[17],[21],[10],[40],[18],[2],[19],[5],[9],[-12],[30],[8],[0],[-11],[0],[9],[10],[5],[3],[10],[37],[18],[8],[22],[48],[26],[6],[12],[24],[8],[-8],[0],[21],[6],[-9],[10],[22],[10],[-4],[18],[9],[35],[17],[1],[9],[15],[-8],[14],[32],[19],[10],[6],[0],[19],[4],[7],[38],[21],[1],[-8],[10],[-23],[4],[-5],[-12],[18],[2],[21],[12],[10],[13],[13],[13],[-15],[0],[9],[-5],[-16],[-22],[-5],[11],[-7],[-14],[-12],[2],[4],[-5],[9],[10],[-7],[6],[9],[-12],[-28],[8],[-5],[-14],[-11],[19],[2],[-14],[0],[17],[0],[-14],[16],[19],[-7],[8],[25],[16],[4],[5],[-15],[-18],[13],[-3],[-14],[6],[17],[1],[-15],[-11],[-7],[-7],[14],[-4],[-15],[-12],[-8],[-7],[-7],[-7],[9],[-3],[19],[28],[7],[-8],[-4],[-6],[-8],[-14],[0],[7],[-11],[-21],[2],[18],[5],[6],[18],[18],[13],[36],[21],[5],[2],[17],[-3],[-4],[20],[-15],[-13],[13],[2],[0],[29],[8],[37],[21],[5],[3],[28],[13],[4],[9],[14],[12],[31],[5],[2],[20],[-5],[-20],[12],[6],[1],[8],[33],[5],[26],[17],[18],[43],[8],[26],[7],[-12],[5],[9],[-7],[16],[-4],[0],[22],[4],[0],[23],[2],[-18],[-12],[7],[-6],[-12],[27],[11],[-6],[2],[2],[0],[26],[9],[0],[29],[22],[1],[12],[11],[-11],[-20],[-15],[-11],[-4],[-6],[11],[-11],[-13],[18],[10],[2],[16],[10],[2],[1],[28],[11],[-10],[5],[13],[1],[-10],[32],[22],[3],[3],[-8],[18],[-4],[27],[5],[-8],[24],[22],[11],[10],[36],[15],[-3],[13],[20],[12],[46],[28],[8],[6],[-4],[18],[0],[-13],[-3],[-4],[22],[12],[6],[13],[13],[10],[30],[14],[3],[40],[17],[13],[5],[12],[-13],[-13],[-16],[-11],[12],[4],[16],[28],[14],[-3],[1],[25],[1],[24],[14],[19],[43],[24],[-5],[2],[12],[-4],[-12],[8],[22],[13],[-3],[20],[18],[3],[8],[19],[-11],[2],[-10],[30],[21],[2],[0],[10],[-11],[-9],[20],[3],[2],[33],[15],[10],[37],[4],[2],[13],[0],[20],[26],[4],[22],[-18],[-22],[-19],[3],[-7],[25],[11],[2],[20],[33],[14],[-3],[18],[-4],[14],[20],[0],[25],[3],[-18],[8],[-9],[-20],[0],[13],[8],[-10],[36],[20],[10],[36],[12],[20],[30],[13],[-6],[5],[-16],[10],[-11],[-27],[12],[-14],[-5],[0],[24],[10],[4],[3],[6],[24],[31],[1],[0],[25],[-13],[-14],[-5],[-16],[5],[17],[-3],[-16],[-7],[0],[25],[9],[-5],[-4],[-13],[-10],[14],[22],[-5],[10],[25],[16],[3],[15],[2],[28],[1],[-19],[16],[14],[-3],[22],[5],[4],[33],[3],[1],[-3],[4],[-15],[18],[-13],[18],[19],[4],[3],[0],[-3],[29],[18],[4],[10],[2],[26],[4],[0],[24],[6],[-13],[0],[2],[-20],[18],[-12],[16],[17],[3],[30],[6],[3],[33],[18],[1],[3],[8],[29],[12],[0],[18],[27],[4],[-5],[20],[3],[-15],[-7],[26],[15],[4],[23],[28],[11],[8],[4],[5],[6],[34],[19],[4],[5],[15],[-13],[4],[-9],[-4],[0],[30],[16],[0],[32],[9],[11],[37],[21],[0],[32],[25],[5],[2],[26],[12],[-12],[18],[32],[14],[13],[29],[-5],[16],[10],[1],[9],[31],[7],[-12],[25],[8],[-3],[3],[8],[4],[11],[-7],[20],[3],[1],[17],[-3],[0],[-7],[0],[11],[-5],[-16],[0],[0],[32],[22],[1],[32],[6],[6],[32],[19],[-4],[26],[8],[-9],[1],[30],[5],[-14],[12],[15],[-10],[8],[19],[4],[2],[3],[21],[13],[11],[28],[10],[-4],[30],[13],[3],[21],[26],[3],[-14],[16],[5],[-7],[20],[10],[-7],[1],[29],[12],[-5],[0],[14],[2],[-8],[0],[28],[0],[29],[13],[-5],[19],[4],[-5],[16],[0],[4],[3],[9],[20],[1],[4],[-5],[23],[10],[1],[40],[21],[4],[-4],[-6],[-8],[-9],[22],[12],[-5],[0],[4],[10],[14],[35],[5],[32],[4],[38],[13],[16],[9],[19],[21],[-3],[-21],[8],[1],[-13],[-6],[0],[34],[14],[10],[33],[0],[-4],[-4],[26],[12],[-3],[11],[17],[2],[-12],[21],[13],[3],[0],[-4],[29],[19],[10],[11],[9],[4],[27],[5],[-16],[4],[13],[4],[-13],[12],[11],[1],[-11],[23],[0],[10],[20],[25],[3],[-3],[21],[9],[-4],[4],[20],[-6],[-23],[2],[5],[-14],[3],[15],[1],[-18],[16],[-8],[-3],[2],[9],[-13],[20],[8],[-7],[1],[32],[15],[-14],[-18],[-4],[8],[-11],[-11],[18],[5],[-12],[7],[2],[2],[26],[6],[-13],[-11],[17],[1],[-14],[4],[-9],[8],[-6],[12],[8],[-15],[-3],[14],[6],[-4],[16],[22],[-4],[10],[-5],[-7],[-8],[-13],[10],[-8],[-3],[2],[30],[18],[4],[17],[-6],[-6],[13],[-4],[-6],[21],[-3],[0],[5],[0],[34],[14],[-12],[11],[6],[8],[12],[6],[13],[21],[5],[8],[4],[25],[3],[33],[3],[22],[9],[-8],[16],[19],[6],[1],[38],[37],[26],[10],[40],[8],[24],[13],[3],[35],[11],[36],[13],[-4],[26],[13],[0],[5],[37],[21],[6],[43],[12],[6],[18],[28],[15],[5],[25],[38],[23],[12],[28],[32],[11],[-12],[10],[3],[-11],[1],[6],[12],[25],[9],[9],[33],[7],[4],[24],[13],[0],[10],[12],[36],[5],[8],[-13],[3],[16],[-4],[28],[-3],[0],[-3],[25],[12],[-4],[16],[6],[9],[38],[24],[4],[8],[9],[-19],[6],[-13],[-20],[19],[-5],[-7],[0],[33],[12],[0],[26],[10],[-13],[-11],[-9],[22],[10],[-10],[0],[17],[-7],[-11],[-14],[25],[10],[-11],[-6],[3],[6],[21],[1],[0],[1],[-23],[-12],[-3],[-14],[-3],[-3],[23],[12],[-3],[1],[28],[13],[3],[4],[24],[10],[-6],[4],[12],[-6],[-5],[21],[-5],[16],[19],[8],[-6],[24],[6],[-4],[1],[1],[-7],[0],[18],[5],[28],[0],[-16],[14],[8],[1],[10],[12],[7],[29],[14],[5],[16],[15],[-5],[10],[11],[-5],[2],[33],[17],[2],[4],[21],[8],[-7],[13],[27],[10],[1],[36],[27],[14],[10],[34],[16],[1],[3],[31],[24],[6],[8],[-5],[8],[-15],[-16],[14],[4],[-6],[-4],[18],[5],[9],[31],[-5],[19],[4],[9],[27],[15],[8],[22],[-10],[-8],[11],[-4],[-3],[13],[-16],[-15],[-20],[10],[1],[-14],[9],[8],[-6],[14],[28],[13],[15],[40],[20],[-4],[0],[11],[-18],[1],[-13],[-12],[22],[4],[0],[-5],[-5],[-5],[2],[3],[3],[1],[24],[19],[-3],[-9],[19],[3],[-14],[-12],[19],[-11],[22],[22],[7],[9],[22],[4],[6],[8],[32],[23],[4],[2],[29],[11],[-11],[18],[-17],[-19],[9],[4],[0],[5],[31],[17],[4],[16],[23],[6],[-10],[6],[17],[6],[0],[24],[16],[1],[-13],[20],[12],[-3],[19],[4],[2],[22],[8],[-3],[11],[18],[0],[2],[31],[2],[19],[-5],[-11],[13],[3],[-10],[26],[25],[7],[3],[5],[31],[8],[9],[34],[2],[32],[3],[15],[-4],[0],[14],[-5],[-18],[-13],[-7],[27],[12],[2],[9],[5],[6],[34],[14],[1],[27],[7],[0],[0],[0],[-10],[9],[-10],[-12],[21],[14],[-3],[5],[4],[30],[16],[4],[33],[8],[26],[10],[3],[27],[17],[2],[2],[-8],[16],[-4],[0],[6],[11],[37],[21],[4],[9],[4],[32],[5],[3],[5],[4],[4],[5],[28],[14],[-11],[30],[18],[0],[1],[2],[6],[36],[22],[10],[16],[9],[6],[5],[23],[7],[1],[25],[-4],[0],[-3],[12],[-6],[29],[13],[-4],[2],[9],[0],[35],[8],[6],[29],[16],[6],[11],[35],[18],[3],[17],[18],[-5],[13],[26],[5],[8],[5],[6],[5],[4],[17],[-6],[-7],[8],[-10],[20],[29],[16],[3],[32],[33],[10],[20],[5],[4],[1],[-3],[0],[8],[20],[1],[8],[21],[8],[-10],[9],[3],[6],[36],[14],[18],[19],[38],[21],[2],[0],[1],[2],[0],[-5],[11],[0],[3],[11],[-7],[20],[12],[-5],[21],[32],[17],[4],[0],[11],[24],[6],[2],[36],[21],[1],[2],[3],[22],[2],[2],[30],[17],[-5],[5],[0],[36],[27],[9],[6],[35],[19],[9],[6],[32],[6],[19],[1],[-4],[21],[4],[-13],[-13],[-10],[-7],[0],[5],[0],[25],[10],[-7],[9],[-5],[24],[5],[6],[6],[29],[5],[1],[23],[4],[-7],[-3],[10],[-6],[13],[-10],[-10],[-10],[17],[3],[2],[29],[14],[2],[4],[2],[2],[0],[0],[-6],[-5],[0],[19],[8],[-13],[-6],[12],[2],[-14],[18],[-11],[-6],[3],[-16],[6],[20],[8],[-5],[11],[-7],[0],[-10],[-12],[6],[11],[-13],[-20],[-14],[-16],[18],[4],[-19],[16],[-8],[-5],[27],[13],[0],[0],[-7],[16],[1],[-16],[16],[4],[-13],[4],[18],[-5],[19],[-6],[-9],[-6],[24],[13],[1],[1],[1],[19],[-3],[17],[5],[9],[31],[19],[9],[22],[26],[9],[-6],[12],[24],[5],[12],[43],[21],[6],[8],[6],[6],[24],[8],[7],[10],[24],[15],[44],[17],[16],[40],[26],[14],[14],[40],[26],[11],[20],[27],[3],[2],[7],[6],[33],[20],[6],[12],[10],[16],[41],[20],[4],[20],[35],[12],[10],[34],[15],[0],[32],[13],[-3],[14],[21],[11],[6],[16],[38],[20],[8],[34],[13],[-2],[16],[5],[2],[27],[-4],[0],[29],[2],[-4],[21],[3],[21],[29],[18],[17],[14],[4],[-6],[20],[16],[-7],[5],[18],[3],[0],[-3],[1],[26],[11],[-4],[31],[13],[0],[32],[19],[9],[9],[31],[5],[-12],[19],[3],[-10],[9],[1],[2],[1],[30],[3],[4],[-3],[11],[21],[9],[-6],[-3],[-8],[22],[9],[-7],[-5],[-10],[8],[21],[3],[4],[36],[2],[-3],[8],[12],[-11],[-8],[6],[-8],[9],[13],[0],[-14],[20],[8],[-5],[1],[23],[0],[23],[14],[5],[33],[12],[-5],[22],[5],[-4],[2],[27],[10],[2],[8],[26],[-6],[8],[17],[2],[4],[1],[3],[27],[10],[-5],[5],[-8],[36],[19],[8],[10],[29],[11],[-8],[5],[14],[3],[0],[30],[14],[3],[3],[0],[23],[-10],[21],[13],[0],[-12],[22],[17],[6],[0],[21],[6],[0],[-5],[0],[3],[0],[0],[2],[5],[7],[10],[3],[28],[13],[-4],[10],[14],[1],[0],[-11],[9],[-5],[-3],[30],[14],[5],[5],[17],[-7],[11],[-5],[-4],[25],[5],[-7],[13],[22],[-4],[28],[14],[3],[-3],[0],[19],[5],[-8],[29],[-4],[0],[13],[18],[3],[-17],[4],[13],[-4],[-15],[12],[13],[-7],[12],[16],[-5],[27],[13],[-5],[3],[27],[8],[-10],[25],[6],[-7],[11],[21],[6],[-7],[6],[19],[-9],[13],[-5],[-6],[24],[9],[-6],[2],[26],[14],[4],[25],[3],[24],[22],[3],[2],[27],[1],[-13],[3],[-13],[10],[12],[-7],[-15],[24],[-5],[2],[2],[13],[-5],[11],[24],[10],[-4],[0],[26],[-10],[17],[-7],[-7],[21],[0],[30],[14],[3],[13],[17],[3],[0],[25],[14],[4],[4],[30],[12],[-4],[-6],[-9],[28],[-5],[-6],[-4],[18],[-4],[13],[25],[5],[8],[31],[10],[2],[26],[12],[1],[0],[21],[1],[-12],[-7],[-5],[-4],[17],[4],[6],[30],[20],[8],[34],[0],[18],[19],[5],[-14],[-12],[8],[-10],[0],[-3],[3],[12],[-6],[24],[27],[10],[11],[30],[16],[8],[10],[21],[1],[-15],[-12],[23],[12],[-6],[26],[-6],[5],[0],[-3],[4],[27],[14],[-4],[14],[21],[9],[-7],[32],[16],[-4],[-12],[12],[4],[-14],[-7],[-12],[27],[4],[25],[5],[2],[17],[-5],[14],[4],[3],[27],[7],[5],[27],[10],[-7],[-8],[20],[6],[-6],[0],[24],[9],[-7],[16],[14],[0],[15],[25],[12],[0],[13],[-3],[14],[-5],[-17],[4],[12],[-4],[0],[1],[4],[31],[19],[2],[5],[28],[15],[2],[8],[28],[14],[0],[-6],[18],[-7],[-10],[-4],[-14],[21],[9],[0],[17],[9],[36],[20],[8],[26],[36],[12],[6],[17],[0],[7],[-11],[-13],[16],[3],[-10],[12],[5],[16],[5],[22],[8],[31],[18],[6],[38],[33],[16],[1],[-3],[21],[-4],[-6],[-6],[14],[8],[9],[27],[3],[20],[30],[6],[10],[36],[17],[-3],[16],[18],[4],[-11],[22],[13],[3],[5],[34],[22],[10],[6],[1],[13],[-7],[16],[22],[8],[-7],[26],[20],[-10],[24],[15],[-5],[-9],[9],[18],[6],[-10],[16],[13],[-3],[-4],[22],[-6],[-4],[-4],[2],[1],[1],[-3],[19],[1],[-14],[3],[-12],[0],[21],[9],[-3],[11],[19],[6],[-6],[24],[13],[-8],[4],[19],[5],[-5],[27],[11],[-7],[26],[11],[-3],[0],[22],[8],[-10],[4],[15],[8],[1],[-3],[8],[21],[2],[-7],[9],[10],[-9],[-13],[10],[-4],[-12],[21],[11],[-12],[-10],[-7],[-4],[-4],[5],[16],[0],[33],[4],[18],[-4],[-5],[1],[5],[28],[9],[-11],[11],[-11],[6],[20],[8],[-5],[21],[5],[-7],[8],[25],[4],[3],[27],[12],[0],[2],[23],[11],[-3],[12],[25],[13],[2],[32],[29],[14],[0],[32],[18],[5],[5],[34],[24],[9],[9],[32],[15],[-3],[0],[25],[14],[3],[12],[3],[4],[3],[6],[4],[29],[14],[1],[0],[24],[14],[5],[21],[9],[11],[16],[4],[27],[22],[11],[8],[3],[0],[-3],[-7],[26],[12],[1],[20],[27],[11],[-3],[18],[1],[1],[2],[1],[-3],[-2],[3],[3],[2],[1],[12],[-10],[29],[18],[4],[17],[3],[20],[20],[4],[-9],[18],[17],[-3],[2],[2],[5],[10],[7],[17],[1],[12],[13],[-5],[-4],[25],[9],[-5],[8],[23],[0],[0],[13],[-3],[9],[21],[2],[1],[13],[-4],[-6],[15],[-7],[0],[30],[16],[-5],[7],[-11],[20],[5],[-10],[30],[9],[-3],[2],[-5],[22],[9],[0],[28],[17],[2],[-3],[14],[-5],[-13],[8],[-9],[0],[26],[15],[3],[3],[19],[3],[-14],[22],[2],[35],[17],[1],[0],[28],[2],[10],[-10],[10],[16],[4],[-5],[15],[2],[0],[23],[-7],[-6],[14],[-4],[3],[-6],[1],[0],[33],[21],[2],[0],[6],[-11],[-5],[19],[5],[-9],[11],[21],[5],[-8],[18],[14],[3],[0],[28],[-5],[0],[0],[13],[-8],[-3],[2],[3],[1],[30],[0],[5],[8],[15],[-4],[-5],[23],[5],[0],[34],[26],[5],[26],[20],[4],[33],[17],[-5],[-4],[19],[2],[9],[29],[14],[-5],[12],[19],[6],[0],[25],[14],[-5],[-7],[28],[16],[5],[4],[27],[11],[-7],[-4],[-4],[24],[13],[-8],[-11],[-13],[-12],[-7],[-10],[-8],[-6],[4],[-11],[-8],[-8],[-11],[-11],[14],[3],[-4],[26],[-7],[10],[20],[6],[-8],[25],[9],[-8],[18],[0],[-12],[-8],[-7],[-4],[-3],[14],[-4],[0],[27],[8],[4],[-5],[15],[-7],[20],[17],[1],[0],[27],[14],[1],[-4],[27],[15],[1],[0],[32],[19],[8],[9],[31],[5],[5],[25],[10],[-8],[32],[16],[4],[6],[31],[16],[2],[14],[25],[9],[-3],[14],[26],[6],[-4],[2],[-5],[12],[-6],[-7],[19],[8],[-3],[2],[4],[32],[21],[4],[3],[18],[4],[18],[22],[0],[27],[-3],[3],[6],[3],[3],[6],[4],[7],[19],[33],[17],[3],[20],[28],[8],[16],[22],[4],[4],[24],[10],[-5],[16],[19],[8],[12],[28],[8],[25],[35],[11],[40],[28],[14],[10],[3],[-3],[8],[4],[10],[-6],[8],[24],[4],[5],[6],[3],[31],[13],[0],[34],[6],[8],[34],[12],[-8],[32],[19],[0],[17],[18],[1],[1],[0],[6],[8],[33],[5],[4],[1],[17],[2],[25],[4],[0],[22],[3],[-4],[23],[9],[1],[0],[21],[8],[0],[24],[11],[-5],[15],[4],[1],[27],[8],[0],[28],[15],[1],[3],[-6],[-8],[8],[-8],[-7],[-10],[11],[22],[12],[-6],[-5],[-6],[3],[3],[28],[8],[-8],[25],[-4],[9],[2],[-4],[-3],[26],[10],[-12],[-12],[-7],[-4],[30],[14],[0],[1],[24],[7],[-9],[8],[-5],[-5],[-4],[24],[11],[-12],[19],[14],[-3],[0],[24],[11],[-8],[11],[0],[6],[-8],[0],[21],[2],[0],[25],[10],[-14],[8],[17],[-6],[9],[21],[6],[-10],[16],[18],[0],[10],[-9],[-8],[5],[-7],[20],[1],[0],[29],[14],[0],[10],[21],[9],[-9],[8],[11],[-3],[1],[24],[9],[-5],[28],[11],[-9],[4],[18],[5],[-9],[3],[18],[4],[-7],[22],[5],[-6],[27],[13],[1],[3],[26],[14],[-3],[15],[1],[24],[-6],[15],[0],[18],[3],[4],[23],[4],[-13],[9],[19],[3],[2],[30],[8],[-10],[16],[10],[-7],[28],[20],[5],[0],[26],[-8],[-8],[21],[-3],[-14],[27],[18],[0],[1],[3],[29],[-6],[18],[-3],[-6],[-7],[17],[-12],[21],[7],[-11],[-11],[-10],[19],[8],[-4],[0],[22],[8],[0],[33],[14],[-3],[0],[12],[-5],[4],[-3],[-7],[-6],[-7],[-6],[0],[26],[15],[1],[10],[26],[5],[6],[9],[32],[7],[4],[3],[24],[11],[1],[3],[4],[2],[31],[16],[6],[18],[31],[6],[31],[14],[1],[16],[20],[1],[-3],[20],[-5],[0],[22],[10],[2],[33],[27],[11],[8],[21],[4],[37],[21],[7],[7],[4],[31],[17],[1],[12],[6],[1],[33],[21],[8],[7],[0],[36],[24],[6],[7],[17],[1],[32],[24],[3],[17],[28],[5],[25],[11],[2],[35],[19],[8],[8],[25],[5],[4],[26],[7],[0],[22],[-3],[-7],[24],[6],[-11],[5],[21],[11],[1],[16],[4],[2],[28],[-3],[0],[1],[16],[3],[36],[22],[3],[0],[-6],[3],[3],[29],[17],[-4],[3],[5],[28],[0],[0],[12],[3],[3],[4],[5],[30],[17],[1],[-5],[21],[7],[-8]]}}