{"protected":{"ver":"v1","alg":"HS256","iat":1740064623},"signature":"d76886b0b8bf7f84a6dff89892a1480b770a17f44a1a2778f7afb877d60ffac4","payload":{"device_name":"E6:61:78:C1:27:19:92:28","device_type":"DATA_FORWARDER","interval_ms":0.0625,"sensors":[{"name":"audio","units":"wav"}],"values":[[-1],[14],[27],[4],[7],[5],[29],[-1],[15],[2],[-1],[-4],[23],[-4],[15],[17],[-6],[-5],[5],[5],[24],[4],[-9],[12],[22],[2],[2],[2],[-6],[26],[21],[7],[-4],[32],[15],[-4],[11],[-7],[22],[13],[-1],[6],[21],[-5],[11],[20],[11],[-7],[10],[18],[-4],[12],[2],[20],[4],[8],[26],[11],[-1],[28],[2],[5],[2],[3],[24],[-3],[-3],[-4],[30],[13],[-2],[2],[-4],[-5],[19],[5],[5],[32],[17],[-5],[18],[-4],[13],[22],[4],[-7],[-6],[10],[20],[7],[-6],[2],[-1],[-3],[14],[-2],[-3],[30],[14],[-2],[4],[23],[4],[2],[4],[4],[13],[11],[33],[20],[7],[5],[29],[14],[2],[-4],[22],[-3],[15],[-5],[3],[9],[5],[30],[13],[-3],[-2],[26],[11],[-3],[5],[-11],[26],[-4],[-1],[20],[3],[-3],[22],[7],[-11],[6],[19],[3],[-11],[22],[9],[-8],[2],[-5],[-5],[-6],[-6],[21],[5],[-9],[11],[12],[-9],[2],[-7],[-15],[20],[11],[-5],[14],[-2],[-2],[26],[13],[-5],[21],[3],[-9],[23],[-5],[-6],[7],[-6],[-2],[22],[-8],[18],[19],[3],[2],[-2],[24],[10],[-5],[10],[25],[8],[-4],[29],[13],[2],[3],[2],[3],[2],[2],[15],[3],[32],[14],[2],[-4],[26],[13],[-3],[2],[5],[-9],[2],[15],[3],[2],[28],[16],[5],[5],[3],[3],[-2],[23],[5],[-6],[28],[13],[-3],[27],[-5],[3],[-2],[22],[8],[-10],[7],[-4],[8],[-8],[18],[15],[-6],[-3],[-1],[4],[16],[-9],[11],[20],[3],[2],[4],[-2],[-1],[-3],[2],[-3],[-2],[3],[12],[10],[34],[17],[4],[4],[5],[29],[11],[13],[7],[31],[18],[7],[38],[26],[3],[3],[29],[14],[-1],[-4],[16],[17],[-3],[-1],[5],[7],[4],[34],[2],[27],[23],[11],[2],[34],[18],[2],[-3],[6],[-11],[18],[22],[3],[-4],[18],[-3],[3],[31],[18],[2],[2],[29],[15],[2],[6],[32],[18],[3],[16],[14],[-1],[10],[-5],[27],[2],[3],[2],[2],[16],[24],[3],[-2],[2],[-9],[27],[19],[6],[6],[35],[4],[23],[7],[-8],[4],[4],[24],[7],[-5],[18],[-3],[0],[16],[4],[4],[3],[29],[8],[10],[36],[19],[5],[7],[31],[17],[5],[7],[32],[15],[6],[35],[5],[14],[2],[20],[27],[6],[30],[18],[2],[10],[-5],[26],[21],[10],[-3],[28],[23],[-1],[-2],[19],[26],[4],[5],[7],[18],[30],[6],[4],[4],[18],[3],[35],[2],[4],[33],[17],[-5],[26],[21],[10],[10],[33],[10],[7],[32],[7],[8],[3],[20],[27],[-3],[-6],[10],[-4],[2],[28],[15],[5],[2],[27],[11],[2],[6],[6],[32],[15],[-5],[3],[-2],[6],[7],[3],[4],[18],[-1],[21],[3],[19],[6],[37],[21],[3],[3],[2],[2],[-1],[31],[10],[-5],[13],[-5],[4],[12],[-3],[14],[-1],[11],[27],[12],[-5],[10],[18],[5],[-13],[-13],[-6],[-11],[10],[5],[2],[2],[-6],[-5],[-4],[18],[5],[-2],[21],[5],[6],[32],[-1],[29],[-4],[-5],[-5],[2],[34],[22],[3],[17],[3],[13],[-4],[13],[2],[6],[5],[32],[22],[5],[6],[-1],[2],[5],[6],[31],[17],[3],[2],[5],[-3],[20],[6],[9],[35],[-2],[20],[22],[6],[-5],[27],[11],[3],[8],[11],[35],[27],[11],[8],[3],[15],[-2],[13],[-4],[12],[22],[-2],[10],[31],[5],[-1],[2],[3],[-1],[3],[-3],[16],[-6],[16],[-4],[0],[4],[3],[8],[7],[30],[-1],[29],[16],[2],[-3],[-8],[17],[-2],[3],[31],[7],[-8],[-7],[13],[-3],[-6],[-5],[7],[-5],[-3],[20],[11],[-7],[-5],[25],[7],[-9],[-10],[18],[7],[-6],[14],[14],[-5],[-6],[10],[-8],[19],[5],[-9],[14],[17],[-7],[8],[20],[8],[-6],[22],[-5],[-4],[-3],[15],[19],[-1],[-2],[24],[9],[-3],[-1],[-2],[-6],[16],[5],[-10],[18],[20],[-7],[11],[14],[-2],[-1],[27],[11],[-2],[33],[18],[-5],[20],[-6],[11],[21],[2],[2],[26],[13],[-4],[6],[22],[-1],[5],[31],[13],[-5],[7],[-5],[-3],[16],[-3],[-1],[27],[3],[3],[6],[7],[-3],[-1],[-3],[29],[-2],[5],[-10],[3],[2],[3],[26],[-3],[2],[17],[3],[2],[13],[-5],[3],[28],[18],[4],[2],[28],[8],[-5],[14],[22],[9],[-5],[30],[10],[-6],[-8],[-8],[23],[10],[-4],[2],[2],[-7],[18],[16],[3],[-6],[26],[11],[-5],[15],[23],[-2],[-5],[-6],[-8],[8],[-8],[22],[10],[-9],[10],[6],[2],[3],[5],[7],[7],[-2],[16],[26],[13],[-4],[2],[22],[-1],[6],[29],[6],[9],[2],[34],[5],[2],[21],[6],[-6],[-2],[-5],[5],[-9],[27],[13],[-1],[2],[-2],[12],[28],[16],[7],[4],[23],[8],[4],[31],[15],[-1],[18],[30],[8],[6],[8],[14],[2],[12],[-3],[31],[12],[13],[13],[-3],[34],[18],[3],[4],[4],[6],[19],[6],[19],[31],[6],[15],[-4],[13],[24],[7],[10],[5],[18],[29],[11],[2],[30],[21],[5],[5],[24],[4],[26],[11],[-3],[18],[28],[7],[7],[31],[14],[-3],[22],[4],[23],[29],[8],[6],[24],[5],[2],[3],[18],[23],[2],[7],[4],[3],[19],[5],[12],[6],[24],[9],[4],[7],[8],[28],[5],[3],[3],[35],[10],[6],[30],[27],[10],[8],[27],[4],[5],[8],[4],[6],[-4],[32],[12],[13],[28],[13],[2],[6],[2],[5],[5],[33],[8],[12],[6],[5],[7],[13],[11],[15],[3],[14],[2],[2],[26],[-1],[10],[-4],[30],[16],[6],[39],[19],[7],[38],[7],[10],[34],[11],[5],[32],[14],[4],[37],[19],[6],[6],[8],[12],[6],[9],[39],[23],[6],[8],[29],[10],[13],[28],[14],[6],[35],[16],[10],[8],[5],[18],[24],[8],[11],[32],[16],[5],[6],[15],[-1],[30],[4],[27],[11],[-4],[18],[13],[-4],[14],[27],[7],[7],[4],[31],[15],[4],[18],[4],[2],[5],[5],[29],[14],[-1],[34],[2],[26],[10],[8],[6],[24],[10],[12],[35],[21],[3],[11],[2],[-1],[-3],[21],[3],[18],[27],[8],[21],[-7],[29],[20],[6],[9],[6],[5],[-2],[24],[-2],[3],[23],[10],[-5],[14],[24],[10],[-3],[19],[3],[5],[31],[13],[-1],[17],[2],[-2],[28],[10],[2],[4],[2],[13],[2],[30],[10],[6],[31],[3],[7],[29],[4],[29],[13],[4],[17],[24],[-1],[-3],[23],[4],[-8],[18],[18],[3],[6],[3],[2],[-5],[16],[-6],[12],[26],[5],[-2],[-8],[-6],[22],[-8],[14],[22],[9],[-6],[26],[3],[-1],[27],[13],[2],[6],[32],[11],[-9],[11],[2],[-2],[20],[24],[7],[-8],[26],[15],[4],[5],[3],[3],[-3],[3],[26],[2],[-3],[-5],[11],[-2],[3],[3],[2],[3],[7],[27],[11],[2],[6],[0],[18],[26],[8],[-8],[6],[2],[34],[20],[7],[8],[3],[20],[-3],[14],[-5],[4],[3],[2],[26],[10],[-6],[10],[18],[4],[-11],[11],[-5],[-3],[23],[-3],[26],[-6],[-4],[7],[-10],[22],[11],[-6],[-5],[20],[4],[-9],[6],[-5],[-2],[15],[-6],[-7],[23],[11],[2],[19],[4],[4],[25],[11],[-4],[-2],[27],[13],[-8],[22],[-6],[-9],[-2],[-3],[22],[6],[-9],[-8],[-12],[10],[20],[5],[2],[30],[14],[-4],[-5],[24],[5],[-8],[-6],[-2],[-2],[-5],[-2],[-8],[-6],[-12],[-10],[8],[17],[-8],[2],[-5],[2],[15],[-3],[4],[28],[10],[-4],[12],[22],[-3],[21],[-1],[4],[26],[13],[-3],[3],[6],[-5],[4],[3],[3],[-1],[27],[3],[3],[30],[15],[-4],[20],[-8],[6],[2],[-5],[-6],[-4],[19],[-4],[2],[-2],[-3],[3],[13],[-2],[-1],[2],[4],[10],[-3],[18],[26],[4],[6],[3],[6],[8],[23],[5],[4],[29],[15],[2],[-1],[14],[-3],[2],[14],[2],[-1],[16],[-1],[3],[27],[13],[-8],[7],[20],[-5],[-6],[-6],[20],[5],[-10],[22],[-8],[14],[-1],[-4],[23],[14],[-6],[-2],[13],[-5],[-1],[19],[3],[2],[29],[18],[-2],[15],[27],[2],[13],[15],[-3],[-1],[29],[10],[-5],[15],[-1],[4],[3],[-3],[2],[29],[2],[31],[10],[2],[30],[23],[3],[16],[21],[-3],[25],[3],[20],[4],[3],[28],[2],[27],[12],[2],[2],[22],[-3],[16],[19],[2],[16],[3],[5],[32],[19],[6],[6],[37],[23],[10],[8],[4],[2],[27],[10],[12],[3],[10],[32],[19],[4],[19],[25],[3],[-1],[15],[25],[10],[2],[30],[18],[5],[10],[23],[3],[18],[26],[2],[4],[37],[20],[6],[10],[6],[16],[2],[-1],[26],[6],[21],[7],[11],[36],[22],[7],[8],[35],[11],[4],[30],[23],[4],[11],[6],[34],[7],[3],[17],[3],[7],[6],[7],[34],[5],[21],[-1],[20],[5],[8],[8],[26],[6],[2],[5],[5],[11],[31],[16],[-2],[3],[18],[5],[-3],[27],[5],[13],[10],[-1],[7],[24],[5],[14],[3],[5],[22],[4],[5],[28],[15],[-1],[26],[21],[5],[32],[6],[7],[11],[28],[10],[10],[32],[-3],[26],[5],[6],[9],[7],[7],[9],[6],[31],[8],[-8],[26],[-5],[29],[23],[8],[11],[6],[8],[34],[7],[6],[8],[5],[36],[-1],[5],[6],[36],[12],[2],[32],[22],[2],[2],[2],[35],[6],[4],[17],[4],[2],[3],[3],[2],[-3],[3],[24],[7],[2],[26],[17],[-2],[12],[14],[-11],[22],[12],[-3],[32],[17],[3],[-1],[-2],[-3],[3],[-4],[24],[11],[-3],[-3],[-2],[-5],[14],[21],[10],[-8],[26],[21],[10],[6],[14],[2],[23],[9],[8],[35],[19],[9],[14],[30],[17],[7],[11],[36],[5],[38],[10],[35],[5],[21],[2],[3],[7],[5],[10],[8],[36],[19],[5],[14],[19],[-2],[26],[21],[5],[6],[30],[7],[3],[28],[8],[-8],[22],[18],[7],[10],[33],[7],[8],[4],[3],[10],[5],[6],[4],[27],[11],[-1],[30],[-1],[5],[7],[3],[2],[33],[15],[3],[6],[22],[3],[-2],[29],[-2],[5],[7],[3],[7],[12],[10],[31],[23],[6],[2],[-3],[25],[2],[4],[-4],[29],[5],[-11],[23],[20],[3],[11],[-6],[13],[-4],[-2],[4],[5],[27],[11],[2],[34],[19],[4],[4],[29],[4],[-3],[-2],[-7],[22],[12],[-5],[12],[27],[13],[3],[12],[-2],[14],[19],[3],[3],[20],[3],[2],[28],[10],[-5],[12],[20],[6],[-13],[-7],[-5],[-5],[22],[5],[-6],[23],[7],[-4],[3],[-4],[13],[23],[2],[2],[30],[5],[2],[4],[6],[-3],[24],[3],[19],[-5],[13],[15],[-9],[21],[-5],[2],[11],[-10],[2],[-3],[-5],[2],[4],[15],[3],[10],[3],[-4],[-2],[0],[26],[4],[3],[26],[16],[-3],[-3],[26],[7],[2],[30],[-1],[-4],[22],[-4],[7],[-5],[2],[2],[-5],[-3],[-4],[-3],[3],[7],[-4],[27],[11],[-1],[31],[3],[2],[11],[7],[21],[7],[-4],[-1],[2],[-4],[-5],[28],[-4],[-2],[4],[33],[15],[-4],[16],[3],[-2],[24],[11],[-6],[-4],[25],[-1],[-9],[-4],[2],[-2],[2],[23],[2],[-2],[-6],[-6],[-4],[-4],[8],[-5],[-2],[4],[23],[11],[-3],[15],[22],[8],[-7],[-2],[26],[-5],[-5],[12],[-2],[11],[-5],[-5],[13],[-6],[2],[6],[6],[28],[-9],[12],[19],[7],[2],[30],[2],[27],[-1],[-2],[27],[6],[8],[34],[20],[3],[18],[-1],[-1],[26],[8],[-10],[18],[19],[-3],[7],[-8],[10],[21],[3],[-12],[11],[-4],[-1],[28],[7],[7],[28],[-4],[29],[11],[-4],[-3],[22],[8],[-4],[2],[24],[4],[31],[15],[-1],[-4],[23],[7],[-6],[-5],[20],[8],[-3],[14],[2],[-2],[-2],[27],[-5],[-5],[-4],[-4],[2],[22],[3],[4],[2],[-1],[20],[5],[-11],[27],[14],[-3],[17],[2],[2],[7],[12],[7],[27],[5],[5],[32],[17],[-4],[27],[3],[3],[4],[27],[5],[3],[4],[2],[6],[6],[35],[-2],[16],[22],[5],[3],[7],[4],[31],[15],[2],[6],[16],[4],[-4],[-5],[12],[25],[-2],[-4],[3],[2],[31],[-2],[3],[18],[-2],[8],[-9],[11],[18],[3],[2],[28],[4],[3],[2],[2],[10],[2],[20],[19],[6],[29],[8],[28],[14],[5],[35],[4],[3],[23],[4],[-10],[23],[-4],[22],[-2],[-3],[27],[13],[-5],[13],[26],[6],[10],[5],[30],[15],[-3],[12],[23],[13],[-3],[13],[22],[8],[2],[22],[5],[35],[6],[5],[5],[4],[5],[4],[26],[7],[8],[37],[27],[5],[22],[7],[4],[10],[2],[20],[5],[8],[11],[4],[30],[17],[6],[10],[24],[7],[11],[35],[17],[3],[4],[31],[18],[5],[-2],[18],[28],[7],[6],[36],[9],[4],[-3],[28],[4],[22],[7],[8],[4],[31],[11],[22],[5],[10],[30],[3],[4],[4],[3],[28],[10],[12],[12],[14],[14],[37],[19],[-3],[-3],[5],[6],[32],[12],[4],[13],[-4],[22],[23],[10],[2],[31],[12],[-1],[19],[5],[7],[21],[11],[10],[20],[4],[22],[5],[14],[2],[26],[8],[-13],[26],[14],[-2],[-2],[2],[5],[26],[11],[2],[-1],[26],[-1],[27],[10],[-5],[15],[-2],[-2],[10],[24],[13],[3],[4],[28],[12],[-4],[12],[23],[9],[-7],[27],[13],[-4],[-6],[26],[-4],[3],[7],[2],[31],[2],[19],[19],[4],[2],[27],[-6],[-6],[-8],[-4],[10],[-7],[11],[2],[-5],[-3],[2],[20],[4],[5],[-1],[-2],[26],[-4],[-8],[-3],[25],[12],[-4],[-2],[2],[13],[-8],[-4],[22],[8],[-5],[13],[-2],[2],[13],[-5],[13],[-2],[3],[3],[2],[29],[15],[-8],[-6],[17],[-5],[12],[21],[8],[-3],[6],[31],[13],[-10],[10],[-8],[13],[23],[11],[-5],[22],[24],[4],[16],[2],[-1],[-8],[-2],[2],[25],[2],[2],[24],[11],[-4],[29],[13],[-1],[4],[31],[16],[-6],[10],[21],[6],[-9],[-2],[3],[2],[2],[-1],[2],[-5],[-3],[-2],[18],[3],[-6],[-11],[8],[20],[5],[-8],[20],[22],[8],[-5],[27],[11],[-3],[-3],[22],[-4],[-5],[19],[10],[2],[27],[-3],[2],[22],[8],[-8],[4],[15],[4],[-10],[16],[18],[4],[2],[-2],[-1],[28],[-3],[13],[20],[-4],[8],[-7],[11],[19],[-2],[3],[33],[2],[6],[-3],[20],[-2],[5],[3],[2],[27],[11],[-6],[11],[24],[3],[3],[26],[5],[7],[4],[30],[15],[-3],[10],[20],[6],[-6],[27],[14],[-3],[-6],[20],[-9],[-11],[14],[-1],[-2],[24],[14],[3],[5],[-5],[20],[-1],[6],[7],[26],[3],[9],[-3],[18],[22],[8],[-9],[10],[14],[-6],[-6],[-5],[-3],[20],[-1],[30],[-3],[10],[-7],[-6],[21],[8],[-8],[11],[22],[-2],[28],[18],[-1],[14],[23],[11],[-2],[23],[24],[3],[6],[6],[17],[5],[34],[14],[2],[35],[8],[12],[16],[11],[38],[4],[15],[21],[3],[7],[29],[4],[3],[5],[4],[29],[0],[3],[-1],[30],[13],[4],[5],[4],[10],[3],[31],[-1],[25],[-3],[-4],[18],[6],[-8],[-3],[2],[14],[0],[31],[-4],[11],[-9],[18],[21],[10],[2],[31],[17],[4],[5],[30],[3],[29],[3],[29],[2],[17],[-4],[13],[-5],[15],[-8],[-5],[-2],[2],[-1],[2],[21],[7],[2],[28],[19],[-2],[2],[26],[6],[5],[30],[15],[-3],[-1],[22],[3],[22],[9],[2],[31],[6],[8],[26],[10],[12],[35],[19],[4],[5],[26],[2],[26],[3],[5],[10],[13],[8],[11],[32],[19],[4],[7],[29],[2],[14],[-7],[19],[16],[5],[3],[3],[16],[4],[4],[8],[4],[6],[23],[-3],[26],[3],[10],[8],[-2],[-1],[2],[-8],[-4],[13],[2],[9],[5],[6],[4],[24],[5],[7],[21],[5],[3],[32],[15],[5],[37],[20],[10],[37],[23],[10],[8],[33],[20],[2],[6],[15],[-2],[16],[22],[11],[13],[29],[7],[28],[11],[11],[36],[23],[7],[29],[4],[7],[6],[30],[20],[10],[24],[2],[34],[26],[7],[5],[21],[6],[29],[7],[12],[32],[19],[7],[2],[2],[27],[13],[3],[32],[15],[-1],[19],[-3],[15],[6],[6],[28],[13],[-2],[-1],[4],[5],[6],[4],[34],[15],[-1],[13],[24],[2],[-3],[8],[-6],[30],[8],[10],[4],[6],[6],[29],[14],[-1],[16],[25],[11],[2],[5],[3],[28],[5],[6],[12],[12],[33],[17],[2],[36],[27],[8],[12],[12],[2],[8],[8],[8],[28],[9],[14],[5],[4],[-1],[6],[3],[21],[8],[2],[29],[17],[6],[22],[2],[4],[23],[3],[14],[-3],[-2],[22],[2],[6],[8],[8],[-7],[8],[-8],[21],[-1],[3],[-7],[21],[-4],[-6],[-4],[-11],[14],[-4],[7],[-13],[14],[13],[-3],[-2],[5],[-11],[22],[-9],[-5],[23],[7],[-12],[10],[17],[3],[-13],[24],[6],[-6],[-5],[-4],[-1],[3],[2],[-1],[-1],[3],[19],[3],[4],[2],[32],[20],[2],[2],[34],[20],[4],[3],[7],[-7],[24],[22],[3],[5],[3],[14],[-2],[13],[16],[-4],[2],[23],[2],[28],[11],[-4],[29],[15],[-3],[-3],[-2],[26],[12],[-5],[3],[-4],[-9],[18],[20],[5],[4],[-2],[4],[26],[13],[-3],[-3],[3],[23],[2],[28],[13],[-2],[18],[4],[17],[-2],[10],[12],[-1],[-3],[4],[-9],[-4],[10],[22],[-5],[21],[7],[-5],[-5],[-1],[15],[5],[2],[26],[13],[-5],[2],[-3],[14],[2],[-3],[-1],[-5],[4],[34],[19],[4],[2],[28],[-2],[3],[27],[11],[-2],[25],[13],[-3],[19],[17],[2],[2],[-4],[-5],[23],[11],[-2],[18],[22],[4],[-5],[8],[-35],[35],[46],[7],[53],[-14],[-77],[-45],[19],[4],[47],[71],[77],[-87],[-55],[34],[9],[-48],[-32],[122],[36],[-98],[-35],[80],[18],[23],[-29],[-21],[35],[4],[-31],[20],[40],[24],[-17],[-42],[14],[24],[-11],[11],[33],[-3],[-34],[4],[8],[14],[43],[19],[-4],[19],[-6],[-18],[-3],[42],[-2],[-4],[5],[24],[-12],[24],[24],[32],[-1],[-27],[-1],[-1],[3],[-4],[10],[29],[6],[-19],[13],[14],[36],[14],[-10],[-6],[24],[18],[9],[22],[13],[21],[-12],[-10],[34],[24],[5],[6],[22],[-1],[-4],[27],[25],[7],[38],[14],[-22],[4],[21],[10],[7],[25],[11],[-3],[-16],[-17],[22],[27],[17],[12],[27],[-13],[-9],[2],[-9],[42],[31],[6],[3],[10],[-4],[2],[3],[10],[16],[17],[-2],[-7],[23],[12],[5],[11],[-2],[15],[18],[4],[-2],[30],[14],[-2],[17],[-6],[9],[26],[10],[-2],[38],[17],[3],[12],[24],[7],[-5],[13],[-3],[13],[-2],[13],[12],[4],[34],[24],[19],[12],[34],[5],[2],[26],[6],[-8],[18],[31],[7],[3],[36],[18],[2],[15],[-2],[2],[6],[6],[28],[3],[7],[7],[29],[8],[7],[14],[3],[38],[7],[13],[42],[15],[12],[36],[21],[6],[14],[39],[24],[6],[13],[6],[38],[15],[-2],[30],[21],[4],[16],[27],[14],[-2],[15],[17],[3],[19],[25],[13],[-5],[36],[22],[-2],[8],[40],[19],[-2],[2],[8],[7],[4],[34],[12],[11],[4],[8],[35],[16],[-3],[22],[16],[15],[36],[16],[3],[22],[28],[12],[2],[26],[14],[6],[37],[16],[4],[7],[23],[5],[28],[19],[4],[21],[6],[2],[8],[10],[31],[16],[11],[20],[3],[7],[13],[34],[12],[10],[37],[25],[6],[22],[11],[4],[8],[25],[7],[3],[11],[12],[7],[8],[5],[3],[30],[16],[6],[10],[12],[2],[7],[23],[5],[7],[30],[6],[27],[10],[6],[36],[27],[7],[3],[34],[19],[4],[-2],[20],[2],[7],[27],[14],[3],[16],[2],[26],[23],[4],[19],[23],[8],[-6],[22],[8],[-9],[10],[18],[3],[-1],[29],[14],[-5],[18],[-4],[11],[-8],[4],[21],[5],[-9],[13],[21],[7],[2],[30],[18],[2],[10],[27],[5],[4],[10],[-6],[-3],[0],[-2],[28],[3],[7],[2],[4],[5],[-1],[5],[-4],[2],[-2],[24],[-3],[-3],[4],[26],[11],[-3],[14],[2],[4],[6],[10],[23],[11],[-3],[15],[18],[-1],[-3],[5],[-11],[2],[-9],[26],[13],[-3],[12],[26],[-3],[-1],[3],[29],[15],[-2],[3],[21],[8],[10],[2],[-6],[15],[-3],[-3],[-3],[15],[15],[-1],[2],[16],[-1],[-3],[-2],[-5],[-4],[2],[23],[8],[-1],[20],[4],[2],[-6],[29],[19],[-1],[2],[-4],[13],[19],[-1],[4],[27],[11],[-1],[5],[4],[-1],[15],[2],[-2],[34],[9],[8],[31],[3],[9],[-11],[26],[2],[4],[3],[26],[7],[-8],[18],[-3],[28],[13],[4],[-3],[14],[-2],[3],[28],[12],[-6],[16],[2],[-2],[26],[11],[-5],[2],[17],[3],[2],[30],[19],[-1],[13],[-4],[12],[-4],[13],[14],[-1],[2],[23],[2],[24],[-2],[28],[12],[-5],[18],[6],[4],[28],[3],[-10],[12],[-5],[2],[10],[-6],[22],[7],[-5],[23],[5],[-5],[28],[14],[-1],[13],[-1],[3],[-4],[34],[22],[-4],[13],[-2],[-2],[29],[14],[-2],[-3],[28],[-5],[24],[-3],[-5],[18],[16],[-1],[2],[0],[5],[32],[-5],[21],[10],[-3],[-6],[-8],[18],[2],[-14],[-10],[-4],[-4],[16],[-5],[2],[13],[-4],[2],[14],[-5],[-5],[20],[8],[-2],[-6],[-1],[-3],[-4],[24],[-11],[-7],[-4],[-11],[2],[16],[-4],[-1],[4],[16],[-3],[31],[2],[19],[4],[-6],[12],[-3],[27],[10],[2],[-3],[-4],[-8],[22],[21],[7],[4],[29],[22],[4],[4],[19],[-1],[23],[8],[-3],[14],[30],[10],[8],[33],[17],[-5],[20],[-3],[-8],[27],[12],[-2],[33],[3],[28],[6],[-9],[14],[14],[22],[2],[23],[-8],[-11],[17],[27],[2],[24],[-12],[-14],[23],[23],[15],[-2],[19],[3],[2],[27],[-3],[-3],[17],[-3],[-2],[33],[15],[-5],[7],[19],[3],[-9],[27],[26],[6],[5],[20],[-6],[20],[28],[7],[4],[0],[29],[4],[11],[36],[8],[31],[22],[6],[15],[-1],[14],[29],[7],[9],[4],[30],[29],[15],[15],[8],[20],[6],[18],[36],[8],[9],[36],[26],[10],[18],[32],[12],[40],[20],[11],[30],[15],[14],[38],[21],[-1],[18],[-3],[7],[6],[19],[28],[16],[6],[27],[23],[5],[5],[34],[8],[33],[3],[6],[10],[33],[18],[2],[38],[13],[3],[29],[8],[12],[5],[5],[34],[19],[2],[3],[30],[2],[-4],[4],[3],[-3],[16],[26],[9],[5],[23],[-3],[2],[20],[-3],[31],[20],[8],[11],[27],[3],[6],[22],[6],[3],[32],[11],[2],[21],[5],[19],[3],[19],[30],[12],[-6],[18],[26],[15],[-4],[18],[10],[34],[15],[4],[18],[26],[12],[11],[11],[4],[39],[2],[5],[37],[21],[5],[8],[12],[-4],[28],[21],[7],[12],[36],[13],[3],[37],[28],[5],[19],[3],[2],[12],[-2],[4],[14],[27],[6],[-1],[16],[4],[6],[6],[37],[-1],[18],[6],[25],[2],[-1],[18],[22],[4],[2],[20],[3],[2],[31],[2],[24],[11],[-5],[-5],[-8],[30],[12],[-5],[14],[17],[2],[6],[27],[-2],[10],[-6],[10],[-3],[2],[37],[-4],[19],[18],[-1],[10],[24],[-4],[2],[2],[-7],[-5],[3],[3],[2],[2],[-1],[7],[-6],[-1],[-4],[12],[-2],[2],[29],[10],[2],[29],[8],[-8],[10],[17],[5],[-16],[27],[15],[-6],[13],[23],[8],[-6],[-5],[6],[17],[2],[-1],[5],[36],[21],[5],[-3],[-2],[30],[-2],[-5],[5],[2],[28],[16],[-9],[29],[15],[-3],[-10],[27],[12],[-6],[20],[27],[11],[18],[6],[34],[21],[5],[2],[23],[2],[23],[3],[4],[2],[23],[11],[-4],[30],[13],[-5],[26],[13],[-3],[-5],[24],[2],[2],[-3],[18],[5],[-9],[19],[4],[-7],[5],[-1],[23],[11],[-5],[-6],[-5],[21],[4],[-2],[11],[-1],[33],[2],[30],[18],[3],[2],[27],[-2],[-1],[-1],[15],[23],[-2],[28],[3],[25],[9],[-7],[2],[32],[2],[4],[3],[2],[2],[-1],[14],[23],[10],[-8],[18],[-1],[8],[-6],[-1],[6],[-13],[24],[3],[-11],[-6],[-9],[-6],[-3],[7],[4],[29],[14],[3],[28],[-4],[-10],[5],[-8],[12],[8],[-9],[6],[-10],[7],[22],[3],[-11],[7],[13],[-2],[-13],[19],[-2],[-10],[19],[4],[-9],[-10],[-9],[18],[3],[-8],[-6],[-4],[-8],[-11],[6],[18],[-4],[2],[25],[9],[-7],[12],[11],[-4],[11],[-5],[2],[-3],[27],[17],[3],[7],[34],[2],[3],[29],[4],[26],[7],[6],[8],[10],[38],[23],[3],[21],[26],[2],[2],[-1],[20],[5],[10],[3],[3],[4],[32],[14],[-1],[29],[5],[2],[26],[20],[4],[36],[7],[-2],[4],[5],[2],[13],[3],[31],[7],[13],[-5],[-4],[12],[-3],[15],[23],[-4],[4],[6],[9],[2],[30],[2],[29],[2],[27],[15],[4],[13],[-4],[18],[24],[2],[10],[-6],[14],[2],[-2],[23],[-1],[-6],[23],[6],[-6],[11],[-9],[6],[2],[3],[7],[3],[10],[19],[-3],[7],[9],[6],[37],[11],[13],[5],[6],[13],[12],[35],[5],[5],[7],[10],[32],[16],[-1],[14],[25],[12],[3],[40],[15],[6],[32],[14],[2],[5],[10],[8],[34],[8],[2],[40],[12],[11],[7],[29],[10],[7],[5],[20],[29],[5],[6],[10],[39],[8],[24],[14],[23],[6],[18],[12],[11],[26],[6],[-5],[4],[8],[8],[11],[30],[13],[13],[35],[19],[2],[34],[28],[10],[13],[10],[34],[-2],[19],[4],[29],[12],[14],[31],[3],[14],[5],[7],[8],[6],[37],[18],[3],[5],[23],[14],[-3],[34],[29],[7],[18],[24],[7],[12],[32],[14],[7],[15],[43],[10],[22],[11],[11],[2],[30],[3],[27],[25],[5],[4],[22],[6],[7],[33],[5],[36],[21],[-3],[22],[24],[5],[19],[20],[4],[20],[2],[3],[19],[2],[5],[4],[2],[38],[11],[5],[30],[15],[2],[4],[30],[20],[7],[6],[28],[3],[-3],[14],[13],[2],[32],[-1],[-3],[4],[23],[12],[-5],[15],[23],[8],[10],[28],[12],[-10],[29],[15],[-2],[20],[5],[19],[7],[6],[30],[5],[2],[26],[15],[-1],[-3],[20],[-4],[4],[2],[31],[3],[-2],[2],[7],[6],[29],[13],[-9],[30],[2],[16],[-9],[10],[-5],[-4],[-1],[-6],[-5],[-2],[-4],[-2],[-4],[-5],[26],[13],[-1],[30],[-3],[-3],[-3],[-5],[10],[16],[-9],[11],[19],[-1],[-2],[-5],[2],[27],[11],[-3],[34],[22],[-1],[29],[12],[-3],[22],[6],[-10],[10],[14],[4],[6],[30],[-2],[5],[8],[2],[32],[-2],[22],[-5],[15],[22],[4],[8],[10],[37],[20],[6],[4],[26],[11],[-5],[-3],[23],[-2],[-5],[10],[-9],[18],[8],[-9],[-8],[-11],[10],[-4],[28],[11],[-6],[6],[16],[3],[-8],[10],[20],[7],[-12],[14],[14],[-2],[-12],[8],[-8],[24],[-4],[3],[-10],[24],[8],[-10],[23],[-6],[11],[-6],[11],[-5],[7],[-9],[-10],[18],[4],[-10],[27],[20],[7],[5],[30],[10],[-9],[23],[16],[-3],[-5],[31],[-3],[22],[23],[11],[-5],[34],[19],[3],[30],[5],[5],[21],[-3],[7],[-10],[22],[-2],[-2],[25],[15],[3],[4],[30],[7],[3],[3],[-1],[3],[27],[12],[-6],[29],[-4],[22],[8],[-4],[27],[-1],[-13],[6],[11],[-8],[16],[-11],[-9],[-10],[11],[-3],[-11],[19],[4],[-13],[8],[15],[-13],[-10],[-8],[-9],[17],[5],[-6],[-8],[4],[-14],[18],[7],[-6],[24],[11],[-5],[-5],[20],[-12],[-9],[11],[-11],[-5],[-8],[18],[-12],[-10],[13],[-1],[-3],[28],[16],[2],[2],[19],[2],[-11],[14],[13],[-5],[-5],[-8],[19],[18],[-2],[-3],[-8],[23],[16],[-3],[-3],[29],[13],[-6],[-9],[-9],[-9],[-9],[-6],[27],[11],[-5],[-5],[18],[3],[-15],[27],[5],[-7],[8],[-5],[22],[-3],[31],[15],[-1],[2],[-5],[-3],[29],[-5],[5],[-10],[22],[5],[-5],[6],[-5],[-5],[6],[2],[28],[16],[-6],[8],[-4],[-2],[30],[12],[-8],[15],[-9],[12],[-4],[15],[-9],[-6],[-10],[24],[16],[-4],[18],[19],[3],[8],[-6],[10],[21],[-2],[4],[33],[3],[5],[7],[7],[32],[16],[2],[7],[10],[7],[35],[5],[31],[15],[8],[39],[25],[7],[8],[6],[21],[5],[7],[36],[18],[4],[6],[9],[2],[6],[33],[3],[5],[10],[3],[7],[10],[34],[13],[-5],[34],[24],[12],[2],[3],[13],[3],[3],[5],[5],[11],[12],[20],[6],[26],[25],[12],[12],[4],[21],[5],[11],[27],[7],[21],[20],[3],[6],[4],[10],[30],[4],[7],[10],[36],[4],[7],[5],[30],[10],[-5],[16],[24],[11],[2],[34],[21],[7],[3],[27],[11],[-5],[13],[19],[5],[11],[32],[6],[5],[21],[8],[6],[28],[-1],[2],[28],[15],[-1],[12],[24],[14],[-4],[36],[8],[4],[2],[26],[26],[6],[6],[7],[24],[10],[7],[33],[18],[3],[10],[24],[4],[5],[7],[16],[15],[40],[24],[9],[7],[35],[20],[5],[8],[33],[16],[6],[17],[2],[34],[31],[10],[16],[3],[23],[12],[14],[36],[17],[6],[8],[21],[7],[38],[23],[12],[20],[10],[5],[34],[22],[7],[18],[30],[16],[2],[2],[5],[31],[5],[3],[6],[2],[7],[5],[28],[16],[2],[4],[2],[29],[12],[-2],[20],[30],[5],[3],[-5],[-8],[18],[5],[6],[3],[20],[-1],[-1],[22],[2],[16],[4],[3],[29],[13],[3],[17],[10],[7],[4],[18],[10],[21],[4],[10],[31],[18],[-3],[35],[19],[-1],[15],[24],[5],[8],[28],[12],[2],[6],[26],[7],[6],[34],[23],[5],[6],[5],[10],[30],[3],[10],[31],[15],[3],[19],[19],[4],[18],[31],[17],[4],[7],[4],[6],[36],[18],[5],[3],[32],[8],[8],[11],[3],[32],[6],[5],[5],[-1],[29],[15],[-2],[3],[29],[15],[3],[6],[21],[9],[-5],[22],[-2],[-3],[-7],[-8],[24],[11],[-4],[4],[-7],[26],[22],[9],[2],[26],[14],[-5],[7],[-5],[4],[4],[20],[-3],[2],[4],[33],[19],[5],[3],[28],[12],[-1],[4],[-2],[-3],[2],[31],[7],[35],[12],[8],[8],[6],[34],[15],[2],[34],[18],[-1],[4],[4],[-4],[34],[20],[6],[6],[23],[-5],[24],[12],[-3],[31],[15],[2],[8],[-6],[28],[18],[-3],[-4],[30],[-3],[2],[4],[29],[16],[3],[5],[33],[2],[19],[-4],[-4],[-6],[-3],[-1],[15],[2],[-2],[-3],[2],[-2],[-3],[-12],[18],[10],[-5],[-6],[-6],[2],[-14],[10],[16],[-2],[-1],[23],[-7],[20],[5],[-9],[28],[11],[3],[27],[17],[3],[23],[4],[6],[30],[2],[13],[-5],[-5],[27],[-5],[-4],[3],[13],[-2],[2],[4],[4],[18],[-1],[4],[19],[4],[4],[29],[3],[29],[15],[-3],[4],[-4],[-2],[-3],[2],[-1],[-5],[7],[-10],[14],[20],[-2],[-1],[27],[13],[-4],[-5],[23],[-3],[-5],[13],[-5],[2],[23],[-2],[-6],[21],[-7],[-5],[11],[-6],[2],[20],[-4],[17],[3],[2],[27],[-9],[-11],[-10],[22],[-2],[-11],[22],[8],[-9],[2],[19],[5],[-5],[24],[11],[-11],[18],[12],[-4],[-8],[20],[7],[-10],[7],[14],[-6],[7],[-12],[-1],[-12],[-7],[-9],[8],[8],[-8],[-7],[-5],[2],[-10],[25],[11],[-3],[12],[5],[-6],[24],[-4],[2],[-4],[23],[-4],[-6],[2],[21],[-6],[13],[-6],[-8],[26],[-3],[26],[2],[29],[2],[-1],[13],[-4],[26],[13],[-2],[6],[7],[-2],[2],[-6],[26],[11],[2],[38],[24],[10],[11],[24],[7],[-6],[30],[17],[5],[22],[10],[10],[4],[3],[5],[8],[37],[21],[5],[34],[24],[6],[4],[34],[24],[5],[15],[-3],[14],[21],[7],[5],[32],[19],[5],[10],[2],[26],[24],[5],[8],[5],[6],[29],[2],[7],[-8],[30],[19],[-1],[2],[12],[2],[27],[2],[4],[3],[34],[18],[-4],[6],[26],[10],[-5],[-4],[2],[-1],[14],[2],[4],[7],[3],[28],[11],[-1],[20],[10],[10],[10],[10],[34],[19],[3],[30],[2],[26],[8],[10],[39],[15],[2],[39],[30],[17],[19],[11],[10],[8],[15],[11],[27],[29],[11],[12],[38],[10],[8],[23],[33],[20],[9],[26],[11],[8],[19],[4],[34],[29],[12],[13],[23],[12],[44],[28],[5],[20],[26],[-2],[20],[-2],[21],[4],[2],[-3],[28],[-1],[-1],[15],[2],[36],[23],[10],[14],[-1],[2],[31],[16],[-1],[2],[18],[-1],[4],[-4],[-1],[2],[7],[8],[3],[3],[4],[29],[11],[-3],[25],[12],[-3],[13],[23],[9],[-1],[28],[12],[-2],[-1],[-2],[14],[3],[2],[21],[-2],[4],[-1],[2],[30],[2],[7],[36],[17],[2],[18],[-2],[4],[22],[-3],[15],[22],[2],[5],[6],[29],[8],[9],[37],[20],[2],[6],[26],[10],[2],[37],[22],[12],[4],[18],[23],[3],[5],[4],[5],[6],[11],[12],[24],[8],[6],[32],[20],[2],[5],[11],[36],[20],[5],[4],[24],[8],[8],[33],[7],[7],[7],[30],[8],[2],[29],[20],[4],[4],[4],[20],[3],[26],[2],[16],[4],[32],[11],[6],[31],[2],[2],[14],[-8],[20],[12],[-4],[14],[23],[10],[-3],[30],[13],[0],[4],[24],[4],[2],[-1],[9],[-8],[18],[-3],[23],[5],[36],[12],[-5],[20],[24],[4],[4],[7],[3],[17],[16],[2],[-1],[15],[23],[10],[-3],[17],[2],[6],[26],[11],[-4],[21],[8],[-5],[30],[-5],[24],[2],[28],[5],[11],[6],[24],[4],[17],[24],[3],[3],[28],[7],[-5],[27],[-5],[18],[20],[2],[6],[2],[2],[12],[-5],[-6],[-5],[-2],[23],[-3],[4],[26],[3],[15],[-5],[11],[-5],[2],[21],[-8],[-4],[5],[-11],[-11],[-11],[-2],[-4],[-4],[-4],[2],[-1],[-2],[-8],[-6],[-8],[-4],[2],[21],[-3],[-1],[14],[-4],[-3],[27],[-12],[10],[10],[-4],[23],[9],[-5],[12],[-3],[-6],[-5],[-9],[18],[5],[-11],[20],[19],[5],[6],[-4],[18],[14],[-1],[10],[-5],[-7],[18],[19],[3],[3],[4],[28],[14],[2],[7],[31],[7],[5],[21],[5],[2],[27],[19],[6],[4],[3],[29],[-2],[-1],[24],[12],[-4],[27],[10],[-9],[28],[14],[-6],[-6],[-2],[-4],[15],[-2],[5],[-1],[11],[21],[7],[-7],[15],[-3],[2],[-5],[14],[-2],[3],[31],[-4],[24],[11],[-8],[2],[19],[6],[-10],[-8],[6],[14],[-6],[-8],[5],[-9],[2],[3],[29],[11],[-9],[26],[-1],[-1],[27],[-5],[-2],[-1],[16],[27],[13],[-2],[14],[-3],[14],[2],[24],[7],[-9],[24],[5],[8],[28],[12],[-3],[15],[23],[7],[14],[34],[19],[5],[4],[27],[10],[6],[32],[21],[8],[8],[28],[12],[2],[2],[26],[23],[11],[6],[34],[22],[11],[3],[8],[23],[5],[3],[4],[11],[11],[35],[5],[21],[6],[8],[36],[21],[6],[4],[29],[13],[3],[6],[29],[12],[2],[31],[19],[6],[8],[6],[31],[15],[-1],[19],[14],[-4],[2],[2],[27],[5],[4],[22],[7],[-6],[30],[11],[0],[33],[4],[5],[5],[24],[5],[10],[5],[4],[17],[2],[5],[31],[15],[4],[8],[33],[12],[11],[26],[3],[10],[29],[13],[4],[6],[9],[11],[12],[14],[7],[5],[13],[11],[35],[6],[11],[11],[35],[15],[12],[37],[5],[19],[6],[24],[10],[29],[14],[5],[6],[5],[12],[2],[32],[9],[11],[11],[27],[6],[18],[29],[6],[5],[10],[18],[27],[6],[6],[30],[13],[-2],[27],[14],[-8],[26],[13],[-4],[14],[21],[7],[-10],[20],[3],[5],[10],[2],[28],[18],[6],[10],[34],[21],[3],[2],[-5],[27],[14],[3],[5],[3],[20],[8],[6],[10],[10],[6],[6],[2],[5],[6],[5],[-2],[18],[23],[2],[2],[3],[-6],[26],[7],[8],[8],[25],[2],[36],[21],[5],[5],[3],[3],[15],[-2],[13],[3],[10],[21],[2],[3],[-4],[2],[4],[4],[34],[12],[-5],[-4],[-2],[27],[13],[2],[27],[-2],[3],[3],[-5],[3],[30],[10],[-3],[18],[13],[-4],[2],[-4],[18],[-6],[11],[21],[4],[-12],[20],[4],[-11],[-10],[17],[5],[-7],[10],[-5],[-8],[-9],[-8],[10],[19],[-9],[21],[3],[-11],[12],[4],[2],[22],[7],[3],[14],[-4],[-3],[-2],[-4],[10],[22],[2],[-1],[26],[10],[-6],[-6],[-8],[-9],[14],[9],[-9],[7],[5],[-10],[-8],[14],[-6],[27],[4],[-11],[29],[15],[-3],[-3],[28],[2],[2],[27],[3],[3],[25],[-6],[19],[6],[-9],[14],[23],[5],[2],[-4],[18],[15],[-1],[24],[4],[5],[28],[10],[-2],[32],[2],[-2],[8],[-10],[23],[-3],[-3],[-6],[26],[13],[-2],[-3],[19],[-8],[18],[4],[-1],[28],[2],[-2],[22],[6],[-1],[28],[12],[-8],[-6],[-7],[8],[18],[-5],[-5],[27],[8],[-7],[-4],[-6],[15],[-2],[-2],[-4],[23],[-2],[-1],[26],[11],[-8],[12],[-2],[-7],[-5],[-5],[13],[-1],[-3],[-5],[10],[-4],[28],[8],[-6],[-4],[27],[-3],[-2],[2],[6],[-10],[22],[8],[-6],[11],[11],[-4],[14],[26],[13],[5],[-3],[15],[25],[-1],[3],[29],[6],[38],[11],[11],[38],[23],[7],[6],[-2],[4],[6],[36],[20],[6],[3],[29],[3],[27],[7],[7],[5],[6],[4],[4],[7],[5],[13],[-5],[18],[13],[-1],[13],[-4],[12],[19],[-5],[-1],[14],[-4],[2],[27],[-5],[22],[8],[-4],[12],[-3],[-3],[2],[2],[2],[3],[28],[4],[29],[9],[-3],[32],[14],[-6],[14],[-2],[6],[-3],[23],[-2],[3],[15],[17],[3],[5],[33],[2],[5],[4],[25],[12],[-3],[16],[2],[-3],[5],[5],[29],[13],[5],[22],[3],[21],[6],[6],[32],[4],[3],[18],[26],[5],[32],[12],[-3],[3],[35],[22],[8],[8],[32],[12],[-6],[30],[19],[8],[2],[33],[19],[5],[37],[24],[3],[29],[14],[2],[34],[27],[9],[6],[6],[9],[38],[21],[3],[6],[8],[16],[6],[33],[18],[3],[19],[27],[5],[5],[30],[8],[6],[30],[16],[4],[5],[2],[31],[22],[8],[6],[-3],[18],[24],[11],[4],[31],[13],[-3],[16],[4],[31],[4],[7],[19],[33],[11],[10],[29],[12],[6],[35],[20],[7],[10],[12],[11],[34],[21],[8],[40],[6],[21],[31],[5],[2],[3],[19],[4],[4],[5],[5],[6],[7],[17],[19],[10],[10],[36],[19],[5],[16],[4],[19],[2],[19],[-1],[4],[28],[5],[19],[-1],[2],[4],[10],[26],[7],[8],[11],[-4],[22],[-3],[14],[15],[3],[5],[7],[29],[2],[13],[-3],[-3],[-3],[21],[-1],[21],[8],[-6],[31],[17],[4],[4],[3],[27],[16],[6],[10],[7],[2],[-6],[30],[18],[2],[3],[27],[12],[-1],[14],[24],[11],[-5],[10],[3],[5],[24],[9],[-9],[19],[21],[-1],[11],[-5],[13],[6],[5],[2],[27],[-2],[32],[15],[-3],[-3],[23],[2],[6],[20],[6],[-8],[22],[17],[6],[6],[31],[4],[32],[16],[-5],[16],[3],[-2],[2],[-2],[-2],[17],[25],[8],[-11],[12],[23],[4],[3],[5],[21],[7],[4],[5],[5],[2],[9],[8],[3],[22],[23],[4],[3],[-1],[3],[3],[-3],[-8],[21],[-4],[10],[5],[8],[2],[-5],[4],[6],[-3],[19],[5],[35],[18],[2],[-3],[-2],[2],[12],[-4],[-4],[5],[-11],[20],[11],[-12],[-9],[-4],[-8],[-10],[7],[-5],[-4],[28],[8],[-8],[-8],[-9],[-5],[-10],[-17],[4],[-8],[-10],[20],[8],[-12],[6],[-5],[19],[-4],[26],[-1],[3],[-3],[23],[10],[-6],[8],[17],[3],[-10],[22],[6],[-8],[7],[14],[-4],[-5],[21],[11],[-9],[12],[-13],[23],[15],[-1],[2],[24],[6],[-8],[7],[19],[-4],[10],[22],[10],[-2],[7],[-1],[16],[22],[6],[-8],[27],[9],[-3],[27],[7],[-4],[2],[19],[-4],[34],[-6],[-5],[2],[24],[13],[-4],[10],[11],[-11],[26],[12],[-1],[3],[16],[3],[2],[-3],[18],[-9],[10],[10],[-5],[-9],[-8],[-14],[6],[12],[-5],[-2],[26],[-9],[-3],[-4],[11],[2],[28],[12],[-5],[11],[24],[-5],[12],[19],[3],[-13],[18],[15],[-2],[-5],[-4],[6],[-4],[18],[-1],[32],[20],[-1],[4],[-7],[14],[2],[-3],[26],[21],[5],[5],[32],[15],[4],[2],[28],[13],[2],[16],[29],[4],[16],[24],[-1],[35],[20],[7],[7],[31],[2],[2],[4],[3],[8],[11],[36],[4],[6],[29],[12],[-3],[10],[27],[2],[17],[5],[3],[29],[4],[3],[17],[4],[35],[3],[3],[4],[3],[34],[17],[6],[21],[32],[14],[-1],[21],[25],[12],[6],[35],[21],[4],[23],[-4],[11],[14],[4],[6],[32],[18],[2],[5],[31],[18],[8],[22],[4],[4],[30],[7],[6],[9],[39],[14],[10],[29],[5],[20],[4],[4],[34],[21],[5],[4],[21],[6],[5],[32],[21],[2],[15],[2],[-2],[35],[11],[-5],[32],[15],[2],[2],[23],[8],[2],[24],[12],[-6],[13],[23],[-2],[-4],[3],[2],[30],[18],[4],[14],[-1],[22],[6],[13],[-3],[34],[3],[-1],[3],[14],[5],[28],[7],[7],[38],[5],[5],[3],[3],[4],[-2],[11],[-2],[18],[26],[2],[10],[4],[16],[4],[39],[10],[10],[36],[26],[11],[6],[35],[6],[5],[22],[21],[7],[10],[28],[13],[12],[35],[7],[9],[12],[33],[19],[9],[39],[15],[3],[18],[31],[18],[2],[23],[24],[13],[6],[12],[8],[6],[7],[21],[4],[14],[4],[6],[6],[4],[5],[20],[25],[7],[5],[31],[16],[4],[14],[3],[18],[27],[5],[5],[4],[-1],[31],[11],[2],[7],[5],[34],[16],[-4],[18],[2],[3],[34],[16],[-3],[30],[17],[2],[31],[-2],[2],[-3],[-2],[-2],[24],[20],[3],[5],[5],[34],[2],[4],[8],[4],[6],[23],[4],[7],[33],[22],[9],[12],[16],[6],[7],[13],[2],[30],[23],[10],[2],[3],[3],[-1],[7],[6],[19],[-5],[10],[-3],[27],[8],[4],[24],[-5],[11],[21],[-3],[15],[18],[-10],[23],[-3],[-3],[5],[-10],[22],[16],[-1],[2],[24],[4],[6],[29],[24],[58],[56],[35],[-5],[-32],[-18],[-27],[-30],[-28],[-17],[20],[29],[32],[47],[39],[10],[-3],[-6],[10],[12],[10],[33],[15],[21],[45],[21],[-13],[4],[-20],[-27],[-11],[5],[38],[13],[23],[35],[28],[43],[3],[7],[-16],[-15],[11],[-13],[-12],[-2],[2],[2],[32],[12],[-13],[13],[8],[-3],[22],[35],[16],[2],[37],[24],[-2],[17],[-11],[-28],[-14],[8],[7],[7],[14],[13],[21],[20],[8],[-5],[3],[-11],[-9],[17],[7],[-5],[-3],[6],[12],[36],[8],[-14],[10],[-11],[-5],[13],[28],[47],[68],[42],[23],[2],[-25],[-34],[-18],[-27],[-41],[-18],[12],[14],[-6],[27],[-8],[2],[19],[-4],[8],[20],[13],[39],[18],[33],[5],[-11],[10],[-2],[5],[-3],[-6],[-11],[-6],[-16],[19],[2],[9],[-4],[18],[45],[23],[10],[39],[13],[-6],[26],[8],[-17],[9],[15],[-6],[-12],[26],[0],[-2],[-10],[20],[8],[-5],[36],[13],[14],[12],[36],[19],[-26],[-4],[-17],[-13],[-7],[29],[38],[26],[12],[-8],[-13],[-27],[-10],[-21],[-17],[-3],[7],[12],[20],[18],[15],[5],[20],[3],[-17],[-5],[-10],[12],[26],[14],[3],[6],[-4],[-18],[-13],[6],[23],[13],[24],[21],[-4],[32],[15],[-9],[-12],[19],[13],[-4],[10],[13],[-6],[-4],[-5],[11],[2],[18],[12],[4],[31],[11],[-8],[2],[-10],[-11],[-3],[5],[-3],[22],[13],[5],[5],[23],[2],[11],[19],[-6],[2],[-7],[-3],[2],[4],[14],[16],[5],[4],[2],[-6],[-6],[-5],[11],[-14],[-9],[34],[25],[18],[26],[10],[25],[3],[-9],[-9],[4],[-13],[-5],[35],[36],[22],[11],[-4],[8],[-9],[-10],[25],[4],[14],[3],[25],[30],[10],[4],[13],[-7],[-4],[8],[17],[47],[25],[19],[47],[29],[11],[29],[15],[27],[90],[97],[87],[82],[86],[37],[-10],[-26],[-41],[-28],[-35],[-16],[5],[52],[61],[38],[30],[35],[-17],[-60],[-27],[-40],[10],[25],[46],[18],[-8],[-45],[-50],[-14],[-38],[-59],[-31],[18],[39],[-12],[-24],[-69],[-98],[-90],[-72],[-4],[54],[77],[93],[60],[-34],[-89],[-141],[-176],[-170],[-177],[-166],[-130],[-156],[-179],[-172],[-221],[-257],[-203],[-52],[248],[522],[645],[519],[360],[242],[88],[-141],[-299],[-350],[-347],[-303],[-127],[101],[152],[109],[66],[91],[108],[45],[20],[58],[116],[163],[285],[328],[239],[96],[-25],[-98],[-198],[-227],[-161],[-70],[65],[218],[354],[343],[257],[174],[98],[8],[-85],[-121],[-73],[-4],[90],[115],[147],[120],[30],[-9],[26],[-6],[-36],[2],[98],[148],[184],[167],[148],[41],[-63],[-92],[-115],[-142],[-153],[-94],[-58],[-33],[-7],[3],[-6],[-59],[-117],[-143],[-185],[-204],[-216],[-265],[-280],[-305],[-346],[-422],[-435],[-366],[-123],[357],[905],[1028],[710],[397],[288],[55],[-356],[-643],[-591],[-477],[-427],[-193],[239],[395],[189],[21],[79],[207],[100],[-73],[17],[229],[290],[365],[411],[396],[81],[-222],[-313],[-308],[-386],[-423],[-269],[10],[235],[391],[496],[451],[275],[74],[-10],[-75],[-178],[-226],[-114],[-1],[37],[62],[63],[-31],[-156],[-193],[-136],[-13],[45],[145],[365],[454],[407],[359],[255],[83],[-130],[-252],[-210],[-188],[-146],[6],[174],[245],[244],[210],[164],[50],[-68],[-110],[-58],[-49],[-40],[13],[119],[155],[59],[16],[36],[-19],[-91],[-64],[16],[17],[22],[37],[56],[30],[-90],[-133],[-94],[-105],[-110],[-37],[16],[38],[52],[46],[52],[4],[-50],[-77],[-65],[-49],[-101],[-115],[-117],[-136],[-159],[-153],[-143],[-163],[-223],[-221],[-229],[-287],[-386],[-427],[-252],[351],[887],[950],[609],[321],[203],[-32],[-392],[-561],[-524],[-536],[-441],[-27],[391],[418],[110],[31],[95],[63],[-77],[-112],[-32],[-5],[117],[404],[511],[327],[91],[-54],[-147],[-260],[-346],[-320],[-223],[-86],[163],[447],[485],[340],[220],[138],[64],[-94],[-148],[-66],[-7],[29],[136],[225],[165],[3],[-65],[-79],[-88],[-134],[-79],[80],[226],[265],[294],[282],[126],[-28],[-112],[-140],[-192],[-186],[-107],[26],[107],[129],[153],[159],[32],[-103],[-154],[-117],[-163],[-154],[-75],[54],[134],[118],[116],[101],[-11],[-105],[-126],[-123],[-123],[-93],[-13],[-4],[-47],[-80],[-141],[-178],[-227],[-257],[-264],[-231],[-190],[-176],[-187],[-214],[-277],[-304],[-124],[390],[859],[791],[475],[255],[163],[-51],[-341],[-461],[-371],[-389],[-307],[84],[423],[347],[90],[38],[94],[30],[-89],[-105],[-8],[31],[141],[376],[430],[277],[43],[-82],[-153],[-261],[-321],[-272],[-128],[19],[196],[364],[399],[228],[93],[45],[-34],[-118],[-153],[-83],[26],[60],[123],[194],[139],[26],[-83],[-63],[-62],[-57],[-20],[170],[269],[283],[292],[272],[113],[-30],[-113],[-128],[-148],[-168],[-62],[64],[117],[130],[154],[139],[50],[-69],[-114],[-104],[-95],[-160],[-124],[10],[40],[-5],[-26],[-32],[-84],[-123],[-135],[-85],[-50],[-56],[-60],[-72],[-133],[-234],[-292],[-324],[-347],[-393],[-376],[-400],[-470],[-440],[-38],[630],[1076],[1020],[659],[463],[348],[-69],[-478],[-602],[-599],[-572],[-385],[55],[388],[269],[59],[59],[195],[132],[-10],[-47],[44],[130],[285],[432],[450],[245],[3],[-162],[-253],[-340],[-442],[-360],[-185],[13],[290],[494],[501],[346],[201],[144],[32],[-149],[-209],[-157],[-82],[13],[120],[183],[136],[-3],[-45],[-17],[-82],[-91],[7],[154],[262],[346],[340],[296],[141],[-4],[-89],[-114],[-123],[-169],[-76],[81],[128],[113],[157],[124],[27],[-50],[-81],[-69],[-125],[-158],[-91],[15],[42],[4],[-33],[-57],[-115],[-130],[-144],[-91],[-78],[-90],[-58],[-22],[-92],[-189],[-238],[-292],[-369],[-416],[-382],[-408],[-479],[-517],[-378],[115],[766],[1122],[970],[668],[434],[227],[-147],[-509],[-633],[-595],[-520],[-306],[117],[421],[278],[72],[90],[244],[170],[-17],[-35],[59],[163],[284],[443],[410],[231],[-64],[-221],[-290],[-379],[-427],[-355],[-146],[67],[325],[468],[480],[326],[191],[96],[-5],[-159],[-171],[-117],[-39],[63],[195],[229],[172],[20],[-75],[-115],[-130],[-133],[-9],[158],[277],[374],[380],[302],[176],[6],[-70],[-98],[-160],[-137],[-25],[64],[98],[136],[140],[103],[2],[-77],[-113],[-106],[-109],[-113],[-42],[31],[22],[11],[5],[-35],[-90],[-94],[-90],[-102],[-102],[-94],[-122],[-144],[-177],[-243],[-284],[-294],[-370],[-430],[-461],[-509],[-539],[-273],[341],[959],[1127],[888],[608],[461],[204],[-271],[-593],[-626],[-602],[-532],[-226],[222],[324],[127],[58],[206],[304],[135],[-40],[-13],[95],[190],[343],[461],[381],[173],[-35],[-142],[-234],[-398],[-426],[-323],[-132],[124],[351],[469],[368],[244],[212],[118],[-27],[-164],[-150],[-84],[31],[170],[267],[271],[119],[-4],[-44],[-64],[-158],[-161],[-45],[148],[246],[319],[320],[251],[96],[56],[29],[-43],[-97],[-100],[17],[65],[87],[128],[110],[76],[-57],[-131],[-130],[-147],[-158],[-144],[-65],[19],[3],[-38],[-37],[-94],[-132],[-142],[-118],[-121],[-208],[-240],[-229],[-234],[-320],[-432],[-522],[-629],[-611],[-354],[168],[629],[923],[901],[776],[598],[293],[-93],[-425],[-579],[-571],[-473],[-229],[26],[173],[132],[75],[91],[101],[62],[-10],[31],[160],[303],[427],[514],[442],[260],[44],[-146],[-300],[-412],[-438],[-366],[-134],[101],[260],[355],[314],[252],[211],[159],[63],[-33],[-57],[-46],[75],[135],[140],[116],[47],[15],[-42],[-85],[-79],[-53],[50],[178],[307],[325],[251],[131],[37],[-76],[-120],[-121],[-118],[-38],[14],[124],[154],[140],[114],[99],[-5],[-81],[-125],[-145],[-140],[-123],[-84],[-61],[-47],[-90],[-97],[-149],[-155],[-150],[-107],[-64],[-66],[-98],[-161],[-234],[-327],[-390],[-408],[-449],[-519],[-490],[-201],[221],[527],[691],[717],[613],[402],[139],[-121],[-328],[-475],[-490],[-349],[-123],[48],[127],[97],[118],[104],[109],[98],[78],[52],[117],[208],[310],[349],[309],[203],[27],[-106],[-249],[-323],[-331],[-250],[-80],[138],[278],[291],[266],[244],[149],[69],[-3],[-58],[-64],[-12],[68],[154],[105],[43],[38],[5],[-76],[-92],[-29],[28],[105],[230],[301],[292],[204],[77],[20],[-39],[-90],[-92],[-22],[13],[66],[93],[115],[107],[69],[-20],[-69],[-107],[-112],[-149],[-119],[-107],[-73],[-41],[-44],[-56],[-119],[-130],[-166],[-202],[-238],[-278],[-304],[-323],[-406],[-511],[-593],[-628],[-457],[-22],[565],[901],[865],[675],[513],[304],[-28],[-382],[-606],[-617],[-511],[-302],[-8],[198],[159],[74],[68],[131],[100],[-73],[-117],[11],[214],[427],[526],[548],[390],[170],[-21],[-219],[-385],[-500],[-451],[-289],[-51],[160],[350],[384],[326],[260],[173],[44],[-75],[-149],[-112],[31],[115],[169],[192],[128],[15],[-42],[-106],[-155],[-145],[-6],[166],[291],[354],[348],[267],[158],[63],[-58],[-115],[-129],[-106],[6],[105],[164],[176],[165],[161],[55],[-37],[-160],[-181],[-177],[-140],[-104],[-11],[-21],[-37],[-76],[-101],[-116],[-125],[-128],[-141],[-172],[-186],[-218],[-292],[-378],[-459],[-558],[-661],[-611],[-314],[261],[763],[915],[830],[664],[507],[211],[-245],[-534],[-607],[-611],[-487],[-181],[84],[124],[58],[86],[193],[196],[93],[-5],[40],[195],[310],[430],[484],[421],[187],[3],[-150],[-297],[-437],[-428],[-283],[-106],[135],[300],[374],[359],[335],[255],[128],[-29],[-130],[-172],[-123],[-54],[38],[152],[232],[164],[64],[20],[-6],[-54],[-33],[96],[190],[226],[256],[293],[220],[116],[10],[-51],[-88],[-124],[-105],[-3],[51],[110],[207],[227],[159],[75],[-40],[-84],[-108],[-170],[-194],[-154],[-126],[-116],[-113],[-106],[-91],[-105],[-129],[-141],[-156],[-225],[-280],[-278],[-298],[-354],[-422],[-502],[-512],[-265],[251],[673],[806],[667],[516],[431],[206],[-205],[-441],[-508],[-511],[-412],[-153],[98],[146],[31],[70],[225],[220],[63],[-13],[29],[135],[262],[396],[500],[386],[229],[46],[-84],[-256],[-424],[-424],[-297],[-122],[69],[225],[310],[360],[342],[287],[197],[15],[-81],[-109],[-65],[12],[103],[150],[164],[134],[71],[38],[-42],[-97],[-50],[46],[159],[235],[261],[259],[216],[146],[61],[-34],[-102],[-137],[-101],[-5],[103],[134],[138],[176],[88],[-40],[-113],[-139],[-162],[-174],[-93],[-30],[43],[16],[-32],[-65],[-92],[-195],[-236],[-243],[-223],[-244],[-247],[-234],[-272],[-337],[-411],[-513],[-589],[-409],[135],[670],[864],[774],[629],[567],[340],[-128],[-479],[-556],[-586],[-530],[-310],[18],[116],[85],[111],[254],[304],[130],[-48],[-21],[137],[234],[336],[432],[380],[235],[59],[-70],[-206],[-394],[-452],[-333],[-165],[55],[208],[293],[320],[342],[334],[207],[15],[-96],[-136],[-54],[7],[92],[166],[209],[156],[132],[95],[-13],[-94],[-64],[7],[92],[176],[236],[256],[234],[202],[86],[-8],[-86],[-133],[-118],[8],[66],[90],[124],[146],[104],[-8],[-87],[-149],[-178],[-197],[-174],[-104],[-21],[-24],[-49],[-48],[-77],[-140],[-186],[-176],[-213],[-225],[-219],[-204],[-246],[-355],[-445],[-565],[-599],[-405],[140],[654],[788],[658],[558],[583],[349],[-105],[-424],[-478],[-511],[-470],[-274],[-12],[98],[5],[44],[215],[269],[61],[-99],[-42],[103],[220],[357],[416],[354],[230],[69],[-24],[-189],[-355],[-431],[-334],[-157],[-12],[116],[254],[293],[364],[324],[180],[7],[-145],[-153],[-90],[-19],[51],[146],[212],[195],[166],[104],[44],[-59],[-72],[25],[126],[155],[173],[239],[271],[209],[104],[38],[-81],[-146],[-107],[-9],[38],[59],[130],[171],[141],[38],[-43],[-130],[-139],[-187],[-146],[-112],[-77],[-38],[-26],[-21],[-4],[-84],[-153],[-170],[-153],[-195],[-191],[-203],[-227],[-254],[-331],[-418],[-538],[-596],[-398],[100],[565],[710],[667],[592],[545],[304],[-75],[-398],[-489],[-538],[-510],[-286],[-30],[28],[-20],[98],[230],[229],[50],[-62],[-30],[110],[205],[322],[383],[318],[205],[89],[-62],[-219],[-396],[-432],[-332],[-186],[-10],[127],[234],[302],[376],[336],[182],[-1],[-109],[-97],[-43],[36],[84],[139],[203],[163],[106],[40],[-29],[-56],[-5],[112],[160],[164],[203],[243],[203],[164],[66],[-13],[-53],[-27],[15],[80],[134],[117],[101],[103],[45],[-64],[-149],[-136],[-139],[-149],[-129],[-63],[-25],[-3],[3],[-37],[-101],[-148],[-206],[-198],[-177],[-184],[-186],[-180],[-206],[-288],[-404],[-473],[-536],[-478],[-193],[268],[658],[728],[617],[557],[423],[150],[-240],[-458],[-501],[-495],[-369],[-180],[55],[63],[55],[132],[226],[116],[-65],[-82],[-2],[117],[241],[316],[379],[340],[205],[56],[-74],[-266],[-376],[-393],[-281],[-133],[4],[152],[258],[317],[343],[318],[143],[-43],[-106],[-56],[-22],[34],[102],[151],[193],[162],[144],[58],[-32],[-49],[6],[76],[126],[194],[213],[247],[252],[160],[59],[27],[-52],[-59],[-12],[50],[116],[112],[127],[151],[56],[-68],[-107],[-109],[-139],[-161],[-106],[-21],[5],[8],[-13],[-38],[-90],[-101],[-142],[-125],[-132],[-134],[-130],[-84],[-123],[-203],[-268],[-337],[-414],[-482],[-544],[-398],[17],[549],[764],[736],[598],[497],[318],[-74],[-400],[-511],[-518],[-493],[-276],[-5],[149],[94],[108],[197],[237],[80],[-116],[-112],[-3],[151],[262],[358],[368],[258],[85],[-33],[-144],[-334],[-417],[-371],[-188],[-23],[126],[259],[371],[403],[358],[257],[53],[-104],[-142],[-78],[-27],[44],[134],[196],[199],[172],[134],[32],[-52],[-75],[-28],[58],[81],[147],[194],[250],[232],[170],[112],[33],[-32],[-27],[12],[27],[35],[41],[52],[45],[-9],[-44],[-58],[-91],[-102],[-58],[-61],[-29],[-51],[-59],[-20],[-44],[-98],[-116],[-102],[-69],[-43],[-89],[-138],[-190],[-193],[-219],[-247],[-314],[-373],[-457],[-454],[-304],[28],[456],[665],[619],[514],[469],[261],[-83],[-374],[-442],[-438],[-402],[-255],[-4],[110],[78],[112],[191],[195],[52],[-82],[-86],[20],[140],[206],[257],[270],[216],[55],[-65],[-174],[-266],[-321],[-281],[-145],[7],[142],[264],[311],[372],[326],[196],[30],[-86],[-113],[-51],[-8],[58],[166],[210],[183],[171],[74],[-48],[-110],[-109],[-54],[33],[150],[228],[286],[325],[284],[172],[57],[-38],[-106],[-98],[-93],[-41],[54],[103],[131],[119],[44],[-16],[-74],[-110],[-118],[-144],[-112],[-61],[-12],[18],[10],[-11],[-88],[-130],[-100],[-85],[-107],[-92],[-32],[-38],[-72],[-114],[-163],[-228],[-290],[-303],[-329],[-363],[-390],[-328],[-95],[304],[591],[580],[442],[338],[244],[10],[-253],[-373],[-388],[-330],[-188],[-14],[109],[133],[55],[91],[150],[58],[-109],[-162],[-89],[31],[150],[210],[244],[204],[162],[83],[5],[-89],[-184],[-164],[-110],[22],[97],[149],[209],[237],[270],[199],[58],[-50],[-65],[-61],[21],[60],[105],[153],[131],[101],[100],[46],[-28],[-40],[-18],[54],[144],[171],[227],[232],[202],[144],[19],[-82],[-132],[-132],[-75],[3],[88],[106],[134],[110],[33],[-26],[-113],[-150],[-153],[-153],[-130],[-61],[12],[15],[20],[20],[-8],[-22],[-68],[-62],[-90],[-82],[-54],[-64],[-92],[-97],[-120],[-162],[-223],[-272],[-275],[-280],[-278],[-276],[-253],[-260],[-110],[115],[359],[460],[415],[327],[243],[62],[-117],[-272],[-320],[-283],[-229],[-98],[50],[51],[38],[32],[66],[52],[-66],[-130],[-62],[16],[111],[227],[307],[286],[231],[166],[44],[-52],[-137],[-181],[-155],[-60],[54],[143],[221],[245],[244],[190],[64],[-24],[-85],[-85],[-35],[66],[133],[190],[223],[186],[123],[38],[-26],[-109],[-152],[-123],[-23],[84],[167],[234],[275],[203],[104],[2],[-88],[-149],[-139],[-81],[-43],[27],[114],[126],[99],[33],[-37],[-124],[-177],[-182],[-120],[-63],[-6],[80],[106],[114],[97],[21],[-30],[-81],[-133],[-146],[-133],[-134],[-85],[-92],[-69],[-110],[-109],[-112],[-136],[-152],[-133],[-99],[-54],[-41],[-62],[-104],[-199],[-278],[-281],[-146],[39],[155],[174],[194],[258],[230],[80],[5],[-74],[-106],[-89],[-45],[32],[84],[45],[36],[70],[95],[-3],[-85],[-44],[-3],[55],[158],[187],[260],[255],[213],[168],[99],[38],[-38],[-72],[-34],[-5],[60],[88],[117],[154],[164],[111],[49],[-4],[2],[-19],[-5],[39],[48],[63],[100],[81],[51],[28],[-28],[-44],[-27],[12],[24],[67],[111],[117],[108],[51],[15],[-18],[-5],[-13],[-6],[10],[37],[61],[94],[63],[11],[-17],[-29],[-69],[-84],[-52],[-41],[-29],[-14],[31],[11],[-4],[-22],[-31],[3],[-18],[-49],[-66],[-62],[-99],[-110],[-96],[-91],[-106],[-74],[-96],[-102],[-108],[-133],[-114],[-131],[-150],[-168],[-187],[-192],[-223],[-174],[12],[186],[249],[258],[269],[267],[180],[56],[-18],[-30],[-36],[-49],[9],[96],[46],[-2],[25],[22],[-6],[-75],[-89],[-11],[49],[125],[202],[284],[253],[231],[191],[115],[47],[-19],[-25],[-30],[-25],[9],[16],[31],[60],[81],[98],[41],[-8],[2],[13],[11],[20],[69],[67],[91],[51],[19],[12],[-5],[-27],[-18],[34],[62],[71],[127],[146],[150],[122],[98],[29],[6],[-43],[-61],[-30],[-48],[19],[25],[44],[38],[13],[-12],[-25],[-24],[-60],[-61],[-11],[-10],[-3],[26],[42],[4],[-25],[-12],[-47],[-93],[-105],[-108],[-118],[-126],[-105],[-68],[-50],[-23],[-25],[-28],[-5],[7],[-21],[-22],[-20],[-11],[-56],[-81],[-88],[-121],[-156],[-188],[-211],[-258],[-217],[-62],[124],[241],[283],[351],[327],[257],[127],[46],[-48],[-110],[-110],[-57],[-8],[-8],[15],[18],[28],[4],[-15],[-59],[-53],[10],[111],[159],[219],[271],[229],[162],[97],[45],[-58],[-96],[-124],[-104],[-38],[15],[30],[68],[90],[82],[65],[19],[-8],[18],[23],[50],[86],[141],[116],[102],[78],[2],[-42],[-96],[-105],[-59],[-27],[26],[99],[104],[124],[110],[78],[43],[-10],[3],[-30],[-46],[-32],[-13],[17],[-12],[-42],[-70],[-85],[-121],[-101],[-105],[-74],[10],[42],[64],[109],[75],[50],[11],[-38],[-60],[-60],[-66],[-23],[-20],[-18],[18],[3],[6],[-8],[-3],[-27],[-35],[-13],[7],[19],[65],[49],[16],[-12],[-30],[-46],[-69],[-74],[-62],[-19],[-41],[-40],[-26],[-81],[-150],[-171],[-165],[-132],[-58],[55],[108],[142],[187],[151],[83],[10],[-46],[-77],[-92],[-79],[-25],[-12],[2],[46],[13],[3],[3],[-50],[-75],[-30],[2],[72],[86],[125],[141],[162],[112],[62],[22],[6],[-36],[-38],[13],[21],[18],[65],[35],[28],[15],[-13],[-38],[-4],[19],[92],[98],[103],[111],[110],[53],[-6],[-29],[-94],[-82],[-76],[-57],[-7],[31],[63],[114],[110],[72],[42],[13],[-33],[-9],[-18],[-16],[19],[36],[42],[46],[27],[23],[-19],[-49],[-52],[-39],[-17],[7],[32],[50],[39],[22],[-4],[-20],[-32],[-44],[2],[4],[36],[39],[69],[33],[-22],[-24],[-61],[-84],[-68],[-40],[-28],[6],[39],[42],[55],[-1],[-51],[-85],[-109],[-107],[-130],[-126],[-83],[-69],[-35],[-52],[-73],[-96],[-81],[-95],[-51],[40],[64],[94],[101],[107],[58],[11],[-11],[-70],[-94],[-60],[-52],[-13],[30],[22],[30],[32],[23],[4],[-20],[-5],[30],[39],[52],[96],[75],[116],[75],[59],[22],[20],[17],[4],[26],[40],[29],[45],[87],[63],[43],[18],[-3],[2],[11],[48],[46],[48],[78],[67],[52],[37],[38],[7],[-1],[14],[36],[20],[46],[49],[80],[77],[74],[77],[16],[-16],[-27],[-29],[-11],[11],[12],[46],[47],[51],[39],[29],[2],[10],[-13],[-25],[-11],[18],[21],[46],[35],[38],[31],[-9],[-9],[-37],[-50],[-51],[-54],[-13],[-9],[-9],[12],[39],[27],[13],[38],[23],[-6],[10],[-15],[-14],[-17],[-28],[-44],[-23],[-69],[-69],[-83],[-68],[-62],[-66],[-35],[8],[-5],[-22],[-20],[-38],[-58],[-73],[-88],[-86],[-93],[-77],[-21],[18],[30],[30],[45],[16],[-20],[-22],[-51],[-44],[23],[37],[50],[67],[55],[58],[15],[-12],[-43],[-56],[-19],[-17],[36],[61],[84],[103],[112],[108],[116],[76],[43],[62],[74],[65],[60],[60],[51],[42],[36],[20],[12],[20],[71],[69],[134],[149],[127],[108],[102],[44],[-16],[-8],[-19],[-8],[32],[61],[76],[91],[67],[54],[34],[-7],[-26],[-24],[-8],[47],[42],[50],[46],[34],[9],[12],[-42],[-49],[-35],[-22],[21],[27],[21],[38],[23],[-32],[-53],[-62],[-40],[-66],[-52],[-25],[39],[56],[48],[44],[27],[10],[-8],[-38],[-32],[-57],[-76],[-70],[-28],[-24],[-30],[-24],[-26],[-2],[-16],[-17],[20],[7],[-4],[21],[-3],[-17],[-28],[-69],[-67],[-97],[-118],[-112],[-108],[-57],[-17],[-7],[46],[68],[69],[56],[50],[40],[27],[28],[6],[10],[17],[-8],[-25],[10],[-20],[14],[6],[6],[34],[59],[53],[50],[78],[101],[84],[87],[117],[95],[79],[112],[94],[68],[69],[69],[50],[35],[54],[16],[30],[35],[27],[27],[61],[50],[74],[107],[94],[88],[98],[67],[37],[20],[3],[22],[-15],[-18],[6],[-30],[-34],[-35],[4],[-26],[-4],[-2],[29],[38],[26],[17],[42],[29],[-12],[-18],[4],[-20],[-42],[-46],[-41],[-54],[-63],[-32],[-38],[-40],[-6],[24],[22],[58],[39],[20],[24],[14],[-22],[-53],[-60],[-70],[-80],[-54],[-31],[-36],[-19],[15],[10],[-9],[2],[9],[-25],[-33],[-38],[-37],[-28],[-22],[-5],[-32],[-59],[-37],[-61],[-76],[-57],[-56],[-18],[-2],[13],[38],[22],[12],[5],[24],[17],[16],[54],[69],[54],[48],[58],[38],[22],[19],[40],[8],[26],[37],[43],[60],[43],[28],[31],[26],[57],[49],[75],[74],[93],[104],[77],[93],[54],[24],[37],[8],[-16],[-16],[-20],[-12],[7],[19],[62],[47],[64],[89],[76],[98],[77],[43],[44],[-1],[-23],[-35],[-43],[-13],[-27],[-36],[-32],[-29],[-15],[-5],[28],[15],[12],[20],[24],[23],[37],[13],[-20],[-41],[-28],[-60],[-42],[-57],[-57],[-42],[-28],[-10],[-12],[17],[-7],[-30],[-32],[-24],[-44],[-42],[-21],[-34],[-44],[-19],[-12],[-29],[-39],[-49],[-49],[-50],[-50],[-35],[-36],[-9],[16],[11],[2],[30],[-10],[-3],[-25],[-16],[-32],[-31],[-26],[12],[-4],[-8],[-2],[35],[16],[22],[48],[20],[10],[28],[14],[6],[7],[3],[3],[19],[21],[47],[22],[4],[10],[12],[-11],[-10],[-8],[-21],[-16],[11],[18],[54],[54],[54],[61],[89],[59],[44],[37],[12],[2],[37],[11],[-8],[4],[23],[32],[55],[29],[5],[17],[28],[12],[33],[16],[22],[59],[54],[29],[11],[24],[-18],[-21],[-14],[-10],[24],[14],[7],[26],[23],[-10],[-42],[-22],[-22],[-26],[-12],[33],[11],[14],[11],[12],[19],[-34],[-54],[-20],[-43],[-49],[-4],[13],[15],[28],[40],[28],[16],[-10],[-2],[-31],[-42],[3],[3],[-10],[18],[24],[8],[4],[19],[-17],[3],[-21],[12],[19],[16],[21],[20],[10],[24],[-14],[-22],[-31],[-36],[-30],[-34],[-28],[-18],[-18],[-20],[8],[-14],[-22],[13],[7],[-6],[16],[7],[27],[13],[-2],[18],[-5],[-9],[-11],[-8],[-6],[2],[-5],[11],[17],[8],[2],[32],[26],[13],[30],[14],[39],[26],[28],[55],[39],[24],[12],[10],[2],[13],[-3],[5],[8],[13],[42],[18],[-4],[14],[21],[10],[16],[36],[36],[55],[64],[34],[24],[13],[19],[-27],[-32],[-27],[5],[-6],[16],[34],[50],[53],[82],[62],[66],[56],[24],[4],[-6],[-12],[-13],[17],[-13],[-8],[29],[13],[28],[11],[20],[30],[54],[29],[7],[12],[36],[18],[2],[22],[13],[-16],[-8],[-7],[-26],[-43],[-26],[-16],[-27],[-27],[-16],[-11],[22],[11],[20],[23],[33],[18],[32],[6],[-18],[-5],[-21],[-27],[-13],[-6],[-5],[-6],[15],[-14],[14],[5],[-5],[-9],[22],[17],[63],[39],[36],[30],[45],[11],[-17],[18],[29],[26],[20],[52],[39],[22],[42],[5],[-9],[-11],[-26],[2],[13],[2],[10],[46],[22],[44],[56],[42],[20],[22],[22],[47],[13],[6],[30],[23],[23],[36],[58],[45],[47],[61],[38],[19],[38],[10],[-7],[27],[23],[32],[36],[64],[47],[27],[14],[4],[24],[-1],[19],[20],[35],[28],[60],[21],[17],[18],[-25],[-14],[-30],[-19],[-13],[28],[10],[16],[17],[18],[11],[7],[6],[11],[8],[5],[30],[2],[-9],[-20],[-22],[2],[-16],[-25],[-10],[34],[37],[17],[4],[33],[9],[-19],[-23],[-21],[-21],[12],[-4],[39],[27],[28],[36],[18],[10],[-4],[8],[-21],[-14],[-25],[-20],[-14],[-13],[17],[-10],[-12],[16],[-8],[-24],[-28],[-2],[-8],[-11],[9],[22],[2],[3],[-10],[-20],[-17],[18],[-2],[21],[20],[38],[54],[37],[31],[51],[28],[2],[-12],[2],[-13],[-9],[36],[37],[33],[38],[39],[19],[15],[5],[2],[30],[27],[20],[27],[28],[23],[15],[26],[3],[-25],[-17],[-7],[-10],[-5],[13],[32],[11],[23],[23],[-2],[-26],[4],[-9],[-12],[3],[29],[20],[13],[44],[17],[-11],[-22],[-3],[-16],[-29],[-14],[7],[53],[44],[32],[26],[40],[14],[-5],[2],[12],[-13],[-3],[2],[29],[8],[29],[13],[-4],[10],[10],[-13],[8],[-5],[2],[-3],[-4],[6],[-10],[10],[-6],[-12],[18],[10],[-3],[-4],[-16],[-28],[-18],[-11],[-18],[-11],[8],[13],[46],[48],[19],[29],[3],[-5],[19],[4],[-9],[17],[10],[14],[47],[21],[-4],[4],[9],[-20],[11],[-3],[-15],[-13],[14],[31],[19],[-7],[-14],[-11],[-26],[-26],[-10],[-1],[-8],[-12],[28],[19],[-4],[-18],[-22],[4],[-17],[-33],[-18],[-6],[-9],[-12],[18],[13],[-5],[-14],[-22],[-16],[4],[2],[10],[14],[14],[44],[30],[18],[41],[17],[-10],[20],[18],[4],[8],[3],[8],[11],[20],[11],[33],[-6],[13],[18],[4],[19],[8],[8],[39],[7],[2],[24],[6],[-12],[18],[10],[-17],[5],[6],[13],[39],[20],[-1],[-5],[24],[4],[5],[5],[34],[22],[11],[10],[30],[6],[-14],[-13],[-6],[-3],[30],[31],[15],[50],[35],[21],[44],[22],[-1],[-4],[21],[-9],[-6],[10],[-19],[-26],[-3],[-27],[-44],[-42],[-5],[-23],[-5],[11],[20],[24],[41],[12],[-18],[-26],[-44],[-52],[-24],[-22],[-30],[-22],[18],[6],[-1],[4],[24],[8],[2],[34],[8],[23],[4],[7],[8],[12],[-7],[29],[17],[8],[10],[20],[18],[46],[39],[20],[23],[52],[31],[9],[11],[26],[10],[13],[46],[37],[29],[28],[52],[26],[22],[47],[29],[3],[4],[29],[11],[19],[49],[25],[28],[29],[54],[31],[29],[47],[31],[17],[19],[33],[16],[12],[15],[21],[27],[44],[29],[31],[28],[23],[17],[30],[32],[13],[2],[26],[16],[5],[5],[27],[6],[-22],[-23],[-23],[4],[-8],[-11],[8],[27],[18],[16],[4],[16],[-13],[-37],[-45],[-47],[-26],[3],[-7],[3],[6],[32],[5],[-13],[8],[-17],[-22],[-11],[-18],[18],[32],[21],[8],[35],[28],[15],[16],[40],[21],[21],[45],[35],[16],[4],[21],[-3],[-17],[15],[-3],[22],[21],[27],[47],[35],[61],[33],[11],[11],[26],[11],[15],[38],[21],[10],[39],[5],[-1],[14],[-10],[-17],[14],[15],[28],[60],[55],[46],[45],[33],[58],[17],[25],[6],[14],[34],[24],[54],[40],[28],[55],[19],[38],[28],[8],[15],[23],[12],[15],[14],[17],[24],[22],[-5],[-11],[13],[-3],[-13],[-5],[5],[32],[18],[5],[2],[-8],[-21],[-7],[-32],[-38],[3],[3],[-3],[12],[13],[35],[20],[3],[8],[14],[-12],[19],[11],[5],[11],[42],[12],[37],[13],[8],[23],[2],[-13],[-8],[-1],[37],[15],[10],[29],[-8],[-14],[-19],[-5],[4],[-8],[0],[26],[7],[6],[22],[3],[-11],[24],[12],[-7],[-9],[-10],[-6],[8],[-8],[-7],[-6],[3],[15],[17],[14],[13],[11],[9],[18],[24],[2],[-3],[2],[28],[29],[14],[38],[22],[21],[14],[7],[36],[2],[24],[11],[-1],[34],[14],[-6],[-6],[-14],[-10],[-27],[-8],[16],[13],[7],[36],[37],[16],[11],[27],[6],[-13],[-9],[3],[-17],[-19],[11],[-3],[-12],[5],[-6],[-5],[18],[-10],[-10],[20],[-9],[-5],[19],[5],[34],[17],[0],[-3],[30],[13],[4],[21],[-2],[8],[12],[-19],[2],[7],[-13],[8],[15],[0],[-1],[27],[13],[-1],[4],[-12],[-1],[-16],[-26],[12],[-7],[-13],[26],[16],[3],[-3],[27],[-14],[-12],[-21],[19],[-9],[2],[24],[15],[27],[28],[10],[-12],[-14],[11],[-22],[-5],[8],[2],[-5],[24],[3],[22],[34],[19],[6],[10],[7],[-4],[-3],[-8],[12],[-12],[-13],[-1],[-17],[-14],[11],[-4],[-17],[-26],[17],[-13],[-4],[16],[15],[-9],[-16],[-21],[-25],[-11],[-26],[-24],[7],[-21],[-14],[-10],[19],[10],[-8],[-8],[22],[4],[-12],[-19],[-6],[8],[-3],[2],[29],[11],[12],[36],[20],[21],[40],[4],[21],[-1],[-6],[-3],[26],[13],[4],[5],[28],[4],[31],[30],[12],[7],[23],[9],[7],[32],[19],[4],[20],[7],[11],[14],[34],[16],[3],[38],[27],[8],[21],[16],[-3],[2],[22],[-9],[6],[-9],[-18],[16],[-4],[4],[9],[45],[32],[21],[43],[16],[-6],[-16],[-4],[-4],[-24],[-28],[7],[-13],[-8],[20],[-2],[-10],[18],[14],[-4],[-10],[18],[13],[-10],[-1],[-10],[-6],[-6],[19],[5],[-10],[-4],[-2],[-7],[17],[-4],[-22],[-16],[7],[-4],[3],[40],[19],[26],[26],[15],[14],[18],[2],[29],[7],[-13],[-12],[20],[11],[6],[11],[11],[26],[39],[33],[21],[54],[40],[29],[38],[44],[15],[15],[13],[30],[12],[14],[46],[33],[18],[25],[43],[23],[44],[25],[21],[47],[20],[47],[34],[15],[42],[29],[24],[23],[16],[37],[19],[6],[11],[13],[32],[18],[26],[19],[12],[36],[-2],[2],[16],[-3],[17],[3],[13],[21],[6],[-9],[-8],[15],[-6],[2],[19],[2],[-11],[13],[-10],[-6],[17],[7],[-6],[24],[10],[-11],[4],[-21],[5],[-12],[-24],[-14],[7],[-7],[-1],[23],[29],[15],[28],[14],[8],[-1],[-6],[21],[-6],[-4],[15],[6],[38],[25],[6],[22],[19],[4],[8],[9],[15],[43],[35],[23],[29],[44],[18],[43],[23],[-5],[28],[12],[-2],[9],[30],[14],[25],[29],[44],[26],[57],[24],[26],[47],[22],[50],[37],[23],[43],[29],[26],[47],[22],[5],[7],[4],[35],[9],[18],[27],[31],[33],[54],[35],[15],[4],[22],[-10],[-11],[18],[7],[-1],[4],[29],[-6],[-4],[-18],[-6],[-28],[-16],[-26],[-10],[-9],[20],[11],[22],[30],[-5],[-16],[-11],[-8],[-23],[-32],[2],[13],[5],[2],[34],[29],[15],[2],[26],[-8],[13],[-3],[7],[37],[26],[11],[28],[4],[-3],[-12],[15],[-1],[-12],[10],[25],[6],[19],[6],[34],[31],[13],[2],[29],[17],[-3],[11],[19],[10],[2],[34],[2],[2],[34],[14],[-1],[16],[5],[26],[14],[15],[21],[18],[46],[21],[20],[43],[26],[12],[14],[32],[15],[4],[2],[4],[6],[14],[10],[39],[19],[27],[45],[26],[16],[16],[-6],[-7],[20],[3],[-9],[-10],[23],[14],[-6],[30],[12],[-11],[-15],[12],[-2],[-17],[-12],[0],[-1],[31],[5],[3],[-12],[-1],[-22],[-25],[-27],[-21],[-18],[22],[15],[6],[7],[26],[-2],[-19],[4],[3],[-22],[12],[-2],[-8],[27],[13],[2],[11],[-12],[-15],[13],[-16],[-21],[-4],[-9],[-2],[6],[35],[12],[11],[32],[5],[6],[-11],[-9],[-10],[3],[8],[7],[32],[21],[10],[19],[16],[40],[26],[14],[23],[42],[23],[38],[19],[15],[26],[8],[2],[16],[2],[7],[38],[12],[13],[13],[14],[11],[14],[25],[11],[42],[21],[8],[4],[15],[-11],[-6],[-14],[17],[5],[-12],[18],[-6],[17],[-4],[-23],[-8],[-5],[-18],[-14],[-6],[20],[3],[-12],[20],[4],[-17],[-35],[-29],[-41],[-5],[-17],[-26],[14],[-6],[-6],[32],[16],[-1],[-2],[-8],[-13],[-15],[-17],[-18],[-3],[-20],[10],[5],[-10],[-14],[10],[7],[-12],[16],[3],[-6],[15],[3],[10],[8],[21],[9],[7],[-3],[-3],[2],[22],[-2],[28],[18],[7],[14],[18],[43],[18],[11],[34],[17],[4],[6],[8],[36],[21],[18],[20],[48],[30],[4],[30],[8],[-12],[6],[-4],[6],[22],[11],[11],[34],[36],[13],[33],[6],[-3],[-2],[-24],[-2],[-16],[-14],[-17],[-18],[-18],[-15],[-14],[7],[-21],[8],[-6],[-13],[-2],[2],[-3],[-7],[-4],[-8],[-12],[14],[-21],[-27],[-2],[-19],[-18],[12],[3],[-8],[21],[4],[2],[5],[-12],[-10],[-15],[-1],[-9],[12],[24],[11],[-3],[28],[12],[-6],[9],[-6],[2],[23],[12],[2],[17],[2],[-11],[14],[16],[4],[5],[36],[16],[30],[14],[26],[31],[19],[4],[9],[5],[2],[36],[11],[32],[13],[12],[38],[22],[10],[28],[19],[18],[51],[31],[15],[34],[27],[8],[29],[15],[-8],[-3],[18],[29],[12],[26],[12],[26],[36],[7],[5],[-6],[10],[13],[-3],[3],[34],[16],[3],[-6],[14],[-8],[-28],[2],[8],[3],[11],[43],[28],[11],[6],[28],[7],[-11],[20],[-9],[14],[-2],[4],[24],[6],[-1],[23],[10],[-9],[-1],[4],[31],[21],[12],[15],[39],[12],[7],[7],[23],[10],[4],[38],[7],[22],[12],[33],[16],[2],[32],[15],[4],[4],[14],[3],[39],[29],[13],[13],[21],[9],[24],[15],[18],[26],[23],[18],[18],[36],[16],[15],[36],[24],[12],[27],[16],[17],[20],[37],[17],[14],[10],[4],[10],[9],[13],[20],[37],[17],[14],[38],[22],[4],[4],[11],[2],[31],[-4],[20],[23],[2],[-5],[8],[9],[-12],[-16],[15],[2],[-12],[-6],[24],[4],[9],[10],[10],[2],[21],[-14],[8],[-10],[-22],[-18],[15],[6],[-6],[11],[23],[8],[-8],[23],[3],[-10],[26],[-3],[19],[9],[12],[15],[12],[27],[7],[3],[29],[3],[7],[24],[10],[-4],[29],[11],[11],[15],[21],[21],[47],[15],[39],[20],[9],[43],[31],[15],[38],[19],[44],[31],[11],[34],[21],[10],[11],[43],[14],[21],[7],[9],[11],[10],[7],[11],[8],[23],[36],[16],[16],[38],[15],[15],[39],[27],[7],[39],[17],[-5],[12],[9],[-11],[-10],[15],[-12],[9],[20],[-5],[-2],[3],[-1],[-8],[19],[3],[-21],[16],[8],[-8],[-2],[28],[8],[2],[23],[5],[-17],[6],[3],[-23],[-5],[-13],[-6],[-11],[-9],[26],[-8],[-2],[-6],[-4],[2],[15],[-10],[-8],[-3],[-3],[-3],[2],[19],[20],[3],[2],[22],[3],[4],[21],[14],[5],[39],[22],[5],[22],[18],[-5],[23],[22],[4],[22],[36],[26],[16],[46],[15],[8],[34],[6],[5],[37],[6],[8],[8],[12],[13],[12],[38],[4],[27],[11],[-4],[-6],[25],[11],[4],[19],[22],[7],[8],[37],[6],[5],[5],[8],[4],[4],[28],[7],[-13],[-12],[9],[-8],[-17],[-13],[-4],[6],[4],[-6],[2],[8],[-14],[-17],[-19],[-17],[-7],[-18],[2],[10],[-7],[-18],[19],[5],[-7],[15],[-5],[-9],[-13],[-14],[-14],[-2],[-17],[-2],[9],[-9],[-18],[9],[-5],[28],[18],[3],[10],[8],[15],[7],[36],[5],[5],[28],[10],[3],[16],[24],[-4],[22],[13],[5],[7],[28],[13],[34],[15],[3],[33],[18],[8],[9],[7],[34],[20],[7],[22],[10],[14],[16],[12],[32],[-6],[13],[-3],[-4],[4],[4],[27],[15],[-10],[27],[17],[7],[11],[36],[25],[5],[26],[-4],[7],[-14],[-4],[8],[-5],[-13],[2],[3],[16],[2],[-2],[21],[-8],[-15],[-2],[-13],[-5],[-2],[5],[-3],[-6],[15],[-5],[-19],[-10],[4],[-8],[-14],[26],[8],[-4],[14],[-3],[-6],[12],[-11],[-13],[-13],[14],[2],[-6],[20],[19],[3],[-11],[23],[-8],[24],[6],[-2],[2],[30],[17],[6],[22],[31],[5],[4],[-1],[3],[-12],[26],[20],[8],[13],[38],[21],[3],[8],[17],[6],[26],[12],[11],[38],[11],[25],[4],[4],[34],[4],[19],[-3],[-3],[7],[-5],[8],[-8],[13],[22],[5],[5],[27],[12],[3],[33],[-5],[12],[16],[-8],[-6],[-6],[-1],[-11],[5],[16],[-1],[-11],[5],[15],[5],[-9],[23],[-6],[-10],[11],[-14],[5],[-10],[-8],[-5],[6],[-12],[2],[-12],[14],[-8],[-9],[-2],[5],[36],[23],[2],[28],[12],[-8],[2],[7],[-11],[-8],[22],[13],[2],[37],[26],[11],[8],[34],[21],[3],[29],[7],[10],[29],[8],[34],[2],[14],[2],[15],[-1],[6],[31],[8],[8],[34],[13],[12],[15],[12],[40],[15],[10],[21],[10],[37],[21],[10],[35],[19],[7],[30],[12],[2],[37],[17],[10],[23],[35],[20],[13],[44],[20],[19],[41],[10],[3],[26],[5],[-3],[-6],[19],[3],[11],[34],[22],[8],[23],[6],[2],[-2],[-4],[27],[3],[-8],[32],[15],[4],[19],[2],[6],[18],[-13],[8],[-11],[-9],[26],[3],[10],[12],[24],[8],[38],[25],[-3],[7],[12],[-3],[-9],[14],[-6],[3],[2],[8],[10],[37],[20],[2],[38],[28],[12],[13],[28],[15],[18],[31],[12],[19],[26],[5],[8],[32],[10],[13],[16],[23],[42],[23],[50],[12],[10],[7],[36],[9],[38],[26],[13],[35],[42],[21],[46],[12],[23],[18],[42],[28],[12],[12],[8],[16],[17],[43],[29],[14],[14],[11],[22],[4],[12],[27],[-3],[23],[2],[4],[3],[11],[7],[28],[6],[8],[32],[-2],[4],[26],[14],[-5],[3],[23],[-12],[20],[10],[-7],[-4],[-16],[18],[14],[-4],[11],[22],[7],[4],[-2],[3],[5],[30],[-4],[26],[-1],[4],[3],[35],[17],[6],[7],[29],[6],[4],[28],[11],[-1],[19],[30],[18],[8],[26],[9],[14],[33],[19],[8],[39],[8],[7],[24],[11],[14],[44],[19],[18],[42],[11],[24],[36],[23],[9],[27],[38],[18],[14],[15],[12],[40],[22],[7],[30],[13],[38],[21],[4],[20],[22],[4],[8],[6],[3],[3],[2],[2],[-5],[22],[5],[-5],[29],[12],[-2],[2],[27],[4],[-3],[18],[-3],[-15],[-16],[16],[-14],[19],[6],[-14],[10],[10],[-18],[-17],[-13],[-3],[-20],[2],[9],[-1],[-13],[22],[-11],[-3],[-6],[13],[-10],[-26],[-8],[-12],[15],[2],[-9],[-6],[19],[3],[-11],[2],[-8],[-7],[4],[6],[30],[15],[-3],[-4],[22],[6],[-9],[-8],[21],[4],[2],[34],[-2],[18],[26],[12],[2],[35],[10],[-5],[10],[-3],[2],[26],[2],[2],[5],[11],[6],[30],[4],[5],[6],[27],[13],[0],[6],[19],[-3],[15],[2],[13],[-3],[14],[15],[-4],[28],[15],[-3],[18],[-3],[-2],[24],[7],[-11],[-12],[-11],[19],[-13],[-12],[4],[15],[2],[-14],[24],[-9],[-6],[-12],[15],[-3],[-17],[-15],[15],[5],[-5],[24],[-10],[18],[-3],[-15],[-8],[-18],[-14],[-1],[8],[-9],[-8],[20],[-8],[-18],[-12],[16],[3],[-8],[21],[3],[-14],[3],[11],[-5],[-13],[-11],[-4],[-2],[2],[12],[-4],[2],[22],[11],[-7],[5],[16],[-8],[-5],[14],[18],[4],[-2],[30],[2],[2],[-1],[31],[19],[3],[8],[39],[16],[3],[35],[27],[5],[15],[21],[7],[6],[30],[10],[4],[16],[23],[3],[12],[-5],[-5],[22],[10],[4],[8],[43],[14],[33],[13],[9],[30],[11],[-17],[10],[10],[-6],[16],[4],[8],[7],[24],[9],[2],[18],[14],[-2],[-6],[-2],[2],[-7],[21],[-8],[11],[-3],[29],[-10],[-14],[15],[12],[-3],[17],[4],[-1],[2],[-5],[12],[-8],[6],[12],[-4],[-3],[28],[2],[-2],[2],[19],[-3],[-2],[28],[10],[-4],[-7],[22],[11],[5],[11],[7],[7],[34],[8],[11],[9],[7],[5],[13],[-1],[3],[31],[13],[11],[38],[16],[3],[38],[8],[12],[36],[21],[8],[42],[6],[29],[7],[36],[24],[7],[20],[28],[5],[7],[4],[8],[9],[24],[14],[16],[45],[27],[11],[28],[5],[-4],[-10],[-6],[13],[-2],[12],[29],[8],[6],[20],[3],[15],[-3],[-2],[-1],[-3],[7],[10],[37],[8],[38],[29],[8],[3],[22],[6],[-6],[-2],[2],[15],[-1],[31],[18],[9],[10],[7],[22],[5],[4],[34],[9],[20],[6],[8],[28],[7],[7],[8],[34],[20],[5],[20],[28],[14],[5],[42],[11],[34],[15],[27],[40],[29],[19],[14],[32],[11],[30],[15],[14],[39],[28],[9],[34],[13],[30],[14],[30],[42],[19],[48],[20],[16],[30],[15],[18],[33],[5],[6],[31],[13],[3],[20],[8],[38],[29],[13],[26],[33],[14],[-3],[18],[22],[7],[-6],[13],[-3],[12],[3],[7],[4],[-2],[5],[6],[8],[9],[12],[12],[10],[38],[7],[6],[34],[19],[2],[-4],[-5],[14],[16],[-5],[-4],[28],[13],[5],[12],[34],[12],[11],[4],[27],[5],[26],[13],[-2],[32],[25],[8],[8],[37],[20],[7],[10],[32],[15],[-3],[34],[19],[7],[42],[15],[15],[42],[26],[10],[10],[32],[5],[8],[7],[28],[13],[5],[35],[5],[10],[6],[7],[4],[7],[8],[7],[4],[18],[13],[-2],[18],[3],[21],[-1],[21],[7],[-9],[26],[3],[5],[8],[11],[2],[26],[16],[-8],[17],[-3],[-13],[8],[-4],[2],[10],[-8],[7],[-11],[19],[-2],[-16],[-12],[23],[8],[-6],[-8],[6],[20],[4],[-13],[15],[2],[-11],[24],[-2],[-3],[2],[-10],[8],[15],[-2],[-12],[15],[-10],[-5],[27],[12],[-1],[10],[30],[4],[-1],[15],[-4],[-3],[26],[-8],[-10],[10],[-6],[-5],[23],[3],[5],[32],[17],[-3],[2],[10],[-9],[27],[19],[2],[4],[2],[28],[-5],[10],[24],[11],[-6],[-5],[8],[17],[4],[-11],[24],[8],[2],[3],[18],[29],[9],[-4],[29],[8],[-12],[-12],[22],[12],[-2],[11],[27],[9],[-11],[3],[11],[-21],[2],[10],[3],[-5],[16],[24],[-1],[-3],[6],[-13],[6],[3],[-12],[-8],[-6],[15],[-4],[2],[19],[3],[-10],[8],[-9],[-5],[15],[-8],[-9],[19],[-5],[-6],[-5],[-18],[20],[4],[-18],[2],[12],[-8],[-10],[-8],[30],[13],[-6],[-9],[5],[-12],[8],[-8],[7],[-12],[14],[-3],[-6],[26],[-5],[-6],[-12],[27],[2],[22],[16],[2],[-4],[-4],[-1],[2],[20],[21],[8],[8],[31],[7],[2],[-5],[8],[-3],[3],[32],[20],[7],[8],[35],[12],[10],[31],[12],[-1],[-1],[2],[7],[38],[26],[6],[40],[29],[3],[2],[22],[-8],[22],[16],[-1],[3],[34],[5],[19],[4],[30],[18],[-2],[-3],[-6],[-5],[-8],[15],[-12],[-10],[15],[-8],[-8],[19],[5],[-6],[28],[7],[2],[21],[18],[-3],[-10],[-10],[-12],[-12],[13],[-8],[9],[-11],[-10],[-5],[-1],[3],[30],[17],[3],[2],[-5],[-11],[6],[-9],[-12],[18],[7],[-9],[7],[15],[-3],[-13],[22],[2],[25],[11],[-4],[18],[20],[8],[4],[33],[4],[3],[16],[4],[34],[18],[4],[38],[7],[3],[6],[5],[34],[21],[7],[28],[28],[17],[12],[32],[8],[7],[10],[8],[23],[33],[9],[7],[27],[11],[-2],[-3],[-5],[34],[27],[14],[12],[41],[17],[6],[26],[4],[3],[-3],[21],[3],[-10],[26],[18],[6],[6],[29],[2],[5],[29],[13],[-4],[16],[18],[8],[6],[19],[-1],[14],[20],[-6],[25],[12],[2],[16],[23],[10],[2],[35],[7],[11],[14],[-1],[15],[21],[3],[5],[5],[18],[-1],[6],[6],[5],[7],[6],[28],[8],[12],[6],[36],[10],[42],[14],[21],[11],[45],[14],[17],[16],[11],[16],[12],[38],[23],[5],[6],[29],[7],[11],[29],[10],[13],[5],[21],[10],[7],[13],[13],[39],[19],[3],[15],[25],[11],[-3],[13],[3],[3],[22],[8],[9],[16],[-1],[3],[31],[19],[4],[15],[26],[-1],[-3],[-1],[29],[2],[-3],[5],[30],[14],[3],[32],[7],[2],[27],[6],[2],[2],[2],[19],[2],[10],[23],[-1],[4],[-1],[-6],[23],[12],[2],[17],[27],[13],[13],[7],[37],[20],[3],[4],[18],[5],[2],[30],[-2],[34],[19],[5],[6],[5],[3],[3],[11],[12],[10],[7],[23],[7],[5],[15],[14],[4],[8],[33],[16],[-1],[18],[3],[4],[15],[3],[35],[7],[35],[24],[8],[8],[31],[10],[7],[35],[16],[-4],[34],[8],[4],[32],[11],[-6],[-1],[29],[14],[-3],[16],[22],[-5],[-8],[-5],[-6],[24],[2],[2],[26],[8],[-11],[4],[15],[5],[2],[21],[7],[-8],[27],[-8],[-9],[7],[17],[-8],[19],[4],[-12],[5],[11],[-6],[-7],[-5],[-7],[-7],[20],[5],[-11],[7],[-5],[-5],[24],[4],[24],[10],[-5],[26],[-2],[-9],[-5],[10],[21],[-5],[23],[10],[-4],[26],[15],[-3],[25],[-2],[3],[6],[7],[5],[5],[36],[20],[-4],[14],[24],[10],[-2],[18],[5],[8],[2],[30],[2],[15],[-6],[34],[19],[2],[5],[20],[2],[19],[14],[-3],[2],[21],[7],[-4],[18],[5],[-8],[27],[12],[2],[-6],[10],[-3],[-3],[-11],[7],[5],[-10],[12],[-6],[-9],[-2],[-17],[6],[-11],[-13],[-12],[-8],[2],[21],[7],[-5],[-6],[-9],[-12],[3],[-16],[-13],[17],[-11],[3],[-12],[-10],[18],[-11],[-17],[6],[7],[-11],[-10],[20],[-9],[-6],[-8],[11],[-4],[3],[24],[-4],[18],[3],[-2],[23],[-12],[10],[-9],[-3],[-9],[-5],[26],[26],[7],[6],[11],[11],[29],[6],[9],[3],[2],[-3],[-3],[-1],[4],[34],[16],[6],[7],[35],[10],[22],[8],[35],[19],[4],[6],[4],[7],[35],[19],[7],[20],[29],[8],[6],[31],[19],[6],[4],[3],[6],[13],[-8],[22],[20],[5],[4],[30],[21],[6],[5],[4],[7],[-1],[-6],[-9],[-5],[10],[-5],[5],[-14],[9],[14],[-1],[-4],[21],[6],[-12],[5],[16],[-8],[-8],[-10],[-12],[22],[17],[4],[2],[24],[7],[-10],[6],[11],[-9],[-6],[-9],[18],[16],[6],[-5],[26],[21],[-1],[19],[27],[12],[-4],[28],[6],[2],[31],[2],[4],[7],[27],[6],[28],[29],[7],[10],[32],[18],[6],[26],[28],[7],[38],[22],[8],[14],[28],[15],[16],[43],[32],[16],[32],[17],[18],[42],[28],[14],[11],[12],[22],[39],[19],[46],[31],[12],[7],[29],[10],[-3],[20],[20],[8],[2],[5],[7],[19],[-2],[33],[12],[-3],[17],[5],[6],[12],[13],[6],[2],[11],[-8],[18],[22],[2],[2],[31],[7],[-9],[24],[-3],[-3],[6],[5],[-9],[28],[-4],[18],[24],[7],[6],[7],[37],[19],[6],[6],[34],[20],[7],[16],[14],[7],[32],[16],[8],[7],[33],[17],[3],[19],[30],[11],[13],[35],[5],[11],[8],[32],[5],[19],[12],[15],[42],[16],[13],[8],[8],[5],[29],[6],[31],[17],[4],[10],[31],[12],[13],[7],[24],[7],[26],[15],[4],[37],[17],[4],[10],[14],[6],[37],[15],[-3],[2],[27],[12],[2],[4],[-3],[3],[5],[7],[4],[3],[20],[4],[4],[29],[14],[6],[9],[16],[18],[11],[8],[22],[-4],[2],[-3],[16],[3],[4],[5],[9],[23],[10],[21],[6],[6],[9],[30],[11],[4],[4],[34],[21],[4],[4],[29],[16],[4],[3],[5],[5],[12],[-2],[22],[27],[-1],[19],[6],[5],[15],[-2],[-1],[16],[27],[5],[31],[15],[-10],[14],[-3],[22],[2],[5],[6],[31],[14],[-8],[-4],[-2],[19],[4],[4],[29],[13],[-5],[5],[2],[24],[6],[-9],[11],[22],[2],[13],[-8],[31],[22],[5],[4],[24],[-3],[7],[-10],[8],[21],[-2],[16],[-2],[-3],[26],[-4],[-5],[12],[19],[-1],[10],[-9],[11],[11],[-3],[-1],[-5],[-6],[-11],[22],[14],[-10],[18],[13],[3],[-9],[9],[-5],[-3],[31],[15],[-4],[-5],[-5],[5],[-9],[8],[22],[7],[-10],[24],[-8],[-10],[-5],[15],[-8],[19],[3],[-9],[-4],[9],[6],[34],[6],[7],[10],[6],[11],[38],[13],[-3],[23],[9],[-4],[28],[12],[2],[-4],[24],[12],[-3],[4],[39],[25],[12],[11],[26],[6],[-11],[18],[15],[-4],[-16],[23],[8],[-7],[-2],[-5],[27],[13],[-4],[3],[2],[11],[-5],[19],[4],[-14],[18],[7],[-10],[-9],[11],[-3],[-4],[24],[6],[-11],[10],[16],[-6],[-8],[-6],[2],[19],[-8],[-8],[-9],[-8],[5],[15],[-4],[-8],[-9],[24],[11],[-9],[8],[16],[4],[-11],[10],[10],[-11],[10],[-4],[-3],[12],[-3],[-3],[2],[28],[-4],[-7],[11],[-3],[19],[6],[3],[35],[10],[8],[32],[15],[-1],[19],[20],[5],[18],[28],[2],[8],[2],[-3],[-5],[-3],[21],[4],[3],[36],[6],[14],[10],[7],[38],[16],[4],[11],[12],[4],[-4],[-10],[30],[3],[3],[4],[15],[2],[30],[15],[-1],[3],[23],[6],[-5],[7],[-11],[28],[10],[-4],[-4],[4],[-9],[-4],[-3],[-2],[28],[13],[-6],[15],[19],[2],[30],[17],[-3],[23],[-10],[23],[8],[-7],[2],[19],[5],[-7],[27],[2],[27],[3],[-2],[21],[6],[-6],[14],[19],[4],[-11],[22],[15],[-9],[10],[14],[-6],[22],[2],[8],[11],[2],[0],[34],[2],[31],[25],[11],[9],[6],[29],[18],[6],[22],[30],[16],[4],[30],[13],[11],[32],[15],[-1],[15],[-1],[2],[10],[11],[28],[13],[13],[32],[11],[-4],[22],[17],[-2],[4],[-3],[29],[14],[4],[5],[5],[2],[31],[-1],[2],[6],[2],[28],[18],[5],[6],[5],[3],[16],[5],[23],[4],[4],[2],[31],[9],[7],[8],[7],[-3],[14],[20],[3],[2],[24],[13],[2],[3],[28],[5],[14],[-2],[16],[4],[31],[16],[-4],[10],[-1],[3],[26],[11],[-5],[14],[26],[12],[12],[35],[20],[7],[8],[5],[13],[26],[5],[6],[30],[13],[-1],[14],[6],[39],[25],[6],[5],[7],[10],[37],[20],[5],[5],[-1],[16],[3],[6],[32],[5],[4],[14],[5],[8],[10],[33],[17],[5],[35],[2],[23],[2],[-5],[7],[7],[4],[32],[19],[3],[34],[27],[10],[6],[34],[3],[5],[11],[-2],[34],[3],[4],[4],[28],[4],[22],[8],[2],[34],[23],[6],[5],[31],[19],[4],[5],[2],[14],[25],[8],[-8],[29],[-3],[13],[-7],[9],[18],[2],[-3],[-6],[22],[-4],[7],[-4],[30],[-4],[-4],[-9],[8],[15],[4],[-10],[21],[5],[-10],[10],[13],[-5],[-3],[26],[-6],[5],[6],[28],[2],[2],[5],[4],[22],[2],[15],[4],[32],[16],[4],[2],[2],[2],[-1],[23],[-3],[-3],[-1],[4],[27],[11],[10],[29],[4],[4],[31],[14],[-10],[26],[-8],[-6],[-3],[-3],[-1],[21],[2],[4],[4],[4],[4],[-2],[18],[2],[14],[-3],[14],[16],[3],[20],[4],[27],[-1],[4],[3],[31],[18],[3],[3],[27],[2],[-1],[-2],[17],[3],[3],[29],[-5],[7],[-9],[-10],[8],[21],[-7],[-10],[20],[18],[-3],[-5],[22],[7],[-5],[-5],[-3],[-2],[2],[15],[-4],[-1],[21],[4],[2],[22],[7],[-4],[14],[27],[5],[-5],[18],[18],[2],[34],[23],[11],[12],[14],[13],[36],[10],[-9],[28],[-1],[16],[3],[7],[21],[5],[5],[30],[16],[4],[4],[27],[13],[-2],[12],[23],[7],[-6],[2],[16],[3],[34],[18],[2],[-2],[20],[-2],[30],[15],[-4],[-1],[26],[7],[-7],[24],[10],[-13],[20],[12],[-5],[-3],[-5],[-1],[-2],[15],[-6],[-9],[-8],[-20],[18],[14],[4],[2],[2],[4],[21],[3],[-11],[20],[16],[-1],[-2],[-3],[-5],[-6],[-7],[10],[-6],[-5],[-5],[-3],[-4],[2],[14],[-2],[16],[17],[-3],[29],[11],[2],[4],[15],[6],[15],[-3],[15],[29],[4],[31],[2],[7],[20],[7],[6],[6],[5],[7],[42],[18],[6],[10],[6],[18],[4],[3],[6],[33],[7],[6],[4],[-6],[12],[19],[-4],[18],[18],[-1],[3],[28],[3],[-11],[27],[16],[-4],[-4],[-4],[-6],[-4],[10],[5],[-11],[6],[17],[7],[-8],[27],[-5],[-5],[13],[-3],[2],[-1],[25],[7],[-5],[27],[13],[-9],[6],[-6],[10],[-6],[7],[16],[6],[-4],[16],[-2],[-3],[-6],[12],[17],[-3],[-3],[26],[-6],[13],[-4],[-1],[32],[-3],[-2],[24],[10],[-4],[14],[21],[6],[2],[21],[6],[7],[21],[10],[-8],[11],[-6],[12],[2],[34],[22],[7],[5],[32],[7],[8],[31],[5],[2],[24],[15],[5],[12],[30],[4],[34],[16],[3],[2],[28],[19],[3],[12],[-6],[22],[18],[2],[30],[2],[32],[17],[-3],[-3],[10],[21],[6],[4],[7],[6],[-1],[12],[19],[-4],[32],[18],[-5],[13],[-2],[24],[13],[-3],[2],[30],[-3],[12],[-4],[6],[-8],[27],[-3],[-2],[26],[13],[-2],[14],[-5],[8],[-6],[32],[-3],[10],[0],[-6],[38],[4],[28],[7],[9],[29],[14],[-2],[31],[-1],[16],[-2],[14],[2],[-3],[23],[4],[6],[2],[2],[-2],[6],[9],[32],[8],[7],[33],[16],[5],[3],[3],[31],[17],[4],[6],[16],[3],[20],[30],[16],[10],[4],[6],[32],[21],[10],[10],[39],[27],[8],[22],[6],[18],[10],[30],[12],[7],[40],[18],[5],[5],[11],[7],[30],[12],[-2],[15],[25],[4],[7],[31],[17],[4],[18],[4],[3],[2],[4],[-3],[22],[23],[7],[5],[32],[13],[-5],[-3],[-5],[22],[4],[32],[3],[20],[10],[15],[7],[37],[20],[2],[20],[23],[-3],[3],[2],[2],[12],[25],[-4],[-4],[-2],[-6],[2],[4],[7],[6],[-3],[-2],[-3],[29],[13],[-5],[10],[20],[10],[7],[35],[20],[4],[21],[-1],[15],[2],[2],[-2],[-2],[15],[-12],[29],[7],[18],[2],[6],[-5],[15],[23],[12],[2],[34],[4],[23],[11],[2],[15],[-2],[16],[2],[-1],[5],[6],[6],[25],[7],[4],[6],[6],[29],[13],[-2],[16],[-5],[7],[-9],[32],[19],[5],[14],[28],[2],[5],[5],[19],[2],[4],[33],[12],[-3],[16],[14],[-1],[36],[10],[10],[36],[18],[2],[3],[-4],[-3],[-2],[-3],[4],[4],[6],[6],[7],[5],[8],[8],[34],[16],[-3],[4],[-2],[2],[11],[8],[31],[10],[-6],[35],[19],[2],[6],[7],[11],[39],[23],[4],[19],[5],[5],[33],[5],[12],[-5],[33],[3],[20],[28],[10],[2],[26],[11],[6],[32],[16],[3],[-2],[10],[24],[13],[-1],[7],[5],[24],[2],[23],[4],[30],[11],[2],[27],[13],[3],[6],[4],[32],[18],[-1],[8],[3],[2],[18],[-2],[-4],[7],[2],[31],[8],[-4],[4],[-6],[26],[12],[-4],[-1],[27],[13],[-5],[13],[23],[3],[2],[-1],[3],[5],[5],[6],[27],[2],[3],[-12],[18],[19],[-5],[4],[18],[-1],[-1],[26],[6],[2],[28],[15],[-6],[18],[20],[7],[-9],[24],[8],[-6],[10],[-1],[3],[2],[8],[6],[-4],[14],[-10],[-9],[-3],[-6],[5],[-11],[-6],[24],[2],[24],[4],[12],[-6],[10],[17],[4],[-9],[-4],[24],[9],[-5],[10],[-4],[-11],[6],[-9],[24],[12],[-6],[-8],[12],[-4],[-10],[26],[-5],[4],[4],[27],[-8],[8],[-9],[2],[16],[-8],[-7],[-4],[-2],[-2],[23],[10],[-7],[6],[23],[5],[-11],[18],[17],[3],[-6],[7],[-4],[4],[-12],[22],[-6],[26],[13],[-6],[24],[13],[-5],[2],[2],[-3],[-4],[24],[7],[-5],[-1],[2],[26],[8],[-6],[26],[-11],[7],[13],[-1],[-12],[14],[11],[-2],[-3],[28],[13],[-3],[-2],[26],[13],[-5],[2],[22],[-7],[-6],[10],[-6],[13],[20],[7],[-11],[18],[4],[-12],[29],[-3],[-4],[22],[8],[-6],[27],[12],[-9],[-6],[-8],[-8],[-5],[24],[12],[-1],[4],[27],[12],[-2],[-5],[20],[7],[-6],[14],[20],[2],[-2],[10],[20],[-4],[13],[27],[13],[-1],[34],[3],[3],[24],[3],[-1],[-4],[12],[-4],[-1],[15],[-4],[18],[23],[4],[4],[2],[-5],[10],[12],[-4],[-4],[18],[-5],[15],[15],[2],[4],[6],[6],[20],[-6],[-5],[30],[13],[2],[26],[17],[2],[-4],[13],[-4],[10],[-5],[3],[5],[7],[31],[16],[3],[5],[4],[24],[8],[2],[31],[-1],[3],[13],[6],[4],[4],[31],[19],[3],[6],[31],[21],[11],[38],[22],[8],[7],[5],[29],[15],[4],[28],[28],[10],[8],[-1],[20],[29],[14],[3],[7],[7],[36],[18],[-1],[31],[12],[-2],[17],[27],[13],[3],[31],[16],[-4],[20],[22],[-3],[2],[24],[2],[-3],[7],[-5],[3],[5],[32],[20],[5],[10],[6],[18],[3],[8],[8],[16],[-3],[15],[27],[6],[4],[29],[5],[-1],[3],[16],[4],[37],[20],[6],[30],[13],[-3],[32],[6],[28],[22],[6],[7],[36],[21],[12],[38],[15],[22],[7],[30],[10],[12],[37],[20],[8],[21],[5],[32],[21],[11],[43],[13],[9],[37],[19],[5],[34],[28],[9],[18],[36],[10],[12],[31],[12],[11],[32],[22],[4],[20],[9],[13],[14],[38],[21],[12],[7],[7],[32],[13],[11],[35],[19],[3],[5],[28],[14],[-3],[18],[21],[7],[13],[-5],[11],[26],[5],[37],[22],[3],[4],[-3],[4],[29],[-3],[-1],[27],[8],[-4],[14],[10],[-6],[3],[2],[28],[4],[3],[3],[18],[5],[7],[35],[20],[6],[14],[13],[2],[32],[4],[20],[8],[8],[11],[9],[15],[2],[36],[7],[6],[6],[18],[7],[6],[26],[3],[30],[27],[7],[12],[6],[2],[38],[27],[13],[11],[38],[22],[7],[7],[33],[21],[8],[6],[34],[16],[4],[21],[4],[2],[27],[15],[4],[34],[5],[-3],[15],[15],[2],[4],[30],[5],[2],[3],[2],[2],[9],[-8],[-5],[4],[-10],[28],[12],[-1],[-1],[27],[11],[-5],[-6],[-6],[-6],[-6],[-5],[6],[13],[3],[-11],[4],[-9],[7],[-6],[9],[18],[-1],[-11],[24],[-9],[19],[6],[-5],[18],[21],[4],[-3],[-7],[8],[-7],[-6],[20],[5],[-7],[24],[-5],[-3],[8],[-9],[27],[8],[-9],[28],[19],[3],[4],[30],[14],[-6],[18],[4],[3],[28],[11],[-8],[26],[22],[3],[19],[3],[-2],[27],[13],[-5],[2],[13],[-10],[-11],[-5],[23],[-11],[10],[-5],[3],[22],[-2],[-4],[4],[2],[26],[6],[-11],[10],[12],[-5],[-8],[21],[-8],[21],[10],[-8],[2],[-10],[-4],[-8],[-6],[-7],[-5],[-5],[-9],[14],[-9],[-9],[-11],[6],[-8],[-9],[15],[-1],[-12],[4],[-12],[-3],[-14],[-12],[-8],[7],[-6],[27],[11],[-4],[-5],[-9],[7],[-10],[-8],[-3],[-18],[10],[-11],[-11],[-8],[20],[-1],[10],[-8],[-8],[15],[-2],[-2],[-5],[-4],[-3],[-3],[28],[12],[-9],[-7],[-5],[23],[7],[-8],[-8],[11],[-3],[-5],[24],[-3],[-1],[21],[3],[-12],[7],[-9],[9],[16],[6],[-11],[10],[20],[8],[-6],[-5],[3],[4],[23],[10],[-16],[12],[15],[2],[-11],[19],[5],[5],[30],[14],[-5],[-5],[23],[16],[4],[6],[2],[12],[-3],[30],[-5],[-2],[4],[27],[2],[30],[18],[-1],[-1],[28],[15],[4],[7],[26],[-2],[-4],[23],[7],[-6],[22],[3],[15],[3],[17],[27]]}}