{"protected":{"ver":"v1","alg":"HS256","iat":1740144625},"signature":"6d001a58b255699f0a5b0a376fc9ab048577a320642534f94f1ab686a077bf07","payload":{"device_name":"E6:61:78:C1:27:19:92:28","device_type":"DATA_FORWARDER","interval_ms":0.0625,"sensors":[{"name":"audio","units":"wav"}],"values":[[8],[-14],[-14],[0],[-10],[27],[16],[8],[7],[17],[-8],[-23],[-34],[-38],[-22],[-40],[-14],[1],[-11],[-5],[21],[5],[-13],[-16],[9],[-11],[-7],[-4],[8],[40],[21],[-5],[19],[-4],[-22],[9],[-6],[-16],[8],[21],[10],[0],[-7],[-13],[-16],[-27],[-7],[-29],[-27],[10],[-18],[8],[17],[5],[-7],[28],[17],[5],[4],[28],[9],[-11],[-13],[6],[-11],[-21],[17],[11],[1],[3],[28],[-6],[12],[-13],[-13],[11],[3],[16],[43],[22],[24],[22],[13],[0],[-10],[18],[9],[-7],[19],[33],[22],[11],[41],[30],[11],[8],[26],[2],[36],[22],[6],[17],[47],[10],[6],[37],[5],[7],[4],[40],[31],[26],[27],[58],[33],[36],[44],[53],[34],[32],[60],[43],[29],[51],[30],[1],[3],[-5],[22],[13],[6],[19],[38],[24],[23],[46],[16],[12],[40],[51],[42],[44],[54],[38],[45],[52],[27],[7],[9],[22],[-6],[2],[-18],[0],[-4],[10],[28],[37],[40],[37],[34],[36],[24],[53],[31],[30],[38],[30],[60],[41],[22],[32],[43],[14],[10],[7],[5],[2],[34],[24],[15],[18],[38],[17],[12],[20],[0],[-16],[16],[3],[-10],[-3],[34],[7],[19],[27],[30],[11],[25],[19],[-7],[-15],[-13],[-25],[-16],[10],[25],[12],[-10],[-16],[-23],[-23],[12],[-5],[-11],[16],[31],[18],[5],[26],[25],[3],[0],[0],[29],[12],[-8],[-10],[6],[-14],[-11],[-6],[-7],[-6],[-4],[-6],[19],[9],[0],[34],[25],[16],[8],[1],[0],[-11],[10],[-24],[-33],[-32],[2],[-5],[-18],[-18],[-19],[-4],[-16],[-10],[9],[-12],[-9],[18],[-16],[8],[-9],[-25],[-23],[16],[-10],[-6],[0],[-5],[-7],[-10],[-12],[15],[-4],[-24],[7],[2],[-8],[0],[-6],[-16],[2],[-20],[-38],[-36],[-10],[-29],[-28],[-29],[8],[-11],[22],[0],[33],[17],[0],[21],[10],[-12],[4],[6],[-12],[10],[6],[16],[14],[32],[9],[-20],[5],[-28],[1],[-13],[-18],[-6],[40],[32],[19],[17],[34],[9],[-14],[-3],[-21],[-25],[5],[-7],[-11],[-9],[-5],[22],[7],[-12],[-12],[6],[-28],[-8],[-24],[-15],[-3],[2],[9],[13],[30],[9],[3],[27],[6],[-23],[-8],[-19],[-19],[3],[-13],[-16],[10],[-11],[-23],[-23],[-8],[5],[0],[32],[26],[12],[20],[17],[-3],[3],[10],[4],[37],[10],[3],[-6],[22],[7],[-14],[-18],[11],[-7],[-23],[-19],[1],[-27],[-18],[-30],[-5],[14],[2],[-15],[8],[-3],[-21],[-13],[-20],[21],[9],[-4],[17],[27],[-8],[-17],[-22],[-32],[1],[-15],[-25],[-7],[4],[-20],[-16],[-12],[18],[2],[-14],[-4],[8],[-5],[-14],[-7],[-19],[20],[14],[0],[12],[-10],[9],[4],[-27],[1],[-13],[-24],[0],[10],[-7],[11],[20],[4],[0],[-6],[-5],[-20],[-19],[-27],[-29],[-28],[4],[-22],[-22],[18],[9],[-5],[-7],[16],[1],[-16],[9],[-12],[-24],[-19],[17],[8],[1],[6],[34],[14],[-6],[8],[2],[-20],[-32],[-5],[-16],[-27],[-20],[-14],[-10],[-3],[8],[21],[5],[-4],[24],[-8],[10],[-6],[14],[3],[12],[42],[29],[17],[9],[-6],[-12],[-19],[-18],[-14],[3],[10],[16],[45],[25],[10],[33],[2],[-6],[25],[17],[6],[10],[11],[20],[1],[26],[16],[10],[50],[32],[59],[47],[28],[57],[34],[21],[19],[41],[21],[21],[45],[27],[12],[29],[0],[0],[8],[14],[42],[30],[67],[41],[45],[52],[50],[56],[31],[60],[51],[30],[28],[51],[32],[20],[22],[52],[34],[31],[54],[32],[49],[31],[28],[49],[24],[22],[48],[31],[19],[54],[57],[41],[58],[71],[46],[47],[43],[46],[50],[85],[75],[52],[65],[66],[44],[25],[33],[36],[21],[14],[48],[49],[36],[28],[64],[49],[41],[41],[53],[64],[53],[45],[53],[80],[72],[62],[57],[90],[69],[50],[44],[65],[44],[32],[53],[38],[32],[68],[61],[46],[40],[59],[37],[11],[8],[36],[27],[17],[24],[69],[48],[56],[59],[82],[55],[47],[51],[46],[67],[49],[29],[44],[49],[25],[5],[38],[1],[-5],[-7],[22],[-10],[-7],[19],[2],[6],[0],[30],[15],[-11],[-12],[12],[-18],[-18],[-22],[8],[-7],[-23],[-14],[-6],[-26],[-40],[-22],[-37],[-28],[-4],[-15],[-12],[-21],[-24],[-26],[-5],[-29],[-49],[-28],[-21],[-32],[-29],[2],[-18],[-28],[2],[5],[-11],[4],[19],[-8],[3],[-17],[-20],[-13],[-36],[-22],[-38],[-39],[-42],[-47],[-33],[-50],[-36],[-30],[-54],[-40],[-52],[-21],[-47],[-51],[-35],[-29],[-44],[-48],[-33],[-46],[-21],[-51],[-64],[-39],[-59],[-78],[-79],[-53],[-83],[-76],[-75],[-80],[-64],[-86],[-102],[-109],[-96],[-104],[-103],[-70],[-64],[-78],[-72],[-57],[-72],[-84],[-85],[-82],[-92],[-66],[-76],[-90],[-90],[-69],[-81],[-82],[-61],[-76],[-86],[-77],[-93],[-66],[-87],[-103],[-91],[-96],[-86],[-65],[-78],[-75],[-61],[-86],[-89],[-91],[-84],[-56],[-81],[-58],[-44],[-50],[-55],[-23],[-42],[-56],[-53],[-27],[-38],[-48],[-40],[-17],[-31],[-31],[-5],[-34],[-36],[-20],[-6],[-13],[-21],[-22],[-3],[-19],[4],[-10],[-23],[0],[16],[6],[2],[22],[13],[12],[27],[13],[32],[33],[17],[22],[52],[20],[23],[57],[21],[19],[44],[32],[14],[12],[16],[10],[46],[37],[31],[41],[45],[61],[46],[73],[41],[29],[56],[22],[53],[40],[24],[34],[67],[46],[80],[65],[48],[44],[65],[44],[27],[42],[57],[47],[43],[78],[63],[49],[64],[58],[37],[50],[59],[45],[33],[50],[65],[57],[46],[64],[74],[44],[72],[59],[39],[42],[66],[49],[39],[62],[46],[51],[54],[81],[63],[44],[54],[62],[45],[34],[67],[49],[56],[61],[60],[76],[82],[64],[50],[81],[62],[49],[52],[53],[79],[64],[81],[65],[65],[68],[50],[82],[78],[60],[87],[58],[60],[63],[89],[71],[75],[73],[97],[81],[63],[64],[92],[75],[60],[98],[75],[80],[107],[82],[95],[78],[83],[90],[73],[58],[73],[86],[70],[84],[99],[86],[75],[91],[98],[67],[68],[104],[82],[73],[98],[114],[99],[84],[108],[94],[90],[112],[93],[82],[83],[105],[89],[89],[110],[95],[81],[113],[102],[83],[74],[96],[72],[66],[96],[69],[85],[72],[91],[101],[81],[76],[98],[84],[63],[63],[74],[57],[82],[73],[56],[51],[78],[62],[44],[68],[57],[57],[88],[72],[48],[84],[69],[56],[48],[67],[41],[27],[57],[40],[21],[27],[31],[33],[68],[46],[26],[61],[32],[34],[58],[40],[27],[32],[51],[36],[19],[43],[27],[6],[16],[21],[-11],[5],[6],[-18],[-15],[-17],[2],[10],[-12],[-12],[-18],[-28],[-32],[-37],[-46],[-37],[-58],[-34],[-51],[-61],[-61],[-36],[-51],[-63],[-51],[-44],[-58],[-68],[-45],[-68],[-86],[-75],[-71],[-92],[-109],[-96],[-96],[-112],[-118],[-109],[-107],[-80],[-108],[-94],[-90],[-102],[-120],[-102],[-119],[-120],[-99],[-130],[-117],[-130],[-100],[-130],[-125],[-128],[-98],[-108],[-112],[-96],[-93],[-83],[-99],[-85],[-106],[-109],[-85],[-106],[-103],[-108],[-76],[-83],[-92],[-78],[-86],[-55],[-59],[-71],[-70],[-42],[-66],[-57],[-70],[-30],[-38],[-51],[-49],[-21],[-34],[-50],[-36],[-28],[-39],[-52],[-24],[-38],[-21],[-29],[-11],[4],[-20],[-18],[-24],[-6],[-30],[-51],[-21],[-42],[-50],[-46],[-21],[-38],[-32],[-12],[-22],[-30],[0],[1],[-22],[-10],[-27],[-6],[-35],[-12],[-27],[-43],[-48],[-31],[-44],[-44],[-18],[-44],[-40],[-42],[-41],[-36],[-29],[-46],[-33],[-20],[-31],[-43],[-30],[-22],[-46],[-60],[-32],[-50],[-60],[-63],[-55],[-52],[-47],[-43],[-39],[-45],[-15],[-34],[-53],[-44],[-40],[-64],[-63],[-56],[-43],[-51],[-16],[-20],[-34],[-18],[-7],[-31],[-23],[-40],[-45],[-19],[-34],[-46],[-29],[-19],[-37],[-10],[-21],[-31],[-28],[-27],[-23],[-22],[2],[-12],[-29],[-26],[6],[-19],[13],[-16],[-14],[12],[-10],[0],[2],[22],[8],[11],[42],[27],[12],[13],[14],[31],[13],[19],[48],[33],[22],[36],[30],[56],[30],[30],[29],[26],[46],[31],[16],[17],[41],[27],[19],[60],[54],[37],[72],[72],[59],[83],[57],[47],[49],[49],[46],[59],[65],[52],[33],[68],[38],[38],[34],[43],[68],[54],[41],[74],[41],[41],[38],[36],[60],[39],[35],[54],[39],[40],[33],[35],[52],[33],[36],[62],[41],[26],[21],[17],[43],[26],[9],[8],[18],[20],[48],[20],[40],[27],[25],[36],[15],[12],[29],[6],[5],[11],[-7],[34],[20],[3],[19],[4],[33],[13],[0],[27],[14],[-4],[32],[-3],[3],[12],[-5],[11],[6],[-14],[2],[2],[-22],[-19],[-30],[4],[-21],[-16],[-10],[11],[-13],[-6],[-18],[10],[-7],[-24],[0],[-4],[-27],[8],[0],[-23],[-20],[0],[-17],[-28],[-27],[-24],[-8],[-24],[-21],[9],[-16],[-13],[-14],[-11],[11],[-8],[-5],[-5],[14],[-5],[-4],[27],[10],[-6],[13],[17],[-5],[22],[6],[-7],[1],[2],[2],[28],[14],[1],[7],[5],[22],[33],[10],[38],[19],[1],[1],[27],[6],[9],[39],[12],[10],[9],[10],[33],[17],[3],[16],[37],[27],[13],[32],[45],[22],[20],[19],[14],[12],[22],[33],[19],[9],[5],[21],[31],[11],[16],[35],[18],[12],[34],[1],[-3],[10],[-7],[5],[17],[-4],[-10],[-4],[4],[22],[10],[2],[3],[0],[8],[9],[5],[-6],[17],[-3],[-18],[14],[9],[-7],[-20],[9],[8],[-13],[0],[17],[-13],[0],[11],[-9],[-22],[-26],[-26],[1],[-11],[-8],[-6],[-16],[23],[-12],[7],[-13],[-15],[10],[-10],[-28],[-27],[-4],[-23],[-22],[6],[-20],[-27],[3],[-18],[-32],[3],[-16],[-27],[-7],[6],[-11],[-21],[-15],[-14],[0],[-15],[-14],[3],[-15],[-14],[12],[-5],[-23],[-11],[-26],[-23],[-5],[-19],[-18],[-24],[-8],[-5],[-19],[-12],[5],[-11],[-8],[-18],[20],[5],[-11],[-10],[11],[-5],[-17],[18],[10],[-7],[-7],[26],[0],[-2],[-6],[13],[-5],[0],[18],[5],[7],[34],[21],[11],[34],[14],[27],[38],[28],[14],[34],[25],[30],[62],[50],[41],[46],[58],[38],[27],[56],[52],[38],[42],[70],[42],[48],[78],[64],[47],[46],[72],[48],[51],[54],[83],[70],[61],[68],[69],[100],[89],[74],[74],[93],[71],[65],[92],[85],[74],[76],[74],[80],[81],[83],[96],[106],[97],[83],[87],[89],[91],[126],[106],[84],[122],[88],[96],[90],[88],[117],[91],[95],[96],[122],[101],[105],[131],[116],[102],[96],[108],[116],[102],[90],[116],[116],[106],[120],[141],[126],[113],[116],[133],[107],[104],[102],[100],[112],[122],[110],[113],[142],[125],[114],[117],[143],[110],[115],[113],[120],[121],[117],[146],[131],[110],[116],[101],[128],[104],[102],[130],[121],[107],[112],[107],[105],[107],[104],[133],[109],[91],[104],[113],[98],[84],[100],[89],[115],[100],[88],[83],[93],[76],[77],[73],[67],[78],[58],[56],[76],[44],[45],[65],[46],[31],[52],[33],[33],[26],[22],[17],[10],[13],[-5],[2],[24],[13],[-8],[9],[-10],[-11],[-13],[-15],[-5],[-22],[-28],[-7],[-26],[-42],[-32],[-44],[-44],[-48],[-46],[-48],[-47],[-54],[-55],[-32],[-58],[-61],[-45],[-62],[-60],[-44],[-71],[-60],[-56],[-79],[-80],[-73],[-90],[-86],[-90],[-89],[-91],[-85],[-83],[-87],[-88],[-63],[-78],[-94],[-75],[-94],[-75],[-89],[-102],[-86],[-75],[-89],[-102],[-79],[-106],[-84],[-84],[-103],[-106],[-96],[-110],[-104],[-80],[-93],[-108],[-80],[-94],[-110],[-112],[-89],[-104],[-116],[-103],[-102],[-122],[-119],[-118],[-125],[-123],[-120],[-99],[-126],[-132],[-108],[-112],[-127],[-101],[-117],[-126],[-111],[-102],[-122],[-124],[-125],[-102],[-115],[-126],[-96],[-125],[-100],[-100],[-114],[-130],[-108],[-113],[-132],[-133],[-132],[-123],[-134],[-127],[-94],[-122],[-109],[-120],[-122],[-125],[-127],[-131],[-106],[-123],[-139],[-100],[-124],[-124],[-122],[-118],[-106],[-121],[-118],[-103],[-121],[-123],[-99],[-112],[-123],[-118],[-114],[-109],[-83],[-110],[-95],[-109],[-102],[-108],[-83],[-97],[-109],[-96],[-88],[-101],[-101],[-75],[-102],[-100],[-98],[-100],[-98],[-94],[-91],[-75],[-88],[-83],[-54],[-67],[-84],[-60],[-56],[-71],[-80],[-53],[-66],[-74],[-60],[-60],[-62],[-40],[-44],[-59],[-56],[-34],[-46],[-61],[-44],[-57],[-44],[-31],[-44],[-54],[-36],[-32],[-49],[-45],[-42],[-27],[-38],[-4],[-17],[-34],[-30],[-28],[4],[-29],[-30],[8],[-27],[-30],[-36],[0],[-24],[-17],[14],[-5],[-16],[21],[-7],[-10],[-7],[14],[-5],[-5],[-6],[5],[0],[4],[24],[9],[9],[10],[17],[3],[28],[19],[2],[21],[9],[25],[40],[30],[19],[40],[44],[33],[19],[57],[51],[41],[42],[60],[37],[50],[41],[41],[64],[45],[62],[72],[57],[45],[82],[57],[56],[80],[59],[79],[64],[56],[90],[78],[65],[68],[99],[70],[100],[85],[70],[71],[97],[78],[68],[75],[102],[90],[77],[80],[96],[79],[76],[74],[86],[76],[78],[88],[88],[89],[75],[80],[78],[75],[100],[100],[87],[89],[93],[89],[116],[90],[86],[106],[91],[92],[116],[84],[105],[90],[88],[122],[108],[96],[92],[124],[108],[95],[112],[115],[100],[87],[91],[115],[99],[85],[98],[109],[95],[92],[89],[108],[91],[89],[112],[114],[100],[98],[117],[94],[86],[98],[84],[100],[86],[97],[112],[99],[84],[100],[109],[97],[80],[114],[100],[84],[80],[86],[74],[108],[101],[84],[118],[89],[112],[101],[83],[102],[83],[72],[104],[76],[97],[81],[65],[66],[79],[89],[74],[57],[74],[82],[66],[56],[57],[70],[53],[49],[77],[49],[50],[73],[49],[34],[51],[34],[39],[38],[66],[48],[25],[62],[35],[31],[50],[33],[20],[29],[22],[26],[25],[20],[12],[32],[37],[22],[16],[41],[21],[9],[10],[9],[6],[12],[0],[25],[0],[16],[18],[0],[24],[21],[5],[4],[27],[6],[-14],[3],[17],[-7],[-5],[20],[6],[-15],[16],[1],[-13],[0],[-11],[0],[14],[2],[-14],[16],[-3],[-15],[-18],[11],[-4],[-27],[5],[-6],[-21],[-20],[8],[-24],[-26],[0],[0],[-14],[-22],[12],[0],[-15],[0],[-15],[0],[-14],[0],[1],[-15],[4],[-3],[5],[3],[16],[1],[3],[19],[6],[-6],[30],[5],[12],[6],[38],[22],[8],[30],[17],[0],[28],[27],[8],[19],[5],[19],[4],[29],[12],[0],[32],[20],[3],[3],[20],[-6],[3],[0],[29],[13],[1],[0],[26],[-4],[24],[7],[-11],[-12],[5],[-14],[-23],[12],[0],[-19],[-18],[11],[-10],[-24],[-16],[-29],[-18],[-37],[-23],[-14],[-25],[-37],[-21],[-14],[-28],[-32],[-42],[-16],[-26],[-36],[-22],[-36],[-39],[-10],[-24],[-40],[-38],[-22],[-34],[-45],[-12],[-40],[-43],[-15],[-32],[-49],[-24],[-22],[-30],[-34],[-13],[-25],[-40],[-22],[-39],[-39],[-14],[-40],[-37],[-12],[-34],[-46],[-29],[-21],[-42],[-22],[-20],[-37],[-21],[-34],[-18],[-33],[-28],[-13],[-35],[-22],[-6],[-19],[-38],[-12],[-12],[-28],[-23],[-28],[10],[-25],[-16],[-18],[6],[-14],[-27],[-23],[-22],[-13],[-26],[-20],[-17],[9],[-7],[-21],[-18],[11],[1],[-14],[-14],[15],[-5],[-16],[-15],[-15],[5],[-8],[-6],[-7],[5],[-8],[24],[6],[-8],[-6],[19],[5],[-8],[8],[22],[7],[-9],[8],[4],[-12],[8],[17],[3],[0],[-5],[9],[-6],[13],[17],[2],[0],[19],[5],[-11],[8],[18],[2],[12],[29],[13],[4],[23],[0],[13],[23],[9],[-6],[35],[24],[9],[10],[34],[9],[36],[22],[12],[13],[43],[14],[38],[23],[9],[40],[25],[10],[10],[33],[16],[5],[13],[10],[11],[6],[40],[26],[9],[11],[14],[38],[12],[28],[16],[13],[38],[23],[7],[8],[34],[17],[2],[32],[10],[26],[14],[13],[41],[15],[14],[35],[10],[31],[10],[33],[17],[3],[18],[6],[10],[28],[9],[26],[13],[10],[38],[15],[16],[18],[20],[17],[19],[18],[37],[24],[21],[35],[19],[13],[41],[28],[19],[35],[20],[21],[23],[35],[26],[34],[18],[28],[41],[21],[19],[19],[44],[24],[24],[45],[25],[29],[26],[45],[27],[46],[30],[28],[52],[35],[21],[17],[14],[44],[37],[22],[21],[52],[27],[27],[28],[50],[34],[20],[45],[29],[17],[19],[16],[46],[22],[10],[43],[10],[17],[18],[30],[17],[33],[42],[21],[20],[14],[42],[13],[27],[13],[18],[19],[42],[28],[11],[10],[32],[16],[20],[19],[18],[13],[16],[17],[18],[36],[21],[16],[45],[14],[37],[21],[17],[43],[26],[12],[14],[16],[16],[11],[12],[7],[25],[31],[12],[33],[12],[42],[28],[13],[8],[40],[26],[12],[12],[11],[37],[18],[2],[38],[26],[6],[9],[9],[37],[21],[8],[37],[17],[0],[14],[26],[3],[8],[25],[8],[0],[1],[4],[0],[3],[0],[17],[-8],[-5],[-5],[-8],[-12],[-15],[3],[-13],[-16],[-16],[-15],[-18],[-22],[0],[5],[-15],[-21],[-19],[1],[-19],[-19],[-3],[-19],[-14],[-31],[5],[-6],[-24],[-23],[-24],[2],[-24],[3],[-28],[-31],[-30],[-32],[-34],[-36],[-34],[-36],[-36],[-43],[-20],[-28],[-44],[-12],[-22],[-37],[-36],[-11],[-26],[-40],[-38],[-17],[-43],[-44],[-41],[-43],[-30],[-27],[-43],[-45],[-44],[-24],[-39],[-50],[-28],[-31],[-48],[-50],[-50],[-47],[-45],[-30],[-47],[-34],[-45],[-49],[-47],[-46],[-31],[-49],[-45],[-46],[-45],[-44],[-25],[-40],[-51],[-47],[-36],[-27],[-48],[-38],[-48],[-46],[-21],[-37],[-48],[-17],[-30],[-42],[-28],[-19],[-36],[-38],[-8],[-27],[-42],[-27],[-40],[-24],[-9],[-21],[-34],[-12],[-31],[-31],[-29],[-31],[-38],[-17],[-38],[0],[-16],[-30],[-30],[-3],[-33],[-16],[-6],[-21],[-32],[0],[-25],[-8],[-23],[-21],[-26],[1],[-17],[-29],[9],[-22],[-24],[-22],[-5],[-21],[-18],[-18],[-18],[-16],[4],[-13],[-12],[-16],[-18],[-18],[-14],[-16],[1],[-15],[18],[5],[-10],[-12],[17],[2],[-11],[0],[-5],[-5],[23],[8],[-3],[14],[5],[-3],[26],[11],[-5],[13],[25],[10],[-3],[31],[5],[8],[21],[30],[18],[10],[40],[8],[12],[29],[14],[3],[26],[8],[12],[34],[18],[16],[42],[31],[13],[17],[18],[36],[19],[18],[36],[21],[24],[20],[43],[27],[13],[36],[20],[35],[48],[35],[22],[27],[27],[27],[49],[21],[50],[38],[26],[25],[25],[27],[29],[40],[26],[52],[48],[32],[31],[29],[30],[30],[57],[44],[29],[61],[47],[34],[37],[33],[32],[42],[27],[48],[54],[41],[36],[64],[48],[31],[33],[33],[46],[32],[29],[64],[47],[31],[33],[33],[37],[24],[57],[45],[27],[20],[42],[27],[26],[26],[56],[26],[24],[43],[30],[31],[54],[27],[24],[37],[20],[23],[25],[26],[39],[46],[22],[21],[20],[44],[31],[18],[48],[20],[19],[50],[34],[20],[21],[45],[18],[21],[17],[19],[19],[17],[36],[19],[19],[47],[34],[19],[18],[42],[15],[47],[27],[13],[20],[41],[22],[21],[41],[15],[41],[29],[18],[17],[14],[16],[12],[31],[14],[4],[8],[37],[21],[11],[12],[10],[17],[2],[32],[21],[5],[4],[25],[10],[1],[30],[15],[-8],[24],[20],[6],[3],[17],[-4],[-6],[16],[0],[2],[22],[0],[0],[26],[15],[1],[2],[28],[4],[3],[3],[6],[14],[-5],[11],[17],[2],[5],[22],[7],[1],[21],[1],[22],[0],[-5],[-5],[-5],[-3],[18],[23],[4],[2],[11],[-10],[12],[21],[-3],[5],[5],[28],[-4],[2],[26],[11],[0],[0],[-3],[1],[-5],[25],[8],[-5],[2],[23],[0],[1],[3],[9],[2],[26],[2],[3],[21],[6],[0],[28],[9],[-4],[-7],[12],[0],[26],[15],[3],[8],[25],[9],[-6],[16],[11],[-4],[28],[12],[2],[19],[3],[0],[28],[9],[-7],[31],[3],[29],[13],[-7],[22],[21],[8],[-4],[1],[2],[5],[37],[5],[7],[5],[5],[8],[8],[6],[13],[-7],[14],[22],[4],[2],[22],[0],[4],[29],[0],[20],[4],[2],[20],[2],[0],[21],[5],[2],[24],[9],[-4],[13],[25],[2],[4],[25],[9],[-7],[27],[12],[-5],[4],[3],[3],[8],[4],[29],[13],[2],[22],[8],[19],[4],[1],[27],[11],[-3],[-3],[17],[-3],[8],[1],[16],[-7],[-8],[-11],[20],[13],[-4],[-5],[25],[10],[-5],[-5],[-8],[17],[1],[1],[0],[5],[-6],[29],[9],[-6],[-7],[-5],[7],[-10],[24],[15],[-11],[16],[7],[-7],[-8],[18],[3],[-11],[3],[-13],[-5],[0],[22],[6],[-11],[1],[-11],[5],[16],[-5],[-5],[-7],[-12],[8],[-11],[10],[-6],[-6],[24],[11],[-8],[0],[16],[-10],[-11],[-12],[-10],[-9],[19],[-13],[13],[3],[-11],[19],[0],[-3],[25],[14],[0],[1],[23],[8],[-10],[8],[21],[9],[-6],[10],[-7],[6],[12],[-4],[-8],[21],[-7],[17],[-10],[-7],[11],[-7],[-6],[1],[-17],[10],[9],[-10],[-9],[23],[7],[-17],[1],[-11],[-10],[-11],[6],[3],[-12],[8],[-7],[-10],[20],[4],[-15],[-10],[20],[-14],[-13],[-14],[24],[11],[-5],[-4],[-10],[-11],[-12],[18],[1],[-12],[28],[16],[-6],[13],[-6],[-7],[25],[12],[-4],[-3],[22],[6],[0],[26],[-7],[-8],[-6],[6],[-10],[16],[14],[-7],[-7],[12],[20],[-3],[17],[5],[0],[24],[4],[11],[8],[32],[13],[1],[30],[11],[-3],[-5],[11],[-3],[24],[12],[-3],[13],[20],[2],[-3],[17],[0],[4],[-6],[12],[18],[4],[5],[26],[10],[2],[26],[1],[-3],[1],[8],[-5],[21],[21],[5],[35],[5],[4],[17],[20],[6],[5],[31],[20],[6],[9],[9],[39],[19],[9],[5],[29],[14],[3],[21],[1],[16],[26],[8],[5],[35],[19],[10],[35],[19],[3],[20],[30],[10],[9],[5],[19],[4],[20],[28],[16],[5],[36],[12],[15],[18],[48],[25],[11],[24],[32],[19],[16],[45],[29],[13],[17],[45],[29],[12],[20],[36],[22],[5],[44],[27],[8],[42],[14],[40],[27],[15],[30],[31],[16],[17],[34],[17],[4],[25],[12],[14],[13],[37],[13],[23],[9],[17],[30],[16],[4],[32],[29],[16],[12],[43],[13],[17],[44],[29],[12],[29],[29],[11],[28],[14],[19],[15],[36],[21],[8],[11],[35],[13],[10],[41],[12],[12],[37],[21],[8],[27],[30],[6],[36],[10],[30],[11],[12],[22],[9],[28],[29],[11],[8],[21],[28],[14],[4],[16],[3],[36],[30],[9],[14],[34],[21],[7],[22],[34],[17],[8],[38],[21],[9],[5],[1],[20],[24],[7],[25],[8],[12],[12],[10],[38],[21],[13],[17],[10],[9],[18],[34],[17],[-3],[33],[3],[10],[40],[25],[12],[20],[34],[10],[9],[27],[10],[21],[30],[16],[1],[17],[26],[10],[11],[35],[21],[6],[16],[9],[12],[5],[24],[8],[-6],[29],[22],[7],[0],[2],[4],[3],[29],[11],[-11],[7],[9],[-6],[-7],[-8],[-12],[16],[-3],[-19],[2],[8],[-10],[-11],[9],[-8],[-24],[0],[-13],[-30],[-16],[-5],[-17],[-29],[-19],[-30],[-33],[-12],[-27],[-30],[-7],[-33],[-5],[-21],[-35],[-38],[-15],[-36],[-48],[-47],[-29],[-47],[-49],[-23],[-37],[-48],[-46],[-21],[-49],[-39],[-54],[-42],[-37],[-51],[-54],[-58],[-26],[-53],[-25],[-37],[-53],[-58],[-35],[-44],[-58],[-31],[-56],[-59],[-33],[-50],[-60],[-59],[-29],[-45],[-56],[-45],[-60],[-34],[-65],[-46],[-37],[-51],[-63],[-48],[-59],[-59],[-59],[-32],[-37],[-52],[-29],[-55],[-58],[-48],[-59],[-48],[-49],[-46],[-50],[-47],[-45],[-21],[-37],[-39],[-15],[-43],[-44],[-16],[-30],[-45],[-27],[-18],[-31],[-45],[-7],[-17],[-28],[-29],[-7],[-25],[-38],[-18],[-31],[-12],[-24],[-26],[5],[-10],[-22],[-20],[9],[-12],[-24],[11],[-7],[-19],[-18],[-21],[-19],[-18],[-16],[14],[2],[-20],[17],[9],[-8],[-11],[14],[6],[-10],[14],[0],[-13],[-10],[-11],[15],[-12],[-10],[3],[-13],[0],[-4],[3],[-13],[-7],[-11],[-12],[-6],[25],[7],[-6],[26],[-3],[0],[26],[12],[-7],[-12],[12],[18],[-8],[24],[17],[2],[3],[29],[13],[-6],[13],[1],[4],[13],[0],[32],[22],[5],[6],[3],[20],[25],[13],[2],[21],[4],[8],[8],[4],[2],[29],[13],[2],[37],[17],[5],[26],[28],[13],[4],[8],[27],[8],[8],[5],[20],[4],[21],[11],[38],[21],[5],[33],[30],[12],[13],[27],[12],[12],[36],[6],[34],[23],[10],[44],[36],[17],[35],[42],[15],[17],[41],[27],[16],[33],[21],[28],[20],[55],[41],[25],[27],[54],[38],[24],[23],[54],[43],[29],[32],[53],[40],[25],[40],[28],[28],[26],[24],[40],[48],[34],[34],[56],[38],[26],[44],[50],[29],[32],[30],[50],[36],[38],[33],[51],[29],[52],[56],[38],[56],[37],[54],[65],[51],[36],[64],[45],[75],[60],[43],[59],[70],[53],[35],[66],[61],[43],[68],[52],[41],[43],[72],[57],[43],[41],[68],[51],[36],[52],[61],[47],[35],[50],[36],[50],[36],[52],[62],[47],[33],[56],[53],[40],[38],[41],[35],[35],[49],[33],[31],[50],[34],[19],[44],[24],[38],[30],[28],[26],[26],[26],[26],[22],[21],[16],[17],[38],[24],[11],[25],[34],[17],[4],[32],[26],[2],[18],[27],[13],[0],[29],[13],[1],[1],[19],[3],[-11],[26],[10],[-9],[-11],[16],[1],[-13],[5],[-24],[4],[-16],[-15],[-17],[12],[-8],[-23],[-26],[3],[-20],[-34],[4],[-14],[-32],[-31],[-36],[-34],[-7],[-39],[-37],[-30],[-35],[0],[-21],[-35],[-21],[-11],[-24],[-35],[-24],[-20],[-43],[-43],[-15],[-28],[-39],[-32],[-15],[-27],[-36],[-17],[-32],[-34],[-13],[-28],[-31],[-8],[-26],[-37],[-20],[-16],[-32],[-32],[-32],[0],[-14],[-24],[-22],[-15],[-28],[-12],[2],[-13],[-26],[10],[-5],[-22],[0],[2],[-14],[-28],[10],[-15],[-13],[19],[3],[-15],[-14],[17],[1],[-16],[-15],[14],[1],[-17],[2],[-11],[-8],[19],[-4],[-12],[20],[6],[-3],[-4],[19],[5],[-14],[24],[11],[1],[2],[16],[-7],[20],[8],[-8],[9],[14],[-3],[-4],[26],[0],[1],[0],[24],[4],[1],[1],[22],[-3],[0],[0],[1],[4],[31],[2],[0],[1],[2],[28],[17],[4],[-3],[25],[13],[1],[12],[25],[8],[6],[35],[16],[1],[1],[3],[0],[37],[6],[14],[14],[33],[20],[11],[37],[23],[8],[10],[9],[38],[9],[14],[0],[37],[10],[21],[5],[32],[12],[31],[15],[9],[38],[10],[21],[1],[16],[27],[13],[8],[34],[30],[16],[11],[36],[14],[1],[26],[31],[12],[39],[22],[7],[5],[30],[19],[3],[8],[31],[13],[14],[40],[27],[10],[12],[27],[13],[11],[36],[22],[7],[4],[31],[19],[9],[21],[24],[3],[4],[28],[17],[6],[22],[28],[12],[1],[33],[8],[6],[34],[13],[-4],[26],[3],[5],[22],[10],[9],[19],[6],[25],[10],[13],[32],[14],[3],[3],[28],[5],[10],[13],[38],[24],[4],[41],[21],[9],[10],[34],[19],[5],[36],[22],[5],[28],[21],[8],[16],[34],[20],[9],[16],[33],[16],[5],[7],[11],[35],[19],[5],[19],[31],[16],[6],[13],[11],[8],[33],[14],[6],[38],[8],[11],[27],[34],[20],[9],[40],[13],[14],[39],[22],[9],[24],[32],[20],[9],[26],[9],[11],[11],[10],[6],[33],[16],[4],[19],[28],[8],[10],[8],[41],[23],[12],[9],[11],[9],[9],[19],[3],[21],[26],[10],[0],[24],[12],[1],[22],[3],[32],[28],[6],[8],[33],[14],[1],[16],[25],[11],[0],[32],[27],[11],[10],[35],[3],[15],[5],[5],[9],[11],[11],[22],[30],[13],[-3],[25],[1],[1],[5],[-3],[0],[-4],[13],[23],[10],[-4],[28],[13],[-5],[14],[21],[3],[3],[5],[9],[-9],[12],[20],[5],[0],[29],[18],[2],[16],[22],[9],[-8],[24],[14],[-10],[8],[19],[5],[-8],[-3],[14],[-8],[0],[22],[6],[-9],[16],[18],[-3],[28],[13],[-3],[-5],[-3],[-4],[24],[0],[0],[18],[3],[2],[26],[11],[-3],[0],[28],[14],[-5],[-5],[-13],[12],[14],[1],[-12],[27],[7],[-6],[11],[18],[6],[-8],[10],[-10],[-10],[20],[1],[-14],[16],[14],[-12],[-10],[8],[21],[9],[-7],[-10],[-5],[-10],[5],[-10],[5],[16],[-10],[20],[3],[-12],[0],[17],[5],[-7],[-4],[-12],[24],[5],[-13],[7],[-10],[0],[-8],[-12],[19],[-11],[-11],[-11],[17],[1],[-18],[2],[10],[-10],[-22],[8],[-15],[-16],[11],[0],[-12],[19],[6],[-13],[2],[-13],[0],[17],[1],[-13],[-13],[-14],[-16],[-21],[-8],[6],[-18],[2],[-14],[-22],[11],[-3],[-20],[2],[0],[-16],[-24],[-19],[13],[3],[-21],[-22],[2],[1],[-16],[-14],[11],[-5],[-22],[6],[-11],[-24],[3],[-13],[-23],[-6],[6],[-12],[-22],[-19],[12],[-18],[-20],[-20],[-22],[1],[1],[-13],[-21],[16],[-6],[-19],[-6],[-20],[-13],[-14],[13],[-4],[-18],[0],[-17],[-10],[-11],[-19],[-6],[-21],[13],[-7],[-19],[-13],[-7],[-24],[17],[-11],[-10],[21],[-4],[-20],[21],[11],[-7],[-5],[24],[9],[-13],[-11],[6],[-12],[28],[-6],[-3],[0],[3],[0],[22],[-15],[8],[13],[2],[0],[28],[-10],[20],[6],[-7],[28],[6],[4],[28],[16],[-9],[10],[18],[0],[3],[1],[33],[20],[4],[33],[8],[3],[35],[7],[9],[6],[12],[11],[8],[4],[31],[14],[1],[10],[11],[38],[21],[4],[3],[9],[35],[19],[7],[36],[6],[20],[6],[10],[37],[5],[12],[13],[29],[14],[1],[9],[7],[34],[21],[5],[6],[32],[18],[6],[19],[27],[9],[11],[40],[26],[12],[12],[38],[22],[12],[14],[41],[26],[8],[18],[28],[8],[22],[29],[15],[3],[18],[3],[16],[10],[7],[17],[10],[40],[28],[8],[20],[4],[4],[33],[18],[6],[24],[33],[21],[6],[22],[30],[11],[10],[36],[23],[4],[36],[24],[9],[6],[35],[9],[9],[33],[17],[5],[19],[12],[26],[9],[16],[34],[12],[1],[28],[29],[12],[3],[31],[9],[9],[8],[14],[13],[37],[24],[9],[9],[10],[11],[38],[25],[10],[26],[10],[36],[12],[21],[4],[28],[28],[15],[4],[36],[27],[8],[32],[10],[13],[44],[27],[9],[33],[11],[37],[25],[9],[28],[31],[8],[16],[27],[16],[3],[19],[6],[10],[28],[9],[25],[33],[16],[0],[34],[19],[7],[18],[30],[14],[6],[37],[10],[11],[11],[14],[1],[16],[27],[5],[19],[8],[13],[1],[4],[24],[6],[8],[31],[19],[7],[4],[30],[7],[10],[5],[9],[12],[13],[28],[12],[10],[26],[6],[31],[16],[2],[18],[3],[34],[2],[17],[26],[2],[17],[23],[8],[2],[28],[1],[4],[0],[1],[32],[18],[4],[35],[19],[5],[5],[30],[15],[-5],[0],[31],[14],[3],[8],[0],[2],[0],[3],[-6],[34],[17],[-4],[11],[-4],[10],[26],[12],[-3],[14],[1],[17],[26],[11],[-11],[29],[13],[0],[2],[3],[6],[12],[4],[32],[19],[5],[7],[30],[17],[5],[37],[9],[11],[10],[25],[6],[8],[34],[5],[6],[8],[31],[16],[4],[18],[4],[25],[11],[-4],[2],[-4],[0],[3],[0],[32],[8],[9],[21],[6],[6],[29],[14],[2],[18],[6],[12],[0],[32],[11],[-3],[24],[26],[9],[8],[35],[17],[1],[38],[23],[11],[7],[33],[17],[5],[5],[28],[1],[23],[7],[0],[32],[21],[8],[8],[10],[10],[37],[25],[7],[10],[26],[8],[5],[2],[19],[31],[17],[5],[6],[28],[4],[4],[4],[20],[28],[12],[-4],[32],[26],[10],[9],[30],[13],[-3],[9],[25],[9],[2],[19],[4],[3],[28],[14],[2],[-4],[-3],[-3],[1],[13],[-6],[12],[24],[3],[33],[17],[4],[5],[3],[5],[0],[-4],[1],[30],[14],[1],[2],[27],[10],[-5],[28],[11],[-3],[11],[-5],[12],[21],[4],[-11],[24],[11],[-8],[0],[17],[4],[-14],[27],[12],[-5],[5],[16],[-4],[-12],[-5],[1],[28],[-5],[15],[-3],[-4],[-10],[-8],[-3],[14],[-7],[-10],[19],[15],[-3],[-3],[20],[-3],[-5],[23],[7],[-7],[8],[-3],[-5],[6],[-8],[10],[-7],[12],[21],[8],[-7],[11],[21],[6],[-7],[30],[15],[1],[-3],[25],[-7],[-3],[-8],[24],[12],[-4],[0],[21],[5],[-8],[25],[1],[0],[1],[0],[32],[20],[4],[3],[31],[14],[-4],[-3],[-2],[-8],[12],[-10],[0],[1],[18],[-3],[0],[10],[-10],[0],[24],[10],[-6],[0],[18],[3],[0],[21],[7],[-10],[6],[21],[-6],[-6],[20],[6],[-8],[26],[13],[0],[3],[19],[9],[-7],[12],[15],[-5],[0],[-5],[2],[20],[4],[5],[29],[-4],[29],[16],[-5],[19],[2],[4],[2],[-3],[27],[15],[0],[25],[8],[8],[32],[4],[25],[2],[18],[25],[2],[6],[24],[2],[15],[27],[2],[-2],[32],[21],[-5],[12],[-3],[-3],[-3],[19],[0],[4],[24],[11],[-3],[4],[5],[19],[7],[2],[25],[0],[6],[1],[33],[18],[3],[5],[4],[3],[21],[6],[0],[3],[3],[11],[0],[20],[25],[5],[12],[30],[18],[3],[0],[24],[5],[1],[3],[23],[0],[20],[25],[5],[2],[6],[27],[3],[13],[2],[20],[7],[0],[4],[8],[5],[13],[11],[4],[8],[6],[28],[3],[4],[18],[0],[4],[30],[17],[5],[5],[22],[3],[6],[13],[2],[8],[26],[1],[0],[31],[21],[1],[17],[17],[4],[4],[34],[22],[10],[8],[35],[18],[5],[6],[2],[-6],[16],[-5],[0],[6],[9],[31],[10],[-5],[18],[20],[-6],[13],[1],[29],[13],[2],[8],[27],[15],[-3],[8],[26],[1],[1],[-4],[23],[-4],[0],[0],[16],[-11],[6],[19],[-4],[33],[4],[4],[26],[8],[0],[28],[2],[1],[3],[17],[21],[3],[5],[3],[30],[17],[3],[3],[30],[0],[-6],[14],[22],[4],[9],[-5],[14],[19],[2],[4],[35],[4],[0],[4],[5],[33],[18],[2],[32],[17],[2],[6],[29],[3],[31],[15],[2],[33],[13],[5],[8],[25],[2],[18],[28],[13],[5],[26],[9],[8],[4],[27],[11],[-5],[32],[4],[29],[15],[0],[0],[0],[22],[6],[-6],[1],[8],[0],[25],[10],[-5],[4],[3],[2],[5],[30],[9],[-10],[-6],[1],[2],[28],[8],[0],[21],[19],[3],[0],[6],[-7],[-3],[3],[-3],[14],[2],[2],[32],[1],[22],[1],[7],[-8],[12],[-5],[2],[24],[11],[0],[4],[32],[14],[0],[3],[12],[-6],[13],[14],[0],[-3],[6],[-8],[0],[1],[21],[3],[2],[21],[5],[-8],[13],[-8],[8],[19],[-3],[18],[4],[-9],[12],[1],[-3],[17],[-7],[-5],[-5],[-7],[0],[23],[2],[0],[12],[-5],[-3],[0],[31],[1],[27],[16],[-6],[11],[1],[29],[13],[0],[0],[30],[0],[25],[-4],[-4],[-4],[17],[3],[0],[2],[20],[4],[4],[26],[-3],[1],[-6],[16],[17],[3],[-11],[16],[16],[2],[-6],[0],[-6],[-6],[17],[3],[16],[0],[27],[-6],[21],[15],[1],[-11],[21],[6],[-5],[28],[8],[-7],[10],[1],[-5],[0],[1],[-4],[-10],[18],[19],[2],[6],[3],[34],[11],[2],[35],[-7],[0],[25],[6],[-7],[16],[17],[3],[3],[21],[9],[0],[24],[4],[7],[6],[31],[16],[1],[22],[5],[5],[5],[0],[-3],[0],[11],[-3],[29],[16],[-7],[0],[-8],[20],[25],[5],[2],[35],[3],[5],[6],[28],[16],[-5],[14],[5],[25],[11],[-4],[14],[1],[19],[-4],[2],[1],[30],[2],[20],[22],[11],[-5],[16],[4],[28],[25],[4],[6],[25],[10],[0],[32],[16],[2],[18],[5],[11],[2],[8],[5],[31],[14],[1],[16],[21],[3],[21],[6],[0],[1],[1],[35],[5],[24],[1],[27],[2],[26],[-6],[27],[-5],[11],[-6],[-3],[10],[-6],[3],[5],[30],[-5],[8],[26],[11],[-3],[0],[-5],[0],[-6],[-4],[-7],[16],[17],[0],[0],[1],[1],[16],[-7],[12],[17],[1],[3],[-5],[30],[17],[-4],[-4],[25],[0],[0],[13],[-6],[13],[-6],[-6],[0],[1],[0],[1],[12],[-3],[20],[8],[0],[20],[13],[-3],[1],[27],[11],[-6],[-4],[3],[4],[3],[4],[1],[30],[-4],[-6],[-7],[-7],[-5],[22],[-8],[12],[4],[0],[15],[-4],[2],[0],[0],[0],[0],[2],[-4],[17],[1],[3],[24],[8],[-10],[10],[19],[66],[45],[34],[59],[9],[8],[4],[-20],[-18],[-25],[-54],[-38],[-13],[-14],[-8],[22],[18],[39],[23],[24],[12],[11],[21],[5],[15],[5],[0],[12],[-17],[9],[-17],[-40],[-35],[-35],[-12],[-3],[12],[22],[13],[40],[34],[19],[24],[13],[0],[11],[-4],[-12],[-14],[-15],[-11],[-11],[-16],[-19],[12],[-16],[22],[11],[10],[19],[51],[22],[50],[25],[5],[1],[20],[-3],[-19],[-21],[10],[-10],[-12],[20],[15],[-3],[6],[43],[8],[9],[11],[11],[12],[16],[9],[25],[8],[2],[22],[7],[-16],[0],[13],[5],[-4],[6],[35],[21],[10],[16],[13],[41],[22],[5],[16],[25],[7],[-9],[25],[-10],[13],[-3],[-11],[24],[1],[4],[19],[2],[8],[11],[11],[35],[8],[0],[-3],[20],[3],[-6],[-11],[-10],[1],[0],[27],[11],[5],[15],[2],[21],[9],[11],[5],[12],[9],[24],[21],[-6],[-7],[13],[-6],[5],[6],[-5],[12],[0],[-3],[14],[0],[31],[25],[1],[8],[12],[12],[16],[3],[1],[21],[1],[1],[18],[3],[-11],[0],[28],[8],[2],[9],[5],[33],[8],[18],[-3],[0],[15],[-3],[-12],[6],[-3],[1],[22],[10],[3],[-5],[32],[5],[4],[4],[4],[28],[-4],[-3],[4],[-14],[6],[11],[-3],[-11],[8],[19],[2],[1],[5],[9],[-11],[8],[17],[-7],[-7],[30],[-5],[0],[26],[12],[1],[4],[16],[5],[0],[24],[-16],[26],[9],[1],[8],[4],[4],[2],[-6],[-3],[-3],[18],[-10],[14],[16],[6],[-7],[17],[5],[2],[0],[5],[-5],[8],[3],[16],[5],[31],[8],[-4],[24],[22],[-11],[-10],[12],[-5],[3],[28],[8],[2],[3],[2],[30],[14],[4],[5],[28],[6],[3],[6],[29],[12],[-3],[-3],[23],[4],[-5],[10],[27],[2],[4],[38],[6],[4],[18],[2],[-3],[5],[-12],[0],[10],[-10],[8],[0],[-4],[-12],[2],[-7],[26],[16],[-7],[5],[33],[13],[11],[20],[34],[20],[-4],[1],[-7],[-8],[-5],[-11],[-6],[20],[5],[-6],[17],[5],[37],[19],[4],[25],[25],[13],[-5],[27],[1],[-3],[0],[9],[-9],[12],[23],[4],[4],[7],[8],[-4],[33],[1],[24],[9],[-6],[10],[0],[32],[11],[27],[20],[2],[32],[21],[8],[-3],[32],[-3],[-7],[30],[-4],[25],[13],[6],[38],[14],[17],[26],[12],[13],[33],[18],[-3],[-6],[1],[20],[4],[2],[32],[12],[4],[8],[35],[8],[40],[19],[4],[6],[8],[28],[18],[6],[16],[9],[46],[20],[5],[13],[1],[-10],[22],[-8],[3],[1],[18],[6],[11],[-8],[27],[5],[-8],[29],[4],[-3],[2],[2],[21],[13],[4],[7],[6],[7],[-8],[-7],[-20],[-13],[-16],[1],[6],[2],[36],[6],[9],[26],[6],[3],[28],[10],[-5],[-12],[6],[-11],[-19],[12],[3],[-5],[5],[28],[14],[-4],[24],[37],[22],[12],[0],[-5],[13],[-4],[-28],[-28],[-24],[-13],[-15],[23],[17],[12],[9],[47],[14],[37],[21],[8],[9],[11],[-11],[24],[-5],[-23],[2],[9],[-12],[-18],[-13],[-5],[5],[38],[17],[10],[26],[31],[25],[5],[10],[22],[-7],[-13],[5],[12],[-9],[16],[-6],[-20],[-13],[-21],[26],[12],[6],[24],[17],[18],[21],[13],[36],[7],[-23],[-11],[-6],[-22],[-12],[21],[17],[4],[33],[11],[2],[28],[16],[-12],[-4],[-8],[1],[20],[8],[0],[-8],[0],[-10],[-12],[-6],[-15],[-7],[-7],[-8],[8],[-4],[30],[12],[4],[2],[27],[9],[-6],[15],[-7],[14],[4],[-10],[17],[9],[-15],[-10],[24],[-11],[5],[2],[22],[19],[-4],[37],[30],[8],[-5],[13],[8],[-15],[1],[21],[-10],[24],[4],[-14],[12],[18],[9],[-10],[24],[17],[11],[0],[23],[14],[9],[-20],[20],[2],[-23],[2],[-7],[2],[8],[28],[17],[3],[15],[32],[-14],[29],[4],[-24],[-5],[28],[2],[-12],[4],[17],[5],[9],[48],[26],[19],[17],[28],[10],[-15],[-13],[10],[-11],[27],[24],[15],[1],[-13],[18],[-13],[-6],[25],[6],[41],[31],[33],[29],[22],[25],[33],[7],[2],[-24],[5],[-13],[-19],[16],[-14],[8],[18],[29],[37],[19],[33],[28],[15],[-5],[-29],[-13],[-33],[-22],[9],[-24],[10],[15],[62],[42],[46],[48],[40],[20],[-3],[-20],[-19],[-42],[-38],[-3],[-12],[-6],[32],[31],[26],[-5],[-16],[21],[-13],[-16],[8],[32],[37],[28],[18],[1],[21],[-35],[-34],[-32],[-44],[-8],[-6],[16],[49],[17],[19],[48],[32],[35],[7],[53],[15],[-19],[18],[-29],[-6],[-7],[-60],[2],[9],[-10],[26],[46],[30],[42],[52],[37],[4],[5],[24],[-18],[4],[19],[-16],[33],[-9],[-51],[-13],[-19],[-20],[-11],[14],[28],[-13],[52],[44],[16],[50],[57],[14],[52],[1],[-21],[-18],[-13],[-36],[-19],[-6],[-25],[-19],[13],[-10],[0],[-5],[49],[29],[29],[36],[56],[31],[0],[32],[9],[-3],[17],[-28],[-6],[-23],[-27],[3],[-5],[20],[52],[26],[56],[48],[12],[32],[10],[5],[-5],[-23],[5],[19],[4],[48],[30],[27],[3],[3],[3],[-14],[8],[21],[17],[25],[51],[2],[49],[13],[-33],[-16],[-13],[-13],[-3],[21],[22],[26],[56],[35],[29],[19],[1],[6],[-10],[0],[-3],[11],[17],[13],[-17],[-31],[-22],[-27],[-25],[1],[42],[33],[23],[78],[33],[13],[27],[-14],[6],[15],[1],[-19],[26],[-31],[-9],[-6],[-23],[43],[44],[35],[68],[76],[56],[44],[27],[21],[-28],[-48],[-54],[-41],[-36],[-11],[32],[33],[25],[-16],[29],[25],[-3],[32],[44],[1],[38],[53],[21],[-4],[10],[-30],[-51],[-19],[6],[-46],[25],[-3],[-15],[57],[19],[10],[40],[21],[-7],[-38],[7],[-36],[1],[32],[33],[51],[14],[-5],[-55],[-78],[-26],[-75],[30],[50],[70],[108],[70],[76],[-8],[21],[-41],[-91],[-36],[1],[-27],[28],[48],[10],[-6],[-3],[-9],[-11],[44],[66],[37],[117],[78],[19],[19],[-23],[-82],[-62],[-88],[-52],[9],[6],[50],[19],[26],[-8],[-54],[35],[-10],[84],[190],[222],[251],[150],[48],[-54],[-158],[-197],[-189],[-80],[-50],[38],[61],[60],[82],[-15],[-23],[-33],[-67],[49],[11],[36],[73],[18],[-47],[-110],[-140],[-207],[-176],[-133],[-91],[33],[65],[137],[78],[110],[40],[-73],[-75],[-125],[-120],[-71],[-38],[-54],[-56],[-34],[-74],[-100],[-84],[-110],[-118],[-73],[-49],[-27],[-18],[-32],[-96],[-144],[-194],[-180],[-180],[-153],[-161],[-119],[-63],[-21],[98],[224],[285],[370],[464],[463],[437],[410],[348],[220],[88],[20],[-77],[-115],[-79],[-71],[-33],[21],[113],[150],[216],[240],[284],[266],[240],[260],[205],[182],[131],[96],[51],[-37],[-75],[-93],[-104],[-67],[-63],[-35],[29],[18],[22],[24],[-28],[-60],[-85],[-73],[-82],[-88],[-49],[-60],[-75],[-92],[-112],[-99],[-161],[-160],[-140],[-179],[-175],[-201],[-221],[-205],[-261],[-274],[-272],[-274],[-309],[-374],[-470],[-566],[-788],[-1012],[-1299],[-1587],[-499],[846],[1452],[1747],[1930],[2047],[1581],[260],[-279],[-127],[-748],[-1783],[-1537],[-509],[-80],[-434],[-307],[492],[443],[-437],[-401],[386],[638],[332],[597],[1318],[1228],[408],[299],[594],[-115],[-1136],[-1165],[-640],[-632],[-794],[-151],[665],[449],[-90],[213],[732],[474],[-59],[193],[546],[340],[146],[548],[658],[-8],[-513],[-383],[-354],[-693],[-645],[-51],[268],[193],[458],[1037],[1117],[674],[511],[619],[412],[37],[8],[171],[21],[-210],[-120],[-94],[-252],[-285],[-107],[43],[68],[165],[379],[510],[418],[309],[288],[170],[-96],[-211],[-130],[-107],[-172],[-120],[-94],[-118],[-106],[-95],[-84],[-145],[-221],[-180],[-118],[-104],[-153],[-151],[-187],[-324],[-413],[-379],[-380],[-465],[-520],[-535],[-561],[-628],[-654],[-731],[-818],[-901],[-936],[-808],[-538],[-74],[548],[1204],[1690],[1823],[1690],[1323],[742],[92],[-500],[-980],[-1221],[-1227],[-1115],[-830],[-419],[-108],[29],[136],[216],[347],[395],[504],[699],[818],[820],[750],[621],[398],[65],[-352],[-611],[-773],[-867],[-742],[-445],[-140],[130],[337],[490],[511],[442],[363],[317],[259],[174],[156],[209],[193],[93],[-8],[-133],[-293],[-414],[-422],[-311],[-186],[-21],[205],[386],[512],[511],[497],[426],[228],[65],[-21],[-80],[-119],[-103],[-95],[-89],[-96],[-147],[-171],[-176],[-178],[-166],[-60],[109],[315],[508],[653],[742],[686],[549],[424],[186],[-28],[-116],[-182],[-209],[-140],[-39],[18],[93],[154],[141],[139],[180],[207],[241],[286],[268],[224],[197],[60],[-70],[-146],[-157],[-211],[-202],[-119],[-52],[28],[99],[77],[51],[29],[-55],[-120],[-150],[-192],[-234],[-287],[-339],[-364],[-431],[-510],[-580],[-654],[-717],[-779],[-781],[-866],[-953],[-1029],[-1169],[-1243],[-1117],[-486],[624],[1329],[1705],[1932],[2031],[2047],[1000],[247],[-183],[-711],[-1551],[-1850],[-1324],[-794],[-733],[-600],[21],[430],[249],[100],[519],[925],[787],[659],[979],[1112],[704],[262],[114],[-198],[-901],[-1374],[-1159],[-787],[-657],[-369],[304],[762],[715],[694],[914],[932],[461],[-7],[25],[116],[-127],[-279],[-149],[-116],[-440],[-582],[-415],[-226],[-290],[-204],[204],[539],[578],[710],[957],[809],[408],[105],[37],[-127],[-442],[-492],[-291],[-221],[-282],[-166],[25],[54],[-37],[-11],[219],[467],[561],[784],[1037],[864],[667],[397],[124],[-137],[-405],[-392],[-300],[-204],[-22],[215],[398],[410],[343],[299],[245],[134],[106],[188],[164],[85],[34],[-13],[-111],[-205],[-230],[-216],[-204],[-147],[5],[140],[181],[78],[-28],[-152],[-333],[-452],[-485],[-532],[-554],[-556],[-530],[-560],[-684],[-856],[-1016],[-1205],[-1356],[-1431],[-1447],[-1405],[-1271],[-494],[872],[1748],[2030],[2035],[2030],[2041],[2037],[18],[-461],[-1018],[-1944],[-2027],[-2026],[-937],[-734],[-566],[152],[713],[505],[299],[705],[1224],[1114],[870],[1057],[1179],[635],[-22],[-269],[-519],[-1221],[-1743],[-1531],[-939],[-552],[-179],[562],[1235],[1214],[1016],[1162],[1203],[667],[8],[-128],[-39],[-238],[-487],[-436],[-332],[-545],[-837],[-704],[-346],[-228],[-108],[373],[882],[1081],[1171],[1269],[1198],[685],[86],[-197],[-380],[-721],[-958],[-771],[-495],[-433],[-368],[-60],[209],[185],[135],[296],[468],[514],[695],[987],[1042],[896],[594],[271],[-60],[-504],[-618],[-522],[-404],[-244],[108],[525],[718],[698],[652],[545],[297],[106],[17],[-7],[-78],[-157],[-164],[-190],[-220],[-257],[-217],[-156],[-73],[73],[252],[306],[265],[191],[21],[-216],[-453],[-602],[-688],[-712],[-702],[-743],[-723],[-748],[-865],[-915],[-1026],[-1237],[-1312],[-1493],[-1704],[-1796],[-1402],[322],[1817],[2047],[2021],[2047],[2047],[2025],[400],[-613],[-1139],[-2021],[-2028],[-2028],[-2021],[-520],[-400],[257],[1086],[971],[441],[493],[1061],[1299],[1001],[992],[1329],[1174],[334],[-229],[-513],[-1229],[-2000],[-2028],[-2026],[-792],[-248],[491],[1456],[1777],[1525],[1369],[1419],[1055],[190],[-430],[-353],[-221],[-414],[-528],[-431],[-477],[-868],[-1086],[-769],[-340],[-187],[97],[766],[1359],[1594],[1609],[1554],[1214],[401],[-332],[-583],[-803],[-1126],[-1148],[-734],[-375],[-296],[-178],[188],[402],[241],[164],[472],[786],[1001],[1250],[1477],[1361],[830],[268],[-257],[-701],[-956],[-977],[-664],[-326],[84],[675],[1017],[1082],[876],[597],[356],[74],[-109],[-104],[-89],[-99],[-174],[-212],[-243],[-305],[-336],[-336],[-292],[-150],[79],[228],[281],[190],[29],[-175],[-475],[-746],[-910],[-989],[-1043],[-1110],[-1095],[-1075],[-1100],[-1108],[-1239],[-1394],[-1517],[-1680],[-1251],[485],[1928],[2031],[2030],[2038],[2039],[2047],[288],[-738],[-1389],[-2027],[-2028],[-2028],[-2026],[-560],[-347],[365],[1237],[1161],[632],[662],[1202],[1395],[1112],[1003],[1346],[1195],[350],[-287],[-671],[-1391],[-2020],[-2027],[-2028],[-842],[-236],[555],[1486],[1904],[1770],[1519],[1440],[1093],[153],[-524],[-495],[-305],[-495],[-657],[-522],[-479],[-800],[-1058],[-740],[-276],[-95],[117],[736],[1430],[1692],[1674],[1562],[1291],[474],[-325],[-659],[-864],[-1175],[-1280],[-900],[-475],[-356],[-244],[138],[425],[281],[196],[446],[699],[723],[830],[1190],[1186],[817],[486],[109],[-207],[-555],[-705],[-513],[-328],[-111],[292],[690],[819],[682],[549],[469],[214],[13],[-30],[-48],[-90],[-147],[-143],[-88],[-125],[-222],[-216],[-173],[-84],[10],[120],[147],[22],[-38],[-97],[-279],[-435],[-571],[-635],[-707],[-882],[-994],[-984],[-1040],[-1173],[-1224],[-1366],[-1526],[-1704],[-1845],[-1619],[-315],[1403],[2041],[2047],[2047],[2032],[2029],[2043],[-296],[-946],[-1975],[-2028],[-2028],[-2028],[-973],[-572],[-154],[736],[1144],[775],[524],[942],[1419],[1292],[1036],[1302],[1489],[806],[50],[-428],[-1014],[-1865],[-2028],[-2028],[-1751],[-577],[73],[1054],[1753],[1814],[1607],[1546],[1323],[593],[-250],[-461],[-286],[-341],[-532],[-584],[-509],[-719],[-1085],[-1029],[-627],[-390],[-211],[357],[1099],[1616],[1784],[1757],[1582],[965],[142],[-405],[-687],[-1005],[-1252],[-1117],[-715],[-462],[-395],[-117],[230],[288],[165],[294],[604],[778],[859],[1102],[1338],[1202],[760],[459],[18],[-438],[-746],[-746],[-525],[-282],[104],[547],[834],[872],[767],[650],[455],[168],[-15],[-56],[-142],[-220],[-213],[-171],[-180],[-250],[-283],[-219],[-130],[21],[158],[234],[211],[103],[6],[-165],[-408],[-669],[-834],[-979],[-1136],[-1128],[-1114],[-1162],[-1213],[-1348],[-1446],[-1575],[-1698],[-1702],[-1172],[550],[2008],[2047],[2034],[2047],[2040],[2038],[460],[-710],[-1467],[-2027],[-2028],[-2028],[-2027],[-676],[-402],[275],[1132],[1124],[560],[628],[1243],[1457],[1120],[1110],[1538],[1320],[438],[-220],[-708],[-1468],[-2024],[-2028],[-2028],[-1052],[-440],[421],[1451],[1995],[1859],[1656],[1621],[1200],[285],[-411],[-373],[-255],[-501],[-693],[-597],[-576],[-995],[-1246],[-884],[-485],[-310],[13],[767],[1536],[1838],[1853],[1902],[1523],[640],[-146],[-543],[-844],[-1224],[-1327],[-957],[-571],[-478],[-343],[57],[305],[150],[140],[459],[755],[793],[864],[1202],[1197],[791],[451],[155],[-119],[-450],[-608],[-422],[-250],[-23],[297],[650],[812],[629],[571],[526],[324],[97],[9],[22],[-103],[-205],[-159],[-86],[-135],[-246],[-246],[-144],[-12],[76],[177],[236],[162],[65],[-6],[-138],[-288],[-406],[-517],[-688],[-830],[-966],[-1036],[-1100],[-1273],[-1259],[-1266],[-1400],[-1502],[-1601],[-1582],[-1463],[-224],[1482],[2033],[2028],[2047],[2047],[2037],[2035],[-353],[-856],[-1768],[-2028],[-2029],[-2028],[-845],[-621],[-285],[693],[1179],[720],[478],[984],[1494],[1350],[984],[1252],[1444],[779],[-28],[-446],[-956],[-1824],[-2027],[-2028],[-1478],[-608],[1],[914],[1616],[1732],[1641],[1612],[1446],[750],[-87],[-339],[-184],[-349],[-703],[-763],[-691],[-878],[-1212],[-1080],[-574],[-280],[-104],[420],[1197],[1684],[1723],[1673],[1535],[946],[144],[-347],[-616],[-965],[-1248],[-1119],[-722],[-548],[-507],[-183],[192],[274],[148],[344],[741],[850],[801],[955],[1028],[805],[341],[114],[2],[-186],[-367],[-271],[-76],[73],[338],[548],[696],[577],[447],[377],[255],[52],[-46],[4],[-31],[-132],[-74],[35],[42],[-14],[-77],[-54],[13],[41],[128],[184],[111],[38],[-8],[-113],[-244],[-363],[-433],[-524],[-725],[-810],[-870],[-966],[-1037],[-1127],[-1176],[-1207],[-1314],[-1443],[-1463],[-1447],[-1415],[-792],[767],[1992],[2038],[2047],[2032],[2033],[2032],[117],[-654],[-1281],[-2022],[-2028],[-2028],[-1688],[-621],[-426],[261],[1049],[959],[490],[693],[1300],[1417],[1020],[1030],[1349],[1034],[226],[-320],[-711],[-1419],[-2018],[-2028],[-2024],[-754],[-226],[494],[1381],[1718],[1614],[1535],[1489],[1034],[190],[-368],[-335],[-334],[-639],[-811],[-704],[-712],[-1032],[-1133],[-680],[-230],[-53],[305],[978],[1583],[1777],[1635],[1535],[1189],[388],[-316],[-618],[-874],[-1191],[-1241],[-906],[-567],[-493],[-289],[134],[389],[277],[324],[626],[884],[799],[749],[838],[700],[229],[-103],[-134],[-231],[-298],[-188],[104],[421],[530],[704],[876],[685],[377],[174],[78],[-112],[-213],[-146],[-70],[-51],[-20],[53],[133],[105],[12],[19],[102],[179],[224],[265],[255],[118],[-56],[-205],[-408],[-560],[-622],[-636],[-620],[-571],[-568],[-536],[-613],[-727],[-845],[-1019],[-1168],[-1336],[-1423],[-1402],[-1343],[-1302],[-1190],[-398],[1096],[2047],[2025],[2047],[2047],[2044],[2024],[-171],[-510],[-1192],[-2016],[-2028],[-2028],[-912],[-639],[-472],[290],[934],[650],[419],[890],[1354],[1225],[844],[956],[1208],[678],[-26],[-380],[-707],[-1357],[-1918],[-1768],[-1063],[-524],[-156],[561],[1301],[1437],[1298],[1322],[1275],[742],[-24],[-327],[-185],[-308],[-630],[-690],[-589],[-677],[-982],[-890],[-414],[-96],[-13],[353],[997],[1486],[1461],[1392],[1329],[900],[204],[-320],[-540],[-806],[-1123],[-1088],[-743],[-513],[-403],[-123],[265],[380],[261],[372],[652],[687],[553],[601],[685],[461],[106],[72],[108],[26],[-5],[65],[254],[325],[355],[511],[504],[385],[217],[122],[176],[2],[-50],[4],[40],[-9],[-43],[81],[176],[106],[85],[152],[242],[205],[189],[153],[34],[-133],[-320],[-463],[-534],[-595],[-547],[-447],[-395],[-304],[-284],[-325],[-470],[-693],[-914],[-1010],[-1231],[-1326],[-1373],[-1456],[-1324],[-1304],[-1187],[-621],[730],[1833],[2024],[2047],[2031],[2032],[2047],[261],[-388],[-1018],[-1932],[-2028],[-2028],[-1333],[-700],[-543],[114],[846],[795],[511],[732],[1138],[1166],[842],[827],[1136],[892],[224],[-188],[-525],[-1114],[-1740],[-1844],[-1287],[-730],[-379],[278],[1055],[1355],[1314],[1279],[1326],[916],[202],[-204],[-181],[-202],[-481],[-643],[-573],[-564],[-820],[-873],[-514],[-188],[-92],[200],[776],[1294],[1472],[1404],[1323],[1046],[360],[-199],[-471],[-707],[-999],[-1042],[-732],[-455],[-371],[-179],[179],[307],[242],[223],[449],[618],[544],[553],[697],[578],[308],[190],[220],[136],[-17],[-85],[58],[140],[144],[338],[497],[430],[288],[282],[275],[107],[29],[52],[38],[-32],[-20],[78],[146],[106],[37],[28],[5],[-54],[-80],[-52],[-115],[-198],[-244],[-249],[-257],[-312],[-263],[-237],[-295],[-330],[-348],[-494],[-615],[-847],[-1072],[-1173],[-1339],[-1411],[-1400],[-1334],[-1173],[-998],[-801],[-420],[580],[1658],[2018],[2047],[2029],[2038],[2041],[446],[-559],[-1165],[-1756],[-2024],[-2028],[-2020],[-703],[-342],[40],[648],[900],[760],[713],[985],[1196],[1042],[846],[890],[755],[252],[-277],[-672],[-1079],[-1538],[-1767],[-1444],[-802],[-269],[254],[874],[1322],[1434],[1364],[1241],[1074],[511],[-61],[-284],[-338],[-511],[-695],[-759],[-738],[-804],[-833],[-595],[-200],[77],[342],[761],[1182],[1389],[1359],[1185],[926],[452],[-54],[-439],[-647],[-855],[-945],[-818],[-570],[-384],[-231],[31],[299],[353],[362],[502],[653],[633],[563],[531],[473],[299],[94],[-9],[128],[51],[29],[208],[197],[264],[335],[373],[385],[259],[243],[217],[166],[153],[122],[145],[130],[36],[34],[60],[-10],[-111],[-148],[-127],[-89],[-50],[-10],[41],[44],[9],[-92],[-136],[-219],[-294],[-331],[-339],[-395],[-508],[-621],[-736],[-899],[-975],[-1099],[-1198],[-1223],[-1363],[-1300],[-1194],[-1032],[-724],[-493],[183],[1164],[2047],[2033],[2035],[2047],[2036],[1018],[-366],[-1111],[-1470],[-1902],[-2024],[-2021],[-939],[-312],[-67],[301],[788],[952],[714],[695],[1005],[1171],[909],[774],[741],[492],[-86],[-621],[-959],[-1315],[-1654],[-1606],[-1037],[-370],[161],[680],[1227],[1505],[1407],[1210],[1046],[713],[97],[-350],[-403],[-395],[-566],[-711],[-638],[-590],[-668],[-604],[-325],[10],[210],[463],[857],[1216],[1289],[1215],[1016],[680],[195],[-251],[-513],[-719],[-928],[-915],[-691],[-468],[-283],[-26],[249],[393],[404],[388],[511],[532],[459],[420],[412],[273],[102],[127],[200],[230],[195],[207],[242],[233],[249],[329],[383],[327],[201],[256],[282],[218],[122],[95],[26],[-92],[-158],[-103],[-45],[-32],[-33],[9],[108],[97],[82],[104],[47],[-99],[-187],[-224],[-294],[-325],[-302],[-319],[-400],[-469],[-560],[-646],[-762],[-936],[-1054],[-1172],[-1324],[-1316],[-1318],[-1175],[-909],[-714],[-339],[92],[880],[1892],[2045],[2020],[2027],[2047],[1079],[-69],[-970],[-1359],[-1653],[-2002],[-2018],[-1192],[-427],[-76],[152],[619],[992],[861],[691],[938],[1196],[983],[641],[548],[483],[-18],[-606],[-881],[-1118],[-1449],[-1516],[-1089],[-403],[132],[510],[1057],[1392],[1386],[1179],[1055],[827],[276],[-266],[-421],[-350],[-512],[-725],[-713],[-615],[-653],[-632],[-370],[8],[221],[385],[752],[1152],[1328],[1220],[1050],[777],[332],[-195],[-513],[-688],[-880],[-960],[-778],[-499],[-316],[-132],[174],[365],[368],[400],[510],[584],[545],[511],[468],[345],[166],[-35],[-179],[-132],[-188],[-96],[160],[288],[555],[665],[678],[665],[441],[325],[189],[54],[-66],[-210],[-128],[-142],[-152],[32],[99],[99],[137],[127],[165],[203],[175],[130],[86],[-7],[-131],[-226],[-276],[-323],[-375],[-318],[-276],[-278],[-284],[-333],[-469],[-638],[-798],[-906],[-1035],[-1218],[-1334],[-1363],[-1341],[-1163],[-902],[-619],[-306],[26],[759],[1818],[2036],[2032],[2047],[2041],[1118],[-27],[-895],[-1199],[-1616],[-2018],[-2027],[-1348],[-575],[-261],[99],[706],[1100],[877],[719],[997],[1188],[890],[484],[460],[395],[-83],[-562],[-719],[-896],[-1300],[-1434],[-992],[-364],[30],[416],[971],[1332],[1304],[1186],[1182],[897],[291],[-293],[-446],[-452],[-656],[-838],[-738],[-587],[-611],[-564],[-226],[185],[291],[416],[779],[1084],[1155],[1070],[981],[759],[298],[-176],[-407],[-631],[-908],[-1007],[-840],[-608],[-428],[-186],[184],[442],[468],[479],[596],[668],[528],[389],[385],[249],[-3],[-53],[-19],[-98],[-146],[-79],[56],[170],[420],[585],[750],[762],[546],[567],[357],[75],[-72],[-225],[-321],[-403],[-298],[-93],[36],[144],[220],[254],[270],[247],[260],[197],[113],[-26],[-74],[-103],[-239],[-304],[-351],[-384],[-382],[-344],[-316],[-262],[-304],[-456],[-556],[-650],[-810],[-924],[-1120],[-1268],[-1336],[-1348],[-1162],[-966],[-652],[-257],[83],[717],[1604],[2047],[2036],[2034],[2047],[1006],[77],[-804],[-1213],[-1482],[-1888],[-1958],[-1383],[-614],[-219],[8],[516],[884],[779],[654],[833],[1064],[924],[617],[509],[550],[179],[-343],[-597],[-816],[-1171],[-1391],[-1123],[-546],[-109],[239],[749],[1186],[1274],[1191],[1142],[922],[436],[-157],[-366],[-405],[-566],[-724],[-701],[-580],[-564],[-547],[-325],[32],[218],[304],[624],[959],[1120],[1088],[1017],[824],[410],[-62],[-353],[-580],[-831],[-954],[-842],[-601],[-396],[-197],[100],[366],[394],[380],[451],[538],[511],[414],[406],[382],[170],[-10],[64],[-28],[-104],[-53],[27],[232],[380],[564],[755],[623],[497],[291],[120],[-10],[-223],[-283],[-253],[-196],[-88],[69],[222],[329],[273],[282],[266],[203],[144],[124],[38],[-48],[-108],[-177],[-238],[-304],[-350],[-336],[-284],[-228],[-157],[-75],[-103],[-250],[-403],[-578],[-797],[-988],[-1171],[-1268],[-1330],[-1402],[-1226],[-957],[-672],[-330],[-102],[232],[564],[1184],[1977],[2047],[1910],[1574],[1048],[385],[-573],[-1213],[-1383],[-1783],[-2020],[-1994],[-864],[-218],[9],[448],[1049],[1219],[906],[848],[1123],[1045],[581],[289],[299],[173],[-391],[-747],[-774],[-1002],[-1317],[-1183],[-562],[-31],[250],[668],[1212],[1413],[1266],[1136],[1069],[574],[-156],[-567],[-595],[-656],[-861],[-895],[-643],[-479],[-418],[-223],[153],[424],[428],[565],[914],[1136],[1022],[923],[741],[410],[-68],[-427],[-570],[-808],[-1024],[-928],[-621],[-381],[-186],[147],[445],[525],[480],[493],[569],[496],[368],[279],[248],[177],[109],[152],[122],[106],[74],[92],[172],[191],[289],[399],[326],[223],[195],[167],[79],[10],[-12],[-58],[-67],[4],[81],[168],[213],[202],[177],[180],[149],[105],[58],[-43],[-155],[-204],[-194],[-198],[-269],[-267],[-194],[-166],[-147],[-146],[-139],[-235],[-476],[-652],[-763],[-965],[-1123],[-1258],[-1324],[-1349],[-1267],[-988],[-707],[-355],[-39],[299],[753],[1444],[2033],[2047],[2025],[1419],[865],[78],[-915],[-1338],[-1393],[-1761],[-1952],[-1464],[-557],[-17],[69],[460],[1040],[1073],[707],[771],[1154],[993],[482],[267],[341],[75],[-531],[-815],[-828],[-1069],[-1309],[-1023],[-319],[178],[414],[804],[1344],[1363],[1038],[878],[781],[267],[-405],[-615],[-485],[-540],[-757],[-690],[-433],[-360],[-396],[-191],[218],[362],[354],[570],[917],[1028],[934],[798],[636],[285],[-203],[-453],[-540],[-706],[-827],[-676],[-375],[-206],[-77],[161],[381],[397],[296],[339],[422],[390],[310],[301],[276],[206],[164],[200],[157],[130],[80],[92],[125],[144],[237],[333],[313],[185],[153],[170],[60],[1],[-13],[-27],[25],[59],[148],[255],[286],[241],[222],[143],[65],[-23],[-88],[-143],[-214],[-216],[-157],[-132],[-99],[-83],[-54],[-15],[10],[-63],[-123],[-237],[-482],[-668],[-833],[-1046],[-1168],[-1267],[-1397],[-1373],[-1341],[-1137],[-798],[-534],[-183],[158],[547],[1280],[1965],[2047],[2018],[2032],[1119],[430],[-576],[-1287],[-1485],[-1839],[-2020],[-2006],[-987],[-231],[80],[395],[998],[1229],[980],[895],[1057],[1048],[624],[221],[231],[110],[-384],[-742],[-784],[-933],[-1187],[-1087],[-534],[16],[272],[650],[1137],[1327],[1162],[1050],[916],[528],[-90],[-511],[-515],[-544],[-775],[-806],[-583],[-452],[-431],[-257],[72],[276],[322],[503],[790],[1004],[961],[921],[820],[504],[75],[-244],[-382],[-640],[-835],[-807],[-588],[-404],[-246],[-13],[244],[318],[316],[351],[443],[462],[370],[347],[398],[262],[71],[1],[16],[-8],[-122],[-31],[69],[147],[299],[411],[533],[528],[324],[272],[147],[17],[-96],[-132],[-41],[-46],[0],[120],[188],[183],[198],[125],[126],[81],[56],[88],[60],[29],[12],[-7],[-51],[-123],[-140],[-88],[-134],[-168],[-157],[-205],[-263],[-437],[-641],[-819],[-1037],[-1231],[-1290],[-1296],[-1267],[-1092],[-881],[-620],[-333],[-142],[54],[181],[513],[1379],[1857],[1796],[1627],[1331],[931],[31],[-919],[-1085],[-1304],[-1936],[-2022],[-1302],[-383],[-49],[90],[758],[1277],[968],[612],[833],[987],[596],[108],[170],[345],[-20],[-483],[-452],[-469],[-904],[-1147],[-755],[-205],[5],[165],[770],[1306],[1149],[965],[1077],[886],[208],[-432],[-511],[-444],[-691],[-855],[-635],[-398],[-408],[-359],[-31],[282],[255],[242],[574],[892],[890],[863],[946],[764],[297],[-94],[-222],[-465],[-841],[-980],[-789],[-570],[-460],[-222],[127],[368],[381],[399],[530],[585],[461],[393],[400],[304],[86],[-43],[-90],[-159],[-259],[-222],[-111],[51],[196],[408],[595],[640],[622],[519],[377],[250],[7],[-205],[-287],[-288],[-257],[-124],[25],[116],[203],[285],[349],[310],[308],[266],[217],[164],[61],[31],[-23],[-173],[-266],[-256],[-252],[-269],[-232],[-184],[-167],[-206],[-276],[-403],[-582],[-792],[-959],[-1091],[-1163],[-1179],[-1059],[-884],[-734],[-576],[-428],[-408],[-403],[-115],[880],[1721],[1860],[1791],[1787],[1537],[705],[-406],[-819],[-1028],[-1865],[-2027],[-2028],[-757],[-303],[-265],[363],[1128],[1011],[543],[724],[1119],[831],[261],[331],[664],[413],[-156],[-219],[-255],[-823],[-1375],[-1152],[-604],[-424],[-311],[333],[1072],[1197],[1066],[1286],[1274],[612],[-165],[-390],[-350],[-638],[-946],[-774],[-518],[-514],[-511],[-165],[142],[90],[51],[420],[763],[874],[896],[1084],[1033],[590],[169],[12],[-304],[-810],[-1119],[-1043],[-838],[-718],[-469],[-7],[319],[453],[511],[651],[686],[585],[463],[431],[348],[118],[21],[-52],[-221],[-443],[-576],[-507],[-303],[-88],[209],[626],[841],[833],[904],[789],[597],[278],[-111],[-338],[-439],[-452],[-366],[-159],[39],[133],[235],[342],[380],[353],[331],[299],[245],[185],[164],[131],[11],[-139],[-210],[-267],[-291],[-269],[-226],[-172],[-116],[-126],[-180],[-275],[-412],[-586],[-806],[-974],[-1081],[-1134],[-1084],[-954],[-886],[-733],[-655],[-724],[-767],[-539],[458],[1568],[1924],[1983],[2047],[2020],[1364],[65],[-619],[-892],[-1866],[-2028],[-2028],[-1512],[-555],[-462],[196],[1192],[1247],[723],[811],[1203],[977],[321],[299],[773],[613],[-59],[-182],[-135],[-827],[-1618],[-1537],[-940],[-732],[-672],[96],[1122],[1396],[1305],[1524],[1632],[971],[-58],[-444],[-443],[-754],[-1163],[-1014],[-619],[-598],[-579],[-152],[219],[118],[16],[396],[802],[868],[903],[1120],[1201],[730],[234],[19],[-256],[-848],[-1288],[-1248],[-995],[-821],[-527],[24],[435],[584],[683],[836],[820],[621],[454],[390],[251],[24],[-72],[-110],[-267],[-507],[-591],[-437],[-294],[-197],[41],[385],[619],[690],[828],[893],[849],[514],[182],[-28],[-304],[-502],[-484],[-414],[-339],[-192],[97],[288],[422],[491],[541],[501],[401],[281],[235],[188],[10],[-168],[-244],[-294],[-342],[-352],[-316],[-304],[-283],[-223],[-150],[-172],[-259],[-382],[-516],[-680],[-854],[-933],[-940],[-963],[-910],[-806],[-768],[-835],[-944],[-868],[-208],[1008],[1726],[1932],[2034],[2040],[2037],[725],[-154],[-485],[-1209],[-2022],[-2028],[-2028],[-775],[-654],[-304],[700],[1141],[727],[588],[1028],[1097],[506],[251],[633],[712],[217],[-96],[-11],[-410],[-1259],[-1532],[-1047],[-748],[-812],[-347],[618],[1149],[1140],[1323],[1602],[1267],[357],[-240],[-279],[-487],[-890],[-950],[-637],[-513],[-544],[-303],[102],[115],[-75],[64],[474],[685],[660],[919],[1124],[894],[465],[234],[58],[-371],[-934],[-1128],[-968],[-836],[-660],[-227],[204],[417],[533],[662],[732],[611],[456],[377],[313],[138],[1],[-15],[-71],[-279],[-513],[-581],[-523],[-466],[-196],[118],[459],[729],[874],[1033],[954],[734],[502],[59],[-248],[-509],[-538],[-458],[-392],[-207],[-31],[161],[360],[432],[504],[521],[445],[354],[292],[211],[143],[-13],[-132],[-291],[-378],[-402],[-381],[-330],[-301],[-223],[-116],[-96],[-118],[-172],[-286],[-451],[-611],[-756],[-835],[-841],[-874],[-850],[-830],[-847],[-973],[-1216],[-1116],[-128],[1147],[1712],[1969],[2031],[2046],[2032],[827],[-29],[-311],[-1448],[-2027],[-2028],[-2024],[-789],[-942],[-303],[907],[963],[368],[548],[1124],[922],[196],[272],[960],[841],[135],[160],[346],[-427],[-1472],[-1516],[-916],[-894],[-1124],[-384],[760],[1093],[1028],[1381],[1789],[1183],[140],[-212],[-179],[-558],[-989],[-826],[-479],[-492],[-560],[-142],[260],[12],[-270],[40],[427],[462],[511],[930],[1201],[897],[508],[444],[241],[-333],[-918],[-1037],[-935],[-880],[-664],[-191],[210],[362],[452],[656],[695],[520],[302],[277],[253],[55],[-33],[56],[33],[-188],[-380],[-442],[-413],[-311],[-163],[128],[411],[578],[788],[852],[790],[638],[392],[48],[-307],[-470],[-495],[-424],[-281],[-165],[3],[236],[386],[416],[422],[384],[316],[258],[238],[175],[108],[42],[-116],[-269],[-355],[-388],[-405],[-402],[-348],[-278],[-171],[-59],[-76],[-170],[-258],[-420],[-572],[-712],[-831],[-880],[-884],[-935],[-1014],[-1176],[-1306],[-878],[472],[1356],[1785],[2019],[2030],[2047],[2029],[255],[86],[-471],[-1882],[-2028],[-2028],[-1015],[-950],[-1052],[-31],[857],[491],[216],[794],[1181],[696],[204],[753],[1304],[678],[227],[546],[291],[-843],[-1589],[-1259],[-911],[-1304],[-1276],[-155],[739],[785],[977],[1630],[1710],[895],[178],[146],[-54],[-651],[-852],[-587],[-512],[-679],[-561],[-91],[-10],[-352],[-358],[67],[356],[425],[660],[1080],[1236],[959],[732],[603],[230],[-410],[-878],[-1071],[-1090],[-1035],[-735],[-337],[-52],[167],[440],[654],[672],[550],[480],[456],[362],[238],[214],[133],[-19],[-219],[-465],[-593],[-628],[-601],[-452],[-181],[204],[577],[851],[1026],[995],[776],[518],[195],[-162],[-440],[-549],[-507],[-360],[-210],[-21],[217],[346],[369],[384],[364],[325],[291],[264],[216],[193],[132],[33],[-90],[-251],[-351],[-381],[-412],[-356],[-240],[-66],[26],[53],[-10],[-78],[-229],[-406],[-513],[-605],[-657],[-638],[-585],[-593],[-669],[-824],[-1159],[-1503],[-1382],[-143],[902],[1443],[1898],[2047],[2033],[2047],[758],[220],[-373],[-1806],[-2028],[-2028],[-2026],[-1084],[-941],[-11],[989],[917],[710],[1095],[1261],[833],[333],[541],[858],[518],[198],[368],[71],[-839],[-1437],[-1361],[-1211],[-1364],[-1147],[-248],[494],[883],[1453],[1857],[1705],[1141],[597],[170],[-395],[-881],[-897],[-843],[-970],[-871],[-429],[-37],[-51],[-110],[79],[235],[277],[511],[914],[1073],[957],[887],[813],[492],[-103],[-522],[-816],[-1235],[-1412],[-1111],[-612],[-278],[68],[483],[788],[894],[841],[763],[576],[277],[84],[39],[-87],[-199],[-133],[-94],[-165],[-257],[-224],[-142],[-133],[-62],[221],[447],[542],[660],[707],[581],[348],[161],[-30],[-248],[-382],[-315],[-198],[-80],[47],[140],[269],[254],[188],[138],[116],[49],[19],[54],[32],[-20],[-112],[-182],[-309],[-442],[-520],[-533],[-513],[-480],[-369],[-267],[-242],[-334],[-464],[-624],[-931],[-1256],[-1681],[-1827],[-596],[669],[1424],[1942],[2028],[2034],[2037],[1115],[133],[-175],[-1498],[-2028],[-2028],[-1978],[-762],[-702],[109],[992],[636],[200],[688],[899],[312],[-173],[402],[1019],[595],[307],[926],[787],[-461],[-1268],[-1063],[-914],[-1421],[-1475],[-430],[330],[384],[889],[1695],[1679],[950],[472],[496],[57],[-758],[-758],[-325],[-532],[-884],[-565],[8],[-35],[-449],[-293],[125],[83],[74],[622],[1096],[1000],[780],[933],[895],[246],[-328],[-457],[-723],[-1160],[-1168],[-680],[-266],[-213],[-11],[462],[567],[459],[479],[573],[371],[93],[112],[282],[220],[40],[73],[121],[-67],[-254],[-178],[-80],[-144],[-123],[100],[327],[393],[475],[498],[416],[240],[90],[60],[-14],[-132],[-120],[-17],[27],[41],[65],[118],[134],[66],[66],[107],[117],[92],[142],[97],[-23],[-116],[-161],[-250],[-324],[-348],[-333],[-324],[-325],[-318],[-318],[-357],[-442],[-556],[-677],[-822],[-976],[-1119],[-1348],[-1407],[-551],[687],[1360],[1757],[2030],[2047],[2031],[600],[99],[-60],[-1070],[-2013],[-2028],[-1332],[-823],[-747],[-124],[718],[622],[222],[599],[985],[584],[23],[275],[820],[511],[81],[450],[568],[-299],[-1111],[-985],[-714],[-1002],[-1137],[-360],[420],[442],[727],[1499],[1579],[879],[370],[351],[63],[-688],[-876],[-496],[-507],[-788],[-568],[-23],[67],[-206],[-111],[214],[161],[94],[478],[908],[845],[608],[689],[704],[292],[-238],[-410],[-564],[-917],[-999],[-613],[-243],[-74],[179],[539],[802],[744],[761],[825],[588],[238],[113],[126],[15],[-223],[-260],[-214],[-275],[-271],[-36],[214],[299],[379],[508],[540],[440],[266],[156],[-52],[-349],[-507],[-479],[-414],[-391],[-294],[-144],[-60],[-41],[-14],[32],[-60],[-193],[-279],[-355],[-479],[-654],[-774],[-967],[-1338],[-1734],[-1890],[-747],[522],[1139],[1698],[2047],[2026],[2047],[2047],[560],[364],[-991],[-2026],[-2028],[-2026],[-1108],[-1196],[-384],[662],[468],[41],[644],[1193],[682],[-68],[420],[1202],[838],[216],[715],[893],[-269],[-1359],[-1263],[-893],[-1402],[-1697],[-711],[188],[242],[580],[1592],[1888],[1157],[460],[622],[432],[-478],[-816],[-389],[-305],[-760],[-739],[-103],[94],[-378],[-438],[32],[67],[-62],[388],[1013],[1072],[748],[827],[985],[522],[-184],[-460],[-575],[-921],[-1181],[-884],[-366],[-184],[-111],[250],[553],[579],[511],[667],[802],[541],[401],[499],[511],[226],[-31],[-140],[-258],[-478],[-488],[-242],[-51],[12],[217],[477],[565],[432],[368],[337],[63],[-176],[-227],[-187],[-192],[-212],[-159],[-69],[-88],[-109],[-74],[-98],[-192],[-268],[-264],[-234],[-299],[-353],[-341],[-348],[-420],[-513],[-580],[-753],[-966],[-1210],[-1354],[-645],[491],[1084],[1568],[1814],[2047],[2047],[696],[104],[-8],[-907],[-1927],[-2022],[-1283],[-729],[-698],[-157],[746],[611],[102],[461],[891],[572],[-18],[161],[795],[600],[61],[408],[576],[-186],[-1045],[-1031],[-707],[-965],[-1126],[-328],[393],[395],[611],[1288],[1493],[859],[190],[222],[82],[-616],[-821],[-434],[-336],[-561],[-477],[56],[191],[-132],[-106],[260],[218],[64],[340],[779],[782],[613],[688],[826],[517],[108],[-21],[-178],[-446],[-567],[-338],[-98],[-64],[73],[345],[473],[462],[412],[469],[394],[148],[6],[-6],[-132],[-308],[-374],[-336],[-356],[-367],[-172],[45],[128],[125],[230],[236],[136],[-78],[-202],[-339],[-592],[-744],[-736],[-778],[-925],[-1066],[-1145],[-1336],[-1444],[-693],[363],[1006],[1504],[1912],[2042],[2036],[1082],[544],[322],[-635],[-1671],[-1843],[-1349],[-1036],[-975],[-360],[452],[386],[87],[459],[907],[586],[68],[290],[823],[608],[316],[547],[611],[-72],[-834],[-916],[-795],[-1118],[-1217],[-555],[42],[177],[516],[1189],[1483],[1049],[560],[521],[313],[-220],[-444],[-236],[-191],[-381],[-303],[69],[119],[-84],[-17],[161],[182],[98],[352],[709],[737],[554],[549],[536],[269],[-12],[-100],[-178],[-336],[-365],[-90],[145],[152],[197],[315],[267],[35],[-88],[-71],[-130],[-271],[-253],[-150],[-129],[-136],[-106],[-77],[-139],[-267],[-254],[-176],[-223],[-320],[-317],[-353],[-488],[-592],[-628],[-680],[-854],[-1005],[-1014],[-775],[-85],[657],[1173],[1404],[1521],[1568],[1076],[308],[-31],[-318],[-910],[-1381],[-1263],[-815],[-544],[-434],[12],[357],[148],[2],[335],[575],[417],[210],[505],[772],[531],[336],[459],[332],[-286],[-757],[-734],[-660],[-846],[-709],[-143],[144],[177],[416],[866],[954],[610],[430],[511],[323],[41],[24],[99],[-5],[-224],[-198],[-51],[-104],[-145],[38],[325],[345],[316],[524],[619],[473],[254],[207],[126],[-68],[-135],[-23],[49],[-14],[-13],[102],[153],[-5],[-112],[-92],[-144],[-268],[-278],[-170],[-143],[-156],[-118],[-75],[-109],[-193],[-204],[-220],[-354],[-501],[-532],[-556],[-635],[-725],[-737],[-704],[-684],[-572],[-204],[426],[844],[1104],[1278],[1302],[1060],[515],[0],[-280],[-659],[-1121],[-1266],[-1014],[-733],[-522],[-202],[225],[359],[288],[322],[540],[580],[380],[403],[612],[561],[292],[215],[156],[-136],[-552],[-686],[-596],[-550],[-450],[-64],[397],[640],[633],[767],[856],[605],[320],[200],[84],[-130],[-276],[-227],[-134],[-142],[-79],[121],[243],[240],[332],[470],[524],[466],[405],[335],[186],[-44],[-196],[-223],[-247],[-275],[-242],[-102],[-42],[0],[19],[59],[-20],[-141],[-180],[-175],[-230],[-297],[-305],[-320],[-371],[-360],[-327],[-288],[-296],[-335],[-327],[-348],[-386],[-416],[-380],[-366],[-379],[-332],[-119],[302],[560],[665],[704],[761],[589],[149],[-186],[-258],[-454],[-700],[-740],[-533],[-320],[-215],[20],[333],[408],[299],[291],[428],[432],[270],[266],[452],[490],[358],[304],[336],[215],[-10],[-46],[43],[23],[20],[213],[442],[454],[352],[314],[248],[41],[-142],[-199],[-164],[-134],[-88],[52],[228],[252],[252],[304],[325],[165],[2],[-43],[-52],[-159],[-236],[-196],[-194],[-239],[-192],[-107],[-83],[-109],[-123],[-62],[-108],[-213],[-268],[-263],[-345],[-442],[-477],[-478],[-484],[-476],[-419],[-347],[-307],[-257],[-189],[-127],[-87],[-77],[65],[268],[386],[424],[517],[511],[341],[165],[21],[-130],[-317],[-408],[-359],[-263],[-198],[-50],[140],[294],[395],[424],[513],[491],[379],[296],[200],[116],[10],[-24],[12],[17],[30],[81],[170],[224],[258],[275],[300],[279],[204],[201],[202],[120],[46],[58],[87],[-5],[-39],[-20],[1],[-36],[-86],[-45],[11],[27],[24],[84],[168],[89],[24],[37],[33],[-80],[-156],[-116],[-134],[-200],[-231],[-205],[-194],[-282],[-340],[-286],[-308],[-390],[-399],[-292],[-267],[-256],[-228],[-163],[-127],[-101],[-40],[76],[145],[139],[145],[188],[190],[95],[60],[89],[88],[56],[106],[135],[100],[74],[52],[33],[3],[-10],[11],[116],[148],[178],[265],[308],[282],[249],[198],[193],[105],[111],[98],[92],[102],[137],[123],[126],[122],[74],[69],[45],[50],[88],[89],[86],[114],[122],[72],[16],[-19],[-99],[-126],[-127],[-134],[-145],[-149],[-147],[-137],[-100],[-53],[-46],[-7],[25],[3],[25],[-10],[-53],[-113],[-158],[-222],[-288],[-354],[-344],[-370],[-354],[-339],[-240],[-138],[-84],[-5],[127],[162],[152],[146],[155],[81],[-28],[-100],[-118],[-160],[-152],[-62],[16],[128],[177],[273],[306],[271],[238],[195],[153],[86],[40],[38],[59],[105],[90],[98],[117],[111],[88],[130],[149],[162],[183],[245],[273],[264],[256],[193],[95],[-22],[-117],[-187],[-182],[-179],[-134],[-55],[48],[121],[144],[154],[131],[57],[-19],[-75],[-128],[-148],[-145],[-156],[-122],[-107],[-103],[-94],[-123],[-135],[-161],[-174],[-166],[-160],[-156],[-120],[-138],[-164],[-148],[-119],[-99],[-120],[-80],[-42],[-43],[-48],[-28],[-23],[-48],[-69],[-32],[11],[46],[72],[123],[153],[171],[139],[86],[43],[37],[-22],[-46],[-12],[13],[5],[57],[103],[93],[75],[111],[140],[138],[155],[196],[172],[149],[107],[107],[54],[-4],[-20],[18],[24],[30],[60],[130],[104],[91],[82],[119],[75],[28],[29],[21],[-45],[-98],[-95],[-115],[-139],[-147],[-116],[-72],[-19],[-7],[48],[72],[36],[2],[-14],[-37],[-92],[-126],[-119],[-134],[-176],[-177],[-118],[-106],[-110],[-94],[-68],[-42],[-40],[-40],[-10],[-8],[0],[-35],[-28],[-18],[-63],[-75],[-65],[-65],[-65],[-11],[59],[133],[136],[157],[174],[179],[142],[95],[48],[-5],[-60],[-75],[-72],[-71],[-51],[-40],[0],[17],[33],[73],[128],[160],[145],[160],[169],[146],[117],[111],[64],[48],[-21],[-40],[-56],[-42],[-70],[-70],[-24],[-36],[-31],[-16],[32],[21],[10],[18],[50],[10],[-34],[-22],[-68],[-82],[-106],[-87],[-33],[-26],[-33],[-7],[43],[35],[20],[16],[35],[2],[-34],[-16],[-22],[-41],[-59],[-71],[-77],[-85],[-88],[-84],[-54],[-26],[-11],[9],[58],[105],[94],[75],[72],[57],[4],[-12],[-16],[-7],[30],[25],[52],[81],[117],[100],[97],[85],[48],[21],[5],[-9],[-22],[-6],[-16],[22],[45],[33],[43],[66],[76],[70],[64],[99],[92],[83],[106],[59],[14],[10],[-51],[-110],[-128],[-122],[-146],[-130],[-100],[-63],[0],[8],[29],[58],[34],[20],[-6],[-57],[-91],[-92],[-130],[-106],[-117],[-126],[-113],[-76],[-65],[-50],[-14],[2],[16],[69],[92],[107],[121],[141],[110],[60],[9],[-23],[-87],[-125],[-102],[-115],[-65],[-14],[30],[122],[134],[153],[152],[170],[125],[99],[81],[97],[59],[69],[50],[51],[40],[38],[3],[-5],[39],[29],[25],[55],[56],[88],[67],[45],[47],[11],[1],[9],[-4],[-22],[-23],[-5],[4],[-9],[0],[8],[13],[8],[14],[3],[0],[3],[10],[-23],[-28],[-43],[-48],[-83],[-85],[-77],[-60],[-19],[-5],[2],[20],[-6],[1],[-20],[-32],[-36],[-50],[-56],[-69],[-38],[-31],[-12],[25],[-4],[19],[25],[2],[-28],[-20],[-30],[-60],[-37],[-64],[-46],[-38],[-41],[-35],[-39],[16],[33],[37],[56],[103],[117],[118],[125],[99],[78],[73],[20],[-28],[-31],[-13],[-34],[0],[35],[35],[48],[91],[85],[76],[61],[64],[52],[72],[43],[16],[8],[12],[-40],[-42],[-6],[-23],[-36],[-13],[44],[37],[22],[68],[67],[64],[69],[32],[22],[9],[-41],[-50],[-26],[-60],[-66],[-52],[-18],[-26],[-18],[3],[17],[16],[-12],[-3],[25],[34],[18],[8],[34],[19],[-4],[5],[38],[16],[-11],[0],[37],[29],[21],[48],[62],[22],[-24],[-24],[-55],[-72],[-61],[-74],[-75],[-65],[-40],[5],[36],[79],[68],[52],[59],[80],[51],[42],[49],[8],[-30],[-43],[-65],[-59],[-82],[-83],[-32],[-15],[5],[69],[62],[60],[98],[78],[50],[22],[32],[-7],[-42],[-54],[-48],[-63],[-46],[-3],[19],[56],[107],[112],[128],[133],[104],[89],[61],[28],[16],[-31],[-77],[-64],[-97],[-119],[-108],[-86],[-63],[-32],[35],[89],[115],[145],[163],[122],[82],[61],[22],[-38],[-74],[-71],[-86],[-85],[-34],[-29],[-31],[-10],[42],[33],[56],[78],[66],[89],[45],[4],[-16],[-16],[-64],[-91],[-69],[-43],[-35],[-9],[66],[86],[90],[115],[88],[50],[15],[0],[-15],[-34],[-48],[-26],[-31],[-36],[-32],[-35],[-64],[-53],[-35],[-32],[14],[41],[82],[68],[63],[86],[53],[3],[13],[-27],[-13],[-28],[-20],[42],[46],[37],[54],[78],[85],[78],[63],[76],[54],[34],[44],[6],[-48],[-66],[-99],[-66],[-71],[-55],[7],[54],[72],[96],[160],[163],[116],[76],[65],[4],[-64],[-92],[-79],[-101],[-125],[-104],[-52],[-35],[-21],[7],[43],[37],[52],[41],[52],[46],[38],[5],[-20],[-23],[-47],[-65],[-56],[-23],[-37],[-22],[40],[70],[70],[77],[86],[83],[67],[33],[4],[-22],[-74],[-84],[-109],[-123],[-116],[-56],[-36],[-12],[33],[88],[154],[156],[149],[142],[123],[66],[27],[24],[-29],[-75],[-89],[-61],[-67],[-48],[18],[45],[64],[85],[133],[137],[124],[107],[84],[82],[48],[-14],[-32],[-76],[-107],[-104],[-78],[-47],[2],[82],[98],[108],[114],[105],[104],[69],[49],[24],[-15],[-22],[-8],[-39],[-66],[-77],[-79],[-90],[-78],[-65],[-38],[-30],[21],[36],[38],[76],[74],[36],[28],[1],[-44],[-51],[-43],[-71],[-79],[-58],[-11],[-3],[8],[33],[60],[27],[18],[40],[5],[-24],[-36],[-16],[-29],[-43],[5],[0],[-13],[2],[17],[11],[14],[21],[53],[75],[58],[65],[67],[56],[34],[25],[15],[-27],[-14],[-22],[-17],[13],[11],[32],[48],[53],[46],[56],[33],[1],[-7],[7],[2],[2],[40],[47],[54],[50],[40],[42],[17],[8],[-6],[-28],[-35],[-29],[8],[11],[11],[22],[0],[-23],[-15],[-45],[-55],[-54],[-15],[-36],[-33],[-16],[8],[27],[25],[-6],[17],[-10],[-7],[5],[1],[18],[29],[9],[21],[12],[25],[-12],[-31],[-42],[-37],[-55],[-59],[-56],[-53],[-24],[0],[-12],[22],[19],[19],[33],[15],[18],[23],[44],[24],[17],[53],[34],[9],[2],[28],[3],[-11],[30],[28],[25],[28],[59],[34],[22],[24],[22],[-3],[-21],[20],[17],[8],[24],[40],[74],[51],[25],[21],[31],[-3],[-19],[22],[4],[28],[3],[-10],[0],[-16],[-27],[-27],[-37],[-43],[-50],[-7],[2],[-15],[8],[14],[0],[-10],[-38],[-16],[-31],[-35],[-9],[-21],[30],[27],[27],[69],[44],[53],[23],[15],[2],[9],[-32],[-38],[-19],[-53],[-31],[-47],[-53],[-31],[-36],[-8],[-5],[-15],[0],[6],[44],[33],[27],[36],[26],[18],[29],[-12],[-32],[-31],[-60],[-64],[-38],[-17],[-15],[11],[44],[50],[94],[77],[54],[42],[41],[-3],[-22],[8],[-17],[-43],[-20],[-31],[-44],[-43],[-4],[0],[-5],[22],[24],[60],[85],[74],[45],[44],[14],[-34],[-24],[-72],[-87],[-70],[-78],[-44],[-37],[-18],[18],[11],[12],[19],[-5],[-10],[23],[6],[-10],[6],[11],[-7],[-11],[3],[-31],[-5],[-38],[-36],[-30],[6],[1],[-11],[-5],[1],[-4],[-6],[7],[8],[44],[27],[10],[24],[37],[18],[16],[64],[48],[22],[29],[43],[74],[43],[34],[52],[23],[34],[41],[21],[40],[14],[3],[22],[4],[9],[35],[68],[39],[50],[65],[46],[29],[43],[16],[16],[-6],[3],[-11],[16],[-3],[-14],[1],[0],[0],[28],[28],[21],[18],[42],[19],[17],[6],[32],[-11],[-27],[-24],[-40],[-46],[-28],[-35],[-39],[-8],[14],[27],[42],[84],[49],[45],[22],[0],[-13],[-40],[-36],[-16],[-35],[-32],[16],[10],[-11],[25],[11],[0],[29],[13],[32],[69],[51],[41],[61],[34],[30],[-24],[-52],[-37],[-70],[-34],[-15],[-4],[52],[53],[58],[57],[70],[38],[27],[37],[-10],[1],[-6],[25],[33],[11],[26],[22],[-11],[-16],[-21],[-6],[13],[19],[22],[70],[41],[62],[71],[49],[21],[36],[1],[-7],[-14],[-21],[-17],[7],[0],[33],[22],[15],[51],[39],[30],[49],[29],[19],[13],[36],[-6],[-19],[-20],[8],[-30],[-25],[-32],[6],[1],[9],[33],[30],[30],[44],[14],[14],[33],[3],[-16],[0],[28],[18],[5],[40],[16],[-22],[-30],[-3],[-17],[-28],[11],[12],[11],[11],[39],[8],[7],[-28],[-32],[-22],[-44],[-43],[-21],[1],[32],[8],[27],[4],[-11],[-24],[-34],[-12],[-33],[-24],[-24],[9],[-11],[-6],[5],[-12],[16],[30],[22],[24],[64],[45],[54],[46],[45],[37],[42],[10],[-20],[-20],[-11],[-22],[0],[34],[26],[23],[36],[72],[53],[40],[72],[35],[14],[3],[-3],[25],[-23],[-19],[0],[9],[9],[32],[63],[57],[42],[58],[67],[42],[15],[2],[-12],[-28],[-39],[-67],[-61],[-59],[-74],[-71],[-28],[1],[2],[54],[62],[61],[74],[57],[45],[17],[6],[-36],[-56],[-75],[-64],[-69],[-60],[-13],[-5],[1],[10],[33],[2],[13],[14],[14],[12],[55],[40],[18],[12],[10],[-5],[9],[-12],[-18],[-21],[9],[9],[6],[26],[16],[38],[37],[49],[46],[27],[18],[6],[-13],[8],[-12],[-36],[-5],[-17],[-26],[16],[6],[5],[58],[54],[51],[64],[97],[75],[42],[48],[41],[-8],[-17],[-49],[-67],[-54],[-75],[-68],[-22],[-31],[-20],[1],[25],[17],[29],[6],[17],[-10],[-36],[-22],[-36],[-44],[-35],[-30],[-13],[-18],[-7],[13],[-10],[-26],[15],[-13],[-15],[3],[17],[1],[-26],[0],[-7],[-16],[-24],[8],[-10],[-5],[-4],[17],[6],[32],[41],[17],[26],[57],[37],[14],[34],[26],[0],[9],[1],[6],[34],[22],[13],[20],[19],[41],[12],[1],[10],[-27],[-28],[-19],[-15],[26],[26],[26],[34],[67],[57],[35],[29],[24],[45],[27],[11],[10],[38],[26],[11],[15],[26],[5],[-21],[-11],[-19],[-10],[-8],[0],[16],[3],[-12],[-16],[2],[-16],[-14],[-34],[0],[-21],[3],[13],[8],[9],[-3],[-10],[3],[4],[-29],[-51],[-8],[-35],[-36],[-28],[-5],[8],[30],[28],[24],[38],[40],[14],[37],[13],[-4],[19],[0],[-3],[19],[4],[0],[3],[26],[18],[15],[50],[27],[13],[36],[49],[41],[44],[71],[29],[9],[2],[-20],[-31],[-40],[-25],[-30],[-18],[26],[18],[43],[54],[55],[52],[49],[41],[46],[5],[8],[-17],[17],[12],[1],[8],[8],[3],[-7],[16],[1],[-21],[-23],[8],[-15],[-8],[34],[35],[26],[29],[58],[43],[21],[9],[9],[38],[17],[-7],[26],[8],[8],[-4],[5],[-20],[-34],[-48],[-47],[-19],[-30],[-36],[11],[10],[-6],[40],[31],[12],[13],[21],[1],[-4],[18],[-7],[-11],[14],[22],[13],[8],[45],[28],[10],[14],[19],[40],[30],[18],[19],[13],[30],[8],[-23],[-18],[-37],[-37],[-5],[-7],[-3],[27],[18],[30],[70],[43],[41],[50],[32],[52],[30],[-4],[17],[-5],[-33],[-40],[-6],[-17],[-24],[-14],[33],[35],[30],[56],[73],[57],[37],[49],[53],[37],[15],[33],[-8],[-19],[-35],[-37],[-44],[-11],[-3],[-14],[-5],[34],[27],[18],[60],[45],[28],[13],[22],[1],[-26],[-38],[-19],[-43],[-53],[-28],[-20],[-28],[0],[10],[-3],[12],[38],[21],[38],[8],[13],[-11],[21],[-5],[-29],[-40],[-44],[-16],[-27],[-40],[-14],[-10],[3],[3],[28],[30],[51],[50],[25],[4],[17],[3],[-21],[-10],[-24],[-10],[15],[20],[18],[20],[37],[51],[26],[11],[27],[-2],[-6],[-5],[10],[-5],[-5],[-7],[10],[-5],[-4],[15],[8],[4],[50],[53],[42],[35],[56],[33],[3],[-12],[-34],[-20],[-16],[-26],[0],[30],[19],[13],[30],[-3],[-23],[1],[-18],[-31],[-28],[5],[4],[15],[10],[32],[22],[9],[28],[-4],[8],[-22],[2],[10],[-3],[-15],[-7],[5],[9],[8],[8],[24],[23],[-3],[3],[27],[14],[-3],[18],[26],[9],[-8],[0],[1],[-4],[-14],[14],[1],[-18],[-18],[-11],[9],[-10],[2],[25],[12],[13],[37],[20],[4],[-8],[6],[17],[-3],[-12],[26],[19],[1],[32],[22],[2],[-13],[-4],[-24],[-32],[-11],[-5],[-6],[5],[33],[15],[-3],[-2],[-18],[-10],[-32],[-45],[-39],[-44],[0],[-6],[-18],[13],[15],[30],[28],[37],[19],[6],[17],[-19],[-22],[-26],[-2],[-21],[-14],[2],[36],[27],[24],[27],[23],[54],[37],[21],[12],[29],[12],[0],[2],[8],[-7],[17],[25],[12],[3],[37],[20],[3],[15],[1],[13],[-11],[-5],[31],[11],[9],[9],[36],[19],[-2],[6],[13],[-7],[-23],[-13],[-21],[24],[21],[8],[6],[32],[1],[14],[2],[9],[45],[28],[51],[38],[35],[54],[23],[-7],[-8],[14],[3],[-12],[27],[20],[17],[43],[62],[44],[34],[16],[18],[14],[-21],[-32],[-32],[-32],[-19],[-35],[-13],[-14],[25],[20],[13],[31],[14],[20],[38],[4],[4],[-17],[-22],[-14],[-46],[-47],[-35],[-26],[14],[2],[16],[24],[22],[21],[34],[18],[26],[5],[5],[22],[-4],[-12],[12],[-7],[-31],[-12],[-24],[-22],[1],[-8],[2],[34],[10],[22],[27],[43],[25],[16],[34],[11],[-19],[13],[-6],[-20],[-16],[18],[9],[-3],[11],[25],[52],[75],[65],[50],[64],[62],[29],[19],[17],[14],[-12],[-29],[-21],[-16],[-10],[5],[16],[26],[67],[63],[51],[47],[63],[35],[6],[12],[-11],[-16],[12],[-3],[-14],[-8],[1],[28],[14],[12],[36],[17],[15],[33],[11],[-7],[4],[-21],[-24],[-4],[-28],[-29],[-28],[8],[-5],[-13],[-7],[27],[19],[5],[2],[18],[2],[-6],[16],[2],[-24],[16],[-20],[-16],[8],[-3],[2],[32],[4],[23],[36],[14],[14],[22],[31],[10],[-15],[-15],[-10],[23],[-7],[24],[35],[33],[24],[53],[50],[33],[24],[9],[8],[35],[20],[10],[15],[35],[12],[6],[34],[13],[-12],[20],[11],[2],[12],[21],[63],[56],[41],[28],[43],[10],[-8],[-29],[-39],[-37],[-35],[-27],[0],[-5],[24],[33],[22],[20],[42],[8],[4],[0],[-6],[11],[-6],[-14],[5],[-16],[-33],[-12],[-42],[-42],[-13],[-8],[-18],[8],[33],[19],[46],[20],[13],[21],[-18],[-22],[-40],[-38],[-15],[-26],[-26],[5],[19],[14],[20],[29],[36],[49],[35],[20],[30],[28],[-4],[0],[-24],[8],[-3],[-4],[4],[26],[16],[20],[24],[28],[28],[30],[35],[8],[1],[22],[3],[-21],[-7],[13],[5],[-7],[33],[29],[11],[4],[5],[-11],[-11],[-16],[12],[3],[-5],[4],[1],[25],[-3],[-26],[13],[7],[-5],[1],[10],[46],[39],[24],[13],[26],[-6],[-35],[-23],[-45],[-48],[-39],[-26],[-18],[0],[5],[40],[17],[16],[46],[14],[7],[3],[8],[28],[11],[-4],[0],[-7],[11],[-10],[-21],[4],[-11],[-16],[-5],[29],[12],[58],[36],[53],[53],[38],[25],[33],[-3],[-28],[-23],[-22],[-33],[-31],[-16],[2],[30],[34],[48],[48],[71],[51],[33],[50],[21],[3],[21],[-10],[-27],[-15],[-12],[-27],[-34],[0],[3],[-6],[7],[43],[30],[37],[66],[35],[41],[34],[4],[24],[-14],[-41],[-47],[-50],[-25],[-31],[-19],[22],[15],[1],[19],[11],[34],[47],[29],[27],[48],[32],[2],[20],[-11],[16],[-7],[-26],[-27],[3],[-21],[17],[8],[-5],[5],[5],[12],[15],[20],[10],[22],[-3],[4],[17],[-6],[-19],[-17],[-22],[-29],[-24],[-21],[0],[26],[48],[31],[35],[41],[24],[48],[24],[-3],[-7],[22],[-10],[-6],[5],[40],[34],[21],[14],[5],[24],[-5],[-9],[-7],[2],[39],[24],[14],[29],[9],[4],[26],[-7],[-10],[9],[2],[33],[9],[16],[21],[18],[36],[15],[-7],[2],[3],[-23],[1],[-15],[4],[-4],[22],[27],[16],[32],[20],[5],[28],[18],[-7],[5],[9],[-10],[-19],[6],[-13],[-25],[-20],[10],[-10],[4],[6],[38],[12],[44],[28],[0],[8],[-15],[-20],[-22],[-28],[-22],[16],[5],[3],[3],[8],[0],[-5],[4],[12],[-6],[-8],[32],[34],[21],[41],[20],[53],[27],[-5],[2],[12],[1],[-8],[17],[17],[57],[50],[38],[32],[47],[22],[0],[7],[-13],[-16],[8],[-13],[-23],[-15],[19],[2],[0],[3],[11],[44],[32],[18],[17],[43],[3],[11],[-13],[-19],[-19],[-14],[-13],[9],[-4],[17],[11],[18],[19],[46],[31],[10],[6],[28],[2],[-20],[-11],[-23],[-6],[-18],[6],[-3],[6],[37],[28],[11],[54],[35],[11],[1],[19],[-23],[-20],[3],[-13],[-21],[-11],[30],[19],[0],[6],[8],[18],[17],[46],[35],[29],[29],[27],[41],[10],[11],[-18],[-22],[0],[-21],[-30],[-23],[18],[13],[8],[12],[42],[25],[8],[17],[19],[-4],[-19],[-7],[-24],[-14],[0],[-18],[-16],[6],[-20],[-7],[-6],[-7],[16],[34],[19],[1],[18],[22],[-8],[-7],[-19],[-14],[6],[-11],[-16],[11],[-5],[17],[27],[10],[10],[11],[24],[29],[53],[28],[46],[24],[13],[35],[18],[-4],[-13],[16],[6],[-10],[14],[0],[4],[2],[14],[22],[9],[-7],[-4],[-5],[21],[-13],[5],[-4],[2],[33],[0],[-6],[-12],[20],[13],[-4],[6],[-8],[10],[-5],[1],[-6],[-5],[-8],[11],[-6],[-17],[-14],[16],[18],[8],[-5],[30],[17],[3],[-5],[-15],[-20],[3],[-14],[-28],[12],[6],[1],[5],[33],[6],[10],[22],[0],[13],[13],[-3],[-18],[18],[8],[-12],[-12],[-16],[-13],[-16],[16],[1],[-12],[14],[30],[12],[35],[19],[15],[34],[13],[-8],[-10],[-14],[-12],[-12],[-13],[15],[-12],[10],[18],[-11],[-8],[19],[5],[-11],[10],[13],[-6],[-6],[19],[-14],[-25],[0],[-29],[-12],[6],[0],[8],[38],[32],[20],[33],[34],[0],[25],[5],[-18],[-16],[-14],[-15],[-17],[4],[20],[8],[-7],[24],[27],[12],[10],[40],[41],[25],[21],[48],[14],[6],[-5],[-12],[-22],[5],[-3],[-11],[-2],[2],[31],[22],[29],[59],[41],[25],[19],[13],[36],[13],[-10],[1],[-20],[7],[-11],[-21],[-11],[21],[15],[8],[43],[34],[11],[28],[28],[3],[-17],[-19],[10],[-7],[-15],[-7],[26],[19],[3],[2],[22],[3],[-13],[3],[-12],[6],[20],[4],[-13],[20],[3],[-20],[-8],[-22],[-10],[-19],[25],[19],[9],[28],[35],[11],[2],[-11],[-20],[-19],[-16],[-14],[-9],[8],[-4],[12],[35],[22],[4],[17],[2],[-4],[5],[-4],[-12],[26],[11],[-7],[37],[27],[10],[9],[32],[13],[-5],[-5],[20],[2],[19],[35],[26],[14],[40],[30],[11],[0],[12],[-8],[-17],[-18],[-16],[25],[18],[13],[53],[33],[27],[57],[22],[2],[20],[15],[-13],[0],[14],[-6],[-25],[-8],[5],[-7],[-20],[5],[29],[16],[28],[20],[44],[20],[24],[-7],[-17],[-20],[-8],[-35],[-34],[-19],[-24],[-3],[-7],[0],[27],[8],[30],[17],[13],[37],[4],[0],[-4],[-14],[17],[-2],[-19],[-22],[3],[-10],[-6],[33],[25],[11],[10],[6],[23],[28],[10],[-8],[8],[15],[-10],[-15],[12],[2],[-10],[2],[5],[11],[27],[9],[16],[34],[18],[5],[24],[18],[1],[-6],[-6],[29],[15],[3],[3],[4],[1],[3],[9],[13],[38],[21],[8],[9],[34],[18],[6],[5],[5],[6],[-4],[-3],[21],[5],[-12],[0],[14],[-8],[-4],[-3],[2],[19],[-4],[-5],[-8],[6],[-18],[10],[-27],[-25],[-28],[-21],[5],[-3],[11],[13],[20],[18],[33],[12],[-12],[8],[-4],[-23],[-34],[-21],[-14],[5],[-5],[5],[36],[9],[6],[25],[31],[17],[5],[22],[1],[4],[-12],[0],[10],[-11],[-20],[15],[-13],[8],[1],[22],[44],[26],[25],[21],[17],[7],[-5],[-15],[-10],[5],[-7],[-14],[16],[6],[6],[10],[8],[9],[33],[17],[6],[37],[25],[9],[12],[26],[35],[12],[0],[24],[6],[-12],[-17],[9],[-13],[5],[-6],[32],[28],[14],[44],[20],[-6],[22],[9],[-12],[-27],[12],[-8],[-21],[24],[21],[5],[4],[28],[14],[-10],[-11],[16],[6],[-8],[22],[7],[-5],[19],[-11],[-18],[9],[-11],[-16],[-4],[1],[29],[12],[18],[37],[17],[24],[6],[28],[18],[-3],[-8],[24],[17],[5],[9],[18],[2],[32],[34],[16],[15],[40],[5],[5],[4],[5],[4],[-5],[3],[-11],[16],[9],[-10],[-7],[17],[2],[-4],[9],[8],[33],[17],[5],[1],[19],[1],[-18],[0],[3],[-12],[25],[10],[-4],[19],[9],[31],[14],[3],[30],[4],[-16],[25],[19],[8],[9],[35],[12],[-4],[24],[19],[3],[-8],[25],[-6],[-6],[2],[1],[36],[22],[5],[19],[22],[3],[3],[21],[3],[5],[22],[11],[4],[8],[8],[41],[24],[4],[40],[27],[11],[7],[7],[22],[34],[8],[2],[36],[21],[9],[9],[17],[12],[13],[19],[8],[6],[14],[-3],[22],[26],[-4],[13],[26],[12],[-3],[15],[29],[17],[4],[24],[32],[9],[19],[7],[25],[8],[1],[-9],[12],[-5],[-6],[20],[-4],[17],[9],[0],[10],[17],[17],[42],[26],[10],[5],[-4],[23],[4],[-14],[10],[-18],[7],[-10],[26],[3],[28],[15],[20],[39],[25],[11],[21],[22],[4],[-14],[-19],[-19],[-23],[-21],[-18],[-12],[22],[12],[1],[24],[8],[26],[34],[14],[11],[34],[8],[22],[11],[12],[40],[24],[5],[7],[23],[9],[-7],[26],[5],[12],[16],[40],[29],[20],[36],[40],[17],[2],[24],[3],[1],[14],[3],[35],[1],[20],[32],[16],[-3],[28],[12],[-8],[12],[25],[14],[12],[45],[17],[16],[25],[8],[0],[-8],[10],[-13],[-12],[21],[13],[4],[9],[40],[27],[15],[12],[33],[0],[-7],[18],[1],[-14],[8],[5],[-8],[1],[0],[-9],[-4],[18],[-4],[-12],[15],[-11],[3],[-15],[0],[24],[4],[-13],[4],[11],[-13],[0],[16],[6],[0],[9],[8],[32],[22],[4],[3],[0],[-7],[-6],[-6],[24],[-10],[-8],[1],[14],[21],[12],[3],[21],[27],[4],[4],[5],[3],[-3],[-5],[22],[3],[6],[21],[3],[2],[33],[7],[8],[9],[35],[-3],[-8],[3],[-15],[16],[-9],[-20],[3],[-19],[-4],[12],[4],[-8],[35],[11],[12],[32],[12],[22],[16],[0],[26],[4],[-14],[-19],[-24],[3],[-9],[-18],[-10],[18],[0],[8],[23],[6],[6],[26],[9],[15],[-4],[8],[5],[-15],[-6],[-21],[-19],[-22],[3],[-3],[10],[45],[23],[21],[27],[24],[41],[19],[-4],[1],[-20],[8],[2],[-15],[-3],[29],[18],[8],[24],[16],[14],[41],[27],[12],[27],[31],[14],[12],[37],[17],[-4],[-6],[-12],[18],[-3],[2],[6],[40],[27],[9],[40],[27],[6],[2],[-10],[-10],[19],[9],[0],[5],[25],[9],[-15],[26],[12],[-5],[0],[20],[8],[-8],[2],[4],[30],[13],[0],[0],[22],[4],[-16],[-5],[7],[-18],[4],[-16],[13],[-3],[-14],[24],[25],[13],[14],[10],[30],[9],[2],[26],[-12],[-12],[-10],[29],[20],[8],[6],[32],[1],[2],[22],[2],[1],[23],[1],[28],[33],[17],[17],[9],[10],[31],[12],[-3],[12],[1],[18],[13],[17],[5],[24],[-4],[2],[34],[0],[-6],[16],[23],[1],[16],[33],[24],[16],[49],[13],[25],[31],[4],[2],[21],[2],[-18],[3],[0],[34],[24],[18],[21],[44],[21],[19],[38],[13],[-10],[-13],[12],[-20],[9],[-15],[-11],[11],[24],[4],[4],[28],[9],[13],[21],[2],[16],[3],[3],[26],[-5],[-5],[-14],[-15],[-12],[0],[18],[-3],[0],[36],[26],[11],[12],[18],[13],[34],[13],[-12],[26],[-10],[-8],[-12],[19],[16],[2],[0],[27],[8],[-7],[9],[-10],[26],[19],[5],[19],[27],[11],[-5],[10],[-7],[-8],[-9],[1],[18],[8],[4],[21],[30],[18],[3],[15],[-4],[13],[20],[0],[11],[2],[6],[33],[16],[1],[33],[17],[0],[36],[22],[5],[29],[18],[1],[30],[11],[-11],[4],[-16],[-7],[-15],[12],[5],[12],[14],[33],[10],[8],[26],[3],[-6],[10],[-13],[-26],[8],[10],[4],[8],[34],[9],[13],[24],[5],[24],[24],[9],[-11],[24],[10],[-11],[-13],[18],[-12],[18],[6],[-6],[6],[38],[25],[12],[13],[12],[34],[12],[-5],[-4],[-12],[13],[-3],[-18],[-14],[-12],[0],[28],[13],[4],[37],[8],[3],[24],[17],[-8],[9],[-13],[-15],[19],[-8],[-6],[16],[24],[11],[-3],[14],[17],[2],[-8],[25],[10],[-12],[13],[-3],[0],[16],[-12],[10],[9],[-7],[-21],[14],[-16],[18],[5],[-11],[5],[18],[3],[-11],[-20],[2],[-18],[4],[-10],[-10],[21],[10],[-8],[-7],[21],[1],[-19],[2],[-6],[-8],[15],[-6],[10],[22],[3],[-16],[-12],[7],[-11],[-23],[-4],[16],[5],[-7],[11],[24],[-7],[-6],[27],[4],[-13],[-13],[-16],[12],[8],[-8],[-10],[-19],[-6],[6],[-7],[-21],[19],[2],[-9],[29],[2],[17],[2],[-4],[18],[3],[-14],[-14],[2],[-11],[9],[20],[-3],[0],[-4],[20],[-7],[-3],[-5],[-15],[-9],[-9],[-5],[18],[3],[-11],[3],[17],[4],[-8],[-5],[18],[4],[-7],[25],[10],[-4],[0],[9],[-17],[4],[-14],[-17],[4],[12],[1],[0],[33],[17],[4],[3],[24],[1],[-15],[-8],[-8],[1],[0],[24],[0],[0],[9],[-12],[30],[12],[-3],[12],[18],[2],[0],[-8],[-6],[-12],[-6],[-14],[11],[0],[-11],[10],[19],[9],[11],[2],[0],[14],[-5],[17],[21],[1],[-5],[10],[-10],[-11],[18],[6],[-5],[0],[30],[10],[-6],[16],[16],[3],[0],[28],[5],[0],[32],[-4],[0],[19],[3],[-16],[-12],[20],[17],[4],[0],[34],[21],[8],[5],[0],[-7],[5],[-17],[21],[8],[-11],[-11],[11],[-4],[0],[29],[17],[5],[0],[1],[9],[4],[0],[-5],[18],[12],[-6],[20],[1],[-19],[4],[8],[-6],[-16],[25],[18],[8],[10],[37],[22],[6],[17],[-8],[-9],[20],[4],[-8],[10],[18],[3],[0],[34],[23],[9],[9],[3],[4],[27],[7],[32],[16],[1],[33],[15],[-3],[16],[18],[-2],[0],[28],[19],[4],[28],[18],[5],[4],[2],[0],[0],[4],[19],[3],[-12],[5],[16],[4],[-7],[10],[19],[2],[0],[28],[17],[1],[-5],[-6],[4],[0],[-7],[2],[-12],[23],[5],[-11],[-10],[17],[-12],[9],[0],[32],[4],[1],[35],[-7],[8],[11],[-5],[-12],[17],[4],[-6],[29],[19],[5],[8],[31],[17],[3],[1],[30],[-6],[21],[25],[8],[0],[32],[21],[2],[1],[27],[13],[2],[4],[10],[37],[24],[13],[29],[10],[6],[30],[11],[-7],[0],[17],[10],[2],[18],[33],[25],[10],[20],[3],[1],[-6],[21],[-7],[-8],[16],[0],[8],[13],[11],[37],[20],[10],[40],[6],[36],[19],[4],[2],[28],[11],[-8],[-6],[24],[-5],[0],[2],[4],[8],[10],[9],[32],[31],[11],[3],[16],[19],[5],[-12],[-6],[-7],[-6],[1],[-5],[1],[3],[36],[12],[2],[32],[23],[8],[7],[29],[13],[-5],[-10],[8],[-7],[4],[18],[-3],[1],[19],[29],[5],[20],[29],[2],[28],[8],[-10],[8],[9],[-10],[-7],[14],[-5],[-8],[25],[18],[1],[6],[8],[27],[7],[12],[31],[18],[2],[11],[19],[4],[-13],[4],[0],[-13],[0],[-11],[4],[24],[10],[0],[17],[29],[12],[8],[32],[19],[1],[-5],[22],[6],[-13],[8],[-5],[-4],[3],[2],[6],[8],[6],[11],[36],[21],[18],[8],[14],[-9],[8],[10],[-7],[-16],[18],[8],[-3],[8],[33],[15],[13],[30],[9],[3],[-7],[-13],[2],[10],[-11],[-12],[12],[1],[-12],[20],[20],[12],[8],[38],[29],[13],[14],[14],[-9],[24],[6],[-18],[0],[10],[-4],[-15],[16],[28],[14],[17],[13],[49],[32],[15],[8],[21],[2],[-8],[26],[12],[-5],[12],[17],[2],[6],[0],[16],[3],[28],[26],[9],[6],[21],[0],[24],[12],[-9],[-11],[16],[-3],[-11],[9],[25],[6],[26],[33],[12],[26],[12],[29],[0],[-8],[-10],[-12],[5],[-10],[-7],[-11],[-8],[5],[-9],[12],[2],[4],[29],[12],[1],[0],[3],[9],[-8],[-12],[-16],[10],[-6],[-16],[-3],[18],[7],[8],[39],[26],[9],[6],[30],[13],[1],[2],[14],[1],[2],[28],[5],[0],[32],[19],[4],[1]]}}