{"protected":{"ver":"v1","alg":"HS256","iat":1740144625},"signature":"6d001a58b255699f0a5b0a376fc9ab048577a320642534f94f1ab686a077bf07","payload":{"device_name":"E6:61:78:C1:27:19:92:28","device_type":"DATA_FORWARDER","interval_ms":0.0625,"sensors":[{"name":"audio","units":"wav"}],"values":[[26],[12],[10],[9],[27],[13],[12],[34],[15],[-8],[26],[-8],[1],[2],[2],[2],[33],[17],[0],[29],[26],[17],[25],[50],[19],[30],[12],[37],[19],[-3],[0],[14],[-8],[-5],[24],[10],[0],[8],[32],[17],[6],[38],[21],[7],[6],[2],[3],[12],[2],[8],[8],[28],[14],[2],[33],[1],[2],[6],[5],[5],[29],[17],[4],[4],[5],[3],[3],[8],[-13],[21],[8],[-7],[-3],[-7],[8],[19],[9],[-6],[10],[13],[-4],[-13],[19],[19],[2],[7],[27],[10],[8],[0],[-6],[-12],[4],[-14],[13],[1],[-8],[20],[3],[-10],[26],[10],[-4],[3],[21],[13],[45],[29],[13],[6],[27],[6],[-8],[18],[-13],[13],[21],[9],[18],[38],[21],[5],[18],[21],[4],[-7],[2],[2],[10],[8],[30],[13],[-5],[-8],[-5],[-6],[20],[10],[-3],[18],[30],[8],[29],[13],[0],[26],[4],[2],[25],[8],[-13],[-8],[-6],[21],[0],[-11],[0],[14],[-6],[2],[1],[5],[10],[34],[9],[2],[24],[5],[-11],[-14],[13],[-15],[-17],[28],[1],[-5],[5],[2],[27],[2],[-16],[20],[11],[0],[0],[19],[4],[-12],[-8],[21],[-7],[-5],[-8],[11],[0],[19],[4],[6],[33],[14],[-8],[3],[-6],[22],[-5],[-5],[-6],[19],[3],[-4],[29],[-8],[11],[25],[2],[18],[3],[16],[29],[11],[-5],[14],[1],[29],[-5],[16],[29],[10],[0],[0],[32],[21],[5],[5],[30],[10],[-5],[14],[26],[1],[-3],[-4],[0],[27],[9],[-5],[-5],[6],[4],[33],[24],[4],[24],[25],[4],[2],[0],[13],[3],[16],[24],[7],[-10],[21],[5],[-5],[-5],[-5],[2],[8],[21],[4],[4],[17],[2],[34],[1],[32],[24],[4],[18],[30],[11],[-5],[17],[2],[-4],[29],[14],[2],[6],[33],[3],[4],[20],[22],[4],[0],[5],[32],[6],[21],[6],[5],[24],[4],[9],[0],[34],[14],[2],[9],[42],[25],[8],[19],[30],[16],[1],[-7],[-5],[4],[18],[9],[13],[22],[1],[20],[26],[4],[20],[3],[-8],[0],[9],[12],[14],[2],[32],[19],[5],[3],[22],[8],[-3],[2],[0],[0],[1],[21],[-16],[-14],[0],[5],[-8],[-4],[17],[-3],[2],[27],[1],[16],[-3],[-6],[14],[-3],[-13],[16],[-11],[0],[0],[24],[8],[-4],[2],[26],[5],[7],[29],[14],[4],[8],[34],[20],[6],[12],[4],[1],[3],[1],[16],[-3],[0],[26],[4],[-6],[33],[23],[5],[16],[4],[3],[14],[24],[11],[-3],[12],[-7],[-7],[-7],[-7],[-14],[9],[-13],[-13],[12],[27],[3],[24],[14],[-5],[28],[24],[9],[11],[32],[20],[5],[5],[11],[-13],[8],[13],[1],[-11],[27],[-3],[10],[6],[2],[30],[16],[0],[32],[21],[9],[9],[25],[8],[-5],[-5],[20],[-14],[-15],[9],[-16],[4],[15],[-5],[1],[32],[15],[-7],[12],[12],[-8],[-8],[-7],[20],[-5],[12],[21],[-5],[16],[-4],[-7],[20],[9],[-3],[-3],[24],[13],[0],[20],[-4],[-6],[-6],[14],[-4],[-5],[28],[-2],[1],[20],[32],[16],[0],[28],[11],[-4],[2],[21],[5],[34],[14],[5],[20],[27],[10],[5],[20],[18],[2],[0],[28],[6],[-13],[21],[-6],[20],[5],[-6],[11],[20],[6],[8],[16],[9],[4],[19],[-6],[33],[15],[-4],[12],[21],[1],[1],[27],[0],[15],[2],[1],[-4],[-10],[16],[25],[3],[28],[10],[-12],[16],[15],[-4],[-6],[22],[10],[-4],[5],[0],[15],[-6],[0],[25],[13],[0],[12],[21],[7],[-10],[23],[-3],[-16],[19],[11],[-5],[12],[29],[15],[2],[24],[20],[2],[8],[25],[9],[-7],[11],[13],[-7],[1],[0],[1],[28],[12],[-4],[13],[31],[20],[8],[9],[18],[0],[32],[-3],[12],[-6],[-6],[-3],[14],[0],[1],[22],[-8],[-7],[24],[11],[2],[12],[25],[5],[0],[-7],[21],[5],[-11],[20],[-3],[1],[28],[12],[-6],[-7],[-12],[-5],[1],[1],[18],[3],[0],[25],[11],[-10],[-4],[-8],[1],[0],[-7],[0],[18],[3],[-10],[16],[18],[8],[-7],[18],[20],[9],[-13],[25],[10],[-12],[16],[16],[-7],[4],[-7],[-6],[24],[10],[-5],[10],[21],[-6],[13],[21],[4],[-11],[21],[16],[-6],[-5],[0],[30],[-7],[20],[-5],[-3],[29],[16],[0],[13],[12],[-4],[-8],[19],[-15],[3],[15],[5],[-5],[4],[22],[4],[1],[27],[12],[-4],[-3],[25],[-6],[9],[-8],[9],[17],[0],[-15],[-3],[-21],[12],[11],[-4],[17],[5],[8],[29],[-5],[-10],[-11],[-5],[-16],[18],[8],[-11],[8],[17],[2],[-11],[16],[-7],[15],[3],[0],[1],[5],[3],[1],[26],[2],[34],[18],[4],[5],[0],[0],[29],[-5],[3],[-12],[2],[11],[-5],[-10],[9],[-4],[15],[27],[12],[2],[2],[13],[23],[4],[-12],[8],[-7],[10],[17],[-4],[-13],[24],[-7],[0],[0],[-5],[-4],[29],[17],[2],[3],[22],[9],[-7],[24],[21],[6],[15],[-7],[33],[4],[-6],[24],[17],[-3],[8],[-4],[0],[-3],[-7],[19],[-4],[-3],[0],[24],[10],[-4],[-4],[-7],[21],[5],[-9],[-10],[19],[-11],[14],[-5],[27],[11],[-8],[6],[16],[-5],[-6],[-10],[-5],[0],[19],[4],[8],[1],[-5],[-7],[13],[2],[2],[26],[13],[3],[20],[34],[11],[35],[9],[4],[30],[11],[0],[30],[23],[13],[11],[35],[19],[-3],[32],[21],[4],[4],[27],[12],[0],[6],[4],[1],[31],[1],[17],[-3],[-8],[26],[17],[-3],[32],[17],[3],[1],[0],[-8],[16],[14],[-7],[-5],[-11],[-7],[11],[9],[-10],[10],[-5],[-8],[34],[20],[6],[4],[40],[6],[4],[1],[-3],[1],[4],[4],[28],[14],[3],[33],[15],[1],[2],[1],[3],[33],[16],[6],[34],[9],[5],[30],[2],[-5],[24],[8],[10],[-4],[0],[3],[2],[11],[-11],[29],[5],[-12],[16],[4],[0],[28],[14],[-3],[1],[25],[-3],[-6],[21],[4],[-10],[-6],[-13],[22],[14],[-3],[-3],[0],[6],[0],[28],[-3],[27],[3],[3],[28],[5],[25],[8],[-8],[28],[15],[2],[6],[26],[5],[8],[32],[2],[16],[5],[2],[18],[2],[3],[10],[-10],[24],[0],[27],[9],[-10],[0],[-6],[-3],[-6],[6],[0],[4],[0],[-3],[17],[-5],[18],[0],[1],[25],[4],[5],[32],[1],[22],[6],[-8],[-4],[-4],[17],[1],[18],[30],[14],[-5],[11],[20],[5],[6],[1],[32],[15],[2],[20],[33],[18],[8],[23],[5],[9],[3],[18],[28],[15],[5],[35],[3],[5],[20],[24],[11],[0],[40],[29],[12],[14],[4],[8],[9],[33],[11],[1],[29],[12],[10],[35],[21],[0],[37],[20],[4],[6],[25],[5],[6],[15],[3],[6],[6],[2],[-4],[26],[-4],[24],[3],[5],[35],[21],[2],[0],[27],[2],[24],[0],[8],[-8],[22],[3],[3],[21],[1],[25],[2],[-5],[2],[1],[5],[7],[4],[13],[0],[37],[6],[29],[16],[-8],[29],[-5],[29],[14],[3],[4],[21],[-5],[-6],[-8],[14],[-7],[10],[-7],[26],[10],[-11],[29],[13],[-4],[12],[20],[3],[-7],[3],[4],[7],[1],[28],[0],[-2],[-5],[-4],[22],[6],[-6],[27],[0],[14],[1],[2],[26],[11],[2],[32],[19],[-3],[3],[3],[18],[18],[-3],[12],[21],[3],[21],[-5],[11],[-5],[4],[17],[4],[-8],[5],[-8],[16],[0],[3],[-4],[-9],[-8],[-11],[-6],[-4],[25],[-6],[12],[-10],[-10],[-10],[-13],[-13],[-17],[-24],[8],[-15],[-12],[13],[-3],[-3],[27],[-7],[-5],[27],[10],[-8],[6],[17],[-8],[3],[-14],[2],[-6],[1],[5],[32],[21],[6],[6],[29],[14],[3],[36],[13],[12],[0],[17],[2],[16],[22],[6],[8],[37],[10],[34],[12],[11],[35],[18],[16],[36],[23],[5],[6],[30],[15],[-5],[12],[20],[-6],[-3],[23],[9],[-5],[16],[0],[30],[17],[4],[3],[3],[2],[5],[1],[22],[10],[2],[26],[9],[-6],[28],[-7],[0],[29],[15],[-4],[21],[24],[8],[-11],[17],[16],[-3],[0],[29],[0],[-11],[16],[18],[2],[-3],[21],[4],[-11],[-14],[18],[4],[-6],[0],[22],[2],[-7],[26],[19],[1],[-3],[4],[-12],[18],[-7],[0],[18],[-7],[-11],[20],[18],[-3],[12],[20],[6],[-6],[12],[-5],[1],[1],[6],[6],[10],[-3],[3],[27],[12],[1],[12],[20],[3],[5],[33],[21],[1],[4],[26],[11],[0],[31],[15],[3],[34],[19],[6],[-5],[32],[2],[-5],[22],[1],[6],[38],[5],[2],[4],[2],[2],[-3],[1],[6],[35],[2],[29],[8],[-8],[12],[13],[0],[18],[4],[0],[11],[-6],[0],[17],[1],[-16],[20],[7],[-7],[9],[21],[-7],[-5],[26],[8],[-6],[4],[26],[9],[-6],[2],[21],[6],[-8],[12],[14],[-4],[2],[26],[1],[23],[9],[-4],[5],[21],[4],[18],[3],[2],[28],[6],[5],[31],[11],[-8],[25],[15],[-5],[-4],[24],[-7],[-5],[28],[0],[3],[0],[-7],[33],[18],[6],[9],[0],[1],[5],[30],[12],[-5],[24],[21],[1],[2],[3],[29],[8],[4],[34],[21],[1],[12],[0],[29],[-6],[18],[19],[4],[-8],[28],[18],[1],[6],[5],[33],[12],[-4],[24],[21],[5],[5],[29],[18],[2],[3],[1],[1],[15],[3],[5],[7],[18],[4],[32],[17],[-3],[-3],[-7],[20],[14],[-4],[3],[19],[-6],[13],[9],[-10],[26],[15],[-6],[12],[9],[-5],[25],[10],[-10],[-8],[-11],[20],[5],[0],[24],[16],[-13],[8],[13],[-8],[21],[6],[-7],[0],[-7],[9],[-7],[-6],[-5],[-5],[4],[6],[14],[-4],[20],[16],[6],[6],[36],[24],[5],[4],[9],[4],[14],[0],[15],[-5],[1],[13],[2],[8],[2],[25],[6],[4],[32],[15],[3],[33],[4],[3],[33],[16],[5],[16],[33],[5],[0],[22],[1],[14],[23],[-5],[-7],[-5],[-4],[-5],[2],[18],[20],[9],[6],[11],[-7],[16],[-3],[10],[0],[32],[5],[3],[4],[9],[0],[28],[-5],[14],[21],[5],[3],[31],[17],[-5],[12],[20],[1],[6],[24],[-3],[13],[1],[-5],[16],[1],[1],[-4],[19],[4],[6],[34],[22],[9],[11],[35],[10],[8],[32],[18],[-5],[-4],[27],[12],[4],[17],[0],[26],[24],[11],[3],[8],[7],[8],[7],[6],[10],[26],[11],[23],[11],[9],[31],[5],[1],[4],[12],[0],[35],[19],[6],[3],[5],[2],[5],[1],[2],[-3],[20],[22],[1],[11],[22],[7],[-3],[14],[-4],[0],[25],[10],[-5],[14],[23],[5],[-9],[6],[15],[-4],[-15],[-9],[4],[-7],[11],[0],[25],[11],[-10],[4],[-10],[25],[18],[2],[0],[16],[1],[0],[28],[11],[-10],[-7],[-6],[11],[22],[3],[-4],[-4],[24],[5],[8],[6],[17],[2],[5],[19],[3],[3],[21],[4],[0],[32],[1],[5],[4],[29],[15],[2],[12],[25],[5],[3],[31],[18],[5],[4],[19],[3],[3],[6],[4],[30],[18],[5],[11],[10],[14],[14],[40],[24],[8],[6],[31],[20],[8],[5],[8],[40],[24],[6],[9],[6],[4],[27],[-4],[3],[9],[6],[36],[22],[0],[32],[11],[-4],[13],[20],[2],[2],[31],[19],[0],[20],[16],[0],[2],[22],[-5],[-5],[17],[1],[-3],[6],[-10],[6],[17],[-4],[6],[-12],[24],[13],[-5],[-6],[17],[-6],[-8],[20],[11],[-8],[14],[25],[11],[-3],[0],[22],[0],[0],[28],[18],[4],[-6],[26],[-7],[0],[0],[29],[13],[-8],[18],[16],[0],[2],[2],[13],[2],[30],[14],[1],[-4],[25],[9],[-4],[12],[-4],[-5],[24],[2],[0],[26],[10],[-8],[-9],[-8],[4],[-12],[-8],[12],[-4],[-6],[22],[0],[27],[10],[-8],[-8],[22],[10],[-6],[11],[20],[3],[-15],[18],[13],[-5],[-3],[0],[-4],[3],[11],[-6],[8],[-4],[-4],[-4],[28],[13],[-6],[-5],[19],[-5],[8],[21],[-5],[-6],[0],[0],[-3],[1],[1],[19],[2],[3],[14],[-5],[12],[14],[-7],[19],[4],[1],[22],[9],[-8],[24],[22],[10],[11],[1],[-7],[10],[19],[-3],[-5],[33],[18],[2],[17],[26],[10],[-6],[8],[19],[-5],[25],[-7],[-5],[0],[-5],[12],[-6],[8],[25],[11],[-6],[25],[6],[4],[32],[17],[-5],[-8],[20],[0],[19],[4],[11],[-3],[0],[16],[-4],[0],[18],[4],[2],[18],[1],[1],[30],[-8],[10],[17],[4],[0],[-3],[-7],[13],[-6],[0],[-3],[0],[2],[30],[14],[1],[-5],[19],[-6],[-3],[15],[1],[0],[32],[15],[-4],[9],[18],[-5],[0],[28],[3],[0],[27],[17],[-3],[7],[-7],[16],[24],[8],[-7],[10],[13],[-4],[13],[-3],[29],[10],[-5],[25],[-3],[11],[-5],[26],[11],[-8],[26],[11],[-11],[25],[-10],[1],[1],[24],[16],[1],[1],[-7],[18],[-6],[25],[7],[-7],[6],[19],[-8],[-7],[14],[-7],[-2],[26],[5],[-10],[20],[17],[-5],[14],[-9],[8],[19],[4],[-7],[18],[13],[2],[30],[18],[-5],[7],[14],[1],[0],[19],[6],[-7],[10],[20],[9],[-6],[0],[1],[18],[0],[-5],[28],[14],[-7],[-5],[1],[9],[-8],[26],[20],[5],[6],[3],[-3],[3],[15],[0],[24],[4],[21],[5],[4],[32],[14],[1],[3],[14],[-3],[16],[9],[-6],[0],[3],[13],[10],[37],[22],[9],[8],[30],[15],[3],[3],[28],[1],[5],[3],[33],[13],[-3],[4],[4],[9],[-5],[16],[5],[12],[29],[10],[22],[4],[20],[21],[2],[1],[4],[29],[5],[3],[2],[28],[0],[4],[4],[27],[-3],[-5],[8],[21],[10],[-5],[12],[22],[-4],[14],[16],[-2],[4],[26],[-3],[3],[3],[35],[20],[-4],[14],[2],[2],[30],[4],[37],[10],[22],[4],[20],[5],[2],[36],[5],[24],[5],[2],[28],[11],[10],[38],[22],[8],[10],[33],[10],[-7],[23],[0],[3],[26],[5],[38],[5],[5],[3],[-6],[12],[19],[4],[-8],[16],[15],[-5],[5],[-11],[25],[-5],[-7],[6],[16],[-5],[0],[-4],[-8],[14],[-5],[1],[29],[-5],[24],[0],[-15],[9],[11],[-8],[-8],[22],[-8],[-6],[-12],[24],[16],[0],[0],[20],[1],[-4],[24],[4],[-9],[10],[13],[-5],[-6],[24],[6],[-13],[29],[11],[-8],[32],[0],[32],[28],[9],[21],[3],[16],[20],[2],[18],[28],[12],[2],[1],[14],[29],[8],[8],[33],[5],[10],[10],[34],[25],[11],[11],[2],[15],[26],[11],[0],[31],[14],[3],[7],[34],[19],[2],[2],[16],[24],[4],[6],[1],[1],[19],[0],[13],[25],[12],[-4],[0],[4],[-11],[17],[13],[2],[0],[25],[-7],[1],[21],[-5],[-10],[9],[-5],[0],[29],[15],[-3],[-6],[24],[13],[-5],[-7],[-8],[14],[2],[-14],[-7],[-6],[22],[-7],[-5],[6],[-10],[-5],[1],[31],[18],[1],[-5],[-5],[20],[2],[1],[23],[3],[0],[30],[13],[-3],[1],[27],[11],[0],[6],[2],[10],[0],[26],[9],[-5],[18],[25],[10],[9],[27],[12],[0],[12],[-6],[26],[21],[6],[6],[34],[18],[3],[3],[29],[17],[5],[17],[3],[4],[29],[8],[9],[32],[17],[3],[2],[27],[-6],[26],[-10],[-8],[0],[18],[5],[-3],[24],[-6],[6],[-12],[4],[12],[-4],[-5],[24],[-5],[-7],[-7],[-14],[-10],[-9],[-10],[21],[4],[-12],[6],[-6],[-6],[9],[-10],[28],[18],[1],[2],[30],[17],[-5],[24],[18],[-5],[14],[27],[12],[0],[17],[20],[0],[6],[9],[34],[25],[6],[6],[34],[2],[5],[8],[23],[8],[20],[31],[14],[1],[8],[19],[4],[38],[20],[-5],[19],[22],[6],[4],[4],[26],[11],[-3],[0],[0],[0],[6],[33],[16],[-3],[2],[2],[-3],[23],[5],[-10],[23],[3],[-14],[27],[1],[0],[26],[11],[-4],[-6],[21],[3],[-6],[-6],[10],[-8],[9],[0],[-8],[-5],[14],[0],[0],[29],[14],[0],[16],[0],[6],[26],[4],[1],[0],[2],[2],[2],[0],[-5],[-4],[22],[9],[-4],[2],[3],[4],[10],[6],[14],[0],[4],[21],[3],[8],[3],[27],[5],[18],[28],[11],[0],[24],[-5],[20],[19],[5],[0],[32],[24],[10],[3],[30],[5],[8],[33],[13],[1],[31],[14],[-9],[7],[0],[30],[17],[2],[0],[8],[-7],[16],[19],[-7],[11],[19],[-4],[8],[0],[-3],[16],[21],[5],[2],[-7],[12],[-7],[0],[0],[-5],[0],[28],[13],[1],[-3],[2],[2],[-4],[-8],[-10],[-9],[-11],[24],[5],[-12],[6],[7],[-13],[-7],[0],[17],[-5],[-6],[26],[13],[-8],[1],[0],[5],[3],[28],[15],[-6],[-4],[-7],[9],[19],[0],[-4],[27],[-3],[1],[-3],[-5],[16],[25],[15],[2],[28],[27],[11],[0],[27],[18],[2],[14],[26],[16],[3],[18],[26],[3],[4],[4],[21],[6],[7],[26],[8],[4],[30],[14],[-6],[16],[17],[2],[-14],[29],[5],[-8],[26],[17],[2],[0],[28],[-3],[3],[0],[25],[11],[-5],[0],[22],[2],[3],[27],[11],[-7],[0],[1],[-3],[13],[22],[1],[4],[13],[-5],[30],[18],[2],[1],[0],[-5],[-3],[29],[11],[-4],[0],[25],[11],[-3],[14],[24],[8],[-5],[12],[20],[6],[-8],[16],[16],[3],[1],[25],[2],[3],[32],[18],[2],[0],[26],[5],[1],[25],[10],[-5],[-5],[21],[1],[-6],[25],[12],[-9],[-6],[20],[-7],[24],[10],[-7],[-5],[-4],[19],[-9],[-8],[16],[-6],[11],[-7],[2],[21],[8],[-4],[-4],[21],[5],[-10],[3],[13],[-5],[-13],[22],[7],[-7],[0],[17],[4],[-8],[19],[1],[-11],[-10],[10],[17],[-3],[-13],[24],[-3],[1],[0],[22],[1],[0],[27],[19],[2],[3],[29],[-4],[1],[-4],[9],[-7],[-4],[20],[3],[4],[5],[0],[29],[18],[3],[4],[3],[4],[33],[1],[4],[9],[8],[-4],[28],[17],[3],[5],[0],[3],[0],[23],[7],[8],[35],[21],[5],[8],[5],[18],[25],[1],[11],[-5],[12],[24],[11],[-3],[14],[2],[-4],[16],[14],[-4],[2],[20],[5],[-8],[20],[16],[-3],[-8],[-5],[0],[25],[15],[1],[1],[0],[-7],[11],[16],[-3],[2],[29],[0],[1],[0],[22],[3],[8],[27],[6],[25],[7],[-8],[24],[1],[-5],[26],[13],[1],[-3],[14],[18],[2],[1],[7],[-7],[16],[23],[6],[0],[37],[23],[5],[8],[32],[20],[4],[1],[27],[14],[2],[16],[25],[10],[-6],[10],[24],[4],[5],[29],[5],[1],[27],[18],[2],[3],[25],[13],[0],[26],[9],[0],[10],[-5],[20],[23],[8],[5],[28],[14],[1],[5],[0],[0],[2],[3],[-8],[25],[8],[-6],[10],[21],[4],[-12],[8],[20],[-9],[27],[-6],[-4],[-6],[0],[3],[4],[4],[2],[2],[32],[5],[33],[16],[5],[5],[5],[5],[4],[0],[4],[5],[40],[22],[4],[8],[32],[3],[15],[-4],[11],[20],[5],[4],[29],[10],[3],[33],[4],[12],[26],[9],[0],[29],[22],[4],[8],[8],[28],[15],[-4],[7],[-10],[12],[0],[4],[2],[28],[14],[-3],[-3],[23],[-3],[24],[10],[-4],[27],[-5],[-4],[25],[10],[-3],[4],[24],[1],[27],[3],[1],[19],[-4],[3],[-10],[32],[0],[24],[13],[-3],[-4],[26],[10],[-5],[-6],[-5],[-6],[24],[6],[0],[10],[-4],[29],[16],[-6],[-5],[10],[-5],[-5],[20],[-5],[-7],[9],[-6],[12],[21],[6],[-11],[9],[18],[6],[-8],[28],[12],[-3],[14],[5],[21],[6],[9],[32],[9],[5],[32],[19],[1],[16],[22],[10],[-4],[11],[-3],[4],[12],[0],[30],[3],[0],[18],[5],[4],[0],[3],[8],[6],[30],[2],[20],[3],[5],[31],[17],[3],[2],[0],[5],[3],[-7],[27],[-3],[1],[-5],[0],[-5],[0],[17],[1],[0],[27],[9],[-3],[18],[-4],[-6],[26],[8],[-6],[0],[-11],[24],[16],[2],[-13],[20],[8],[-5],[23],[-8],[0],[0],[31],[14],[-2],[4],[27],[13],[-3],[14],[2],[0],[30],[1],[25],[8],[-8],[16],[17],[3],[4],[27],[15],[1],[16],[24],[9],[-6],[12],[11],[-3],[3],[28],[4],[33],[5],[2],[24],[19],[4],[1],[6],[3],[29],[2],[32],[0],[34],[15],[-4],[13],[21],[9],[-3],[1],[4],[3],[2],[33],[20],[5],[6],[33],[14],[2],[1],[27],[14],[-11],[33],[17],[1],[3],[3],[13],[-3],[17],[25],[10],[-4],[26],[10],[0],[14],[9],[-7],[20],[-3],[20],[8],[-9],[9],[21],[0],[1],[27],[11],[-4],[10],[17],[3],[-12],[18],[12],[-6],[27],[11],[-7],[11],[20],[6],[-9],[-5],[16],[-4],[-4],[4],[-11],[20],[13],[-13],[18],[-12],[5],[-11],[-8],[5],[-14],[23],[2],[0],[14],[0],[1],[26],[9],[-5],[-5],[21],[-10],[16],[-3],[-3],[-8],[-7],[28],[13],[0],[13],[1],[33],[18],[-5],[8],[-14],[26],[18],[-6],[18],[19],[7],[0],[29],[6],[-7],[-2],[2],[21],[9],[-7],[16],[17],[-5],[-7],[-8],[11],[-11],[17],[-5],[-3],[3],[33],[3],[28],[16],[-5],[2],[27],[11],[1],[4],[19],[-3],[-6],[25],[3],[7],[26],[10],[-4],[32],[16],[2],[4],[6],[9],[30],[17],[3],[30],[14],[1],[28],[14],[-3],[28],[21],[9],[5],[21],[25],[1],[22],[8],[4],[4],[0],[29],[22],[6],[2],[20],[4],[4],[1],[17],[23],[-4],[29],[9],[-8],[27],[13],[-4],[1],[25],[4],[-12],[16],[16],[-5],[27],[-8],[5],[-10],[-6],[-6],[-12],[17],[6],[-13],[12],[-10],[-11],[19],[-4],[-16],[12],[12],[-5],[-16],[20],[4],[-14],[0],[11],[-7],[6],[-10],[-7],[22],[8],[-11],[-10],[5],[-10],[26],[8],[-8],[9],[22],[-3],[-5],[20],[-9],[13],[-11],[-10],[22],[6],[-11],[10],[18],[1],[-11],[-9],[-7],[-5],[25],[11],[-6],[8],[18],[1],[-13],[5],[16],[-4],[0],[27],[11],[-7],[0],[20],[-7],[1],[13],[-6],[0],[19],[5],[-7],[28],[3],[-15],[16],[14],[3],[0],[21],[-4],[-8],[2],[16],[-4],[11],[1],[-3],[29],[14],[-3],[12],[21],[-6],[-7],[0],[0],[2],[32],[7],[0],[32],[24],[9],[5],[29],[18],[5],[3],[28],[12],[-11],[12],[15],[0],[5],[16],[0],[15],[24],[4],[5],[4],[20],[9],[10],[28],[13],[0],[37],[26],[7],[6],[30],[13],[0],[4],[30],[16],[0],[32],[23],[7],[5],[29],[14],[2],[4],[26],[9],[-8],[33],[16],[2],[1],[28],[13],[3],[4],[21],[-5],[5],[0],[28],[0],[10],[-7],[-7],[-5],[-8],[9],[19],[-4],[20],[-5],[27],[12],[-3],[1],[10],[-8],[8],[19],[5],[-11],[24],[17],[3],[6],[4],[20],[4],[4],[16],[29],[15],[1],[13],[-3],[17],[25],[7],[6],[33],[21],[2],[16],[19],[1],[4],[20],[5],[4],[36],[21],[3],[22],[9],[10],[6],[4],[3],[4],[4],[2],[4],[5],[1],[10],[10],[27],[11],[8],[22],[8],[8],[33],[19],[4],[5],[4],[21],[5],[7],[30],[13],[0],[5],[22],[8],[9],[35],[19],[3],[30],[17],[3],[29],[6],[18],[2],[20],[23],[6],[5],[29],[13],[3],[20],[6],[5],[33],[16],[2],[1],[26],[5],[0],[13],[-3],[20],[5],[2],[31],[18],[2],[19],[3],[3],[-3],[13],[22],[7],[-5],[-4],[12],[-4],[16],[22],[10],[1],[34],[13],[1],[17],[5],[3],[17],[2],[8],[33],[19],[7],[38],[23],[9],[10],[29],[10],[18],[4],[37],[18],[4],[8],[33],[12],[11],[35],[22],[10],[10],[30],[12],[4],[34],[27],[12],[8],[32],[5],[16],[12],[1],[32],[29],[12],[2],[32],[23],[7],[0],[27],[22],[8],[0],[25],[0],[30],[19],[5],[4],[29],[13],[0],[14],[3],[3],[3],[0],[0],[0],[-6],[0],[17],[1],[1],[24],[6],[-10],[24],[20],[3],[26],[8],[-10],[10],[-5],[8],[18],[4],[-11],[8],[13],[1],[-11],[14],[8],[-6],[-5],[-4],[0],[26],[-6],[19],[5],[-7],[-8],[12],[-3],[-5],[25],[15],[-5],[6],[-11],[10],[22],[8],[-5],[-3],[-6],[20],[4],[-7],[25],[20],[-4],[0],[3],[0],[11],[20],[5],[4],[32],[16],[2],[20],[2],[0],[27],[1],[1],[3],[3],[0],[33],[0],[3],[3],[27],[13],[-3],[1],[26],[6],[0],[26],[18],[0],[-3],[0],[11],[-6],[10],[19],[-5],[15],[1],[1],[33],[18],[-5],[-7],[4],[-11],[-11],[20],[9],[-7],[2],[0],[28],[0],[10],[-6],[10],[4],[27],[16],[3],[1],[-4],[18],[27],[13],[-4],[20],[22],[7],[-7],[12],[19],[4],[-8],[22],[3],[2],[25],[12],[-7],[-7],[0],[0],[0],[-4],[4],[4],[26],[10],[-8],[-6],[24],[-7],[16],[18],[2],[2],[26],[13],[-14],[16],[-7],[-6],[6],[-9],[-5],[-6],[1],[25],[10],[-5],[-7],[-6],[0],[-5],[4],[19],[-7],[-6],[27],[-7],[-11],[25],[12],[-11],[-9],[-8],[-8],[18],[-11],[-11],[5],[-13],[0],[15],[-8],[-10],[1],[0],[-8],[-6],[-6],[-6],[25],[7],[-11],[-7],[-4],[28],[13],[-8],[9],[-7],[-11],[6],[13],[1],[-14],[12],[14],[2],[0],[26],[-6],[0],[21],[8],[-8],[10],[19],[3],[-12],[1],[16],[6],[-6],[29],[8],[0],[33],[10],[-5],[0],[4],[0],[-2],[-5],[-5],[14],[26],[1],[14],[21],[-4],[18],[14],[2],[3],[1],[34],[16],[-5],[9],[-5],[1],[22],[3],[2],[9],[-3],[15],[6],[2],[2],[-3],[12],[-3],[14],[2],[0],[0],[-5],[10],[-4],[14],[3],[-3],[5],[5],[2],[32],[10],[-4],[2],[1],[30],[5],[0],[28],[15],[-5],[16],[1],[4],[30],[14],[-3],[4],[8],[4],[33],[20],[3],[3],[29],[13],[2],[10],[25],[11],[-5],[32],[24],[10],[10],[34],[17],[1],[1],[16],[22],[6],[22],[1],[6],[5],[0],[20],[14],[-4],[1],[21],[5],[-6],[-5],[21],[5],[3],[-6],[9],[-2],[30],[-6],[9],[20],[-6],[8],[19],[4],[0],[29],[14],[2],[3],[30],[17],[-5],[22],[19],[4],[8],[28],[10],[-6],[20],[9],[-3],[0],[0],[0],[26],[2],[5],[0],[31],[17],[0],[-3],[0],[11],[2],[31],[10],[-7],[24],[12],[0],[-5],[14],[20],[0],[-4],[27],[12],[1],[1],[26],[1],[0],[18],[1],[2],[27],[-4],[20],[5],[0],[25],[6],[8],[32],[17],[-9],[5],[-6],[-11],[21],[-4],[4],[20],[1],[13],[20],[-3],[0],[18],[-5],[13],[-3],[0],[1],[7],[8],[2],[0],[3],[28],[12],[-3],[14],[26],[3],[25],[5],[30],[16],[1],[28],[3],[3],[30],[19],[3],[28],[5],[29],[13],[-4],[12],[2],[6],[6],[20],[3],[0],[6],[4],[6],[20],[22],[1],[5],[16],[29],[16],[3],[4],[30],[18],[8],[6],[9],[5],[6],[2],[18],[22],[10],[1],[14],[24],[9],[0],[28],[18],[2],[16],[29],[12],[-4],[12],[20],[7],[-7],[17],[5],[32],[19],[4],[9],[25],[8],[-6],[29],[2],[9],[3],[31],[17],[5],[5],[31],[17],[5],[35],[17],[3],[3],[21],[1],[16],[23],[1],[6],[4],[3],[28],[8],[4],[34],[19],[2],[11],[21],[7],[-8],[12],[19],[3],[0],[28],[8],[-10],[8],[17],[-3],[-5],[16],[1],[2],[27],[14],[-3],[-4],[25],[1],[0],[0],[-5],[19],[4],[-8],[24],[17],[0],[25],[6],[-10],[18],[14],[1],[3],[27],[11],[-4],[6],[-5],[1],[18],[3],[0],[7],[-10],[27],[13],[2],[1],[-7],[27],[-9],[0],[-3],[28],[2],[0],[-6],[14],[1],[1],[26],[10],[-6],[0],[-8],[8],[15],[-7],[-5],[32],[18],[2],[-4],[26],[12],[0],[14],[0],[0],[2],[15],[-6],[-5],[21],[9],[-6],[8],[21],[10],[-5],[11],[19],[5],[-7],[20],[4],[-7],[14],[24],[10],[-4],[28],[13],[-6],[-7],[-4],[-8],[-3],[1],[0],[1],[32],[8],[-7],[28],[10],[0],[32],[6],[3],[3],[5],[8],[27],[3],[5],[28],[12],[1],[3],[29],[18],[5],[32],[17],[3],[6],[25],[10],[6],[35],[21],[6],[4],[30],[15],[2],[0],[25],[3],[0],[4],[3],[-4],[6],[0],[28],[14],[-4],[13],[2],[3],[6],[6],[34],[18],[3],[4],[0],[-7],[20],[12],[1],[35],[11],[-9],[11],[17],[4],[-11],[-7],[-3],[30],[13],[0],[2],[20],[16],[2],[26],[16],[5],[4],[8],[0],[28],[14],[-4],[2],[19],[6],[0],[31],[12],[-6],[10],[-4],[8],[25],[11],[-4],[14],[13],[2],[0],[12],[-3],[3],[0],[0],[14],[-7],[0],[0],[27],[2],[-7],[22],[7],[-11],[4],[17],[5],[-9],[11],[15],[0],[-3],[13],[-4],[0],[-4],[20],[5],[0],[-9],[-4],[13],[-5],[-5],[24],[11],[-4],[-3],[24],[11],[-8],[13],[12],[-5],[-4],[25],[-8],[-8],[9],[-6],[-5],[-4],[13],[-6],[-6],[21],[-3],[-4],[7],[-9],[1],[5],[4],[19],[7],[-7],[27],[10],[-5],[-3],[26],[5],[-7],[2],[14],[-7],[0],[22],[0],[25],[18],[-6],[26],[9],[-6],[16],[-2],[-5],[28],[10],[-4],[25],[0],[-8],[-5],[-6],[-5],[0],[12],[-6],[2],[-5],[14],[20],[-5],[-8],[-7],[-8],[14],[-5],[18],[3],[-11],[18],[9],[-8],[9],[13],[-4],[0],[7],[-11],[16],[-4],[-13],[24],[19],[8],[-5],[0],[8],[-7],[-6],[-5],[25],[-7],[-3],[-4],[25],[14],[-3],[2],[-3],[3],[0],[-3],[-6],[22],[-6],[-6],[-6],[-8],[31],[3],[18],[3],[1],[28],[-5],[-10],[16],[-5],[0],[21],[13],[2],[1],[29],[14],[3],[35],[20],[4],[1],[29],[13],[-4],[-4],[0],[-6],[23],[-3],[-4],[27],[14],[2],[1],[18],[2],[0],[28],[20],[2],[22],[6],[-8],[-5],[29],[17],[2],[5],[32],[-6],[12],[21],[7],[-8],[16],[21],[5],[5],[29],[20],[2],[8],[-5],[-3],[-3],[1],[-5],[2],[3],[2],[4],[5],[3],[6],[32],[18],[-7],[-4],[1],[29],[0],[0],[-5],[-5],[1],[-4],[-7],[-4],[5],[6],[-3],[2],[1],[2],[34],[17],[3],[0],[21],[0],[0],[0],[32],[9],[-7],[16],[1],[17],[3],[4],[8],[-8],[18],[-4],[-6],[13],[-3],[2],[-6],[-10],[-12],[20],[16],[0],[-7],[10],[15],[-6],[19],[5],[-7],[26],[-5],[25],[-8],[22],[16],[2],[-13],[-10],[11],[14],[-5],[-5],[-10],[9],[-5],[0],[1],[0],[-5],[-12],[12],[18],[4],[-12],[10],[19],[-4],[16],[-8],[-8],[-11],[7],[-10],[-6],[16],[-7],[0],[-7],[-3],[21],[0],[-5],[-3],[34],[1],[-4],[8],[21],[3],[-9],[14],[26],[10],[-5],[27],[0],[24],[5],[3],[2],[0],[-4],[14],[26],[2],[0],[27],[5],[1],[20],[5],[10],[33],[14],[2],[4],[-3],[-4],[26],[9],[-7],[6],[-7],[-5],[0],[10],[-8],[16],[20],[3],[17],[-8],[20],[3],[3],[29],[13],[-5],[0],[0],[2],[5],[6],[-5],[-4],[5],[-3],[1],[6],[0],[28],[0],[5],[5],[25],[1],[10],[-5],[13],[1],[14],[-3],[5],[0],[11],[-5],[0],[26],[16],[1],[3],[2],[2],[1],[2],[1],[0],[27],[12],[1],[17],[0],[4],[22],[1],[1],[-5],[-5],[-6],[9],[-5],[27],[14],[1],[6],[1],[26],[8],[-7],[-4],[23],[5],[-4],[29],[-5],[-5],[-6],[21],[0],[-9],[-7],[14],[17],[-4],[8],[-8],[10],[22],[10],[-6],[4],[16],[-3],[-4],[5],[5],[-6],[22],[-5],[18],[1],[0],[-3],[0],[33],[10],[-3],[30],[13],[-4],[1],[26],[-4],[13],[-7],[-4],[24],[-8],[-4],[-2],[-5],[-8],[20],[0],[1],[-4],[-7],[11],[15],[-3],[4],[-7],[-5],[8],[-11],[9],[9],[-5],[-4],[-7],[0],[-3],[1],[1],[-6],[-3],[0],[26],[0],[26],[2],[4],[17],[1],[3],[0],[20],[3],[30],[16],[1],[-6],[7],[-7],[29],[16],[1],[18],[-3],[16],[4],[0],[1],[12],[0],[12],[27],[0],[25],[8],[-5],[29],[8],[0],[1],[16],[3],[1],[-7],[12],[13],[-3],[2],[19],[3],[-4],[0],[20],[6],[-8],[12],[2],[22],[20],[2],[0],[9],[-6],[28],[-8],[-6],[-7],[14],[1],[0],[-3],[0],[1],[1],[-3],[31],[0],[20],[14],[1],[-3],[25],[-7],[-3],[2],[27],[-5],[1],[1],[-10],[11],[0],[2],[0],[3],[1],[32],[1],[1],[17],[4],[5],[30],[2],[-3],[17],[25],[3],[27],[13],[2],[6],[4],[30],[11],[-3],[18],[3],[8],[4],[2],[2],[11],[0],[26],[2],[0],[20],[16],[0],[32],[21],[3],[12],[-5],[14],[0],[3],[4],[29],[0],[28],[6],[-3],[31],[18],[2],[8],[18],[4],[5],[33],[22],[2],[22],[2],[18],[29],[1],[25],[11],[3],[5],[4],[3],[17],[0],[12],[9],[2],[34],[18],[4],[5],[25],[11],[-5],[16],[6],[1],[17],[2],[3],[4],[33],[5],[16],[-3],[0],[18],[4],[8],[0],[3],[28],[3],[3],[31],[-3],[2],[6],[28],[1],[4],[0],[4],[1],[16],[1],[-3],[-3],[0],[3],[4],[9],[0],[32],[16],[0],[29],[-4],[12],[0],[13],[3],[31],[18],[6],[2],[32],[1],[2],[2],[1],[33],[0],[24],[9],[-6],[1],[-2],[3],[23],[5],[6],[27],[10],[-5],[13],[22],[4],[11],[0],[23],[8],[-4],[13],[21],[10],[-6],[12],[25],[4],[6],[23],[9],[-5],[19],[2],[5],[1],[20],[-7],[14],[24],[9],[-10],[24],[17],[2],[5],[24],[11],[-5],[15],[26],[13],[3],[14],[-3],[14],[18],[3],[6],[22],[1],[17],[32],[4],[16],[3],[34],[20],[2],[26],[12],[1],[3],[26],[18],[2],[2],[-6],[31],[13],[-3],[-4],[0],[-3],[30],[15],[-5],[24],[11],[2],[32],[14],[-8],[24],[18],[6],[-7],[21],[10],[-5],[30],[16],[0],[0],[21],[9],[-3],[3],[5],[8],[25],[-4],[-6],[13],[20],[7],[-7],[9],[20],[8],[1],[27],[6],[1],[32],[21],[0],[12],[24],[10],[-5],[32],[17],[2],[12],[16],[-4],[0],[14],[-3],[12],[5],[-11],[32],[16],[2],[4],[22],[11],[0],[34],[14],[0],[-4],[24],[-3],[24],[10],[-5],[10],[26],[11],[-5],[32],[19],[3],[3],[28],[13],[1],[4],[26],[9],[0],[14],[2],[18],[-7],[14],[2],[16],[0],[13],[-3],[3],[3],[32],[9],[-5],[14],[26],[9],[-3],[9],[0],[3],[2],[26],[13],[1],[32],[22],[7],[8],[-7],[16],[14],[-5],[24],[0],[26],[11],[-2],[-4],[15],[23],[3],[3],[3],[3],[0],[30],[12],[-3],[0],[2],[32],[15],[-3],[-6],[-7],[2],[1],[27],[11],[-5],[24],[13],[-7],[-5],[-6],[14],[24],[8],[-7],[10],[17],[-5],[11],[14],[-4],[0],[20],[-6],[-3],[-5],[9],[20],[3],[3],[26],[1],[2],[21],[-6],[11],[-5],[-8],[-7],[-6],[21],[-7],[0],[2],[34],[19],[6],[3],[28],[-4],[16],[5],[-11],[26],[0],[0],[30],[5],[-3],[0],[23],[5],[0],[29],[9],[-9],[10],[1],[3],[4],[36],[3],[28],[5],[-8],[21],[-4],[15],[0],[-2],[28],[13],[-7],[-4],[24],[1],[28],[14],[-7],[19],[18],[5],[-11],[24],[12],[-5],[-4],[25],[15],[0],[2],[0],[-7],[26],[2],[-4],[21],[-8],[19],[-5],[0],[28],[-5],[7],[4],[29],[14],[0],[2],[26],[2],[1],[9],[8],[-3],[24],[10],[-4],[13],[24],[10],[-8],[18],[11],[-3],[9],[-6],[24],[23],[6],[4],[22],[1],[17],[1],[2],[1],[0],[-3],[0],[1],[1],[17],[25],[11],[-5],[11],[21],[5],[4],[2],[0],[1],[26],[3],[3],[31],[17],[2],[3],[21],[-3],[30],[12],[-3],[2],[28],[12],[1],[4],[26],[3],[35],[4],[29],[13],[-3],[8],[-7],[8],[-7],[10],[9],[-7],[11],[-3],[-3],[-3],[-7],[25],[16],[2],[-12],[28],[2],[3],[15],[27],[12],[2],[1],[0],[0],[2],[-4],[-6],[22],[3],[-11],[-13],[10],[17],[-5],[-4],[17],[3],[5],[31],[13],[-3],[-5],[25],[-9],[-8],[18],[5],[-7],[14],[18],[2],[-8],[26],[11],[0],[-3],[25],[0],[-5],[-8],[6],[-11],[6],[10],[-7],[8],[21],[5],[-6],[25],[12],[-9],[-7],[-9],[-5],[26],[11],[-4],[0],[16],[-10],[8],[13],[-4],[-14],[18],[15],[-4],[-3],[31],[18],[3],[2],[1],[-4],[1],[0],[0],[0],[-4],[14],[13],[-3],[7],[-5],[30],[12],[1],[8],[27],[-3],[10],[17],[3],[0],[30],[18],[9],[10],[35],[0],[12],[22],[3],[2],[0],[1],[5],[0],[33],[10],[-10],[20],[8],[-6],[10],[-3],[-3],[26],[13],[-5],[0],[21],[9],[0],[13],[22],[0],[-6],[21],[5],[-6],[-6],[-4],[-3],[21],[9],[0],[33],[19],[-4],[6],[-9],[27],[13],[0],[17],[22],[-7],[11],[15],[3],[4],[27],[11],[-7],[24],[16],[-5],[14],[24],[2],[27],[11],[0],[31],[-6],[0],[15],[-4],[3],[27],[12],[-4],[12],[21],[6],[-7],[24],[19],[3],[3],[29],[0],[25],[11],[-8],[28],[18],[2],[-3],[19],[2],[1],[-4],[-4],[14],[1],[4],[16],[26],[12],[-4],[0],[17],[5],[3],[24],[7],[6],[33],[9],[-7],[18],[2],[2],[26],[11],[-4],[29],[20],[9],[7],[34],[17],[-8],[27],[-5],[-3],[4],[3],[-5],[2],[3],[0],[12],[-6],[24],[3],[1],[35],[18],[7],[8],[1],[12],[-4],[18],[22],[10],[-5],[18],[25],[9],[4],[5],[9],[12],[6],[13],[10],[35],[20],[4],[5],[32],[11],[-4],[3],[2],[2],[3],[-3],[2],[-5],[2],[2],[5],[3],[1],[-5],[1],[4],[25],[1],[16],[-4],[-7],[-8],[-3],[3],[1],[-3],[11],[21],[2],[0],[32],[14],[1],[0],[-7],[16],[2],[2],[26],[16],[1],[3],[28],[-3],[2],[-9],[-5],[-7],[2],[4],[-4],[14],[-6],[0],[24],[10],[-5],[0],[21],[9],[-6],[29],[14],[-4],[0],[-7],[-4],[-7],[3],[0],[19],[3],[-13],[21],[13],[-3],[0],[28],[-6],[10],[21],[4],[2],[7],[-5],[30],[14],[3],[17],[25],[-5],[-5],[-6],[22],[1],[1],[26],[0],[-7],[-8],[25],[2],[2],[4],[28],[5],[30],[13],[0],[2],[30],[13],[-8],[11],[21],[1],[-4],[0],[1],[-4],[14],[19],[-7],[-5],[-4],[19],[6],[4],[26],[14],[-3],[14],[23],[7],[-8],[-5],[-4],[32],[15],[2],[20],[4],[24],[10],[0],[2],[11],[82],[60],[135],[89],[59],[16],[-27],[-64],[-54],[-80],[-56],[-7],[-16],[-3],[34],[12],[41],[31],[0],[1],[16],[30],[43],[50],[59],[25],[-10],[-11],[-60],[-72],[-72],[-19],[-12],[4],[32],[67],[49],[30],[40],[12],[16],[36],[37],[59],[49],[34],[11],[-13],[-23],[-67],[-79],[-24],[-3],[11],[48],[70],[60],[32],[34],[-3],[1],[-14],[30],[25],[14],[42],[-10],[-12],[-42],[-74],[-68],[-24],[-15],[34],[50],[59],[54],[37],[33],[-25],[-56],[-33],[-44],[-31],[-10],[-9],[23],[22],[-21],[-21],[-34],[-39],[-16],[2],[2],[32],[50],[3],[3],[5],[-44],[-38],[-54],[-16],[-22],[-14],[7],[10],[23],[4],[14],[-32],[-27],[-45],[-23],[-28],[-32],[-18],[0],[-29],[-31],[-7],[-31],[-40],[-24],[-15],[-6],[29],[-10],[-44],[-51],[-78],[-87],[-85],[-120],[-102],[-117],[-157],[-169],[-157],[-165],[16],[205],[258],[340],[357],[304],[208],[56],[-63],[-24],[-61],[-171],[-178],[-123],[-81],[-84],[-138],[-85],[10],[-51],[-46],[111],[243],[288],[284],[291],[248],[139],[-6],[-102],[-156],[-188],[-179],[-152],[-108],[-33],[9],[99],[185],[181],[219],[229],[200],[201],[142],[145],[159],[105],[-16],[-47],[-48],[-84],[-91],[-27],[-4],[31],[132],[144],[220],[257],[213],[138],[89],[20],[-13],[-71],[-103],[-139],[-118],[-124],[-138],[-100],[-93],[-68],[-25],[-43],[-67],[-39],[-53],[-86],[-94],[-175],[-237],[-271],[-342],[-413],[-493],[-546],[-592],[-443],[136],[542],[688],[809],[872],[751],[350],[-172],[-147],[58],[-275],[-566],[-410],[-213],[-224],[-361],[-382],[-146],[-162],[-376],[-109],[403],[575],[676],[777],[812],[571],[134],[-124],[-157],[-437],[-639],[-514],[-338],[-302],[-269],[-68],[203],[236],[65],[113],[269],[296],[280],[365],[477],[467],[218],[37],[-106],[-285],[-405],[-412],[-431],[-387],[-282],[-62],[166],[297],[346],[419],[371],[301],[261],[214],[205],[174],[65],[-69],[-119],[-190],[-288],[-336],[-348],[-316],[-239],[-152],[11],[218],[307],[361],[374],[371],[276],[197],[126],[26],[-75],[-103],[-165],[-220],[-264],[-248],[-235],[-191],[-166],[-128],[-43],[84],[159],[262],[279],[262],[254],[164],[79],[-18],[-71],[-116],[-125],[-127],[-103],[-28],[49],[76],[103],[138],[148],[177],[204],[207],[210],[179],[169],[93],[56],[-36],[-55],[-118],[-126],[-85],[-16],[49],[95],[115],[144],[147],[89],[30],[40],[-22],[-59],[-67],[-92],[-85],[-84],[-101],[-126],[-111],[-127],[-136],[-108],[-128],[-152],[-168],[-186],[-200],[-238],[-286],[-355],[-403],[-402],[-420],[-371],[-242],[-78],[211],[440],[525],[573],[572],[501],[309],[72],[-47],[-64],[-225],[-336],[-336],[-322],[-331],[-342],[-324],[-255],[-175],[-76],[126],[342],[470],[589],[609],[516],[364],[159],[-52],[-191],[-332],[-439],[-421],[-321],[-263],[-202],[-86],[16],[111],[108],[155],[246],[276],[310],[365],[369],[292],[163],[60],[-89],[-237],[-318],[-346],[-325],[-269],[-152],[-29],[110],[213],[257],[282],[284],[282],[263],[224],[210],[144],[51],[-39],[-141],[-199],[-259],[-257],[-284],[-231],[-149],[-61],[70],[147],[212],[300],[309],[293],[269],[264],[247],[217],[188],[98],[-29],[-88],[-173],[-228],[-205],[-114],[-32],[22],[82],[173],[218],[224],[200],[196],[130],[49],[18],[41],[-3],[-20],[-46],[-50],[-102],[-116],[-84],[-24],[16],[35],[72],[104],[59],[-19],[-79],[-127],[-169],[-252],[-299],[-308],[-307],[-330],[-376],[-412],[-445],[-513],[-513],[-567],[-588],[-224],[412],[791],[921],[998],[956],[766],[228],[-295],[-248],[-143],[-416],[-643],[-536],[-324],[-263],[-382],[-380],[-212],[-257],[-295],[77],[528],[682],[811],[953],[959],[533],[-12],[-216],[-227],[-483],[-747],[-678],[-398],[-244],[-181],[-8],[241],[280],[186],[226],[299],[285],[321],[474],[544],[332],[68],[-69],[-143],[-325],[-520],[-554],[-487],[-404],[-263],[-34],[209],[369],[435],[488],[418],[348],[289],[275],[249],[120],[-31],[-118],[-204],[-294],[-394],[-427],[-423],[-338],[-218],[-85],[117],[388],[551],[638],[661],[627],[508],[314],[92],[-76],[-277],[-358],[-391],[-389],[-314],[-174],[-79],[21],[105],[167],[236],[313],[345],[360],[305],[188],[45],[-100],[-292],[-411],[-447],[-437],[-374],[-247],[-94],[87],[161],[171],[150],[50],[-57],[-148],[-223],[-319],[-396],[-398],[-462],[-558],[-696],[-856],[-910],[-172],[522],[813],[1000],[1160],[1218],[963],[93],[-258],[197],[-31],[-686],[-824],[-549],[-324],[-348],[-551],[-322],[-115],[-455],[-388],[289],[612],[657],[821],[1122],[1058],[398],[-234],[-122],[-112],[-628],[-989],[-782],[-447],[-381],[-382],[-18],[297],[157],[90],[258],[373],[307],[412],[709],[776],[379],[24],[44],[8],[-351],[-619],[-689],[-611],[-513],[-398],[-92],[252],[369],[488],[602],[505],[408],[407],[418],[354],[157],[-66],[-99],[-111],[-257],[-382],[-456],[-470],[-432],[-320],[-186],[26],[232],[469],[630],[664],[676],[644],[576],[370],[115],[-168],[-369],[-417],[-442],[-435],[-301],[-132],[-29],[80],[192],[232],[312],[401],[347],[272],[228],[117],[3],[-99],[-255],[-391],[-397],[-366],[-334],[-165],[-3],[119],[208],[236],[162],[101],[30],[-96],[-248],[-380],[-513],[-528],[-531],[-602],[-635],[-703],[-830],[-957],[-514],[399],[978],[1172],[1319],[1310],[1233],[491],[-298],[-132],[57],[-541],[-960],[-789],[-479],[-359],[-579],[-561],[-178],[-310],[-572],[-24],[741],[909],[927],[1168],[1337],[874],[41],[-295],[-146],[-444],[-975],[-1029],[-645],[-389],[-400],[-231],[209],[281],[26],[110],[462],[494],[469],[614],[921],[737],[169],[-93],[-40],[-253],[-666],[-854],[-760],[-608],[-494],[-203],[236],[440],[433],[533],[609],[510],[356],[384],[457],[345],[53],[-147],[-163],[-230],[-404],[-547],[-598],[-574],[-495],[-320],[0],[299],[525],[742],[856],[827],[627],[496],[355],[89],[-148],[-351],[-477],[-431],[-365],[-330],[-223],[-133],[-35],[71],[202],[325],[404],[446],[406],[326],[146],[-62],[-167],[-259],[-371],[-418],[-334],[-248],[-116],[53],[171],[178],[162],[110],[5],[-100],[-255],[-346],[-348],[-400],[-503],[-576],[-592],[-687],[-877],[-1071],[-704],[253],[828],[1034],[1258],[1302],[1321],[744],[-152],[-134],[88],[-402],[-862],[-787],[-502],[-295],[-488],[-632],[-311],[-352],[-679],[-300],[481],[821],[862],[1042],[1280],[1165],[287],[-263],[-120],[-207],[-788],[-1020],[-718],[-380],[-379],[-331],[84],[293],[64],[-31],[282],[545],[500],[512],[829],[923],[429],[-29],[10],[-74],[-491],[-832],[-867],[-678],[-529],[-378],[46],[381],[448],[460],[544],[550],[424],[344],[395],[429],[216],[-6],[-82],[-134],[-295],[-509],[-620],[-592],[-520],[-397],[-160],[123],[389],[662],[829],[828],[730],[578],[431],[185],[-69],[-274],[-362],[-344],[-322],[-317],[-211],[-71],[-51],[-23],[101],[224],[342],[409],[419],[369],[229],[56],[-111],[-272],[-404],[-470],[-420],[-299],[-159],[21],[144],[200],[189],[114],[0],[-50],[-182],[-257],[-346],[-383],[-438],[-510],[-635],[-751],[-954],[-1182],[-719],[224],[781],[1051],[1195],[1288],[1352],[648],[-172],[7],[211],[-422],[-861],[-740],[-407],[-290],[-640],[-664],[-256],[-400],[-795],[-290],[544],[851],[848],[1005],[1322],[1070],[162],[-216],[14],[-222],[-838],[-1045],[-647],[-360],[-448],[-386],[84],[266],[-69],[-87],[309],[528],[536],[570],[899],[873],[386],[26],[73],[-63],[-509],[-850],[-820],[-632],[-558],[-379],[45],[395],[379],[438],[532],[544],[504],[421],[514],[495],[209],[-14],[-20],[-114],[-295],[-514],[-611],[-582],[-557],[-471],[-180],[105],[305],[527],[730],[814],[755],[632],[563],[388],[31],[-252],[-384],[-424],[-416],[-400],[-380],[-267],[-130],[-50],[81],[241],[395],[501],[468],[380],[297],[157],[-46],[-200],[-349],[-443],[-480],[-379],[-226],[-85],[5],[93],[134],[154],[153],[93],[16],[-32],[-159],[-293],[-388],[-469],[-600],[-687],[-754],[-901],[-1075],[-1098],[-267],[619],[986],[1146],[1238],[1343],[1183],[318],[-193],[169],[128],[-525],[-784],[-602],[-378],[-414],[-752],[-573],[-283],[-603],[-651],[123],[777],[968],[1011],[1194],[1358],[860],[-5],[-135],[36],[-397],[-928],[-884],[-513],[-340],[-475],[-273],[159],[89],[-160],[48],[450],[568],[538],[651],[892],[716],[161],[-51],[31],[-214],[-714],[-933],[-768],[-580],[-515],[-288],[173],[323],[277],[404],[513],[510],[424],[417],[513],[387],[88],[-61],[-69],[-188],[-417],[-588],[-653],[-608],[-543],[-392],[-104],[205],[372],[571],[746],[781],[703],[656],[581],[345],[6],[-229],[-296],[-334],[-387],[-377],[-307],[-226],[-138],[43],[205],[325],[426],[450],[411],[331],[206],[72],[-60],[-198],[-324],[-397],[-414],[-318],[-177],[-41],[-10],[92],[217],[241],[177],[161],[105],[-14],[-204],[-386],[-523],[-573],[-640],[-700],[-739],[-803],[-918],[-1026],[-747],[232],[957],[1165],[1301],[1401],[1395],[880],[53],[-131],[155],[-295],[-882],[-884],[-606],[-429],[-598],[-746],[-359],[-224],[-555],[-351],[445],[897],[1006],[1038],[1235],[1209],[481],[-131],[-36],[-119],[-741],[-1106],[-887],[-500],[-443],[-483],[-116],[277],[157],[49],[346],[585],[608],[583],[730],[770],[389],[2],[-8],[-53],[-476],[-838],[-868],[-675],[-520],[-469],[-131],[242],[322],[341],[506],[630],[554],[464],[494],[489],[227],[-75],[-138],[-149],[-334],[-563],[-691],[-642],[-577],[-510],[-298],[42],[295],[452],[582],[768],[767],[703],[640],[491],[226],[-58],[-236],[-348],[-413],[-460],[-475],[-374],[-207],[-54],[153],[319],[444],[493],[498],[369],[241],[187],[40],[-123],[-243],[-353],[-389],[-312],[-268],[-186],[-61],[58],[161],[225],[252],[213],[186],[68],[-95],[-251],[-415],[-513],[-530],[-593],[-663],[-709],[-747],[-777],[-837],[-813],[-273],[629],[1189],[1331],[1389],[1384],[1216],[555],[-193],[-257],[-222],[-651],[-955],[-812],[-546],[-381],[-524],[-536],[-174],[-205],[-431],[-44],[666],[1028],[1083],[1153],[1244],[976],[253],[-183],[-207],[-496],[-1019],[-1173],[-842],[-469],[-372],[-261],[157],[449],[296],[184],[379],[588],[560],[524],[601],[588],[260],[-73],[-82],[-217],[-597],[-903],[-871],[-623],[-467],[-338],[27],[408],[511],[478],[531],[587],[565],[398],[306],[259],[99],[-135],[-220],[-261],[-375],[-563],[-655],[-571],[-434],[-292],[-100],[196],[376],[517],[586],[635],[693],[690],[539],[354],[76],[-156],[-293],[-422],[-491],[-474],[-404],[-235],[-54],[67],[256],[416],[437],[432],[365],[231],[149],[89],[64],[-95],[-268],[-363],[-356],[-283],[-226],[-142],[23],[188],[231],[224],[191],[194],[155],[-11],[-199],[-316],[-380],[-502],[-573],[-575],[-597],[-654],[-647],[-579],[-560],[-564],[-426],[203],[905],[1228],[1272],[1225],[1082],[805],[123],[-429],[-368],[-351],[-727],[-892],[-639],[-401],[-367],[-493],[-361],[-78],[-147],[-231],[217],[797],[1016],[1064],[1091],[1016],[609],[-45],[-398],[-414],[-669],[-1060],[-1022],[-632],[-321],[-232],[-48],[296],[433],[285],[270],[456],[566],[531],[475],[516],[457],[74],[-195],[-237],[-371],[-686],[-827],[-692],[-461],[-327],[-176],[191],[450],[478],[503],[594],[637],[505],[327],[266],[165],[-61],[-228],[-218],[-279],[-448],[-517],[-513],[-424],[-344],[-247],[19],[292],[394],[493],[675],[786],[779],[673],[469],[229],[-51],[-284],[-357],[-402],[-374],[-361],[-238],[-64],[36],[58],[170],[273],[296],[238],[227],[307],[260],[133],[16],[-98],[-226],[-364],[-371],[-261],[-156],[-80],[76],[207],[213],[161],[185],[113],[-55],[-225],[-307],[-354],[-409],[-465],[-503],[-446],[-387],[-422],[-436],[-406],[-491],[-508],[-490],[-117],[609],[1104],[1223],[1133],[979],[798],[281],[-370],[-507],[-323],[-538],[-835],[-666],[-294],[-75],[-232],[-318],[-27],[35],[-313],[-160],[504],[938],[934],[883],[862],[672],[56],[-397],[-358],[-444],[-910],[-1047],[-662],[-222],[-87],[-58],[288],[588],[367],[98],[241],[479],[411],[275],[368],[410],[138],[-179],[-158],[-174],[-494],[-769],[-686],[-464],[-311],[-191],[117],[490],[589],[476],[560],[610],[485],[286],[201],[142],[-15],[-192],[-234],[-208],[-325],[-492],[-488],[-426],[-364],[-273],[-44],[267],[412],[410],[517],[595],[634],[645],[511],[349],[155],[-104],[-266],[-298],[-378],[-405],[-317],[-160],[-53],[4],[90],[299],[390],[322],[241],[221],[233],[140],[83],[-13],[-119],[-235],[-315],[-251],[-136],[-46],[62],[139],[173],[145],[51],[20],[3],[-119],[-248],[-301],[-307],[-310],[-313],[-295],[-265],[-278],[-357],[-383],[-400],[-419],[-471],[-542],[-479],[146],[765],[957],[929],[868],[745],[517],[-95],[-440],[-139],[-122],[-511],[-566],[-322],[-123],[-164],[-413],[-288],[-12],[-291],[-455],[90],[691],[804],[758],[777],[781],[446],[-160],[-285],[-192],[-527],[-910],[-744],[-335],[-79],[-108],[40],[387],[335],[47],[78],[321],[419],[321],[300],[400],[312],[19],[-92],[-10],[-181],[-523],[-687],[-558],[-408],[-325],[-134],[285],[511],[483],[506],[605],[552],[394],[229],[208],[105],[-60],[-191],[-143],[-171],[-318],[-432],[-455],[-381],[-307],[-231],[-23],[237],[346],[426],[552],[668],[678],[608],[511],[299],[58],[-158],[-330],[-450],[-469],[-444],[-351],[-216],[-57],[68],[205],[314],[348],[343],[306],[287],[267],[194],[81],[-29],[-116],[-238],[-324],[-348],[-295],[-226],[-171],[-56],[64],[103],[125],[160],[130],[77],[35],[-24],[-80],[-120],[-183],[-222],[-270],[-341],[-373],[-371],[-425],[-466],[-622],[-766],[-731],[-700],[-274],[531],[993],[1119],[1169],[1021],[877],[528],[-95],[-229],[-96],[-491],[-792],[-634],[-395],[-310],[-490],[-594],[-275],[-192],[-422],[-112],[565],[977],[997],[913],[961],[819],[274],[-188],[-240],[-475],[-947],[-1120],[-778],[-381],[-261],[-216],[123],[470],[362],[213],[401],[582],[529],[308],[279],[400],[222],[-106],[-140],[-133],[-432],[-723],[-720],[-478],[-304],[-255],[23],[410],[526],[485],[593],[709],[697],[422],[175],[32],[-90],[-282],[-351],[-344],[-357],[-406],[-395],[-339],[-251],[-147],[-18],[200],[390],[445],[555],[597],[593],[522],[366],[126],[-103],[-258],[-403],[-451],[-445],[-421],[-253],[-33],[92],[178],[345],[445],[437],[414],[320],[236],[185],[15],[-139],[-226],[-298],[-403],[-393],[-291],[-257],[-191],[-35],[168],[260],[291],[357],[411],[370],[205],[60],[-14],[-157],[-337],[-459],[-513],[-513],[-506],[-467],[-371],[-315],[-334],[-393],[-412],[-466],[-527],[-492],[-5],[701],[1031],[1044],[1041],[955],[709],[174],[-374],[-404],[-331],[-656],[-806],[-528],[-268],[-205],[-328],[-308],[-52],[-104],[-309],[20],[572],[810],[826],[793],[768],[554],[12],[-358],[-398],[-614],[-950],[-894],[-502],[-83],[20],[101],[360],[492],[293],[157],[225],[349],[278],[176],[233],[284],[179],[6],[-14],[-115],[-383],[-575],[-518],[-354],[-236],[-120],[135],[369],[431],[417],[478],[511],[480],[282],[110],[29],[-61],[-168],[-188],[-177],[-232],[-296],[-282],[-213],[-177],[-156],[-60],[92],[200],[224],[305],[396],[389],[299],[144],[67],[38],[-26],[-62],[-59],[-69],[-130],[-155],[-108],[3],[19],[88],[190],[234],[220],[163],[165],[161],[33],[-132],[-222],[-179],[-186],[-168],[-53],[72],[145],[162],[197],[206],[198],[147],[114],[50],[-5],[-86],[-110],[-93],[-134],[-206],[-245],[-280],[-311],[-358],[-347],[-295],[-248],[-267],[-243],[-255],[-311],[-432],[-504],[-452],[-292],[188],[644],[944],[956],[829],[690],[508],[45],[-322],[-340],[-356],[-592],[-652],[-456],[-237],[-247],[-369],[-277],[-67],[-150],[-177],[241],[646],[808],[671],[610],[560],[346],[-83],[-278],[-287],[-513],[-748],[-646],[-335],[-127],[-84],[57],[262],[305],[196],[240],[367],[430],[296],[257],[271],[238],[70],[-87],[-130],[-255],[-490],[-551],[-433],[-257],[-126],[12],[237],[440],[458],[442],[503],[500],[359],[178],[13],[-20],[-100],[-227],[-271],[-256],[-333],[-384],[-379],[-286],[-146],[-63],[31],[169],[321],[385],[407],[456],[428],[268],[65],[-18],[-28],[-92],[-170],[-180],[-182],[-104],[-123],[-106],[50],[190],[198],[205],[218],[230],[189],[128],[114],[60],[-4],[-70],[-104],[-66],[-32],[-3],[4],[28],[52],[108],[118],[153],[191],[126],[69],[50],[8],[-44],[-122],[-207],[-284],[-304],[-339],[-327],[-258],[-183],[-185],[-196],[-226],[-290],[-338],[-395],[-428],[-407],[-262],[5],[321],[617],[777],[820],[736],[484],[210],[-36],[-215],[-384],[-440],[-453],[-462],[-467],[-453],[-401],[-318],[-299],[-221],[-48],[181],[402],[598],[758],[760],[617],[421],[149],[-106],[-319],[-492],[-532],[-498],[-387],[-262],[-128],[2],[86],[146],[151],[181],[218],[269],[348],[381],[343],[286],[235],[89],[-92],[-240],[-339],[-416],[-455],[-355],[-193],[-53],[93],[221],[358],[483],[448],[419],[353],[259],[130],[-6],[-120],[-152],[-197],[-264],[-258],[-238],[-246],[-231],[-224],[-149],[-52],[56],[171],[352],[451],[443],[378],[344],[239],[67],[-63],[-76],[-132],[-198],[-164],[-171],[-117],[-46],[-53],[4],[144],[155],[223],[263],[281],[250],[188],[98],[12],[-63],[-115],[-116],[-117],[-101],[-30],[50],[82],[84],[122],[194],[157],[113],[102],[112],[63],[-32],[-132],[-127],[-174],[-251],[-268],[-257],[-259],[-236],[-267],[-245],[-245],[-274],[-288],[-272],[-311],[-371],[-338],[-204],[-78],[79],[370],[666],[747],[616],[461],[307],[117],[-141],[-367],[-390],[-378],[-498],[-545],[-434],[-293],[-305],[-287],[-182],[42],[161],[257],[510],[741],[757],[581],[444],[253],[17],[-279],[-409],[-381],[-468],[-546],[-438],[-195],[-75],[5],[67],[237],[306],[289],[346],[419],[403],[299],[193],[115],[51],[-111],[-252],[-292],[-330],[-376],[-344],[-275],[-126],[47],[132],[243],[357],[434],[414],[400],[374],[324],[137],[-12],[-125],[-175],[-243],[-306],[-348],[-317],[-244],[-194],[-88],[74],[193],[287],[376],[404],[392],[349],[312],[260],[136],[-46],[-184],[-178],[-203],[-239],[-230],[-175],[-102],[9],[48],[154],[273],[314],[278],[261],[238],[179],[117],[46],[-15],[-92],[-180],[-206],[-152],[-93],[-28],[-5],[64],[158],[171],[174],[222],[239],[175],[83],[-23],[-66],[-114],[-230],[-274],[-320],[-358],[-350],[-309],[-244],[-160],[-130],[-90],[-98],[-136],[-173],[-231],[-299],[-340],[-390],[-359],[-259],[-64],[213],[511],[641],[604],[458],[310],[197],[-104],[-351],[-321],[-296],[-430],[-437],[-283],[-122],[-62],[-146],[-95],[80],[100],[124],[308],[494],[523],[459],[340],[278],[96],[-136],[-248],[-282],[-395],[-439],[-296],[-106],[18],[105],[155],[221],[196],[96],[110],[192],[163],[131],[163],[149],[108],[9],[-65],[-115],[-206],[-320],[-316],[-211],[-91],[43],[153],[284],[380],[348],[312],[283],[245],[125],[35],[1],[-61],[-111],[-126],[-133],[-192],[-221],[-227],[-166],[-94],[-33],[78],[190],[255],[291],[304],[285],[229],[123],[-13],[-91],[-131],[-106],[-84],[-36],[1],[25],[18],[8],[35],[73],[82],[122],[190],[187],[171],[184],[120],[84],[-4],[-108],[-160],[-199],[-116],[-32],[40],[122],[170],[188],[175],[122],[92],[51],[-17],[-114],[-133],[-140],[-161],[-182],[-160],[-168],[-221],[-256],[-248],[-215],[-228],[-210],[-218],[-172],[-213],[-284],[-301],[-311],[-344],[-344],[-299],[-77],[375],[652],[758],[715],[594],[511],[235],[-186],[-341],[-349],[-456],[-589],[-527],[-338],[-195],[-212],[-224],[-29],[74],[2],[141],[444],[651],[705],[599],[511],[396],[111],[-208],[-291],[-392],[-579],[-607],[-412],[-196],[-86],[-32],[107],[209],[185],[124],[210],[339],[345],[299],[314],[287],[191],[30],[-72],[-145],[-299],[-410],[-400],[-286],[-142],[-11],[187],[319],[366],[381],[353],[326],[267],[152],[64],[-21],[-78],[-123],[-183],[-188],[-232],[-247],[-266],[-230],[-98],[-21],[56],[215],[283],[328],[374],[344],[282],[208],[97],[-37],[-96],[-79],[-79],[-88],[-79],[-84],[-104],[-74],[-20],[43],[138],[217],[226],[256],[219],[195],[166],[57],[3],[-42],[-102],[-140],[-77],[12],[35],[45],[80],[95],[84],[66],[44],[73],[10],[-92],[-150],[-141],[-178],[-223],[-245],[-199],[-198],[-234],[-197],[-154],[-126],[-108],[-172],[-178],[-227],[-309],[-360],[-386],[-374],[-322],[-71],[340],[618],[736],[634],[542],[442],[179],[-195],[-270],[-245],[-367],[-513],[-456],[-293],[-231],[-266],[-229],[-68],[25],[-8],[126],[490],[701],[657],[569],[517],[333],[6],[-237],[-343],[-427],[-562],[-582],[-371],[-122],[-36],[31],[180],[300],[210],[156],[260],[333],[312],[262],[254],[272],[147],[15],[-78],[-159],[-276],[-401],[-371],[-222],[-128],[-39],[137],[257],[344],[304],[292],[312],[269],[108],[26],[-19],[-59],[-82],[-141],[-159],[-172],[-205],[-252],[-195],[-119],[-23],[84],[172],[307],[345],[325],[340],[269],[144],[-15],[-125],[-204],[-228],[-216],[-152],[-62],[38],[67],[55],[125],[161],[165],[181],[196],[196],[234],[210],[138],[96],[32],[-116],[-168],[-169],[-190],[-162],[-47],[72],[184],[205],[194],[238],[188],[72],[1],[-35],[-105],[-128],[-103],[-106],[-91],[-133],[-157],[-136],[-160],[-208],[-200],[-157],[-138],[-168],[-211],[-218],[-222],[-306],[-397],[-469],[-455],[-383],[-308],[25],[491],[752],[767],[672],[577],[511],[174],[-245],[-312],[-327],[-546],[-637],[-484],[-280],[-195],[-226],[-131],[101],[105],[-22],[217],[555],[642],[596],[501],[467],[329],[26],[-231],[-294],[-439],[-655],[-620],[-360],[-155],[-68],[42],[252],[344],[292],[312],[385],[385],[321],[228],[208],[165],[20],[-109],[-154],[-268],[-399],[-459],[-446],[-321],[-173],[19],[170],[350],[403],[446],[493],[468],[405],[239],[88],[-50],[-148],[-266],[-304],[-313],[-331],[-310],[-235],[-156],[-21],[81],[146],[246],[316],[316],[344],[359],[284],[184],[40],[-114],[-194],[-303],[-355],[-327],[-270],[-223],[-79],[118],[333],[412],[394],[384],[303],[146],[90],[9],[-45],[-47],[-127],[-156],[-139],[-88],[-61],[-7],[64],[107],[174],[209],[243],[298],[301],[173],[34],[-71],[-209],[-283],[-283],[-307],[-280],[-191],[-162],[-88],[-21],[69],[85],[48],[16],[-61],[-128],[-196],[-248],[-314],[-370],[-412],[-463],[-490],[-510],[-456],[-387],[-199],[289],[678],[794],[841],[773],[614],[359],[-68],[-298],[-271],[-426],[-628],[-537],[-336],[-235],[-258],[-255],[-61],[57],[-101],[-23],[429],[698],[679],[650],[688],[564],[228],[-76],[-219],[-392],[-723],[-839],[-616],[-411],[-303],[-149],[142],[363],[352],[312],[449],[543],[427],[298],[263],[247],[56],[-120],[-180],[-220],[-415],[-535],[-510],[-411],[-283],[-95],[134],[368],[480],[499],[585],[556],[428],[295],[141],[11],[-96],[-226],[-277],[-275],[-309],[-334],[-278],[-181],[-116],[-35],[96],[225],[256],[261],[326],[364],[329],[214],[145],[10],[-132],[-266],[-280],[-283],[-322],[-288],[-136],[41],[191],[298],[380],[453],[386],[267],[229],[171],[80],[9],[0],[-66],[-147],[-179],[-138],[-106],[-100],[-93],[4],[74],[109],[173],[261],[220],[112],[50],[-22],[-88],[-132],[-171],[-147],[-96],[-97],[-78],[2],[-19],[-54],[-74],[-85],[-134],[-164],[-210],[-217],[-248],[-341],[-383],[-410],[-437],[-484],[-451],[-303],[0],[431],[708],[823],[769],[645],[528],[227],[-187],[-278],[-270],[-495],[-619],[-508],[-333],[-261],[-298],[-204],[34],[22],[-52],[182],[540],[670],[635],[561],[522],[353],[38],[-209],[-306],[-498],[-699],[-656],[-436],[-224],[-159],[-12],[245],[341],[298],[364],[451],[450],[393],[280],[240],[149],[-20],[-144],[-167],[-278],[-426],[-470],[-400],[-298],[-178],[-32],[172],[307],[368],[441],[507],[489],[423],[275],[129],[20],[-104],[-176],[-246],[-276],[-316],[-332],[-307],[-223],[-136],[-71],[48],[186],[235],[262],[330],[337],[297],[193],[48],[-51],[-112],[-178],[-225],[-225],[-190],[-145],[-109],[-68],[38],[68],[79],[177],[294],[318],[336],[303],[224],[153],[-53],[-188],[-240],[-273],[-267],[-185],[-89],[47],[121],[173],[218],[252],[221],[179],[176],[200],[163],[105],[68],[-37],[-109],[-151],[-205],[-230],[-189],[-155],[-86],[-22],[59],[83],[72],[31],[-80],[-179],[-252],[-324],[-363],[-360],[-350],[-419],[-507],[-588],[-654],[-459],[228],[684],[848],[869],[863],[874],[548],[-69],[-166],[-131],[-511],[-832],[-656],[-392],[-291],[-378],[-291],[40],[-19],[-367],[-117],[478],[671],[693],[747],[814],[648],[237],[25],[-43],[-413],[-853],[-861],[-559],[-414],[-330],[-77],[272],[365],[217],[248],[433],[451],[309],[250],[278],[222],[73],[2],[-24],[-167],[-394],[-513],[-535],[-494],[-352],[-137],[92],[299],[395],[509],[586],[618],[507],[331],[137],[16],[-132],[-269],[-308],[-294],[-324],[-320],[-333],[-303],[-205],[-143],[-66],[101],[212],[309],[431],[530],[511],[432],[323],[132],[-72],[-221],[-335],[-412],[-459],[-438],[-318],[-224],[-96],[22],[148],[257],[300],[315],[400],[380],[325],[244],[132],[-17],[-119],[-215],[-216],[-237],[-212],[-131],[-6],[91],[196],[272],[304],[344],[279],[191],[111],[68],[-13],[-112],[-211],[-255],[-288],[-280],[-235],[-158],[-69],[11],[77],[100],[154],[116],[34],[-67],[-139],[-238],[-316],[-355],[-339],[-357],[-418],[-506],[-648],[-734],[-445],[258],[656],[767],[880],[908],[848],[454],[-53],[-117],[-162],[-560],[-781],[-582],[-344],[-276],[-331],[-179],[77],[-80],[-342],[-13],[511],[657],[693],[761],[774],[569],[232],[33],[-111],[-512],[-860],[-842],[-624],[-485],[-364],[-73],[258],[356],[274],[368],[500],[478],[384],[302],[281],[204],[56],[-39],[-70],[-195],[-390],[-536],[-556],[-446],[-302],[-147],[89],[296],[391],[499],[625],[613],[476],[280],[124],[-11],[-178],[-274],[-295],[-268],[-299],[-351],[-310],[-215],[-125],[-56],[92],[228],[282],[337],[443],[520],[504],[330],[142],[-12],[-178],[-341],[-372],[-373],[-386],[-353],[-256],[-131],[25],[125],[201],[346],[378],[396],[424],[471],[406],[223],[52],[-128],[-282],[-378],[-401],[-365],[-263],[-187],[-63],[122],[260],[289],[313],[313],[244],[181],[112],[79],[51],[-6],[-115],[-159],[-203],[-254],[-243],[-135],[-92],[-60],[57],[110],[118],[134],[87],[6],[-104],[-263],[-344],[-353],[-406],[-442],[-462],[-507],[-632],[-736],[-157],[544],[766],[784],[824],[908],[760],[136],[-240],[-41],[-226],[-765],[-736],[-419],[-279],[-293],[-306],[-4],[190],[-245],[-371],[230],[628],[610],[659],[724],[731],[376],[-27],[-70],[-221],[-728],[-926],[-687],[-436],[-354],[-215],[149],[480],[403],[261],[434],[511],[420],[315],[289],[214],[93],[-116],[-167],[-187],[-421],[-571],[-540],[-476],[-339],[-143],[84],[283],[394],[465],[556],[618],[536],[394],[216],[82],[-21],[-216],[-354],[-312],[-303],[-365],[-358],[-279],[-160],[-48],[31],[181],[293],[351],[405],[466],[468],[355],[158],[29],[-72],[-268],[-387],[-333],[-327],[-337],[-277],[-176],[-39],[132],[259],[360],[471],[386],[254],[192],[154],[-24],[-94],[-197],[-297],[-296],[-309],[-270],[-134],[-27],[-4],[139],[224],[273],[301],[367],[354],[273],[123],[-15],[-86],[-117],[-213],[-231],[-182],[-178],[-182],[-93],[-11],[0],[65],[64],[19],[-47],[-102],[-170],[-210],[-272],[-424],[-480],[-490],[-597],[-694],[-238],[398],[679],[704],[760],[822],[762],[288],[-174],[-67],[-86],[-572],[-710],[-463],[-305],[-358],[-447],[-235],[74],[-133],[-349],[133],[667],[658],[582],[685],[740],[464],[29],[-108],[-145],[-566],[-881],[-708],[-453],[-398],[-335],[5],[353],[349],[192],[350],[550],[540],[363],[329],[328],[173],[-76],[-168],[-172],[-348],[-564],[-583],[-501],[-364],[-182],[18],[265],[456],[511],[555],[607],[586],[445],[326],[166],[13],[-165],[-310],[-363],[-367],[-435],[-455],[-388],[-258],[-108],[62],[188],[336],[437],[432],[455],[492],[424],[241],[81],[-31],[-195],[-364],[-425],[-406],[-391],[-327],[-181],[-14],[155],[254],[313],[341],[312],[240],[181],[157],[118],[26],[-75],[-133],[-180],[-248],[-232],[-182],[-146],[-105],[5],[106],[191],[216],[260],[256],[188],[96],[41],[-13],[-67],[-117],[-107],[-104],[-120],[-117],[-86],[-74],[-61],[-108],[-114],[-140],[-149],[-171],[-154],[-216],[-292],[-367],[-452],[-577],[-668],[-52],[530],[707],[713],[736],[854],[703],[59],[-232],[11],[-234],[-768],[-698],[-372],[-262],[-292],[-380],[-61],[132],[-263],[-373],[251],[572],[546],[525],[666],[691],[309],[-30],[-39],[-139],[-605],[-800],[-520],[-318],[-316],[-230],[127],[413],[262],[138],[346],[481],[367],[312],[308],[260],[121],[-16],[-23],[-109],[-350],[-490],[-473],[-446],[-346],[-174],[47],[262],[344],[446],[547],[557],[502],[340],[236],[38],[-120],[-242],[-325],[-294],[-287],[-344],[-351],[-286],[-188],[-67],[28],[164],[237],[292],[332],[412],[381],[345],[198],[69],[-54],[-169],[-274],[-286],[-238],[-213],[-206],[-91],[73],[188],[205],[273],[275],[229],[155],[113],[69],[22],[-61],[-135],[-175],[-171],[-169],[-148],[-64],[10],[47],[82],[142],[163],[180],[182],[112],[57],[-22],[-59],[-71],[-72],[-40],[-81],[-111],[-117],[-136],[-111],[-92],[-28],[-24],[-37],[-28],[-51],[-103],[-173],[-227],[-295],[-365],[-422],[-460],[-493],[-252],[180],[533],[690],[685],[660],[664],[388],[-16],[-184],[-163],[-346],[-554],[-493],[-332],[-252],[-340],[-316],[-80],[-60],[-203],[-25],[361],[546],[553],[600],[626],[472],[182],[-39],[-142],[-325],[-566],[-552],[-392],[-293],[-235],[-44],[192],[270],[164],[209],[351],[344],[304],[300],[255],[171],[51],[-44],[-74],[-224],[-389],[-410],[-340],[-320],[-202],[-46],[143],[308],[330],[403],[432],[441],[325],[224],[148],[-3],[-133],[-243],[-270],[-307],[-308],[-322],[-253],[-127],[-40],[84],[192],[268],[310],[349],[311],[309],[338],[258],[154],[74],[-16],[-137],[-229],[-229],[-170],[-166],[-128],[-26],[109],[157],[164],[183],[235],[161],[90],[22],[33],[-49],[-133],[-144],[-136],[-175],[-203],[-128],[-66],[5],[16],[80],[112],[68],[-6],[-5],[-41],[-116],[-157],[-159],[-121],[-165],[-230],[-231],[-178],[-220],[-247],[-250],[-267],[-286],[-176],[22],[219],[334],[387],[484],[494],[295],[89],[9],[-44],[-197],[-308],[-267],[-179],[-163],[-185],[-144],[-71],[-104],[-137],[-44],[107],[181],[259],[401],[468],[386],[187],[113],[-30],[-230],[-376],[-416],[-362],[-283],[-211],[0],[180],[234],[229],[290],[301],[244],[161],[124],[92],[50],[11],[-29],[-82],[-143],[-168],[-226],[-227],[-162],[-95],[-24],[82],[213],[270],[312],[304],[295],[295],[178],[80],[-8],[-31],[-72],[-123],[-110],[-81],[-71],[-64],[-35],[39],[96],[119],[172],[255],[244],[182],[152],[112],[54],[-20],[-120],[-144],[-115],[-126],[-104],[-8],[21],[9],[28],[65],[83],[42],[20],[52],[32],[-22],[-46],[-23],[-53],[-59],[-66],[-86],[-102],[-133],[-132],[-109],[-118],[-125],[-74],[-68],[-77],[-74],[-100],[-152],[-202],[-190],[-96],[45],[102],[144],[219],[230],[202],[114],[34],[-3],[-91],[-113],[-173],[-196],[-171],[-104],[-92],[-109],[-100],[-70],[2],[32],[99],[174],[222],[254],[237],[214],[164],[41],[-44],[-103],[-156],[-238],[-236],[-211],[-150],[-85],[-6],[44],[97],[127],[164],[187],[181],[172],[164],[145],[122],[68],[42],[-30],[-72],[-56],[-61],[-63],[6],[60],[109],[136],[166],[155],[202],[171],[114],[98],[91],[59],[-26],[-47],[-56],[-71],[-86],[-68],[-53],[-10],[12],[11],[52],[72],[68],[45],[57],[18],[20],[-13],[-13],[-6],[-12],[-4],[-16],[0],[-43],[-92],[-135],[-136],[-182],[-160],[-165],[-171],[-139],[-93],[-69],[-75],[-77],[-84],[-93],[-82],[-16],[59],[107],[126],[140],[106],[66],[44],[41],[2],[-34],[-64],[-70],[-88],[-107],[-64],[-46],[-41],[-6],[6],[49],[110],[153],[149],[112],[124],[88],[52],[-14],[-82],[-85],[-54],[-76],[-72],[-16],[2],[21],[56],[83],[74],[76],[86],[97],[82],[64],[19],[9],[6],[-51],[-53],[-46],[-8],[19],[41],[77],[144],[117],[113],[148],[118],[66],[70],[65],[70],[69],[37],[42],[35],[-17],[-64],[-51],[-66],[-83],[-58],[4],[5],[-20],[-20],[-53],[-74],[-102],[-98],[-104],[-100],[-64],[-48],[-37],[-43],[-43],[-87],[-154],[-211],[-303],[-363],[-364],[-196],[101],[267],[326],[410],[433],[368],[172],[-30],[-56],[-60],[-200],[-295],[-158],[-66],[-69],[-138],[-111],[-53],[-125],[-205],[-52],[162],[235],[273],[408],[487],[332],[106],[8],[-15],[-195],[-368],[-315],[-176],[-166],[-108],[9],[123],[152],[31],[6],[85],[110],[136],[254],[356],[296],[185],[128],[87],[-50],[-220],[-223],[-144],[-132],[-85],[43],[167],[213],[160],[128],[107],[46],[-13],[17],[50],[60],[70],[93],[135],[83],[20],[5],[14],[-13],[13],[95],[128],[110],[82],[15],[-36],[-92],[-190],[-226],[-210],[-150],[-104],[-48],[9],[11],[-11],[-32],[-126],[-180],[-238],[-251],[-245],[-214],[-221],[-179],[-99],[-7],[-6],[54],[137],[149],[145],[147],[138],[113],[44],[-42],[-59],[-135],[-182],[-187],[-183],[-176],[-140],[-112],[-20],[53],[134],[193],[305],[329],[317],[278],[175],[86],[0],[-99],[-155],[-160],[-110],[-59],[-14],[54],[142],[139],[144],[164],[145],[139],[124],[126],[78],[50],[43],[-27],[-41],[-87],[-72],[-32],[-29],[25],[106],[187],[163],[116],[99],[86],[42],[13],[-20],[-52],[-63],[-130],[-150],[-132],[-123],[-173],[-176],[-131],[-84],[-96],[-80],[-24],[-22],[-84],[-127],[-124],[-112],[-87],[34],[208],[244],[206],[181],[143],[66],[-41],[-108],[-98],[-140],[-171],[-122],[-82],[-28],[-64],[-67],[-107],[-102],[-90],[-70],[-3],[90],[138],[187],[228],[199],[112],[50],[48],[-8],[-54],[-10],[27],[41],[100],[131],[137],[116],[73],[50],[34],[26],[-3],[12],[36],[28],[11],[43],[48],[57],[49],[90],[152],[113],[128],[144],[149],[141],[76],[26],[9],[-13],[-36],[-43],[-47],[-63],[-53],[-57],[-36],[-42],[-42],[-23],[24],[9],[-14],[-32],[-43],[-115],[-136],[-124],[-157],[-170],[-135],[-140],[-96],[-126],[-112],[-106],[-108],[-55],[5],[38],[118],[178],[231],[260],[184],[92],[19],[-72],[-128],[-174],[-164],[-130],[-141],[-95],[-33],[-14],[-19],[12],[89],[140],[222],[323],[307],[256],[210],[115],[35],[-87],[-140],[-134],[-109],[-69],[-21],[59],[138],[161],[142],[128],[158],[121],[51],[26],[28],[29],[-13],[24],[11],[4],[2],[4],[63],[81],[100],[87],[77],[42],[-7],[-46],[-45],[-43],[-104],[-136],[-96],[-101],[-122],[-104],[-72],[-63],[-124],[-138],[-147],[-181],[-183],[-138],[-60],[29],[149],[298],[332],[286],[228],[195],[99],[-29],[-112],[-105],[-134],[-185],[-158],[-160],[-122],[-133],[-147],[-103],[14],[57],[158],[255],[339],[326],[246],[130],[18],[-93],[-206],[-236],[-184],[-164],[-100],[33],[104],[112],[114],[108],[107],[113],[144],[132],[101],[80],[38],[6],[-76],[-102],[-125],[-111],[-46],[-3],[46],[92],[131],[99],[46],[0],[-54],[-49],[-66],[-25],[4],[16],[9],[10],[-48],[-87],[-134],[-144],[-171],[-172],[-135],[-135],[-144],[-122],[-142],[-139],[-68],[-45],[63],[185],[287],[335],[329],[281],[210],[136],[-13],[-106],[-98],[-162],[-192],[-134],[-75],[8],[61],[45],[62],[96],[115],[137],[191],[240],[251],[253],[184],[114],[58],[-53],[-108],[-108],[-62],[-19],[50],[156],[185],[169],[135],[93],[57],[17],[-62],[-86],[-80],[-76],[-49],[-70],[-63],[-53],[-41],[-71],[-72],[-13],[-14],[-18],[0],[39],[-5],[-59],[-76],[-127],[-161],[-199],[-211],[-200],[-187],[-174],[-139],[-58],[-8],[16],[92],[136],[174],[172],[168],[191],[133],[42],[-24],[-46],[-50],[-90],[-110],[-67],[-35],[-44],[-10],[96],[157],[201],[255],[253],[258],[168],[84],[67],[8],[-74],[-130],[-136],[-85],[-51],[-24],[59],[128],[118],[92],[107],[90],[78],[19],[4],[29],[-16],[-75],[-56],[-72],[-97],[-110],[-74],[-71],[-43],[5],[22],[30],[48],[27],[-21],[-48],[-46],[-83],[-111],[-109],[-92],[-116],[-126],[-66],[-61],[-68],[-44],[6],[9],[9],[40],[78],[85],[88],[82],[130],[104],[52],[62],[33],[0],[-24],[-6],[-11],[4],[29],[65],[105],[106],[103],[93],[101],[80],[98],[110],[72],[76],[102],[88],[58],[66],[30],[30],[-17],[-18],[14],[21],[12],[-7],[36],[21],[7],[-36],[-20],[1],[-39],[-79],[-48],[-23],[-53],[-76],[-39],[-41],[-71],[-95],[-70],[-67],[-88],[-84],[-76],[-64],[-64],[-62],[-57],[-43],[-20],[-7],[-13],[13],[44],[-10],[14],[-6],[-31],[-16],[-10],[-14],[-19],[17],[6],[20],[62],[51],[45],[91],[62],[35],[56],[62],[47],[51],[45],[44],[59],[86],[62],[71],[76],[70],[50],[51],[25],[26],[2],[-31],[-19],[14],[-13],[16],[31],[16],[28],[27],[20],[74],[46],[14],[21],[29],[-21],[-63],[-50],[-69],[-87],[-83],[-85],[-62],[-27],[-24],[26],[49],[78],[60],[40],[32],[50],[10],[-7],[-10],[-43],[-60],[-62],[-47],[-58],[-59],[-22],[6],[45],[58],[67],[80],[81],[58],[40],[35],[-6],[0],[-32],[-43],[-62],[-59],[-9],[-25],[-47],[-9],[39],[34],[63],[50],[87],[70],[42],[58],[42],[23],[-13],[-33],[-40],[-57],[-71],[-80],[-70],[-73],[-50],[-44],[-24],[12],[16],[36],[65],[104],[82],[111],[89],[49],[45],[26],[-9],[-40],[-59],[-52],[-47],[-39],[-31],[3],[35],[25],[41],[54],[66],[48],[66],[41],[60],[13],[-22],[-16],[11],[-7],[-21],[3],[12],[36],[41],[24],[38],[42],[23],[12],[22],[-13],[0],[34],[22],[-5],[-9],[-13],[-5],[11],[11],[17],[-8],[0],[10],[-5],[-26],[-8],[-28],[-39],[-42],[-42],[-51],[-38],[-15],[-33],[-23],[3],[10],[11],[32],[88],[69],[25],[-6],[-4],[-59],[-59],[-70],[-76],[-60],[-72],[-67],[-54],[-15],[-22],[-17],[32],[29],[56],[66],[80],[84],[96],[67],[33],[-5],[-47],[-65],[-66],[-80],[-51],[-52],[-51],[-12],[23],[30],[44],[53],[48],[93],[84],[62],[72],[69],[43],[21],[37],[19],[1],[-6],[-18],[-16],[-12],[31],[40],[64],[108],[104],[75],[66],[36],[36],[-6],[-30],[-42],[-8],[-34],[-13],[-8],[1],[1],[-7],[14],[6],[20],[49],[46],[49],[45],[63],[36],[31],[22],[5],[-14],[0],[-30],[-59],[-24],[-32],[-23],[-24],[25],[2],[-22],[-21],[15],[2],[-14],[4],[10],[7],[-13],[-26],[21],[13],[-6],[-10],[29],[11],[13],[-18],[6],[-4],[-16],[-18],[-23],[-19],[-27],[-11],[-3],[8],[5],[0],[17],[37],[24],[5],[42],[59],[60],[61],[41],[52],[3],[-32],[-8],[-11],[-21],[-22],[26],[30],[17],[38],[38],[41],[50],[49],[44],[42],[36],[19],[44],[25],[0],[-40],[-24],[-23],[-22],[-50],[8],[31],[19],[27],[52],[51],[69],[40],[37],[34],[32],[26],[21],[13],[-8],[-19],[-38],[-48],[-24],[-45],[-65],[-42],[-7],[-28],[-13],[26],[37],[52],[13],[-8],[-31],[-37],[-38],[-34],[8],[-11],[-14],[30],[1],[-14],[-8],[-14],[8],[9],[19],[41],[21],[26],[45],[24],[-13],[-10],[-10],[-23],[-29],[-23],[-12],[1],[5],[11],[15],[30],[7],[-5],[1],[18],[24],[6],[15],[33],[10],[-7],[-6],[5],[-19],[-19],[0],[28],[16],[8],[11],[22],[-18],[-46],[-24],[-24],[-35],[-28],[15],[11],[24],[63],[59],[52],[41],[66],[49],[22],[4],[15],[-13],[-29],[-27],[-61],[-68],[-77],[-70],[-51],[-19],[-11],[10],[25],[40],[51],[69],[48],[40],[26],[22],[0],[9],[-18],[-39],[-33],[-46],[-63],[-68],[-24],[-22],[-20],[6],[58],[49],[38],[52],[75],[49],[25],[17],[35],[4],[-24],[-23],[16],[-8],[-29],[-21],[-3],[-13],[16],[34],[52],[64],[60],[74],[89],[65],[56],[22],[16],[21],[-19],[-43],[-29],[-31],[-50],[-34],[-11],[-15],[-11],[27],[42],[54],[57],[88],[76],[59],[44],[48],[20],[19],[27],[-27],[-15],[-24],[-27],[10],[-10],[1],[31],[10],[-12],[3],[4],[-13],[0],[20],[4],[-5],[29],[11],[-13],[1],[-14],[-35],[-32],[-33],[-20],[-28],[-18],[14],[-13],[-32],[0],[-22],[-58],[-42],[-22],[-31],[-30],[20],[12],[28],[17],[15],[27],[10],[-10],[-4],[-11],[7],[4],[22],[13],[18],[33],[3],[2],[36],[23],[16],[27],[70],[77],[74],[77],[90],[56],[33],[49],[7],[-26],[-30],[-39],[-22],[-21],[23],[34],[59],[59],[74],[49],[64],[58],[41],[26],[4],[28],[10],[-26],[-52],[-56],[-66],[-70],[-52],[-47],[-29],[-4],[12],[68],[77],[59],[49],[63],[17],[3],[-50],[-47],[-45],[-45],[-43],[-52],[-19],[-4],[-19],[-7],[35],[27],[9],[38],[37],[16],[39],[8],[5],[-19],[-38],[-48],[-16],[-21],[-45],[-48],[-35],[-22],[-9],[8],[40],[67],[41],[66],[73],[50],[50],[56],[41],[20],[9],[1],[10],[9],[-17],[-39],[-16],[-19],[-32],[-13],[29],[20],[18],[40],[52],[30],[24],[52],[10],[-13],[-11],[-7],[-30],[-43],[-30],[-41],[-18],[-38],[-44],[-24],[-12],[-40],[-27],[-12],[2],[9],[3],[-6],[-16],[-22],[-11],[18],[2],[32],[35],[41],[62],[29],[13],[18],[8],[-17],[-30],[-27],[-35],[-19],[-23],[-6],[-13],[21],[35],[41],[64],[81],[84],[67],[61],[29],[19],[3],[-37],[-39],[3],[-7],[-27],[-27],[18],[14],[-6],[27],[32],[43],[70],[61],[56],[59],[19],[11],[-4],[-46],[-37],[-76],[-66],[-47],[-31],[-27],[-20],[-14],[8],[21],[17],[17],[57],[46],[42],[52],[47],[18],[16],[-30],[-55],[-42],[-51],[-56],[-45],[-22],[27],[25],[18],[40],[35],[62],[43],[35],[43],[65],[28],[16],[24],[-23],[-44],[-35],[-54],[-28],[-6],[-7],[38],[31],[34],[43],[27],[18],[22],[2],[-14],[12],[-5],[-22],[-17],[-6],[-27],[9],[-14],[-22],[-12],[22],[25],[29],[52],[56],[50],[35],[22],[8],[-12],[0],[-7],[-22],[-18],[-7],[-15],[8],[11],[-14],[18],[10],[1],[10],[24],[18],[19],[20],[24],[16],[8],[-15],[17],[-5],[-26],[-23],[-5],[4],[25],[13],[29],[60],[18],[29],[22],[8],[-8],[2],[-11],[-9],[-35],[1],[0],[-13],[-13],[-8],[36],[26],[6],[42],[46],[27],[12],[34],[29],[14],[-3],[15],[3],[-19],[-22],[-11],[-18],[-25],[2],[17],[20],[29],[13],[42],[19],[-8],[-30],[-48],[-60],[-30],[-40],[-45],[-3],[-10],[0],[25],[16],[2],[24],[19],[11],[14],[12],[0],[19],[-16],[-24],[-13],[-33],[-46],[-61],[-46],[-15],[-13],[-5],[32],[48],[50],[53],[83],[65],[53],[57],[32],[49],[27],[5],[-4],[28],[19],[9],[4],[26],[9],[-7],[-8],[14],[-8],[3],[37],[33],[21],[27],[25],[40],[8],[13],[-5],[-10],[21],[22],[23],[45],[65],[57],[37],[34],[18],[-15],[-29],[-22],[-39],[-38],[-16],[-26],[-4],[4],[0],[-10],[-15],[-11],[-6],[-18],[-12],[0],[28],[1],[-24],[-30],[-22],[-52],[-67],[-37],[-26],[-35],[6],[20],[51],[40],[16],[18],[3],[-3],[-21],[-20],[2],[-26],[-39],[-27],[-35],[-16],[-19],[-14],[37],[35],[35],[58],[77],[53],[38],[64],[21],[13],[21],[48],[19],[16],[46],[34],[16],[-4],[9],[30],[11],[18],[19],[34],[62],[37],[17],[20],[27],[4],[19],[35],[20],[5],[50],[35],[46],[44],[21],[11],[25],[22],[3],[8],[28],[8],[-14],[-12],[-18],[-29],[-10],[-20],[-7],[4],[-9],[26],[44],[24],[14],[39],[54],[25],[31],[22],[34],[8],[12],[-7],[-15],[4],[-11],[-16],[4],[5],[-18],[-11],[20],[-11],[14],[38],[28],[7],[17],[19],[43],[19],[1],[21],[23],[6],[34],[40],[20],[23],[62],[53],[41],[37],[51],[21],[-4],[19],[-4],[-21],[3],[-14],[-20],[-22],[6],[1],[10],[13],[15],[37],[28],[20],[10],[13],[24],[22],[-5],[4],[10],[2],[-23],[-26],[1],[-33],[-14],[-12],[26],[3],[34],[30],[21],[10],[17],[-4],[-20],[-29],[-18],[-27],[11],[2],[-12],[-5],[19],[4],[5],[37],[22],[16],[48],[44],[28],[23],[18],[9],[13],[-36],[-28],[-22],[-40],[-53],[-28],[-22],[-12],[-10],[26],[8],[24],[27],[25],[24],[46],[49],[29],[69],[31],[8],[-5],[-13],[-28],[-19],[-33],[-40],[-11],[-26],[-26],[11],[0],[6],[17],[9],[-3],[16],[34],[31],[26],[22],[41],[57],[34],[4],[26],[-5],[3],[-23],[-21],[17],[3],[-14],[12],[6],[6],[28],[25],[33],[51],[52],[34],[18],[10],[22],[-16],[-5],[-27],[-11],[-4],[-8],[-13],[12],[19],[-4],[-8],[-15],[-12],[14],[-6],[9],[-12],[-11],[6],[-29],[-11],[-18],[-42],[-53],[-41],[-29],[14],[11],[6],[10],[27],[9],[-12],[-7],[-25],[-18],[24],[6],[29],[13],[34],[32],[-4],[-4],[-32],[-20],[-18],[-23],[-19],[10],[-7],[-5],[-3],[4],[21],[10],[8],[42],[37],[26],[26],[46],[24],[14],[5],[0],[11],[-6],[25],[-8],[36],[29],[6],[6],[17],[49],[11],[6],[28],[28],[4],[10],[37],[13],[-14],[-8],[7],[-16],[-32],[6],[-6],[31],[15],[9],[32],[41],[12],[16],[38],[12],[-12],[15],[-4],[-25],[-40],[-50],[-49],[-26],[-52],[-43],[-4],[-24],[8],[2],[3],[43],[11],[38],[31],[11],[-6],[-16],[-7],[-10],[-28],[-14],[-23],[-24],[-23],[-39],[-13],[12],[-6],[-15],[32],[34],[19],[12],[56],[50],[22],[6],[37],[11],[-4],[-17],[-17],[-14],[-18],[14],[8],[-4],[18],[2],[21],[35],[13],[-3],[20],[36],[20],[2],[34],[0],[29],[-3],[-24],[-8],[-6],[-23],[14],[-7],[-13],[16],[25],[15],[8],[36],[43],[23],[5],[32],[21],[-9],[5],[11],[-15],[-15],[17],[9],[-7],[0],[21],[13],[-3],[10],[16],[6],[5],[29],[14],[1],[18],[12],[8],[27],[38],[15],[48],[36],[13],[6],[31],[13],[-12],[-3],[-13],[0],[-13],[-24],[13],[11],[-6],[-4],[31],[17],[-6],[3],[20],[20],[9],[6],[8],[30],[-5],[-21],[-4],[24],[9],[10],[5],[20],[3],[-7],[21],[12],[-7],[8],[15],[27],[40],[11],[5],[29],[1],[-25],[-23],[9],[-3],[-13],[-5],[35],[26],[9],[6],[9],[3],[8],[-8],[37],[29],[11],[6],[10],[8],[13],[-8],[-17],[1],[5],[-6],[12],[3],[4],[25],[36],[16],[9],[28],[18],[5],[-4],[9],[19],[7],[2],[24],[1],[5],[21],[25],[12],[6],[22],[30],[24],[29],[55],[34],[12],[25],[25],[-7],[20],[8],[-10],[-15],[16],[4],[-5],[18],[18],[13],[12],[32],[24],[20],[25],[44],[8],[7],[26],[-18],[-32],[-4],[-14],[-34],[-32],[-15],[4],[24],[8],[30],[42],[18],[10],[32],[6],[-4],[12],[-7],[-6],[20],[3],[-10],[-6],[27],[12],[2],[4],[13],[4],[44],[35],[14],[8],[21],[-6],[-31],[-24],[-18],[-29],[-5],[-11],[4],[36],[15],[5],[40],[22],[8],[33],[21],[0],[30],[11],[-4],[-3],[22],[-13],[13],[0],[21],[6],[1],[40],[18],[41],[27],[10],[17],[17],[-4],[-16],[13],[-10],[-19],[-10],[21],[8],[0],[22],[31],[13],[6],[9],[11],[4],[36],[23],[5],[0],[26],[10],[-15],[-12],[14],[0],[32],[25],[19],[22],[22],[20],[20],[17],[18],[33],[19],[12],[34],[5],[-11],[3],[14],[1],[-10],[12],[24],[13],[7],[51],[33],[11],[16],[26],[9],[-10],[4],[17],[10],[-7],[1],[6],[-8],[-21],[9],[-8],[-8],[29],[4],[-15],[-14],[10],[-30],[-32],[6],[-5],[-18],[17],[6],[-8],[-8],[-11],[-10],[16],[16],[1],[5],[33],[13],[-13],[4],[15],[-12],[-11],[-11],[14],[1],[3],[6],[40],[20],[3],[10],[45],[31],[20],[29],[27],[20],[31],[9],[1],[21],[-7],[0],[3],[2],[-3],[8],[6],[28],[6],[11],[38],[11],[34],[32],[19],[52],[27],[10],[8],[21],[-12],[21],[11],[0],[32],[5],[36],[24],[0],[22],[10],[1],[3],[27],[10],[-10],[22],[-7],[-7],[-18],[-20],[-18],[15],[4],[-15],[16],[2],[2],[28],[2],[1],[-14],[-18],[-17],[-20],[-14],[-30],[-11],[-13],[22],[2],[-12],[11],[12],[-9],[1],[-3],[12],[12],[3],[0],[32],[11],[-5],[-5],[15],[-10],[-25],[4],[4],[26],[17],[18],[59],[25],[38],[11],[32],[3],[-12],[-5],[34],[22],[9],[41],[22],[0],[-8],[-15],[-13],[-15],[-17],[0],[18],[-6],[-3],[32],[19],[3],[13],[7],[31],[40],[28],[24],[64],[43],[18],[14],[19],[-8],[0],[13],[5],[-16],[-8],[11],[1],[-18],[-6],[17],[13],[-2],[12],[33],[24],[11],[37],[13],[12],[5],[-23],[17],[1],[-27],[3],[-18],[-5],[-5],[22],[6],[9],[27],[2],[-11],[30],[13],[-11],[30],[26],[6],[22],[3],[-13],[-17],[-21],[6],[1],[7],[36],[36],[35],[35],[50],[32],[21],[12],[-4],[-3],[12],[20],[17],[41],[16],[-12],[10],[-21],[-19],[-18],[-14],[2],[19],[21],[24],[41],[30],[13],[16],[-6],[4],[31],[1],[1],[9],[5],[-8],[11],[0],[-13],[-8],[-21],[0],[27],[9],[-8],[24],[34],[4],[-5],[11],[-8],[-13],[9],[-8],[-3],[-12],[5],[0],[10],[13],[38],[25],[10],[13],[13],[-12],[18],[-10],[-23],[-23],[3],[-14],[11],[1],[-8],[16],[19],[11],[13],[29],[40],[21],[20],[21],[16],[12],[11],[21],[-6],[-11],[18],[-13],[-7],[2],[2],[25],[4],[24],[27],[11],[0],[7],[2],[-6],[-11],[-7],[-8],[-12],[3],[-8],[10],[19],[1],[11],[12],[10],[41],[33],[13],[14],[19],[-4],[-11],[4],[-8],[-21],[-23],[3],[-28],[-19],[19],[6],[-7],[17],[30],[16],[0],[13],[19],[-4],[6],[-16],[26],[14],[1],[-8],[27],[16],[3],[3],[30],[14],[22],[20],[16],[38],[2],[10],[-11],[-10],[-15],[-15],[-18],[-12],[-10],[12],[-10],[16],[17],[5],[5],[32],[24],[9],[5],[29],[9],[-12],[3],[-8],[-10],[-7],[6],[-13],[4],[-15],[-12],[-15],[-11],[15],[-6],[2],[9],[1],[-3],[12],[4],[26],[-7],[-7],[-5],[-5],[21],[5],[-5],[8],[15],[-7],[1],[-4],[21],[14],[11],[46],[26],[11],[14],[36],[14],[-2],[9],[25],[4],[-7],[12],[21],[3],[2],[1],[36],[20],[4],[35],[18],[3],[3],[2],[21],[-8],[-11],[18],[-3],[-19],[18],[-11],[-7],[21],[1],[-15],[3],[14],[-8],[11],[31],[7],[10],[5],[20],[20],[6],[3],[-6],[-10],[22],[5],[-8],[-3],[30],[4],[-12],[16],[12],[-10],[13],[20],[9],[14],[16],[17],[16],[12],[32],[11],[-7],[5],[15],[-11],[-8],[17],[3],[7],[38],[9],[14],[18],[33],[19],[11],[38],[33],[17],[35],[10],[10],[6],[4],[31],[-4],[25],[13],[4],[3],[30],[21],[5],[11],[10],[28],[11],[2],[21],[1],[-13],[1],[8],[-4],[-8],[20],[16],[4],[5],[28],[7],[-6],[3],[29],[11],[0],[7],[1],[-5],[-7],[-4],[18],[-19],[-7],[-15],[-9],[-9],[25],[18],[3],[21],[13],[45],[32],[18],[13],[39],[17],[-11],[27],[1],[8],[6],[1],[2],[-4],[-7],[-12],[-12],[-15],[-13],[-12],[-4],[-7],[8],[-8],[-5],[1],[2],[24],[13],[0],[-4],[25],[16],[0],[-5],[-6],[-7],[-7],[-7],[16],[2],[-10],[26],[13],[1],[4],[32],[2],[6],[4],[0],[30],[0],[20],[2],[2],[29],[16],[-4],[-5],[21],[13],[4],[18],[9],[8],[32],[2],[21],[9],[0],[16],[5],[8],[29],[0],[11],[-8],[2],[12],[1],[-8],[24],[17],[2],[16],[-4],[-5],[20],[0],[0],[33],[5],[8],[3],[28],[13],[-6],[11],[0],[2],[19],[6],[36],[4],[25],[6],[-7],[-7],[19],[-8],[-7],[-3],[18],[1],[-10],[-6],[8],[-10],[0],[36],[28],[13],[41],[27],[9],[6],[22],[27],[10],[-6],[9],[-5],[11],[18],[-5],[21],[11],[1],[3],[23],[11],[1],[18],[28],[16],[6],[24],[28],[2],[0],[0],[32],[-3],[17],[-11],[-16],[13],[0],[2],[30],[6],[0],[33],[-6],[-7],[-11],[5],[12],[-11],[-6],[29],[15],[-11],[-10],[19],[1],[-15],[0],[21],[12],[6],[8],[42],[25],[9],[28],[33],[19],[2],[28],[3],[1],[13],[-16],[6],[-7],[-7],[-8],[26],[12],[8],[9],[29],[43],[20],[11],[12],[13],[13],[20],[18],[47],[28],[-4],[6],[-11],[-15],[10],[-6],[-13],[22],[9],[14],[13],[28],[3],[11],[19],[1],[0],[18],[22],[10],[13],[8],[32],[18],[-9],[4],[9],[-16],[22],[16],[11],[12],[39],[19],[1],[12],[-6],[2],[-15],[-12],[-5],[-28],[-23],[-13],[-10],[13],[-4],[-8],[-10],[17],[7],[9],[41],[27],[14],[6],[6],[20],[0],[-5],[-15],[-12],[-11],[-5],[-15],[20],[5],[-12],[2],[3],[5],[30],[9],[0],[38],[6],[13],[17],[41],[15],[13],[35],[0],[13],[6],[30],[13],[2],[8],[41],[13],[-5],[27],[1],[22],[0],[22],[10],[9],[33],[17],[4],[-4],[17],[-4],[4],[32],[20],[8],[14],[35],[19],[52],[34],[8],[-7],[20],[4],[-15],[12],[-6],[-13],[11],[22],[-5],[-12],[22],[-3],[-7],[-6],[1],[32],[22],[8],[0],[8],[-14],[0],[-16],[-18],[-12],[3],[-7],[14],[29],[12],[13],[11],[14],[-7],[18],[11],[-9],[-11],[22],[13],[-3],[0],[28],[8],[1],[28],[11],[1],[10],[32],[24],[24],[49],[30],[12],[2],[5],[-18],[-8],[-15],[5],[-11],[-6],[28],[12],[0],[28],[2],[12],[-5],[13],[10],[16],[13],[13],[12],[8],[2],[-6],[-10],[-13],[9],[-9],[-19],[16],[-5],[21],[11],[0],[3],[30],[14],[1],[-4],[27],[16],[3],[3],[2],[13],[-9],[9],[11],[-7],[-10],[16],[21],[15],[12],[40],[28],[7],[19],[21],[4],[25],[-6],[-5],[8],[-6],[20],[-5],[20],[1],[-5],[23],[16],[5],[5],[7],[9],[13],[12],[13],[29],[6],[1],[10],[-5],[24],[-3],[3],[2],[24],[5],[-13],[-11],[21],[-6],[-7],[0],[-6],[16],[20],[11],[17],[27],[6],[5],[1],[-3],[0],[14],[-3],[-5],[21],[4],[-11],[4],[11],[-5],[-15],[-10],[5],[-5],[3],[33],[5],[26],[5],[16],[19],[1],[-3],[3],[-14],[5],[-4],[22],[0],[12],[-4],[-5],[-7],[-10],[12],[-5],[12],[25],[13],[4],[28],[1],[-7],[16],[-6],[-18],[-17],[17],[7],[-12],[-12],[6],[-19],[0],[-4],[-17],[-8],[26],[1],[11],[9],[35],[3],[0],[13],[-7],[-21],[-3],[-18],[-16],[-10],[10],[1],[30],[18],[5],[4],[3],[6],[22],[8],[22],[31],[16],[13],[36],[21],[10],[5],[29],[14],[1],[12],[22],[11],[1],[16],[12],[4],[27],[38],[21],[10],[41],[1],[-14],[4],[13],[-5],[-19],[4],[1],[5],[3],[6],[9],[5],[28],[9],[1],[1],[25],[17],[11],[38],[18],[1],[-6],[-14],[3],[-18],[-3],[-15],[-16],[-8],[9],[8],[25],[10],[36],[18],[1],[16],[8],[19],[5],[3],[1],[6],[3],[25],[11],[-12],[16],[8],[-5],[22],[41],[30],[16],[28],[34],[12],[2],[21],[-3],[24],[12],[4],[33],[19],[1],[0],[-6],[-12],[-4],[2],[36],[30],[19],[22],[50],[35],[16],[3],[26],[-3],[-6],[20],[9],[-10],[2],[14],[-9],[4],[17],[7],[1],[35],[12],[10],[3],[9],[8],[6],[24],[6],[2],[20],[-10],[-7],[12],[-7],[-7],[22],[11],[-4],[-5],[30],[13],[-4],[0],[2],[1],[0],[20],[8],[-8],[25],[-3],[31],[20],[5],[1],[22],[8],[-8],[22],[3],[-14],[-13],[-15],[9],[-7],[-5],[13],[25],[12],[8],[29],[14],[0],[1],[20],[-5],[-6],[21],[6],[-5],[-5],[22],[8],[-10],[20],[3],[-11],[4],[27],[4],[31],[11],[-12],[27],[2],[-16],[18],[1],[-17],[-6],[-20],[8],[-5],[-3],[3],[8],[2],[9],[1],[19],[5],[2],[24],[7],[-11],[6],[-3],[-22],[-24],[-21],[-23],[16],[-13],[-6],[1],[14],[-3],[33],[12],[-3],[2],[-8],[-6],[-23],[14],[10],[-11],[6],[17],[2],[-13],[8],[11],[-3],[0],[26],[-4],[5],[32],[12],[-5],[13],[-3],[3],[-20],[12],[-8],[-11],[17],[9],[2],[36],[18],[4],[0],[26],[10],[-4],[12],[26],[12],[12],[36],[13],[0],[2],[7],[21],[11],[4],[22],[22],[7],[22],[4],[0],[21],[6],[6],[33],[0],[36],[8],[6],[33],[17],[-4],[-5],[26],[11],[3],[6],[2],[5],[-3],[-7],[13],[-8],[8],[-11],[-6],[28],[-7],[11],[22],[4],[3],[2],[3],[-6],[-4],[-5],[25],[12],[-5],[20],[-11],[-8],[6],[-6],[12],[-3],[-8],[22],[20],[7],[8],[29],[16],[6],[32],[10],[-4],[27],[10],[-8],[-12],[14],[2],[-15],[16],[15],[2],[14],[25],[15],[3],[12],[23],[13],[16],[12],[14],[-5],[24],[-5],[-16],[9],[-7],[-12],[18],[13],[3],[5],[4],[10],[11],[28],[11],[27],[10],[11],[32],[19],[6],[6],[25],[4],[-12],[0],[-16],[-12],[14],[3],[-7],[10],[-5],[-2],[0],[26],[8],[-7],[14],[17],[0],[28],[14],[0],[-4],[17],[-4],[20],[5],[-12],[-15],[10],[-11],[-7],[22],[15],[3],[4],[1],[-3],[2],[0],[-12],[-8],[18],[3],[3],[18],[5],[3],[25],[-10],[20],[11],[-5],[11],[25],[14],[-5],[20],[21],[-3],[11],[21],[2],[-4],[26],[14],[-3],[11],[17],[3],[-8],[18],[21],[10],[13],[42],[24],[5],[3],[20],[3],[2],[-5],[-5],[2],[2],[24],[0],[-11],[21],[7],[-10],[-3],[2],[10],[14],[14],[10],[35],[17],[-5],[-11],[18],[6],[-6],[6],[7],[32],[16],[-5],[25],[19],[5],[0],[2],[5],[1],[15],[25],[-5],[5],[12],[-4],[-6],[5],[-13],[11],[23],[7],[0],[27],[5],[3],[25],[13],[2],[17],[1],[34],[26],[9],[0],[26],[13],[0],[-5],[26],[7],[8],[25],[4],[-12],[17],[21],[2],[3],[26],[8],[-6],[17],[27],[2],[24],[12],[3],[16],[1],[2],[4],[4],[1],[16],[24],[8],[8],[3],[1],[32],[15],[-6],[6],[9],[34],[23],[17],[23],[21],[16],[40],[20],[4],[17],[5],[3],[28],[10],[35],[22],[7],[18],[5],[-6],[-4],[-8],[25],[4],[10],[41],[12],[13],[33],[14],[-6],[4],[10],[-3],[5],[34],[15],[6],[32],[9],[2],[11],[-7],[11],[-5],[0],[24],[11],[-7],[-8],[19],[3],[-15],[-15],[21],[-5],[-4],[21],[9],[9],[28],[9],[0],[24],[8],[-13],[-11],[-12],[-10],[29],[0],[30],[-6],[20],[-11],[6],[16],[-6],[16],[7],[34],[6],[4],[25],[6],[-7],[2],[0],[33],[7],[23],[12],[13],[42],[21],[5],[16],[2],[33],[4],[3],[34],[5],[2],[28],[2],[2],[8],[11],[9],[34],[18],[-3],[1],[18],[-8],[15],[23],[9],[-12],[28],[15],[-7],[0],[19],[5],[-5],[5],[2],[34],[6],[26],[9],[-11],[20],[19],[3],[0],[24],[13],[-3],[0],[17],[-5],[-7],[-12],[20],[13],[1],[3],[34],[5],[14],[15],[40],[22],[5],[0],[1],[1],[27],[-11],[14],[9],[-7],[11],[4],[6],[26],[11],[6],[41],[20],[16],[11],[2],[4],[24],[-6],[-5],[-6],[11],[-5],[1],[25],[10],[-11],[-4],[26],[0],[2],[27],[2],[30],[20],[-5],[33],[3],[-14],[17],[9],[-5],[5],[22],[10],[-3],[21],[26],[3],[3],[37],[4],[15],[2],[3],[12],[-5],[10],[17],[-13],[-13],[-16],[-8],[3],[3],[32],[19],[7],[42],[20],[4],[21],[26],[6],[-14],[16],[-7],[7],[-7],[2],[31],[16],[5],[41],[28],[5],[18],[-3],[3],[2],[2],[30],[25],[8],[20],[25],[10],[-8],[18],[-12],[-8],[29],[18],[11],[17],[20],[18],[38],[1],[-7],[12],[12],[-7],[-5],[1],[10],[28],[14],[3],[30],[10],[-11],[9],[19],[7],[-4],[28],[14],[1],[4],[-10],[22],[-20],[12],[-4],[-10],[-6],[1],[38],[13],[31],[14],[-3],[3],[-5],[-10],[-12],[15],[-6],[0],[24],[14],[2],[-5],[29],[11],[2],[19],[29],[18],[3],[32],[0],[3],[5],[-3],[22],[2],[-10],[8],[14],[-11],[12],[13],[3],[-6],[24],[29],[16],[10],[18],[17],[24],[1],[-3],[21],[3],[-9],[16],[21],[1],[12],[31],[9],[3],[29],[10],[0],[27],[20],[5],[5],[35],[13],[-14],[24],[-13],[9],[-5],[5],[-5],[33],[19],[8],[38],[19],[-3],[8],[19],[1],[-15],[5],[-5],[21],[1],[2],[30],[11],[-4],[16],[30],[17],[1],[32],[18],[0],[28],[-10],[25],[13],[-5],[-7],[-8],[11],[18],[-4],[-10],[27],[12],[3],[24],[28],[12],[0],[28],[6],[-15],[-15],[14],[-12],[-8],[28],[16],[1],[8],[17],[-11],[0],[13],[2],[-9],[12],[19],[5],[-11],[29],[13],[-13],[9],[18],[5],[-6],[30],[10],[11],[36],[21],[8],[5],[29],[14],[1],[4],[12],[-5],[12],[16],[-4],[3],[5],[2],[27],[6],[43],[6],[32],[10],[-10],[-8],[27],[19],[5],[31],[12],[16],[22],[-10],[8],[-11],[-10],[27],[11],[0],[38],[26],[9],[0],[-12],[11],[-13],[2],[13],[-3],[-10],[26],[11],[-3],[-5],[22],[11],[1],[4],[29],[3],[-3],[-3],[-6],[24],[-6],[-5],[29],[12],[2],[-6],[23],[-12],[23],[13],[2],[5],[33],[19],[5],[4],[21],[-4],[11],[22],[8],[8],[34],[19],[6],[18],[3],[-5],[-3],[17],[6],[6],[34],[19],[5],[20],[1],[-4],[22],[5],[-10],[16],[22],[12],[3],[37],[27],[1],[32],[12],[-8],[19],[3],[0],[21],[3],[-14],[6],[13],[-3],[0],[28],[13],[-6],[-5],[12],[25],[6],[-9],[-9],[-10],[-12],[-3],[-17],[4],[13],[2],[-14],[-15],[-13],[21],[1],[0],[22],[12],[1],[2],[5],[0],[-7],[8],[17],[3],[-12],[-6],[-8],[-6],[0],[26],[11],[-4],[-6],[0],[5],[3],[5],[10],[28],[6],[16],[-5],[27],[11],[-6],[-5],[29],[16],[1],[9],[22],[4],[4],[2],[17],[5],[37],[21],[9],[3],[26],[9],[-4],[12],[21],[8],[1],[33],[-8],[24],[21],[3],[1],[11],[1],[18],[8],[26],[13],[0],[0],[12],[16],[-3],[-12],[24],[-4],[5],[0],[20],[21],[10],[8],[24],[11],[14],[43],[29],[12],[12],[4],[4],[-4],[0],[13],[-3],[2],[29],[16],[5],[9],[35],[18],[3],[22],[30],[8],[10],[21],[3],[2],[4],[4],[29],[12],[3],[2],[8],[6],[32],[19],[6],[6],[35],[26],[10],[8],[30],[13],[-5],[11],[0],[29],[17],[3],[3],[33],[5],[3],[5],[1],[-4],[-6],[12],[2],[1],[19],[4],[18],[30],[16],[1],[18],[20],[5],[4],[24],[10],[-7],[16],[1],[4],[3],[14],[-3],[-3],[27],[13],[2],[6],[10],[30],[15],[3],[1],[3],[-3],[24],[-8],[-11],[-13],[-12],[13],[-5],[-3],[28],[9],[-17],[22],[11],[-6],[-8],[21],[-6],[-4],[-8],[20],[6],[-11],[-14],[16],[-13],[12],[21],[5],[-10],[20],[19],[-3],[25],[10],[-7],[-8],[26],[4],[-16],[16],[5],[-7],[8],[-6],[30],[14],[-5],[9],[22],[10],[6],[28],[19],[5],[5],[29],[18],[2],[2],[31],[17],[5],[4],[2],[2],[2],[0],[29],[14],[0],[24],[25],[-4],[12],[18],[4],[-8],[30],[19],[3],[0],[30],[15],[-3],[2],[30],[14],[-7],[0],[21],[1],[-15],[4],[16],[2],[-15],[18],[10],[-6],[-8],[18],[5],[-10],[10],[23],[10],[0],[2],[-5],[0],[10],[-7],[9],[18],[5],[-5],[10],[18],[7],[-6],[-7],[-12],[27],[16],[-3],[-6],[21],[-12],[-7],[20],[3],[-7],[11],[19],[10],[-5],[24],[24],[8],[8],[33],[18],[4],[4],[0],[-14],[12],[9],[-8],[13],[-6],[20],[19],[6],[6],[6],[5],[32],[3],[0],[16],[13],[-6],[12],[1],[-3],[1],[8],[19],[3],[-12],[6],[19],[-4],[11],[-3],[18],[8],[8]]}}