{"protected":{"ver":"v1","alg":"HS256","iat":1740144625},"signature":"6d001a58b255699f0a5b0a376fc9ab048577a320642534f94f1ab686a077bf07","payload":{"device_name":"E6:61:78:C1:27:19:92:28","device_type":"DATA_FORWARDER","interval_ms":0.0625,"sensors":[{"name":"audio","units":"wav"}],"values":[[-5],[11],[20],[2],[4],[26],[2],[8],[6],[4],[3],[28],[13],[-5],[26],[17],[-2],[-3],[14],[0],[2],[26],[-3],[13],[0],[12],[20],[-12],[6],[18],[3],[6],[21],[8],[-8],[18],[18],[5],[5],[0],[-5],[-6],[7],[5],[29],[17],[-3],[6],[0],[-7],[-8],[-7],[-10],[10],[-3],[-4],[-4],[-7],[19],[10],[0],[-3],[4],[4],[32],[17],[3],[29],[11],[0],[14],[2],[4],[-7],[0],[27],[-3],[13],[0],[0],[2],[16],[23],[6],[7],[30],[16],[3],[6],[29],[14],[0],[2],[26],[6],[5],[30],[13],[-5],[1],[26],[1],[-7],[-5],[1],[16],[26],[11],[-5],[18],[3],[32],[15],[-3],[16],[25],[1],[17],[3],[3],[17],[4],[5],[29],[14],[-5],[-3],[29],[15],[0],[0],[27],[4],[2],[2],[23],[-4],[-7],[-6],[22],[0],[-5],[15],[25],[3],[4],[3],[2],[-4],[0],[20],[2],[10],[-5],[10],[9],[29],[6],[19],[2],[13],[19],[3],[3],[28],[12],[-3],[16],[25],[10],[-5],[28],[14],[1],[11],[21],[1],[-4],[28],[11],[0],[32],[0],[25],[6],[-8],[18],[13],[-4],[31],[-3],[-5],[0],[0],[12],[1],[12],[3],[31],[14],[1],[5],[12],[-6],[16],[24],[0],[-3],[10],[-3],[25],[9],[-7],[4],[20],[5],[-12],[-8],[13],[1],[0],[28],[12],[-3],[0],[24],[9],[-5],[29],[15],[1],[2],[0],[0],[0],[-7],[21],[-10],[16],[18],[5],[0],[-6],[-6],[-6],[-8],[-7],[-3],[-6],[22],[12],[-3],[8],[-3],[-6],[1],[-4],[1],[5],[1],[1],[-3],[25],[11],[-3],[0],[26],[13],[-3],[8],[-7],[14],[25],[11],[-4],[30],[17],[3],[14],[24],[11],[1],[32],[19],[2],[3],[0],[19],[6],[8],[2],[2],[1],[30],[12],[-3],[36],[21],[5],[2],[31],[14],[-5],[1],[22],[8],[-12],[20],[18],[1],[4],[0],[-7],[-6],[0],[-6],[21],[-5],[22],[8],[-11],[30],[2],[19],[5],[0],[30],[15],[2],[4],[32],[18],[5],[4],[27],[12],[-8],[30],[14],[1],[3],[29],[2],[5],[11],[-7],[28],[9],[-5],[15],[21],[11],[-6],[13],[2],[21],[3],[4],[-5],[-5],[-2],[26],[8],[-8],[8],[16],[4],[-9],[-3],[1],[-5],[21],[-3],[2],[28],[11],[2],[12],[24],[9],[-4],[1],[0],[27],[13],[-10],[26],[13],[-7],[13],[24],[10],[2],[28],[9],[-7],[11],[18],[5],[-7],[27],[11],[-6],[13],[23],[2],[3],[26],[-3],[2],[-5],[33],[-6],[26],[9],[-4],[-4],[0],[0],[31],[14],[-10],[13],[19],[6],[-8],[21],[-8],[14],[-7],[4],[14],[-8],[2],[4],[26],[9],[0],[-7],[-4],[3],[3],[-5],[-6],[25],[9],[3],[9],[-5],[30],[15],[-5],[11],[12],[-5],[0],[18],[1],[1],[3],[-5],[10],[-9],[14],[2],[2],[7],[5],[26],[0],[1],[0],[3],[1],[3],[3],[26],[9],[8],[2],[2],[2],[0],[-6],[27],[21],[-3],[-3],[28],[13],[1],[2],[9],[0],[31],[9],[-7],[29],[19],[-3],[14],[25],[2],[3],[25],[7],[-5],[-3],[1],[1],[16],[4],[0],[34],[6],[3],[4],[1],[3],[15],[0],[19],[1],[0],[25],[9],[-4],[3],[0],[28],[10],[-5],[8],[16],[4],[2],[30],[16],[4],[3],[28],[0],[2],[1],[27],[4],[4],[33],[17],[-6],[-5],[0],[2],[31],[12],[1],[8],[3],[-4],[0],[29],[13],[0],[15],[4],[2],[29],[8],[-10],[33],[19],[0],[12],[-5],[14],[24],[2],[33],[6],[0],[21],[5],[-8],[6],[-10],[10],[20],[3],[-9],[19],[6],[-9],[9],[22],[9],[-6],[9],[20],[-6],[6],[-12],[6],[16],[-5],[22],[10],[-6],[-11],[18],[16],[-3],[-4],[-5],[23],[8],[-4],[26],[0],[-7],[14],[19],[-3],[1],[26],[0],[-5],[-10],[26],[18],[4],[2],[27],[-6],[-3],[1],[-4],[11],[-8],[27],[14],[1],[-3],[-10],[-3],[29],[12],[0],[8],[21],[3],[-10],[10],[-6],[8],[21],[3],[2],[26],[0],[24],[9],[-5],[-7],[8],[20],[4],[-6],[-5],[2],[5],[5],[4],[17],[25],[1],[9],[0],[30],[18],[5],[3],[-3],[-3],[28],[11],[0],[17],[5],[3],[29],[0],[21],[3],[28],[4],[31],[2],[6],[8],[2],[1],[25],[13],[-4],[13],[2],[8],[28],[11],[0],[29],[17],[-9],[18],[-5],[18],[6],[0],[30],[2],[1],[22],[1],[0],[22],[10],[-4],[17],[5],[5],[24],[-5],[9],[18],[6],[-8],[9],[20],[9],[-5],[13],[19],[2],[0],[25],[13],[-3],[17],[6],[12],[-6],[30],[10],[-5],[31],[-5],[2],[-6],[27],[4],[-7],[18],[-5],[14],[26],[1],[33],[14],[1],[13],[24],[-5],[0],[-9],[12],[0],[0],[21],[0],[4],[3],[29],[16],[1],[0],[26],[3],[2],[27],[14],[-2],[2],[21],[3],[-8],[5],[-8],[10],[19],[4],[0],[30],[-6],[10],[18],[-4],[-5],[-5],[11],[-8],[1],[25],[9],[-4],[29],[6],[-10],[25],[-7],[-5],[14],[1],[1],[28],[2],[3],[4],[14],[-4],[14],[3],[4],[3],[26],[13],[-3],[11],[18],[3],[2],[4],[14],[1],[29],[-4],[31],[18],[1],[15],[2],[-4],[22],[21],[1],[32],[18],[2],[1],[-5],[5],[-10],[24],[24],[10],[0],[12],[-3],[9],[21],[9],[-4],[12],[16],[-6],[13],[-5],[17],[-5],[1],[22],[5],[0],[23],[4],[-10],[9],[-5],[1],[27],[11],[-8],[8],[-5],[14],[0],[32],[13],[-5],[11],[-3],[8],[-11],[24],[-9],[16],[15],[0],[0],[19],[4],[-7],[3],[0],[29],[12],[1],[30],[-7],[-4],[0],[22],[7],[-8],[16],[21],[9],[-5],[-6],[10],[18],[0],[16],[4],[3],[30],[-3],[29],[12],[1],[1],[28],[9],[1],[24],[-5],[0],[2],[12],[-3],[20],[25],[1],[3],[3],[33],[18],[3],[5],[29],[0],[1],[9],[0],[28],[0],[26],[4],[-5],[2],[11],[-6],[10],[-6],[12],[19],[-5],[0],[9],[4],[22],[6],[-8],[17],[8],[-9],[1],[27],[-4],[-4],[-3],[0],[28],[-7],[16],[2],[-3],[22],[10],[-4],[8],[25],[13],[2],[12],[26],[9],[-3],[0],[4],[23],[11],[0],[12],[27],[12],[-3],[13],[24],[8],[-6],[17],[20],[2],[1],[26],[3],[0],[0],[-6],[21],[6],[-6],[-6],[-4],[-5],[-2],[-3],[19],[0],[26],[13],[1],[8],[17],[1],[-8],[-6],[11],[0],[0],[-4],[-9],[-12],[19],[3],[-11],[-3],[17],[0],[-4],[1],[1],[0],[13],[-5],[18],[-4],[-5],[1],[8],[-11],[20],[14],[-3],[0],[27],[-6],[-4],[-4],[2],[1],[-3],[13],[1],[1],[2],[3],[4],[0],[2],[3],[1],[14],[-6],[5],[19],[-4],[13],[-5],[17],[25],[9],[-6],[16],[0],[4],[2],[29],[14],[2],[16],[29],[4],[3],[28],[16],[2],[0],[24],[10],[-3],[4],[20],[5],[3],[30],[1],[28],[13],[-3],[0],[-7],[16],[14],[-6],[9],[20],[4],[-12],[-8],[0],[1],[20],[3],[3],[29],[2],[-6],[3],[3],[-4],[-5],[3],[30],[16],[2],[0],[17],[-9],[24],[3],[3],[29],[1],[8],[22],[9],[-3],[31],[7],[2],[30],[16],[3],[1],[26],[3],[30],[3],[16],[27],[11],[-3],[2],[19],[3],[4],[29],[13],[2],[4],[28],[13],[1],[1],[16],[4],[37],[22],[5],[3],[4],[3],[4],[3],[9],[7],[1],[25],[12],[4],[38],[4],[19],[-5],[10],[22],[-4],[13],[19],[0],[23],[9],[-3],[3],[3],[2],[-3],[-7],[8],[17],[6],[-5],[16],[18],[5],[-10],[24],[22],[0],[30],[8],[-9],[9],[0],[30],[10],[-6],[6],[6],[33],[16],[-3],[3],[0],[14],[0],[13],[16],[-6],[35],[4],[1],[-4],[13],[21],[6],[4],[16],[2],[4],[26],[11],[-5],[13],[22],[0],[0],[33],[16],[-5],[28],[13],[0],[5],[26],[6],[8],[31],[16],[4],[11],[-4],[24],[20],[-4],[2],[26],[0],[0],[25],[12],[1],[1],[27],[11],[-8],[8],[6],[-11],[0],[19],[-6],[0],[1],[27],[9],[0],[0],[28],[-3],[-3],[28],[17],[1],[2],[29],[2],[31],[17],[3],[2],[28],[12],[0],[1],[25],[4],[5],[30],[15],[0],[28],[21],[5],[0],[29],[20],[3],[1],[25],[12],[2],[2],[24],[9],[8],[35],[1],[4],[2],[13],[-3],[31],[12],[1],[14],[-2],[24],[9],[-3],[32],[16],[-4],[14],[23],[8],[-4],[13],[21],[1],[8],[25],[11],[-4],[12],[25],[4],[4],[29],[15],[1],[1],[26],[13],[0],[2],[22],[1],[-3],[24],[3],[3],[4],[30],[16],[3],[3],[19],[2],[0],[19],[4],[-7],[-3],[3],[24],[0],[18],[5],[3],[27],[6],[-11],[12],[18],[2],[14],[-3],[13],[10],[-5],[12],[21],[6],[0],[29],[16],[1],[2],[24],[9],[-5],[-7],[-3],[29],[13],[-5],[0],[26],[6],[8],[2],[19],[4],[0],[0],[20],[-4],[1],[27],[13],[0],[7],[-6],[19],[-10],[28],[14],[-3],[1],[-7],[3],[5],[32],[20],[5],[6],[16],[-4],[12],[17],[-3],[2],[17],[1],[2],[29],[3],[2],[34],[20],[3],[5],[21],[7],[8],[4],[3],[1],[13],[25],[13],[1],[-3],[24],[0],[2],[30],[16],[-5],[12],[-4],[5],[0],[-7],[16],[22],[9],[-5],[9],[1],[28],[-8],[33],[11],[-5],[14],[22],[-4],[-10],[-7],[13],[22],[9],[-5],[1],[1],[24],[9],[-8],[12],[0],[8],[-6],[1],[7],[4],[30],[-5],[0],[9],[-4],[5],[1],[28],[11],[-7],[9],[-3],[0],[19],[2],[3],[14],[-3],[3],[26],[4],[-11],[29],[15],[0],[24],[20],[1],[16],[2],[1],[19],[2],[5],[-2],[25],[9],[-4],[0],[-4],[-6],[-3],[12],[3],[27],[10],[-7],[4],[20],[9],[-5],[1],[-4],[-4],[-9],[-4],[-4],[13],[-6],[-6],[19],[8],[-11],[12],[17],[2],[2],[6],[-6],[0],[12],[-6],[20],[18],[4],[0],[29],[15],[3],[1],[27],[12],[-8],[1],[-9],[16],[12],[2],[0],[24],[-8],[20],[5],[-7],[27],[1],[0],[-6],[13],[-6],[0],[-5],[0],[8],[-8],[24],[-9],[16],[21],[0],[4],[17],[-6],[22],[12],[-3],[14],[14],[-4],[14],[-2],[19],[5],[2],[30],[1],[1],[2],[0],[22],[4],[4],[27],[9],[-7],[24],[19],[3],[0],[28],[17],[3],[2],[27],[12],[0],[14],[-4],[-5],[23],[9],[-5],[12],[0],[-6],[22],[3],[-12],[6],[-12],[27],[-5],[17],[4],[-10],[28],[18],[-4],[25],[9],[-8],[3],[18],[4],[2],[28],[5],[-10],[20],[-5],[14],[24],[10],[-7],[16],[21],[3],[22],[6],[3],[28],[16],[8],[5],[30],[1],[26],[11],[1],[16],[29],[13],[-3],[27],[5],[-9],[21],[14],[3],[3],[31],[14],[-3],[16],[21],[5],[3],[26],[10],[-6],[9],[20],[3],[4],[31],[15],[-4],[0],[28],[4],[0],[-3],[2],[-8],[5],[-9],[-10],[20],[12],[-4],[10],[21],[-4],[26],[16],[-5],[22],[5],[-9],[-6],[-5],[18],[1],[-4],[27],[13],[-3],[2],[1],[0],[19],[1],[1],[-6],[10],[20],[1],[-3],[27],[10],[-7],[-7],[22],[6],[-7],[12],[21],[2],[2],[1],[-4],[-5],[13],[-5],[13],[4],[0],[21],[4],[1],[28],[-5],[10],[-6],[28],[7],[0],[1],[1],[14],[-8],[33],[21],[4],[3],[27],[11],[-3],[2],[19],[4],[2],[-6],[10],[21],[6],[-6],[2],[-4],[-5],[-7],[12],[14],[1],[3],[-4],[10],[-7],[8],[17],[4],[-10],[25],[18],[3],[0],[4],[-6],[-3],[12],[19],[-5],[8],[25],[2],[4],[-3],[25],[9],[-7],[20],[1],[18],[1],[1],[5],[5],[30],[17],[4],[8],[2],[2],[32],[1],[3],[29],[14],[0],[30],[3],[26],[-3],[1],[3],[14],[1],[15],[22],[4],[-6],[16],[23],[9],[8],[2],[2],[25],[3],[2],[35],[5],[3],[2],[29],[12],[-4],[2],[23],[1],[-5],[11],[17],[-4],[19],[2],[2],[21],[5],[0],[29],[13],[2],[9],[-4],[24],[16],[0],[12],[25],[1],[5],[36],[18],[1],[-3],[2],[2],[16],[-4],[10],[-6],[24],[20],[3],[1],[-10],[8],[-6],[12],[22],[7],[-8],[20],[-5],[4],[22],[8],[-7],[12],[18],[1],[1],[15],[-5],[8],[-8],[32],[19],[2],[1],[29],[15],[-5],[22],[1],[8],[-8],[29],[11],[-5],[16],[22],[10],[-5],[14],[4],[-6],[13],[17],[4],[30],[18],[0],[29],[19],[4],[3],[28],[12],[-10],[24],[19],[5],[-6],[28],[0],[1],[3],[7],[5],[18],[1],[4],[2],[0],[33],[19],[6],[8],[1],[-6],[16],[23],[5],[14],[-5],[28],[18],[3],[2],[0],[24],[11],[-5],[4],[20],[2],[3],[2],[6],[2],[27],[-4],[-5],[15],[-5],[13],[0],[8],[27],[14],[1],[17],[18],[1],[1],[-3],[27],[17],[5],[2],[27],[9],[-6],[5],[17],[6],[6],[3],[-3],[29],[16],[-5],[14],[3],[24],[5],[4],[-7],[12],[-4],[-6],[11],[-5],[23],[3],[-4],[32],[4],[1],[18],[0],[5],[28],[4],[15],[3],[6],[32],[17],[4],[4],[2],[27],[13],[-4],[12],[22],[7],[-5],[12],[12],[-6],[-7],[-7],[13],[-3],[4],[27],[1],[28],[12],[2],[2],[25],[-4],[5],[0],[29],[19],[8],[0],[28],[15],[2],[-3],[19],[6],[1],[28],[19],[1],[12],[-10],[30],[14],[0],[4],[27],[1],[2],[5],[1],[16],[-7],[16],[19],[-8],[12],[15],[-5],[20],[3],[2],[2],[3],[4],[13],[-7],[25],[15],[7],[11],[36],[18],[1],[12],[21],[-3],[0],[1],[-8],[27],[-7],[11],[-3],[6],[27],[1],[-5],[10],[-5],[-5],[2],[-4],[3],[1],[23],[-5],[9],[-8],[8],[21],[-4],[3],[26],[16],[0],[13],[21],[9],[-6],[10],[14],[-7],[0],[22],[10],[3],[5],[29],[1],[29],[11],[-5],[1],[0],[1],[26],[10],[-7],[30],[14],[3],[12],[1],[30],[9],[-6],[25],[7],[-9],[11],[15],[1],[3],[29],[18],[3],[4],[25],[4],[35],[22],[6],[4],[30],[1],[-4],[24],[10],[-4],[13],[2],[13],[-7],[20],[3],[1],[16],[19],[7],[-7],[18],[19],[6],[8],[1],[26],[9],[-8],[11],[-4],[0],[1],[-8],[32],[16],[-7],[9],[19],[3],[-7],[11],[-7],[24],[20],[5],[6],[30],[-7],[12],[21],[5],[-8],[16],[21],[9],[0],[26],[12],[-4],[0],[21],[5],[-6],[9],[18],[0],[19],[3],[8],[26],[13],[-4],[-3],[-12],[3],[-9],[1],[17],[0],[4],[0],[-5],[10],[19],[0],[-4],[2],[1],[2],[31],[14],[-3],[-5],[-7],[-7],[-7],[16],[3],[5],[1],[25],[11],[-5],[-3],[28],[13],[-6],[12],[19],[-7],[-6],[-6],[20],[-4],[-5],[27],[9],[-6],[0],[19],[-3],[1],[1],[1],[25],[7],[-10],[-8],[-8],[-8],[1],[1],[9],[-5],[11],[19],[5],[-10],[26],[19],[9],[6],[28],[12],[-12],[20],[22],[5],[-8],[25],[1],[2],[19],[1],[16],[25],[7],[-6],[27],[12],[0],[12],[26],[11],[-4],[12],[21],[-4],[25],[8],[-8],[-6],[-7],[19],[1],[-5],[18],[5],[5],[0],[25],[21],[6],[5],[24],[3],[2],[26],[-5],[16],[-4],[0],[21],[11],[-3],[2],[7],[4],[17],[-3],[13],[10],[-6],[13],[2],[0],[24],[7],[-7],[30],[16],[2],[2],[11],[-4],[33],[13],[1],[29],[13],[4],[33],[19],[2],[2],[22],[11],[0],[0],[-5],[12],[19],[1],[5],[12],[-5],[28],[21],[-4],[8],[3],[2],[1],[1],[16],[-3],[4],[25],[11],[-5],[11],[-6],[-7],[-3],[0],[-5],[-3],[3],[5],[20],[4],[0],[30],[14],[1],[-3],[26],[13],[0],[24],[5],[-10],[22],[9],[-8],[6],[17],[2],[-14],[24],[5],[-10],[8],[-6],[17],[4],[5],[29],[2],[29],[16],[0],[-3],[26],[11],[-11],[18],[18],[3],[-8],[26],[-6],[17],[5],[-8],[16],[22],[8],[0],[26],[13],[0],[-5],[-3],[0],[-3],[32],[21],[6],[4],[-5],[8],[-9],[12],[24],[8],[0],[22],[4],[3],[27],[14],[1],[1],[26],[12],[-3],[15],[14],[-5],[0],[25],[9],[-6],[8],[20],[6],[5],[29],[13],[-4],[-4],[25],[13],[-3],[30],[17],[2],[-3],[27],[12],[1],[3],[18],[2],[2],[1],[25],[5],[0],[30],[19],[3],[4],[0],[-3],[-3],[29],[12],[-4],[-6],[21],[0],[12],[-3],[29],[9],[-8],[16],[-4],[17],[9],[-8],[-3],[27],[9],[-4],[28],[-3],[-4],[15],[-4],[-3],[24],[8],[-7],[11],[17],[2],[3],[0],[-7],[-3],[0],[-3],[-5],[-4],[2],[1],[-5],[21],[6],[-6],[24],[9],[-5],[17],[3],[0],[25],[18],[0],[-4],[0],[0],[-5],[17],[2],[0],[30],[18],[2],[19],[3],[3],[25],[9],[-6],[24],[13],[-5],[4],[26],[12],[-4],[27],[-8],[-5],[-7],[-3],[33],[17],[0],[3],[3],[31],[19],[-5],[-4],[-5],[-3],[-3],[8],[-6],[24],[0],[2],[29],[14],[-4],[2],[0],[25],[1],[-2],[3],[3],[15],[-5],[11],[5],[-9],[-7],[26],[12],[-5],[-5],[9],[-6],[13],[-6],[-10],[-3],[20],[9],[-9],[16],[15],[-3],[-11],[26],[12],[-6],[12],[17],[-3],[3],[27],[11],[-5],[10],[20],[6],[-10],[16],[0],[-6],[-7],[-7],[20],[17],[0],[25],[0],[24],[18],[7],[2],[0],[29],[-4],[19],[6],[8],[16],[3],[30],[14],[1],[3],[21],[5],[-7],[21],[18],[1],[1],[28],[14],[1],[2],[25],[1],[16],[1],[2],[26],[9],[-7],[10],[2],[4],[4],[30],[12],[0],[5],[18],[2],[3],[27],[11],[-5],[8],[23],[-3],[16],[24],[10],[-4],[0],[-8],[0],[14],[0],[17],[19],[5],[-8],[18],[20],[8],[0],[2],[1],[-3],[27],[10],[-8],[16],[20],[6],[-5],[26],[11],[-6],[11],[-7],[12],[18],[3],[2],[1],[1],[0],[26],[16],[1],[1],[26],[11],[-5],[11],[21],[6],[-7],[1],[3],[2],[6],[19],[0],[0],[0],[32],[1],[2],[1],[16],[-2],[16],[22],[9],[-8],[20],[20],[7],[4],[29],[13],[-3],[0],[29],[18],[0],[1],[3],[2],[3],[2],[-4],[15],[-7],[16],[21],[5],[0],[26],[14],[-4],[2],[3],[8],[21],[6],[6],[26],[4],[2],[-5],[13],[-3],[2],[2],[-3],[24],[8],[-6],[-7],[17],[-6],[9],[19],[4],[-10],[29],[-4],[14],[26],[3],[15],[-5],[12],[21],[8],[0],[-3],[14],[23],[9],[4],[24],[20],[5],[0],[29],[17],[4],[3],[3],[3],[18],[3],[20],[7],[4],[32],[21],[6],[9],[27],[3],[26],[0],[3],[4],[29],[3],[4],[29],[14],[4],[19],[27],[4],[1],[0],[-4],[0],[0],[-5],[4],[6],[32],[12],[10],[27],[11],[1],[12],[22],[7],[-5],[18],[22],[8],[0],[36],[6],[3],[26],[8],[4],[34],[3],[32],[21],[1],[1],[2],[19],[-5],[28],[14],[1],[26],[19],[2],[15],[-3],[20],[1],[15],[23],[6],[-11],[24],[0],[-5],[19],[17],[-4],[4],[20],[6],[3],[30],[16],[3],[2],[28],[3],[14],[-5],[12],[15],[-4],[12],[-4],[-4],[-6],[3],[2],[9],[0],[34],[21],[-4],[19],[18],[1],[8],[3],[4],[27],[10],[0],[28],[11],[-4],[18],[-3],[21],[3],[1],[33],[0],[22],[7],[-7],[12],[10],[-5],[18],[16],[-5],[-4],[17],[2],[4],[28],[8],[5],[32],[17],[4],[3],[0],[3],[1],[26],[6],[-9],[33],[20],[-3],[28],[-5],[18],[9],[-5],[-5],[13],[27],[12],[-6],[30],[16],[-5],[-7],[26],[-7],[-5],[0],[15],[1],[1],[2],[31],[-6],[-5],[28],[12],[-4],[15],[20],[8],[4],[28],[-4],[23],[-5],[27],[16],[1],[2],[4],[5],[4],[33],[5],[3],[28],[-3],[16],[6],[12],[-6],[1],[22],[4],[2],[22],[4],[-3],[1],[-3],[26],[0],[15],[1],[-3],[29],[14],[-7],[32],[18],[4],[6],[9],[-7],[30],[14],[2],[17],[0],[1],[26],[13],[2],[32],[3],[1],[28],[0],[29],[11],[-4],[2],[26],[10],[-7],[8],[19],[-6],[0],[32],[14],[0],[4],[-3],[-5],[-6],[20],[17],[-4],[8],[0],[27],[12],[-6],[-4],[5],[0],[29],[17],[0],[21],[-7],[9],[10],[-7],[-4],[17],[-4],[-6],[24],[10],[-14],[26],[1],[9],[7],[29],[-4],[23],[8],[-8],[6],[-13],[18],[14],[-6],[17],[-5],[-7],[19],[-5],[-4],[24],[10],[-7],[0],[22],[6],[-6],[12],[24],[-5],[-12],[27],[-7],[0],[1],[0],[19],[4],[1],[30],[0],[13],[-5],[12],[22],[-5],[-5],[25],[7],[-5],[16],[19],[0],[-5],[11],[-5],[12],[24],[9],[-10],[4],[17],[2],[20],[6],[-8],[24],[5],[-6],[10],[-4],[-4],[0],[32],[0],[8],[2],[32],[18],[5],[5],[28],[13],[-4],[-5],[29],[2],[16],[-4],[-4],[25],[11],[-6],[16],[25],[4],[2],[8],[-8],[24],[21],[4],[2],[27],[5],[-10],[16],[18],[0],[-6],[0],[5],[-6],[1],[0],[-7],[1],[-6],[-5],[-8],[-6],[-3],[3],[16],[-8],[-4],[4],[5],[-3],[13],[-10],[30],[13],[2],[3],[26],[13],[-8],[28],[16],[3],[5],[30],[11],[-6],[14],[18],[0],[-8],[18],[4],[-5],[2],[2],[1],[1],[-6],[1],[-5],[-5],[0],[4],[3],[26],[-3],[3],[29],[10],[-4],[12],[23],[4],[2],[2],[26],[11],[-5],[12],[26],[10],[1],[30],[0],[3],[0],[-5],[4],[1],[26],[-5],[-4],[22],[10],[-5],[2],[18],[1],[2],[-8],[17],[-4],[0],[20],[5],[-8],[-10],[19],[8],[-8],[20],[17],[4],[0],[21],[13],[2],[2],[28],[2],[11],[-5],[22],[9],[-9],[18],[1],[1],[28],[12],[0],[2],[28],[2],[27],[12],[0],[16],[27],[13],[3],[14],[-5],[20],[26],[10],[0],[29],[0],[-5],[-3],[16],[28],[12],[-4],[21],[21],[4],[4],[33],[6],[0],[6],[5],[30],[11],[-5],[-6],[-6],[1],[0],[28],[17],[-3],[1],[25],[12],[-3],[0],[-3],[-3],[-4],[0],[28],[12],[0],[1],[31],[17],[1],[3],[0],[1],[2],[2],[29],[3],[3],[30],[17],[-5],[10],[0],[5],[1],[2],[1],[-5],[9],[17],[0],[-3],[27],[2],[5],[2],[3],[-3],[21],[-4],[-6],[1],[0],[26],[10],[-6],[16],[2],[3],[30],[13],[-3],[14],[24],[9],[-3],[2],[13],[-4],[0],[25],[11],[-4],[13],[16],[1],[0],[26],[2],[3],[4],[32],[17],[1],[-3],[23],[11],[-5],[28],[16],[-3],[5],[5],[31],[18],[2],[4],[3],[4],[29],[2],[16],[2],[0],[26],[11],[-6],[0],[-4],[12],[-3],[-6],[-4],[-4],[30],[13],[0],[0],[28],[13],[1],[14],[0],[28],[17],[-3],[0],[27],[1],[5],[12],[-3],[27],[11],[-4],[14],[22],[10],[-5],[18],[24],[8],[4],[31],[17],[-5],[0],[-3],[-5],[1],[-5],[22],[4],[-8],[10],[1],[1],[0],[-5],[13],[1],[-3],[12],[14],[-8],[20],[-5],[-5],[14],[21],[0],[16],[1],[-3],[21],[4],[4],[19],[5],[-7],[16],[22],[0],[1],[-3],[11],[-7],[10],[13],[-4],[15],[26],[11],[-3],[13],[20],[-9],[16],[-8],[-8],[10],[19],[-3],[26],[11],[-5],[1],[-3],[19],[4],[-7],[28],[12],[-3],[14],[22],[7],[-7],[8],[18],[8],[0],[26],[17],[2],[20],[-3],[1],[-8],[12],[19],[-3],[8],[22],[9],[-5],[12],[26],[5],[2],[28],[12],[2],[1],[4],[29],[7],[6],[22],[9],[-4],[28],[2],[1],[0],[25],[11],[-5],[28],[9],[-5],[28],[15],[-4],[-3],[27],[7],[5],[31],[19],[2],[3],[29],[-3],[3],[1],[8],[7],[23],[6],[4],[28],[0],[18],[1],[-4],[17],[4],[0],[30],[2],[-3],[22],[5],[-5],[24],[3],[3],[2],[-5],[-3],[1],[25],[12],[-2],[16],[25],[2],[31],[19],[1],[24],[8],[-3],[8],[6],[29],[15],[-3],[30],[14],[0],[3],[-3],[27],[15],[1],[2],[26],[11],[-2],[10],[26],[8],[-7],[-5],[-3],[5],[4],[28],[19],[3],[3],[31],[5],[21],[5],[3],[27],[17],[2],[4],[29],[2],[-3],[26],[14],[2],[8],[22],[9],[9],[34],[15],[2],[32],[18],[1],[3],[-3],[16],[17],[1],[2],[24],[-5],[21],[0],[3],[28],[13],[2],[5],[16],[1],[2],[34],[16],[-9],[28],[16],[-6],[-5],[27],[14],[2],[2],[29],[11],[-7],[25],[20],[8],[0],[32],[20],[0],[-3],[28],[10],[-3],[-4],[27],[3],[3],[2],[1],[30],[13],[1],[-4],[24],[7],[-4],[25],[3],[2],[27],[3],[3],[29],[16],[-5],[-5],[13],[24],[1],[2],[0],[21],[4],[6],[8],[8],[31],[18],[5],[2],[26],[11],[-3],[2],[29],[13],[-4],[23],[9],[-5],[32],[4],[2],[25],[-3],[12],[24],[1],[1],[0],[25],[16],[-3],[-4],[29],[0],[13],[-6],[28],[19],[9],[8],[1],[-2],[1],[1],[1],[6],[6],[30],[3],[12],[-6],[8],[22],[9],[-6],[-4],[20],[4],[6],[32],[15],[-3],[0],[27],[13],[3],[4],[1],[26],[10],[-4],[1],[2],[-4],[11],[21],[1],[1],[29],[0],[31],[16],[0],[24],[15],[-6],[-12],[29],[16],[5],[-8],[0],[16],[-3],[-4],[17],[4],[2],[27],[15],[3],[0],[-5],[5],[0],[28],[-8],[-5],[1],[-6],[11],[-7],[22],[5],[-3],[29],[2],[2],[0],[10],[7],[1],[8],[21],[3],[3],[24],[3],[18],[3],[2],[6],[4],[30],[11],[0],[30],[5],[27],[9],[-5],[0],[25],[1],[1],[28],[15],[3],[17],[19],[3],[1],[28],[15],[2],[4],[31],[12],[2],[2],[1],[25],[11],[-6],[13],[21],[8],[-7],[28],[19],[5],[5],[1],[4],[26],[9],[0],[30],[13],[3],[10],[10],[10],[0],[26],[19],[4],[35],[0],[10],[21],[9],[-5],[13],[3],[6],[24],[8],[-10],[20],[19],[6],[5],[32],[18],[3],[7],[6],[22],[9],[8],[33],[1],[7],[2],[0],[28],[16],[5],[4],[5],[4],[28],[12],[0],[24],[0],[29],[14],[3],[1],[30],[5],[20],[4],[4],[28],[14],[1],[4],[23],[12],[1],[2],[29],[1],[24],[9],[-9],[16],[21],[2],[-8],[-6],[13],[2],[0],[3],[2],[-4],[4],[9],[-6],[27],[21],[8],[2],[31],[9],[-3],[11],[21],[11],[-5],[14],[25],[8],[-8],[1],[0],[23],[6],[-6],[13],[15],[-3],[3],[2],[0],[-5],[16],[0],[0],[0],[-6],[11],[21],[6],[-10],[6],[19],[-5],[-5],[24],[-6],[-6],[11],[-4],[1],[11],[0],[30],[17],[-5],[22],[11],[-5],[2],[-5],[0],[-3],[15],[1],[5],[13],[-5],[11],[20],[7],[-3],[16],[28],[4],[6],[11],[-4],[33],[9],[0],[1],[28],[14],[3],[4],[32],[0],[2],[30],[13],[-7],[14],[0],[26],[11],[2],[33],[18],[-6],[12],[0],[4],[27],[2],[11],[-7],[9],[21],[11],[-4],[-3],[2],[28],[17],[3],[5],[6],[3],[23],[9],[-6],[2],[26],[-4],[19],[3],[-8],[22],[0],[-3],[1],[25],[-8],[16],[3],[11],[0],[-4],[18],[16],[0],[4],[3],[2],[26],[6],[-7],[0],[25],[17],[1],[9],[-6],[-4],[-5],[21],[9],[-5],[-3],[25],[12],[-5],[-5],[27],[3],[0],[-4],[12],[-3],[1],[27],[-6],[8],[25],[12],[-6],[0],[22],[12],[-3],[-4],[4],[-8],[20],[17],[3],[-12],[8],[-5],[24],[10],[3],[32],[22],[9],[0],[17],[20],[7],[-7],[18],[22],[8],[-11],[10],[11],[-5],[4],[20],[5],[-8],[27],[9],[-8],[12],[-5],[-6],[-10],[-5],[-6],[-11],[-9],[-10],[-5],[-5],[-4],[-4],[10],[-6],[0],[-9],[-4],[23],[8],[-4],[0],[25],[12],[-3],[0],[25],[0],[24],[6],[-11],[10],[-6],[-3],[0],[2],[-5],[1],[1],[28],[0],[2],[15],[1],[16],[2],[1],[9],[-4],[0],[28],[3],[11],[-7],[-4],[13],[25],[16],[3],[16],[27],[1],[1],[3],[2],[4],[15],[2],[-5],[14],[25],[4],[2],[17],[4],[13],[-3],[10],[24],[3],[6],[30],[2],[-2],[8],[-4],[-10],[12],[2],[6],[5],[29],[17],[-5],[24],[3],[-3],[17],[27],[1],[24],[14],[1],[4],[21],[6],[4],[-5],[1],[23],[1],[10],[17],[-7],[12],[26],[2],[11],[-5],[11],[0],[-5],[1],[-3],[14],[24],[8],[-5],[-4],[2],[5],[20],[3],[0],[26],[4],[0],[27],[16],[0],[2],[29],[16],[-3],[14],[0],[2],[27],[-5],[-6],[12],[21],[9],[-5],[30],[15],[-2],[27],[18],[2],[-10],[29],[11],[-5],[1],[27],[8],[-5],[4],[22],[2],[2],[22],[8],[-7],[7],[18],[5],[-9],[9],[-3],[25],[-4],[-4],[0],[27],[8],[-9],[11],[16],[-3],[-5],[11],[-4],[8],[17],[-6],[-4],[0],[0],[-6],[-6],[0],[0],[1],[27],[13],[4],[5],[29],[10],[-6],[5],[18],[6],[-4],[0],[4],[6],[0],[29],[-5],[0],[-5],[1],[4],[10],[-8],[16],[19],[-9],[12],[4],[5],[6],[32],[2],[1],[13],[-3],[0],[2],[1],[27],[0],[1],[-7],[12],[21],[1],[25],[13],[-3],[0],[26],[16],[1],[11],[-4],[8],[22],[8],[-7],[-5],[-7],[-4],[-3],[27],[12],[-4],[-4],[-6],[-6],[-5],[-6],[-9],[-7],[-5],[0],[-8],[-3],[-3],[21],[4],[-8],[0],[19],[5],[-13],[-11],[5],[-12],[4],[21],[-7],[-6],[5],[-11],[-10],[14],[-9],[-4],[14],[-5],[24],[-6],[-7],[14],[-7],[-10],[-12],[6],[12],[-5],[-7],[22],[3],[-13],[8],[19],[3],[2],[10],[-10],[12],[1],[25],[19],[-8],[10],[-5],[25],[16],[4],[-6],[28],[13],[0],[2],[27],[14],[1],[0],[22],[10],[-6],[0],[19],[-3],[-3],[8],[-5],[1],[25],[-8],[16],[-5],[11],[-6],[0],[20],[-5],[6],[-8],[27],[16],[0],[-5],[-5],[27],[13],[3],[1],[27],[12],[-4],[14],[3],[0],[25],[17],[6],[-8],[16],[19],[0],[2],[27],[8],[-4],[33],[16],[0],[5],[34],[21],[10],[0],[25],[3],[4],[-4],[0],[9],[10],[38],[18],[4],[18],[6],[5],[16],[30],[9],[10],[40],[23],[11],[16],[16],[0],[35],[11],[0],[32],[25],[5],[3],[3],[2],[6],[5],[28],[4],[7],[33],[13],[-5],[17],[17],[3],[2],[32],[11],[5],[5],[17],[-3],[8],[0],[17],[25],[11],[1],[4],[4],[32],[10],[-4],[31],[13],[-4],[4],[3],[30],[19],[8],[8],[28],[0],[-3],[16],[3],[1],[25],[9],[-6],[33],[20],[6],[0],[28],[14],[-3],[8],[24],[9],[-4],[-6],[0],[7],[2],[24],[-5],[25],[4],[3],[-7],[-7],[13],[26],[3],[32],[0],[25],[12],[1],[19],[2],[4],[5],[20],[3],[2],[2],[4],[2],[4],[6],[3],[3],[5],[3],[11],[16],[4],[15],[-3],[34],[18],[0],[30],[19],[2],[0],[1],[27],[1],[30],[3],[3],[-3],[11],[-3],[-3],[17],[0],[14],[24],[9],[-5],[1],[4],[5],[25],[12],[3],[3],[3],[22],[4],[31],[13],[1],[6],[5],[13],[2],[21],[24],[8],[6],[8],[3],[33],[21],[6],[7],[34],[3],[28],[6],[8],[33],[1],[3],[25],[3],[9],[32],[17],[3],[6],[2],[32],[21],[4],[0],[20],[22],[0],[24],[14],[-3],[13],[0],[30],[19],[-3],[19],[3],[5],[31],[4],[3],[28],[12],[1],[3],[4],[34],[22],[3],[1],[22],[8],[-8],[16],[21],[4],[0],[8],[0],[26],[1],[25],[9],[-5],[11],[22],[3],[1],[27],[14],[3],[5],[6],[5],[18],[3],[2],[5],[6],[33],[14],[1],[0],[-6],[0],[26],[18],[5],[3],[-6],[1],[29],[1],[14],[-5],[11],[-3],[25],[-3],[16],[1],[2],[-3],[12],[-5],[-4],[-5],[30],[1],[30],[0],[22],[9],[-3],[30],[14],[-5],[16],[22],[0],[26],[20],[5],[-7],[10],[-3],[3],[27],[10],[-7],[22],[5],[-10],[11],[1],[-5],[2],[3],[-7],[11],[19],[2],[13],[-6],[13],[-7],[-7],[-7],[0],[-9],[9],[-9],[11],[21],[-4],[-6],[21],[9],[-8],[13],[18],[-4],[-11],[-8],[29],[-2],[28],[0],[26],[8],[-7],[-8],[8],[18],[-3],[19],[-11],[9],[17],[3],[-11],[8],[-4],[8],[21],[5],[-8],[15],[0],[2],[22],[-10],[-10],[-6],[3],[5],[29],[-8],[10],[0],[1],[22],[3],[-7],[27],[5],[-10],[20],[8],[-6],[1],[12],[14],[0],[6],[-6],[29],[15],[3],[1],[31],[15],[3],[1],[27],[13],[0],[1],[4],[6],[26],[11],[-4],[0],[16],[19],[-4],[8],[20],[5],[-8],[20],[12],[1],[30],[18],[-6],[0],[2],[14],[3],[2],[23],[-7],[-7],[22],[6],[-6],[11],[21],[0],[1],[26],[-5],[27],[3],[2],[-8],[16],[1],[3],[2],[0],[20],[5],[2],[-3],[-3],[-4],[-6],[3],[8],[30],[13],[0],[0],[20],[6],[0],[28],[16],[0],[4],[21],[5],[0],[-3],[-8],[4],[5],[32],[5],[21],[30],[8],[19],[1],[-6],[-6],[24],[11],[-8],[-8],[6],[-10],[25],[19],[3],[2],[27],[11],[-5],[-5],[24],[4],[-10],[5],[16],[1],[-8],[20],[-16],[13],[-13],[-15],[-8],[15],[1],[1],[29],[-5],[-3],[17],[-3],[-3],[25],[-10],[-14],[3],[-13],[6],[18],[-8],[-7],[19],[-11],[-11],[9],[13],[-4],[-4],[22],[0],[9],[-8],[5],[13],[-11],[18],[35],[41],[33],[40],[10],[-18],[-3],[-41],[-18],[-34],[-31],[12],[14],[3],[24],[27],[6],[26],[30],[14],[3],[24],[16],[3],[2],[22],[3],[-20],[-20],[-3],[-14],[-7],[-8],[-7],[3],[0],[5],[12],[30],[36],[14],[-7],[17],[-6],[-25],[-10],[-6],[-14],[10],[18],[4],[-15],[22],[-7],[-20],[17],[12],[1],[0],[33],[17],[3],[13],[19],[1],[-18],[3],[11],[-5],[-14],[-13],[16],[-8],[-5],[11],[-5],[-8],[21],[4],[-8],[22],[8],[-4],[8],[29],[4],[-4],[21],[-10],[-10],[-10],[-12],[-15],[3],[-8],[8],[-5],[34],[3],[27],[3],[1],[27],[9],[-8],[16],[19],[7],[-12],[24],[12],[-3],[-12],[24],[0],[27],[12],[2],[4],[2],[5],[9],[0],[-3],[-3],[31],[-7],[16],[-5],[19],[7],[6],[30],[14],[-9],[28],[-5],[1],[3],[27],[9],[-7],[9],[17],[0],[-10],[16],[18],[10],[0],[20],[17],[4],[0],[19],[6],[-14],[6],[13],[-7],[29],[4],[0],[-12],[-7],[0],[-7],[4],[-5],[-4],[5],[2],[13],[-5],[7],[18],[-7],[12],[0],[21],[3],[-11],[28],[15],[-3],[15],[3],[3],[32],[17],[-10],[-4],[12],[-6],[3],[0],[20],[9],[3],[31],[-7],[-10],[-14],[-11],[0],[-3],[5],[6],[4],[10],[-4],[0],[14],[3],[-12],[27],[1],[10],[26],[14],[-5],[14],[13],[-7],[2],[23],[2],[5],[10],[29],[18],[1],[3],[18],[4],[31],[19],[7],[17],[24],[9],[0],[1],[3],[-5],[4],[21],[9],[2],[7],[-4],[-6],[16],[5],[2],[18],[2],[13],[-8],[20],[20],[4],[14],[21],[11],[-8],[18],[16],[9],[0],[30],[13],[6],[23],[6],[24],[9],[5],[32],[19],[7],[-12],[34],[-8],[26],[17],[8],[14],[36],[28],[0],[0],[21],[3],[8],[4],[11],[13],[35],[13],[3],[-11],[-12],[0],[21],[8],[39],[34],[12],[9],[9],[10],[14],[-5],[26],[10],[-7],[50],[19],[4],[16],[-15],[2],[14],[5],[19],[18],[9],[35],[16],[-10],[4],[17],[-14],[17],[10],[12],[10],[9],[25],[-5],[6],[-8],[26],[19],[-3],[20],[35],[22],[3],[16],[21],[-12],[-10],[24],[21],[15],[12],[10],[8],[36],[15],[-6],[5],[21],[18],[4],[8],[24],[-5],[-8],[-8],[19],[2],[-6],[28],[23],[10],[16],[28],[6],[24],[5],[1],[25],[-8],[1],[0],[28],[11],[-5],[10],[17],[-13],[-11],[14],[11],[14],[37],[61],[32],[13],[12],[-15],[-16],[-31],[-7],[-18],[16],[27],[25],[39],[28],[0],[0],[-4],[-3],[-7],[8],[18],[22],[22],[9],[8],[-31],[-12],[7],[6],[18],[13],[25],[15],[-11],[-7],[-23],[3],[25],[22],[19],[20],[29],[9],[-14],[12],[13],[-11],[-3],[21],[0],[16],[0],[-10],[-10],[-9],[2],[-3],[20],[3],[3],[30],[24],[0],[3],[5],[2],[8],[23],[-8],[9],[22],[-7],[26],[9],[-8],[32],[19],[13],[4],[41],[25],[10],[9],[22],[-9],[-14],[-10],[-7],[2],[-3],[32],[25],[18],[13],[0],[22],[9],[2],[1],[35],[19],[2],[13],[5],[1],[18],[-5],[-6],[38],[19],[11],[8],[26],[3],[-14],[-9],[24],[20],[17],[14],[29],[5],[-8],[13],[-12],[1],[7],[14],[6],[11],[15],[-6],[2],[-6],[1],[-5],[-7],[20],[-4],[8],[0],[5],[-3],[-11],[18],[-26],[-6],[-17],[15],[18],[-4],[6],[-5],[36],[18],[-5],[16],[37],[30],[1],[42],[10],[-22],[-22],[-5],[-20],[-18],[2],[6],[43],[18],[38],[-11],[-7],[4],[-20],[-23],[-12],[4],[14],[3],[8],[28],[7],[-12],[14],[-11],[-27],[-21],[12],[4],[2],[4],[-4],[-28],[-16],[-29],[-35],[-60],[-35],[-34],[-41],[-32],[-9],[-31],[-65],[-95],[-110],[-117],[-97],[-12],[162],[249],[306],[239],[152],[80],[-21],[-132],[-138],[-149],[-144],[-78],[4],[104],[97],[57],[50],[9],[-23],[-29],[-7],[36],[94],[171],[184],[146],[100],[-5],[-84],[-112],[-94],[-92],[-54],[28],[96],[138],[187],[203],[149],[74],[49],[12],[2],[6],[29],[24],[27],[53],[33],[2],[-12],[-5],[-4],[67],[73],[70],[86],[97],[54],[38],[-12],[-53],[-83],[-96],[-72],[-74],[-64],[-28],[-24],[-22],[-27],[-38],[-30],[-67],[-89],[-79],[-98],[-118],[-120],[-165],[-220],[-206],[-246],[-246],[-210],[-110],[36],[354],[535],[511],[370],[218],[75],[-127],[-308],[-332],[-301],[-287],[-187],[29],[170],[136],[68],[56],[43],[-37],[-56],[7],[109],[212],[259],[312],[274],[83],[-108],[-186],[-204],[-257],[-230],[-133],[-46],[19],[140],[211],[205],[128],[51],[-3],[-28],[4],[25],[60],[112],[115],[136],[85],[37],[-64],[-113],[-122],[-73],[-38],[3],[52],[90],[111],[129],[77],[17],[-24],[-43],[-23],[25],[81],[70],[44],[64],[34],[-22],[-54],[-78],[-105],[-106],[-27],[18],[58],[99],[68],[54],[33],[23],[-16],[-31],[-19],[-36],[-31],[0],[12],[-21],[-55],[-46],[-91],[-70],[-64],[-61],[-24],[45],[58],[78],[106],[61],[37],[34],[28],[5],[-14],[-16],[-7],[29],[20],[21],[35],[6],[-25],[-23],[2],[-7],[6],[43],[43],[36],[68],[43],[8],[17],[-15],[-32],[4],[-15],[-14],[27],[2],[12],[13],[37],[12],[7],[25],[8],[8],[11],[-11],[20],[23],[13],[9],[2],[0],[-7],[0],[-12],[26],[12],[-6],[-7],[21],[10],[2],[34],[41],[50],[73],[92],[105],[62],[36],[89],[61],[29],[9],[-15],[-20],[-21],[8],[38],[25],[45],[56],[50],[49],[58],[24],[33],[20],[59],[40],[20],[22],[23],[5],[-18],[7],[-32],[-42],[-24],[22],[24],[21],[24],[19],[-15],[-42],[-23],[-36],[-72],[-51],[-63],[-64],[-31],[-62],[-62],[-54],[-77],[-102],[-78],[-93],[-107],[-107],[-85],[-86],[-119],[-118],[-133],[-147],[-146],[-116],[-87],[-75],[-36],[-66],[36],[310],[417],[350],[226],[168],[51],[-123],[-226],[-241],[-234],[-227],[-178],[17],[146],[139],[61],[120],[85],[13],[-60],[-21],[35],[63],[138],[234],[225],[55],[-82],[-116],[-146],[-182],[-136],[-100],[-40],[29],[132],[210],[235],[151],[65],[19],[20],[-7],[9],[32],[52],[74],[95],[97],[33],[-46],[-95],[-115],[-73],[-35],[-5],[64],[99],[118],[145],[70],[47],[-24],[-61],[-29],[3],[21],[22],[40],[31],[20],[0],[-8],[-58],[-99],[-63],[-25],[13],[43],[81],[74],[59],[72],[42],[-4],[-31],[-30],[-44],[-18],[26],[19],[48],[82],[62],[114],[76],[76],[49],[5],[21],[46],[52],[38],[45],[72],[54],[92],[84],[69],[70],[64],[57],[60],[72],[47],[24],[29],[9],[0],[-13],[0],[-25],[-16],[5],[13],[29],[41],[22],[24],[33],[6],[-30],[-32],[-65],[-85],[-65],[-85],[-93],[-78],[-75],[-85],[-82],[-61],[-105],[-119],[-120],[-117],[-107],[-123],[-130],[-99],[-114],[-118],[-118],[-131],[-229],[-249],[17],[289],[438],[385],[328],[266],[140],[-59],[-206],[-232],[-295],[-352],[-220],[10],[153],[121],[125],[186],[121],[-22],[-75],[-62],[-36],[30],[190],[269],[212],[89],[-53],[-85],[-140],[-202],[-232],[-148],[-88],[34],[203],[299],[277],[205],[117],[24],[-36],[-82],[-94],[-88],[-22],[58],[143],[141],[111],[56],[-33],[-77],[-74],[-58],[-28],[19],[96],[170],[140],[102],[58],[-23],[-99],[-115],[-77],[-87],[-60],[40],[98],[114],[105],[89],[3],[-72],[-86],[-62],[-43],[-6],[12],[34],[58],[64],[69],[56],[72],[38],[1],[-5],[-23],[-22],[-12],[-4],[2],[22],[27],[45],[90],[83],[72],[101],[64],[27],[28],[36],[27],[37],[66],[51],[33],[20],[6],[5],[29],[13],[2],[-9],[12],[-24],[-38],[-59],[-63],[-104],[-129],[-139],[-136],[-84],[-106],[-64],[-70],[-94],[-89],[-112],[-123],[-159],[-157],[-177],[-178],[-185],[-212],[-282],[-114],[315],[580],[549],[373],[306],[221],[-62],[-328],[-374],[-346],[-424],[-392],[-64],[255],[216],[117],[241],[291],[125],[-108],[-79],[50],[105],[153],[312],[348],[89],[-149],[-155],[-159],[-268],[-334],[-231],[-89],[38],[225],[415],[451],[315],[153],[46],[-8],[-100],[-166],[-169],[-102],[-18],[64],[128],[66],[19],[-51],[-95],[-68],[-31],[20],[93],[167],[250],[244],[156],[38],[-65],[-164],[-219],[-202],[-141],[-109],[-47],[62],[157],[155],[104],[52],[-27],[-77],[-60],[4],[12],[24],[44],[88],[59],[13],[-30],[-100],[-172],[-170],[-22],[101],[196],[224],[242],[189],[100],[24],[-71],[-119],[-111],[-100],[-7],[32],[96],[108],[93],[130],[110],[53],[-4],[-13],[41],[72],[88],[110],[47],[-10],[-60],[-74],[-60],[-64],[-50],[-46],[-28],[-5],[12],[20],[-25],[-60],[-112],[-126],[-126],[-149],[-115],[-118],[-109],[-96],[-102],[-121],[-148],[-166],[-193],[-197],[-269],[-404],[-34],[464],[696],[533],[323],[345],[152],[-219],[-487],[-417],[-432],[-522],[-363],[73],[304],[188],[174],[288],[258],[-30],[-216],[-56],[42],[48],[199],[351],[285],[-45],[-220],[-174],[-214],[-355],[-358],[-229],[-44],[171],[371],[517],[518],[304],[118],[-6],[-118],[-179],[-236],[-231],[-119],[25],[123],[138],[112],[34],[-31],[-85],[-19],[37],[72],[140],[273],[321],[254],[124],[25],[-117],[-225],[-268],[-219],[-170],[-130],[2],[140],[212],[195],[131],[48],[-46],[-56],[-28],[-8],[5],[19],[46],[84],[63],[-18],[-94],[-149],[-235],[-134],[60],[175],[222],[235],[291],[262],[107],[-4],[-143],[-215],[-243],[-170],[-37],[61],[136],[197],[216],[204],[117],[57],[-4],[-16],[12],[102],[139],[106],[69],[34],[-37],[-98],[-161],[-194],[-152],[-107],[-37],[88],[93],[87],[43],[-47],[-126],[-158],[-206],[-209],[-189],[-164],[-96],[-79],[-100],[-119],[-170],[-219],[-332],[-408],[25],[472],[699],[581],[434],[429],[202],[-246],[-532],[-511],[-543],[-613],[-366],[115],[335],[250],[257],[363],[280],[-58],[-271],[-166],[8],[55],[161],[327],[287],[19],[-169],[-146],[-223],[-390],[-433],[-263],[-60],[176],[425],[553],[534],[347],[171],[0],[-140],[-257],[-316],[-301],[-146],[35],[156],[163],[137],[87],[6],[-72],[-79],[-14],[35],[120],[265],[356],[320],[217],[62],[-88],[-245],[-336],[-318],[-253],[-161],[-7],[172],[297],[273],[205],[116],[37],[0],[-33],[-53],[-43],[12],[50],[70],[78],[24],[-83],[-187],[-239],[-170],[-73],[65],[242],[324],[377],[319],[255],[72],[-137],[-243],[-269],[-250],[-195],[-38],[108],[177],[223],[250],[198],[56],[-55],[-78],[24],[20],[43],[101],[106],[97],[-30],[-89],[-125],[-206],[-236],[-142],[-67],[8],[95],[108],[89],[45],[-60],[-143],[-195],[-255],[-250],[-179],[-152],[-142],[-132],[-84],[-98],[-192],[-288],[-402],[-91],[364],[661],[658],[511],[477],[310],[-50],[-434],[-511],[-531],[-664],[-513],[-68],[265],[322],[273],[401],[411],[118],[-206],[-163],[-26],[48],[110],[286],[314],[122],[-118],[-136],[-134],[-320],[-451],[-375],[-170],[56],[322],[514],[608],[459],[251],[94],[-23],[-183],[-320],[-342],[-210],[-44],[76],[159],[160],[156],[57],[-45],[-37],[-12],[-16],[44],[193],[317],[310],[228],[125],[12],[-152],[-261],[-292],[-245],[-188],[-90],[85],[284],[285],[198],[135],[72],[-20],[-78],[-72],[-32],[-28],[-8],[92],[134],[64],[-66],[-154],[-212],[-209],[-138],[-35],[168],[285],[362],[399],[325],[168],[-88],[-259],[-345],[-365],[-280],[-130],[40],[161],[305],[340],[255],[108],[-20],[-78],[-99],[-86],[-27],[85],[105],[131],[41],[-45],[-163],[-255],[-254],[-205],[-136],[6],[106],[158],[182],[129],[37],[-109],[-254],[-284],[-284],[-264],[-231],[-150],[-81],[-52],[-50],[-99],[-178],[-319],[-412],[20],[482],[735],[569],[485],[533],[274],[-173],[-471],[-492],[-602],[-691],[-441],[59],[303],[255],[332],[489],[417],[73],[-192],[-107],[2],[14],[137],[329],[270],[36],[-103],[-54],[-151],[-374],[-482],[-342],[-149],[86],[332],[549],[544],[385],[249],[105],[-69],[-221],[-362],[-378],[-182],[-5],[102],[153],[201],[157],[37],[-51],[-70],[-56],[-72],[0],[203],[313],[280],[170],[132],[14],[-197],[-323],[-339],[-268],[-214],[-100],[111],[308],[285],[221],[169],[101],[3],[-51],[-75],[-88],[-86],[-31],[60],[115],[64],[-55],[-115],[-188],[-179],[-124],[28],[176],[320],[463],[486],[406],[192],[-52],[-248],[-354],[-382],[-330],[-206],[20],[198],[326],[396],[335],[172],[65],[-40],[-96],[-60],[-16],[29],[89],[133],[42],[-48],[-191],[-262],[-260],[-242],[-171],[-50],[86],[176],[195],[168],[98],[-89],[-216],[-281],[-312],[-298],[-237],[-190],[-126],[-58],[-54],[-94],[-136],[-242],[-408],[-289],[226],[662],[691],[485],[474],[459],[106],[-375],[-527],[-513],[-612],[-609],[-236],[227],[361],[255],[388],[555],[297],[-154],[-227],[-31],[6],[-7],[213],[351],[185],[-22],[-78],[-62],[-220],[-424],[-457],[-276],[-35],[212],[473],[557],[470],[336],[210],[11],[-166],[-317],[-381],[-302],[-130],[62],[196],[176],[190],[137],[23],[-55],[-100],[-96],[-22],[65],[212],[324],[259],[155],[44],[-97],[-211],[-290],[-320],[-278],[-156],[43],[229],[286],[274],[223],[117],[17],[-29],[-92],[-147],[-152],[-72],[73],[96],[85],[24],[-70],[-165],[-199],[-155],[-83],[-17],[35],[200],[396],[508],[447],[319],[161],[-83],[-290],[-378],[-366],[-309],[-175],[46],[228],[363],[352],[331],[274],[190],[64],[-33],[-99],[-95],[-62],[-38],[3],[-14],[-149],[-244],[-241],[-185],[-111],[-38],[84],[160],[202],[200],[162],[25],[-128],[-248],[-363],[-390],[-358],[-256],[-170],[-112],[-56],[-10],[-72],[-136],[-211],[-309],[-432],[-84],[429],[744],[676],[477],[491],[298],[-78],[-513],[-564],[-584],[-678],[-525],[-34],[348],[344],[307],[492],[511],[200],[-231],[-239],[-92],[-44],[43],[234],[288],[140],[-66],[-57],[-111],[-286],[-461],[-429],[-206],[83],[289],[456],[519],[444],[325],[131],[-34],[-222],[-390],[-418],[-277],[-54],[118],[171],[173],[194],[126],[18],[-64],[-88],[-123],[-48],[94],[237],[256],[157],[98],[56],[-69],[-183],[-271],[-299],[-240],[-85],[80],[200],[268],[240],[181],[112],[51],[-19],[-132],[-154],[-119],[-50],[11],[29],[49],[56],[-21],[-46],[-37],[-82],[-113],[-40],[60],[208],[290],[376],[334],[222],[98],[-66],[-151],[-254],[-272],[-237],[-114],[80],[172],[280],[356],[301],[234],[166],[57],[-64],[-124],[-80],[-42],[-62],[-67],[-56],[-92],[-106],[-82],[-67],[-42],[5],[36],[74],[128],[107],[39],[-67],[-164],[-219],[-288],[-326],[-333],[-277],[-179],[-130],[-87],[-33],[-42],[-63],[-172],[-306],[-356],[9],[390],[673],[537],[398],[462],[286],[-119],[-475],[-478],[-514],[-625],[-479],[-34],[277],[300],[302],[502],[511],[132],[-214],[-190],[-28],[-18],[4],[194],[230],[90],[-44],[0],[-14],[-247],[-435],[-403],[-164],[74],[227],[378],[511],[449],[321],[170],[13],[-138],[-347],[-419],[-249],[-67],[49],[99],[181],[268],[200],[15],[-6],[-27],[-117],[-128],[19],[186],[233],[165],[134],[169],[90],[-110],[-244],[-272],[-225],[-181],[-31],[152],[186],[209],[180],[164],[136],[-16],[-156],[-183],[-130],[-93],[-23],[98],[125],[82],[37],[17],[12],[-103],[-186],[-148],[-36],[99],[215],[274],[331],[271],[197],[61],[-82],[-199],[-275],[-259],[-199],[-45],[128],[244],[274],[287],[326],[220],[56],[-31],[-103],[-117],[-90],[-33],[-14],[-49],[-52],[-74],[-58],[-92],[-88],[-48],[21],[47],[119],[164],[144],[45],[-78],[-163],[-238],[-348],[-378],[-301],[-206],[-92],[-31],[0],[28],[-52],[-128],[-199],[-332],[-430],[-76],[372],[666],[619],[475],[515],[320],[-56],[-479],[-514],[-577],[-695],[-519],[-54],[299],[353],[369],[554],[511],[154],[-220],[-192],[-50],[-64],[-16],[233],[321],[164],[10],[22],[-63],[-303],[-463],[-431],[-259],[-39],[236],[408],[548],[511],[388],[210],[51],[-160],[-302],[-395],[-295],[-101],[14],[78],[169],[220],[134],[22],[-69],[-60],[-126],[-123],[58],[237],[265],[246],[226],[198],[62],[-146],[-276],[-301],[-303],[-207],[-62],[81],[185],[213],[209],[168],[88],[-17],[-107],[-130],[-143],[-69],[40],[88],[109],[115],[96],[4],[-98],[-156],[-203],[-168],[-93],[-22],[59],[155],[227],[316],[284],[180],[96],[-14],[-154],[-247],[-214],[-123],[-65],[28],[160],[270],[287],[248],[253],[165],[31],[-60],[-117],[-110],[-139],[-150],[-96],[-37],[-24],[-31],[10],[67],[77],[80],[81],[65],[61],[6],[-68],[-132],[-165],[-227],[-278],[-268],[-184],[-135],[-105],[-83],[-30],[-55],[-82],[-163],[-205],[-296],[-439],[-115],[415],[686],[553],[402],[490],[328],[-91],[-477],[-477],[-513],[-652],[-513],[-22],[308],[276],[271],[502],[539],[130],[-226],[-172],[-57],[-20],[24],[192],[241],[119],[-15],[-9],[-56],[-247],[-435],[-429],[-239],[-18],[192],[381],[436],[473],[436],[260],[46],[-102],[-257],[-389],[-348],[-139],[-23],[3],[58],[199],[194],[67],[-12],[-21],[-47],[-63],[41],[188],[228],[202],[231],[194],[122],[-71],[-218],[-300],[-290],[-257],[-133],[-19],[70],[162],[206],[191],[188],[136],[31],[-76],[-92],[-53],[-18],[5],[31],[53],[40],[-24],[-55],[-62],[-163],[-196],[-132],[-63],[-22],[0],[54],[178],[235],[184],[154],[121],[68],[29],[24],[45],[12],[-62],[-51],[-10],[24],[18],[59],[69],[113],[149],[165],[160],[84],[22],[2],[-43],[-103],[-101],[-71],[-40],[8],[43],[95],[86],[24],[-7],[-6],[18],[-63],[-110],[-84],[-23],[-38],[-60],[-40],[-60],[-128],[-172],[-141],[-147],[-182],[-216],[-259],[-259],[-288],[-405],[-410],[110],[567],[753],[564],[475],[577],[287],[-120],[-444],[-446],[-567],[-739],[-479],[14],[261],[198],[297],[564],[483],[53],[-179],[-47],[4],[-41],[21],[220],[215],[68],[8],[36],[-19],[-267],[-471],[-439],[-207],[4],[169],[354],[468],[468],[384],[255],[81],[-103],[-375],[-442],[-269],[-107],[-49],[43],[158],[280],[205],[85],[53],[16],[-109],[-48],[90],[173],[160],[155],[202],[178],[59],[-114],[-252],[-312],[-315],[-229],[-56],[58],[146],[245],[299],[274],[186],[45],[-87],[-164],[-175],[-124],[-79],[-12],[46],[101],[100],[53],[-67],[-138],[-195],[-184],[-136],[-53],[59],[121],[142],[184],[195],[87],[-44],[-104],[-111],[-147],[-33],[85],[209],[267],[226],[210],[122],[0],[-100],[-110],[-119],[-81],[30],[116],[192],[228],[198],[113],[17],[-104],[-142],[-159],[-120],[-10],[66],[122],[121],[76],[80],[-38],[-163],[-209],[-196],[-122],[-69],[-16],[113],[128],[43],[-51],[-99],[-178],[-232],[-268],[-295],[-256],[-201],[-209],[-243],[-272],[-298],[43],[442],[657],[569],[396],[488],[393],[47],[-306],[-362],[-441],[-612],[-500],[-138],[101],[89],[195],[453],[475],[202],[-16],[2],[38],[41],[66],[125],[116],[48],[8],[-6],[-52],[-214],[-358],[-425],[-325],[-119],[110],[224],[325],[466],[464],[348],[227],[76],[-141],[-300],[-292],[-215],[-153],[-106],[-18],[99],[166],[75],[33],[42],[5],[12],[74],[146],[186],[178],[168],[181],[95],[-16],[-186],[-285],[-279],[-223],[-161],[-23],[126],[157],[180],[241],[207],[96],[2],[-56],[-83],[-83],[-53],[68],[70],[32],[27],[34],[-91],[-215],[-218],[-182],[-151],[-90],[17],[125],[112],[150],[167],[129],[17],[-65],[-111],[-120],[-99],[-56],[28],[48],[74],[151],[240],[266],[198],[143],[109],[28],[11],[-55],[-81],[-47],[-31],[27],[57],[53],[92],[100],[91],[53],[5],[4],[-20],[-27],[-22],[7],[53],[-23],[-99],[-48],[-10],[-51],[-91],[-55],[18],[45],[65],[50],[59],[3],[-138],[-192],[-189],[-249],[-299],[-254],[-166],[-128],[-110],[-125],[-181],[-266],[-425],[-133],[372],[666],[577],[463],[628],[547],[193],[-187],[-318],[-504],[-728],[-655],[-312],[-34],[23],[165],[475],[566],[345],[35],[-18],[29],[-23],[-38],[33],[78],[5],[-3],[82],[77],[-83],[-284],[-376],[-322],[-116],[18],[113],[251],[369],[405],[372],[255],[100],[-134],[-307],[-292],[-234],[-177],[-103],[58],[184],[231],[206],[161],[47],[-47],[-24],[-17],[-13],[39],[123],[146],[187],[189],[118],[5],[-196],[-279],[-262],[-243],[-191],[-96],[56],[155],[269],[282],[236],[138],[1],[-92],[-131],[-181],[-179],[-131],[-45],[53],[105],[72],[33],[-27],[-101],[-125],[-110],[-125],[-83],[16],[114],[170],[209],[198],[107],[-4],[-39],[-87],[-137],[-122],[-8],[58],[133],[253],[290],[279],[224],[160],[90],[14],[-45],[-104],[-124],[-44],[-18],[37],[50],[56],[78],[67],[72],[57],[29],[8],[20],[31],[42],[40],[-29],[-83],[-83],[-68],[-96],[-76],[-32],[2],[12],[34],[21],[26],[-46],[-88],[-115],[-143],[-191],[-209],[-170],[-154],[-135],[-140],[-141],[-221],[-330],[-434],[-269],[230],[516],[609],[524],[551],[588],[269],[-120],[-342],[-476],[-667],[-680],[-379],[-79],[57],[200],[413],[523],[363],[58],[-85],[-29],[-20],[-7],[36],[92],[115],[51],[31],[-35],[-135],[-294],[-472],[-432],[-188],[19],[149],[293],[500],[556],[475],[337],[165],[-63],[-279],[-354],[-304],[-252],[-181],[-87],[72],[197],[173],[138],[77],[57],[37],[20],[58],[111],[105],[85],[112],[125],[56],[-108],[-247],[-282],[-264],[-253],[-198],[-102],[64],[130],[184],[308],[333],[255],[132],[60],[9],[-68],[-197],[-219],[-148],[-120],[-125],[-67],[-8],[-39],[-72],[-14],[34],[16],[-34],[1],[115],[153],[156],[148],[125],[96],[13],[9],[20],[11],[-59],[-59],[22],[100],[145],[161],[145],[151],[152],[188],[129],[54],[31],[20],[-24],[-62],[-127],[-164],[-146],[-85],[-6],[47],[26],[28],[85],[96],[105],[70],[14],[-54],[-112],[-38],[-7],[-61],[-87],[-98],[-93],[-127],[-184],[-155],[-133],[-149],[-145],[-47],[-11],[-117],[-195],[-210],[-222],[-355],[-463],[-220],[336],[568],[567],[545],[591],[502],[131],[-193],[-305],[-463],[-676],[-587],[-244],[14],[68],[205],[419],[481],[197],[-82],[-76],[-34],[-37],[30],[135],[203],[179],[118],[152],[110],[-89],[-347],[-485],[-390],[-196],[-85],[59],[244],[393],[430],[403],[283],[141],[-56],[-221],[-223],[-172],[-147],[-128],[-26],[117],[137],[90],[57],[-66],[-103],[-123],[-86],[0],[70],[121],[209],[250],[230],[129],[-36],[-190],[-196],[-220],[-255],[-182],[-113],[-55],[52],[162],[220],[183],[114],[65],[59],[52],[36],[26],[28],[20],[-35],[-45],[-20],[-88],[-140],[-158],[-136],[-120],[-124],[-68],[45],[107],[157],[235],[237],[180],[152],[137],[81],[18],[14],[4],[27],[41],[67],[42],[15],[-7],[32],[73],[97],[75],[134],[168],[162],[149],[129],[50],[-20],[-72],[-147],[-128],[-133],[-77],[-45],[-10],[48],[44],[41],[0],[-16],[5],[-29],[-56],[-32],[-24],[-16],[-20],[-55],[-125],[-177],[-206],[-244],[-242],[-204],[-210],[-200],[-164],[-100],[-134],[-235],[-281],[-201],[189],[474],[575],[455],[383],[441],[237],[-67],[-316],[-451],[-559],[-571],[-356],[-108],[90],[167],[319],[477],[399],[181],[48],[66],[46],[47],[75],[93],[35],[29],[46],[1],[-61],[-183],[-311],[-318],[-158],[7],[98],[193],[309],[414],[362],[241],[132],[-23],[-218],[-275],[-251],[-206],[-166],[-86],[15],[118],[188],[142],[54],[-6],[-18],[-24],[-18],[18],[49],[97],[125],[164],[180],[49],[-123],[-176],[-154],[-194],[-217],[-173],[-71],[-5],[85],[209],[213],[171],[148],[125],[45],[8],[-39],[-35],[-63],[-26],[52],[30],[-35],[-47],[1],[-39],[-111],[-99],[-81],[-55],[18],[114],[180],[228],[267],[255],[209],[176],[123],[66],[-13],[-51],[-78],[-27],[-28],[-26],[51],[133],[145],[138],[173],[188],[119],[75],[101],[58],[-18],[-51],[-44],[-57],[-78],[-85],[-104],[-88],[-60],[-78],[-21],[2],[9],[27],[-11],[-15],[12],[-14],[-63],[-80],[-120],[-146],[-179],[-174],[-148],[-181],[-219],[-223],[-253],[-256],[-302],[-318],[-247],[92],[442],[635],[561],[446],[482],[321],[-29],[-351],[-478],[-517],[-574],[-373],[-94],[113],[201],[348],[457],[419],[233],[6],[-34],[-38],[-27],[-8],[30],[97],[89],[76],[69],[2],[-139],[-260],[-331],[-219],[-49],[40],[132],[288],[416],[396],[293],[154],[11],[-196],[-295],[-287],[-234],[-187],[-115],[50],[166],[182],[128],[86],[33],[6],[-60],[-68],[-23],[47],[46],[76],[148],[129],[41],[-64],[-130],[-182],[-175],[-168],[-124],[-32],[41],[109],[172],[232],[160],[102],[10],[-60],[-62],[-65],[-60],[-32],[57],[125],[132],[93],[45],[1],[-55],[-116],[-144],[-129],[-138],[-82],[28],[117],[153],[148],[155],[137],[136],[138],[102],[62],[60],[79],[83],[128],[101],[27],[-6],[-27],[-6],[-28],[-31],[10],[62],[110],[155],[126],[100],[94],[26],[-43],[-60],[-87],[-125],[-119],[-83],[-55],[-40],[-44],[-54],[-42],[-22],[-19],[-12],[-8],[-22],[-42],[-40],[-53],[-90],[-166],[-194],[-205],[-259],[-275],[-273],[-270],[-288],[-291],[-295],[-239],[147],[511],[632],[545],[454],[511],[305],[6],[-277],[-397],[-513],[-566],[-422],[-159],[54],[127],[272],[448],[377],[192],[26],[-11],[-4],[10],[32],[70],[65],[100],[89],[58],[-22],[-136],[-286],[-354],[-250],[-71],[56],[197],[307],[391],[370],[294],[147],[22],[-202],[-347],[-346],[-297],[-238],[-140],[15],[169],[258],[211],[132],[66],[28],[-60],[-125],[-98],[-30],[-6],[25],[136],[163],[85],[-52],[-129],[-142],[-126],[-160],[-128],[-60],[52],[142],[170],[182],[201],[108],[25],[-10],[-45],[-77],[-92],[-81],[-18],[71],[48],[75],[81],[70],[18],[-17],[-38],[-60],[-52],[-46],[1],[58],[73],[72],[76],[60],[40],[-12],[-3],[3],[20],[77],[131],[132],[111],[155],[142],[114],[120],[62],[-4],[-28],[-19],[-4],[-16],[2],[-26],[4],[31],[17],[28],[58],[53],[74],[72],[59],[3],[-23],[-29],[-62],[-104],[-105],[-106],[-67],[-33],[8],[13],[4],[-26],[-40],[-72],[-96],[-139],[-108],[-95],[-90],[-82],[-54],[-51],[-81],[-150],[-203],[-296],[-360],[-418],[-432],[-99],[387],[621],[594],[547],[620],[501],[125],[-199],[-362],[-520],[-672],[-557],[-234],[-11],[104],[286],[487],[491],[273],[29],[-27],[-65],[-102],[-55],[9],[36],[81],[147],[164],[145],[-34],[-242],[-397],[-363],[-226],[-157],[-46],[140],[304],[365],[368],[317],[187],[-29],[-172],[-233],[-253],[-256],[-216],[-126],[13],[148],[185],[128],[84],[32],[-24],[-48],[-82],[-67],[-46],[45],[147],[223],[189],[92],[8],[-57],[-154],[-204],[-195],[-165],[-81],[26],[153],[261],[268],[241],[192],[113],[29],[-11],[-87],[-128],[-60],[-15],[30],[68],[65],[34],[5],[-18],[-81],[-140],[-151],[-117],[-43],[68],[186],[209],[210],[209],[145],[57],[-36],[-107],[-153],[-139],[-57],[36],[112],[174],[207],[212],[236],[180],[59],[1],[-71],[-118],[-93],[-45],[-37],[-18],[36],[96],[128],[72],[44],[46],[5],[-16],[-19],[4],[-16],[19],[32],[68],[14],[-63],[-77],[-113],[-104],[-109],[-120],[-91],[-22],[-20],[-32],[0],[-16],[-91],[-148],[-117],[-124],[-142],[-133],[-136],[-111],[-131],[-156],[-227],[-278],[-60],[284],[493],[450],[366],[468],[430],[150],[-152],[-300],[-427],[-574],[-513],[-237],[-26],[69],[268],[436],[511],[333],[124],[51],[-48],[-120],[-126],[-107],[-94],[-43],[-13],[74],[77],[-31],[-163],[-309],[-291],[-166],[-62],[14],[147],[325],[406],[365],[278],[178],[-41],[-237],[-299],[-306],[-290],[-232],[-103],[62],[255],[268],[189],[136],[97],[23],[-54],[-67],[-8],[0],[25],[124],[212],[168],[34],[-80],[-106],[-154],[-186],[-168],[-86],[21],[154],[262],[325],[281],[190],[90],[-36],[-113],[-197],[-235],[-198],[-124],[-52],[45],[65],[80],[82],[54],[3],[-45],[-49],[-53],[-35],[5],[68],[113],[99],[51],[11],[-28],[-60],[-87],[-106],[-77],[-30],[20],[120],[187],[206],[209],[209],[147],[89],[10],[-87],[-108],[-72],[-42],[3],[-15],[48],[82],[37],[4],[14],[21],[-5],[-6],[54],[91],[93],[78],[97],[50],[-31],[-101],[-132],[-121],[-136],[-131],[-73],[30],[58],[58],[53],[69],[69],[-11],[-61],[-103],[-110],[-149],[-156],[-101],[-51],[-68],[-83],[-33],[-37],[-56],[-69],[-116],[-160],[-227],[-292],[-308],[18],[356],[546],[485],[421],[514],[353],[49],[-216],[-347],[-483],[-567],[-426],[-197],[-12],[133],[266],[406],[396],[177],[-35],[-136],[-180],[-124],[-87],[-43],[2],[67],[136],[179],[139],[12],[-149],[-288],[-243],[-166],[-125],[-44],[158],[290],[315],[290],[234],[121],[-11],[-125],[-186],[-182],[-172],[-129],[-33],[142],[227],[193],[90],[57],[38],[-31],[-96],[-83],[-39],[16],[78],[154],[229],[213],[114],[60],[20],[-70],[-176],[-188],[-150],[-91],[-19],[21],[105],[154],[153],[138],[106],[59],[-3],[-82],[-80],[-38],[18],[27],[32],[64],[72],[29],[-22],[-32],[-72],[-111],[-105],[-26],[31],[90],[146],[151],[153],[125],[108],[51],[2],[-27],[-10],[-27],[-6],[8],[54],[75],[97],[104],[88],[25],[-3],[37],[10],[-25],[-35],[2],[0],[-10],[2],[28],[1],[0],[31],[3],[-22],[-24],[-23],[11],[-17],[-12],[-16],[-35],[-37],[-29],[-20],[-43],[-65],[-54],[-58],[-55],[-31],[-59],[-64],[-51],[-62],[-36],[-47],[-22],[-38],[-34],[-16],[-67],[-136],[-172],[-227],[-291],[-315],[-184],[122],[409],[468],[428],[506],[511],[285],[-19],[-219],[-364],[-468],[-530],[-381],[-138],[-24],[85],[239],[336],[278],[108],[2],[-63],[-72],[-71],[-42],[-23],[27],[81],[113],[75],[20],[-96],[-205],[-243],[-195],[-133],[-59],[34],[155],[274],[336],[270],[210],[136],[-8],[-117],[-165],[-210],[-236],[-188],[-61],[58],[117],[112],[128],[156],[129],[66],[58],[37],[26],[32],[52],[89],[84],[62],[-6],[-39],[-49],[-110],[-127],[-75],[-27],[16],[81],[131],[162],[171],[110],[68],[59],[-14],[-66],[-75],[-94],[-88],[-49],[-31],[20],[26],[29],[36],[7],[20],[6],[-25],[-35],[19],[49],[80],[78],[57],[58],[96],[72],[30],[50],[1],[-19],[-7],[13],[44],[66],[58],[54],[88],[81],[9],[-31],[-22],[-45],[-47],[-32],[-28],[-11],[-11],[8],[57],[20],[-31],[-34],[0],[6],[8],[32],[-13],[-30],[-37],[-34],[-75],[-86],[-96],[-83],[-54],[-61],[-51],[8],[-17],[-11],[10],[28],[-28],[-71],[-76],[-60],[-96],[-102],[-146],[-158],[-171],[-235],[-242],[-50],[196],[391],[412],[435],[442],[370],[196],[-67],[-240],[-391],[-504],[-491],[-338],[-149],[-52],[113],[260],[356],[300],[163],[84],[-13],[-64],[-86],[-69],[-75],[-53],[-8],[12],[17],[4],[-88],[-207],[-236],[-146],[-92],[-12],[134],[254],[309],[324],[279],[219],[44],[-127],[-211],[-245],[-244],[-207],[-106],[66],[172],[229],[264],[194],[122],[29],[-9],[-44],[-53],[-19],[11],[74],[153],[149],[81],[25],[-81],[-126],[-151],[-148],[-108],[-47],[74],[151],[213],[236],[188],[120],[63],[-42],[-124],[-156],[-141],[-133],[-75],[-31],[24],[58],[28],[21],[43],[61],[84],[138],[113],[98],[170],[153],[81],[-6],[-79],[-110],[-124],[-119],[-84],[1],[82],[138],[188],[212],[169],[85],[40],[-4],[-48],[-72],[-111],[-122],[-102],[-63],[-30],[-47],[-7],[-16],[-21],[9],[32],[22],[-10],[-14],[-15],[-49],[-42],[-81],[-116],[-84],[-86],[-67],[-47],[-24],[-45],[-68],[-64],[-104],[-171],[-238],[-267],[-214],[73],[344],[450],[387],[390],[442],[269],[15],[-193],[-317],[-424],[-460],[-296],[-120],[11],[110],[219],[344],[276],[154],[26],[-61],[-76],[-31],[-26],[-8],[28],[65],[114],[95],[33],[-53],[-157],[-256],[-253],[-176],[-69],[10],[104],[230],[277],[240],[185],[84],[-23],[-113],[-152],[-193],[-188],[-115],[-31],[70],[188],[210],[170],[133],[96],[45],[-9],[-29],[-39],[-39],[3],[35],[78],[97],[85],[25],[-8],[-43],[-99],[-104],[-91],[-64],[-12],[67],[108],[145],[157],[143],[73],[20],[-34],[-103],[-150],[-114],[-70],[-21],[34],[60],[113],[92],[53],[42],[-26],[-95],[-148],[-122],[-74],[-15],[30],[80],[105],[128],[129],[66],[32],[36],[13],[11],[59],[60],[58],[89],[83],[66],[49],[-16],[-18],[-19],[-32],[-36],[16],[44],[57],[85],[77],[64],[71],[16],[-6],[-23],[-16],[-35],[-3],[-21],[15],[24],[25],[46],[60],[23],[-18],[-37],[-21],[-29],[14],[6],[7],[28],[24],[33],[11],[-3],[12],[-20],[-48],[-35],[-59],[-76],[-60],[-33],[-35],[-32],[-8],[26],[42],[34],[48],[19],[-11],[-12],[-37],[-81],[-104],[-78],[-126],[-139],[-139],[-134],[-125],[-75],[-62],[-39],[-8],[9],[2],[12],[41],[51],[92],[149],[171],[113],[72],[59],[-13],[-98],[-152],[-159],[-177],[-162],[-103],[2],[47],[102],[144],[165],[142],[150],[74],[40],[24],[-11],[-11],[1],[-13],[-34],[-15],[13],[20],[2],[10],[-5],[9],[43],[97],[78],[122],[134],[107],[84],[82],[21],[-36],[-53],[-81],[-56],[-50],[-45],[16],[43],[58],[105],[78],[87],[96],[83],[60],[42],[34],[11],[-26],[-22],[18],[2],[-14],[-7],[17],[-21],[8],[18],[6],[9],[50],[50],[81],[88],[112],[70],[51],[29],[1],[-30],[-61],[-80],[-53],[-53],[-22],[29],[33],[45],[60],[61],[21],[-25],[-24],[-44],[-75],[-66],[-47],[-20],[2],[44],[43],[34],[44],[-14],[13],[-8],[-46],[-59],[-51],[-6],[-39],[-41],[-12],[-27],[-38],[-52],[-76],[-72],[-68],[-44],[-39],[-20],[-16],[-6],[0],[-19],[-49],[-123],[-177],[-213],[-178],[-82],[67],[197],[242],[283],[301],[258],[160],[12],[-133],[-207],[-242],[-252],[-179],[-80],[42],[99],[156],[187],[175],[86],[40],[-7],[4],[20],[44],[22],[81],[78],[73],[84],[27],[-59],[-144],[-132],[-115],[-73],[8],[90],[156],[185],[197],[167],[90],[37],[-53],[-120],[-144],[-109],[-103],[-71],[19],[124],[142],[105],[96],[73],[16],[-40],[-40],[-66],[-22],[-13],[-3],[52],[88],[105],[49],[34],[30],[-7],[-58],[-76],[-19],[12],[25],[59],[74],[106],[96],[52],[40],[53],[-7],[-48],[-5],[26],[39],[56],[78],[65],[42],[27],[35],[-5],[-35],[-13],[-18],[-23],[-16],[25],[18],[57],[25],[19],[41],[26],[18],[39],[18],[4],[10],[0],[-29],[-48],[-15],[-34],[-14],[-34],[-50],[-27],[-39],[-44],[-56],[-65],[-43],[-54],[-30],[-19],[-40],[-22],[-38],[-46],[-69],[-124],[-153],[-167],[-155],[-128],[-84],[-42],[-17],[14],[4],[-10],[-40],[-5],[67],[66],[73],[121],[110],[92],[90],[18],[-66],[-92],[-135],[-137],[-92],[-38],[-8],[54],[154],[210],[178],[143],[83],[74],[11],[-48],[-53],[-77],[-83],[-34],[5],[60],[88],[90],[98],[130],[111],[81],[45],[48],[90],[73],[47],[41],[70],[39],[12],[20],[47],[20],[-8],[4],[42],[73],[92],[131],[119],[119],[121],[79],[50],[7],[-46],[-72],[-102],[-113],[-78],[-78],[-46],[32],[67],[83],[92],[102],[51],[8],[-20],[-26],[-89],[-141],[-155],[-122],[-119],[-107],[-66],[-37],[-53],[-64],[-42],[-87],[-122],[-207],[-236],[-243],[-198],[34],[276],[378],[380],[321],[331],[261],[9],[-251],[-386],[-418],[-405],[-299],[-109],[40],[142],[266],[343],[322],[230],[45],[-76],[-92],[-100],[-90],[-56],[-17],[8],[54],[83],[21],[-63],[-123],[-190],[-182],[-84],[30],[102],[178],[308],[362],[296],[182],[88],[-4],[-115],[-190],[-188],[-144],[-63],[11],[151],[233],[248],[235],[147],[84],[61],[50],[-16],[-45],[-27],[27],[26],[36],[75],[41],[-19],[-36],[-6],[-3],[-17],[26],[45],[89],[116],[59],[-11],[-60],[-90],[-149],[-142],[-111],[-118],[-64],[-35],[11],[35],[15],[-45],[-67],[-127],[-164],[-227],[-266],[-280],[-254],[-226],[-163],[1],[171],[331],[427],[367],[301],[223],[97],[-91],[-212],[-312],[-327],[-309],[-208],[-99],[13],[112],[147],[163],[153],[93],[27],[24],[22],[69],[67],[48],[35],[30],[-18],[-43],[-59],[-141],[-167],[-116],[-57],[55],[149],[211],[262],[324],[260],[200],[112],[24],[-55],[-93],[-110],[-88],[-23],[9],[51],[118],[140],[152],[121],[83],[90],[98],[75],[80],[72],[54],[44],[47],[9],[-21],[-32],[-84],[-66],[-71],[-76],[-39],[-18],[12],[28],[9],[-14],[-45],[-30],[-61],[-91],[-83],[-119],[-157],[-148],[-119],[-132],[-131],[-151],[-117],[-123],[-144],[-143],[-131],[-32],[66],[149],[180],[196],[169],[124],[78],[-43],[-140],[-179],[-206],[-199],[-133],[-36],[25],[104],[153],[217],[196],[154],[115],[107],[73],[55],[24],[15],[-10],[-13],[9],[-27],[0],[59],[77],[98],[170],[195],[176],[138],[112],[93],[39],[-29],[-32],[-19],[-6],[32],[48],[95],[72],[57],[66],[27],[27],[-26],[-11],[-10],[12],[62],[80],[49],[11],[5],[-15],[-79],[-122],[-107],[-133],[-109],[-94],[-26],[-40],[-21],[-44],[-63],[-78],[-116],[-152],[-128],[-136],[-151],[-141],[-83],[9],[118],[145],[139],[122],[94],[30],[-54],[-129],[-154],[-183],[-172],[-104],[-43],[48],[136],[175],[197],[192],[132],[97],[42],[-4],[-36],[-52],[-21],[7],[53],[62],[92],[117],[116],[98],[80],[64],[81],[52],[36],[73],[95],[68],[52],[34],[40],[22],[-11],[4],[-7],[-3],[32],[62],[71],[70],[61],[65],[44],[-14],[-13],[-65],[-77],[-64],[-53],[-21],[-21],[-8],[-7],[-28],[-14],[-51],[-98],[-127],[-103],[-124],[-95],[-96],[-88],[-50],[-59],[-68],[-39],[-63],[-8],[11],[-4],[12],[52],[56],[46],[58],[40],[6],[-28],[-22],[-61],[-67],[-43],[-49],[-29],[36],[56],[72],[100],[140],[109],[99],[54],[39],[-9],[0],[-11],[-11],[12],[48],[56],[65],[85],[94],[68],[57],[52],[4],[10],[45],[37],[27],[57],[50],[38],[22],[9],[8],[-29],[-32],[-34],[-24],[27],[21],[14],[25],[69],[21],[-8],[9],[-19],[-36],[-36],[-56],[-29],[-42],[-54],[-45],[-10],[-23],[-43],[-20],[-19],[-18],[12],[-19],[34],[32],[9],[14],[9],[41],[18],[0],[12],[-14],[-16],[22],[22],[9],[26],[6],[-20],[16],[-8],[-23],[14],[17],[20],[38],[79],[58],[51],[72],[42],[8],[0],[-10],[-28],[-20],[-20],[11],[5],[14],[22],[31],[75],[71],[44],[35],[53],[22],[4],[8],[-31],[-23],[-53],[-64],[-32],[-39],[-44],[-13],[-14],[2],[36],[13],[4],[-6],[35],[-6],[5],[21],[4],[-25],[-3],[-21],[-48],[-73],[-61],[-77],[-56],[-20],[-31],[-12],[52],[57],[44],[48],[50],[28],[4],[-8],[14],[-19],[0],[11],[-13],[21],[6],[0],[30],[29],[32],[56],[65],[57],[59],[75],[51],[60],[61],[32],[25],[13],[27],[3],[-14],[-12],[8],[9],[24],[58],[49],[32],[42],[67],[69],[34],[2],[18],[-3],[-47],[-55],[-50],[-33],[-58],[-44],[-5],[0],[12],[19],[11],[-14],[2],[-15],[-22],[-20],[-3],[-20],[-35],[-43],[-30],[-50],[-60],[-21],[-23],[-35],[2],[1],[-3],[15],[46],[25],[9],[20],[30],[13],[9],[-7],[-11],[-14],[19],[17],[18],[25],[27],[29],[58],[36],[3],[18],[6],[13],[16],[25],[56],[64],[40],[45],[51],[44],[45],[13],[45],[32],[13],[36],[31],[36],[67],[32],[28],[37],[10],[-6],[-6],[-23],[4],[1],[-15],[-7],[31],[21],[4],[2],[-9],[-15],[-6],[-24],[-7],[-32],[-41],[-22],[-27],[-24],[-9],[-11],[10],[16],[-12],[-14],[-5],[-35],[-43],[-40],[-37],[-42],[-34],[4],[-21],[-21],[0],[22],[6],[-6],[16],[11],[10],[15],[25],[52],[9],[0],[19],[-30],[-49],[-56],[-22],[-7],[-20],[6],[54],[56],[55],[74],[59],[36],[20],[35],[-4],[28],[10],[3],[27],[21],[25],[26],[31],[6],[28],[19],[-7],[-14],[25],[9],[21],[-4],[0],[32],[0],[-20],[-30],[-30],[-33],[-11],[-23],[5],[-8],[-11],[21],[3],[-23],[-18],[-20],[-42],[-43],[-45],[-56],[-22],[-21],[-23],[-16],[-10],[4],[32],[4],[-24],[-26],[-19],[-41],[-12],[-14],[-7],[11],[42],[29],[20],[26],[25],[11],[21],[2],[12],[23],[34],[26],[56],[68],[43],[35],[57],[8],[0],[4],[26],[22],[33],[69],[66],[59],[72],[58],[33],[24],[37],[20],[6],[20],[38],[33],[29],[52],[46],[18],[-11],[13],[1],[-13],[-13],[18],[16],[18],[40],[49],[28],[4],[8],[-10],[-37],[-42],[-11],[-14],[-18],[-7],[26],[48],[26],[2],[18],[4],[-31],[-32],[-41],[-52],[-23],[-31],[-31],[-19],[9],[-15],[-31],[-26],[6],[-16],[-30],[4],[1],[-14],[-17],[0],[8],[-9],[-27],[-11],[-12],[-26],[-24],[-10],[-20],[-16],[2],[-8],[18],[17],[13],[34],[46],[41],[35],[44],[42],[11],[32],[10],[-19],[-18],[25],[21],[36],[62],[48],[88],[65],[33],[28],[4],[13],[-4],[15],[36],[19],[19],[45],[33],[13],[11],[8],[-7],[0],[36],[35],[25],[45],[57],[28],[19],[3],[10],[-35],[-28],[-46],[-27],[-10],[-18],[-22],[26],[4],[0],[25],[-9],[-4],[3],[10],[25],[2],[0],[30],[17],[12],[33],[12],[-8],[0],[-4],[-23],[-38],[-22],[-5],[-6],[-3],[42],[24],[12],[9],[27],[-4],[-32],[-8],[-17],[-14],[2],[33],[23],[11],[11],[8],[14],[-12],[-18],[12],[-12],[2],[2],[7],[0],[38],[31],[5],[24],[6],[36],[24],[12],[11],[-3],[17],[4],[-11],[-4],[4],[10],[16],[30],[44],[36],[31],[22],[34],[6],[6],[6],[35],[11],[-11],[43],[36],[11],[27],[4],[4],[22],[10],[9],[25],[10],[16],[49],[37],[11],[16],[23],[8],[-16],[6],[-9],[-14],[4],[24],[12],[9],[0],[-8],[16],[5],[0],[-6],[33],[32],[28],[36],[44],[10],[10],[8],[-26],[-43],[-14],[-15],[-28],[-13],[5],[11],[8],[40],[36],[23],[8],[22],[-9],[-28],[0],[-34],[-30],[-32],[0],[-35],[-16],[15],[1],[-11],[21],[19],[51],[27],[5],[3],[-14],[-31],[-28],[-15],[-27],[-22],[-8],[37],[33],[62],[56],[58],[78],[33],[21],[40],[4],[-3],[10],[-4],[1],[28],[18],[13],[22],[45],[36],[29],[46],[41],[25],[33],[34],[26],[21],[51],[23],[8],[-7],[-5],[-13],[-22],[-13],[-21],[2],[-10],[-3],[12],[24],[21],[16],[44],[19],[-16],[-32],[-27],[-38],[-35],[-6],[-17],[-22],[16],[12],[-3],[7],[14],[-16],[-33],[3],[-8],[-15],[12],[33],[26],[48],[37],[10],[4],[7],[-20],[-29],[12],[-4],[-13],[3],[47],[50],[40],[35],[48],[25],[5],[20],[1],[-26],[4],[-34],[-7],[14],[6],[0],[21],[9],[10],[31],[48],[34],[16],[29],[41],[27],[8],[27],[3],[-13],[1],[9],[-14],[-11],[13],[5],[13],[45],[29],[6],[4],[-3],[14],[-6],[-15],[-26],[-22],[18],[-7],[-6],[20],[4],[-21],[-26],[-3],[-38],[-49],[-30],[-11],[-17],[-24],[21],[5],[32],[9],[7],[2],[-11],[-16],[-28],[-15],[-15],[-32],[13],[2],[1],[32],[51],[30],[11],[12],[21],[9],[23],[41],[30],[35],[35],[32],[50],[26],[4],[11],[-7],[1],[4],[29],[28],[46],[55],[52],[49],[68],[34],[45],[20],[-5],[3],[2],[-14],[-14],[30],[22],[9],[44],[52],[43],[36],[52],[17],[25],[-8],[-22],[1],[-28],[-40],[0],[5],[-5],[17],[5],[-14],[13],[8],[-28],[3],[-14],[-23],[-13],[24],[13],[-8],[8],[-7],[-12],[-11],[-38],[-29],[-35],[0],[-6],[-7],[10],[43],[22],[3],[-3],[13],[-29],[-48],[-11],[-27],[-39],[-13],[12],[9],[36],[22],[13],[24],[18],[-17],[-14],[-14],[17],[11],[10],[20],[24],[48],[30],[8],[14],[0],[-7],[6],[19],[15],[14],[50],[32],[21],[27],[9],[1],[-6],[-7],[-7],[0],[3],[6],[11],[20],[21],[37],[11],[-6],[20],[-15],[-31],[2],[-20],[-8],[24],[16],[3],[15],[19],[-5],[-23],[-28],[-24],[-20],[-13],[-5],[-5],[-3],[29],[6],[1],[24],[4],[-17],[-21],[6],[-15],[2],[21],[13],[8],[34],[21],[1],[-8],[13],[-5],[2],[28],[15],[9],[8],[9],[25],[8],[1],[20],[3],[0],[21],[19],[11],[8],[38],[27],[18],[20],[4],[6],[7],[10],[12],[11],[37],[23],[15],[17],[43],[19],[0],[4],[1],[-4],[2],[29],[10],[-11],[-5],[5],[5],[2],[-10],[-7],[25],[11],[-5],[13],[4],[2],[-4],[-11],[-12],[-18],[22],[12],[1],[3],[31],[19],[7],[13],[24],[10],[9],[30],[12],[3],[34],[3],[-3],[18],[2],[-15],[-20],[4],[-4],[-12],[29],[13],[-7],[1],[29],[21],[17],[28],[38],[21],[6],[17],[17],[-3],[0],[-13],[4],[-13],[-6],[2],[-7],[20],[1],[8],[30],[14],[1],[36],[29],[14],[4],[28],[-10],[-15],[-18],[-23],[3],[-10],[-7],[27],[20],[14],[16],[13],[6],[10],[5],[3],[-7],[16],[-7],[14],[-5],[-14],[16],[8],[-10],[0],[25],[1],[-3],[-7],[11],[-12],[2],[11],[2],[21],[5],[2],[26],[2],[-8],[13],[-13],[-16],[2],[29],[3],[29],[9],[21],[1],[-3],[17],[-3],[-20],[12],[5],[-11],[-16],[-7],[-24],[0],[11],[-4],[5],[39],[30],[12],[9],[11],[0],[15],[-8],[-30],[-26],[12],[3],[-3],[13],[45],[32],[32],[54],[35],[15],[21],[17],[-13],[-16],[2],[-18],[-13],[10],[28],[25],[11],[42],[33],[19],[17],[14],[35],[20],[41],[27],[28],[47],[20],[9],[5],[-3],[-14],[-18],[-13],[-7],[15],[27],[19],[18],[17],[16],[14],[11],[32],[9],[-10],[1],[-15],[-8],[11],[-11],[-31],[-18],[-9],[-23],[-17],[14],[2],[8],[31],[8],[-8],[16],[2],[-29],[0],[-19],[-35],[-29],[-24],[-24],[-22],[-24],[-27],[6],[-19],[-22],[17],[-5],[-14],[8],[-13],[-14],[3],[-21],[9],[-7],[-23],[-22],[9],[-11],[20],[-3],[2],[0],[28],[11],[-6],[-6],[17],[0],[11],[18],[43],[18],[28],[15],[38],[20],[5],[21],[9],[24],[19],[49],[35],[25],[24],[41],[18],[3],[34],[0],[18],[32],[21],[20],[44],[21],[45],[25],[2],[-3],[18],[2],[10],[33],[22],[13],[40],[30],[8],[0],[16],[-13],[-30],[-26],[6],[-11],[-5],[17],[5],[19],[14],[-6],[6],[-20],[-28],[0],[-15],[-31],[-28],[7],[-7],[-16],[17],[9],[0],[-4],[14],[25],[12],[-10],[22],[9],[-10],[-8],[18],[-10],[-16],[10],[-11],[-10],[18],[2],[-10],[32],[25],[19],[26],[48],[32],[15],[26],[31],[6],[-17],[8],[21],[12],[8],[44],[35],[24],[34],[17],[13],[21],[-5],[-15],[22],[13],[7],[49],[34],[19],[14],[27],[1],[-20],[-20],[-20],[8],[3],[24],[43],[24],[29],[21],[37],[-4],[-30],[-35],[-36],[-15],[-28],[10],[19],[10],[23],[36],[16],[3],[14],[-13],[-34],[-31],[-22],[-22],[30],[26],[27],[51],[19],[-4],[16],[-8],[-30],[-34],[-3],[-19],[8],[47],[36],[36],[52],[28],[3],[1],[-10],[-30],[-28],[7],[-11],[20],[17],[40],[58],[35],[36],[61],[27],[0],[20],[-8],[-14],[-17],[-18],[-18],[13],[7],[16],[44],[29],[5],[34],[24],[0],[9],[-12],[-10],[25],[12],[-7],[12],[17],[3],[3],[32],[14],[-10],[16],[3],[6],[1],[24],[0],[-11],[24],[11],[-19],[0],[-19],[17],[6],[-6],[13],[24],[5],[24],[27],[5],[-13],[-23],[-18],[20],[-11],[-4],[-15],[28],[24],[11],[5],[42],[28],[7],[5],[33],[6],[4],[11],[-7],[25],[28],[10],[28],[36],[6],[0],[26],[13],[4],[5],[29],[21],[12],[14],[34],[19],[11],[9],[25],[4],[10],[14],[10],[11],[17],[11],[6],[18],[-7],[-14],[5],[-26],[9],[3],[2],[12],[18],[58],[33],[27],[19],[10],[-7],[16],[1],[-15],[-9],[6],[0],[12],[30],[16],[11],[8],[22],[-3],[-10],[18],[2],[9],[42],[29],[12],[7],[24],[-8],[-13],[10],[-10],[-21],[-16],[16],[10],[15],[41],[5],[-6],[4],[-3],[-28],[-29],[2],[-23],[-12],[-4],[5],[5],[3],[-4],[8],[-8],[-11],[-14],[13],[6],[2],[4],[5],[1],[35],[17],[-3],[-4],[26],[6],[-15],[20],[27],[12],[0],[41],[33],[16],[5],[2],[3],[3],[1],[23],[14],[14],[38],[26],[14],[27],[33],[3],[0],[2],[1],[11],[4],[41],[30],[18],[21],[35],[31],[10],[4],[-4],[17],[1],[-15],[4],[10],[2],[11],[18],[34],[11],[34],[13],[-10],[3],[-26],[-22],[7],[-11],[-10],[32],[26],[10],[6],[31],[-6],[-12],[16],[-15],[-13],[16],[4],[-13],[0],[17],[6],[-13],[3],[9],[-7],[-20],[16],[15],[2],[-12],[30],[1],[-3],[4],[-13],[18],[-11],[7],[-6],[10],[0],[3],[2],[36],[13],[2],[12],[23],[7],[-4],[1],[3],[22],[10],[13],[41],[24],[10],[20],[11],[30],[17],[0],[27],[25],[7],[0],[18],[-4],[31],[15],[4],[8],[36],[5],[5],[5],[28],[6],[-11],[-11],[-13],[-6],[0],[3],[35],[20],[2],[20],[19],[-6],[-6],[-24],[0],[-10],[-5],[15],[0],[17],[17],[0],[-6],[18],[-10],[-7],[27],[11],[4],[45],[29],[12],[10],[29],[0],[-13],[9],[-7],[-16],[-11],[17],[0],[29],[20],[5],[38],[19],[-3],[-6],[22],[1],[0],[26],[19],[6],[5],[-3],[-6],[13],[-7],[-6],[27],[12],[13],[19],[24],[25],[29],[8],[23],[-6],[-14],[-21],[-5],[-17],[-11],[0],[40],[32],[18],[21],[50],[24],[20],[41],[19],[-7],[-10],[2],[-8],[16],[23],[-3],[1],[22],[-5],[11],[18],[-3],[2],[0],[3],[6],[11],[16],[29],[12],[-8],[18],[14],[-4],[2],[30],[-3],[-6],[2],[2],[28],[17],[11],[18],[42],[19],[44],[29],[11],[20],[26],[8],[-7],[25],[3],[-5],[25],[18],[8],[11],[40],[27],[11],[11],[44],[13],[9],[2],[0],[18],[-2],[-17],[-6],[-12],[0],[9],[43],[12],[6],[9],[3],[27],[-5],[13],[1],[35],[22],[4],[20],[31],[5],[3],[17],[2],[0],[18],[1],[5],[5],[17],[11],[27],[6],[7],[13],[0],[21],[8],[-13],[6],[11],[-3],[-8],[30],[21],[4],[20],[29],[11],[-7],[8],[17],[1],[-15],[10],[21],[6],[3],[27],[14],[-3],[8],[13],[-7],[-18],[0],[12],[-8],[0],[4],[5],[6],[25],[12],[5],[27],[11],[-14],[18],[5],[-14],[18],[19],[1],[6],[4],[2],[16],[0],[4],[22],[14],[7],[22],[2],[16],[5],[17],[3],[21],[11],[29],[15],[6],[36],[26],[10],[11],[6],[21],[4],[21],[36],[23],[10],[36],[22],[6],[19],[6],[6],[8],[27],[11],[-5],[0],[14],[-8],[0],[25],[8],[0],[33],[18],[5],[4],[29],[8],[-11],[18],[5],[-15],[-16],[-22],[-20],[15],[6],[0],[-3],[23],[7],[-12],[1],[6],[-21],[-22],[4],[-17],[-28],[-32],[-19],[-13],[-23],[-20],[7],[-16],[15],[9],[12],[40],[25],[6],[1],[20],[0],[-20],[-11],[-17],[-25],[18],[11],[3],[9],[39],[28],[16],[24],[32],[0],[9],[14],[7],[27],[6],[8],[25],[4],[10],[36],[15],[10],[15],[5],[30],[1],[33],[17],[3],[2],[-8],[0],[34],[2],[34],[20],[7],[3],[27],[11],[-8],[-10],[-14],[14],[-3],[-15],[-18],[-17],[-9],[-15],[9],[-13],[-13],[-15],[-20],[-18],[-12],[-19],[4],[4],[-9],[-22],[5],[-6],[-17],[2],[14],[-3],[-17],[2],[8],[-14],[-11],[5],[17],[-6],[27],[14],[-3],[-5],[22],[0],[19],[-15],[-14],[17],[3],[-12],[8],[0],[24],[28],[17],[7],[26],[23],[3],[-15],[-11],[-11],[-13],[12],[0],[8],[11],[8],[9],[6],[4],[-8],[-10],[-2],[0],[3],[4],[5],[4],[26],[5],[-15],[18],[5],[-19],[0],[14],[6],[12],[33],[20],[5],[36],[17],[2],[-7],[18],[2],[-12],[-7],[21],[4],[-5],[6],[8],[28],[11],[-4],[11],[20],[-5],[-6],[-7],[23],[10],[-3],[16],[23],[13],[1],[2],[13],[-5],[12],[19],[10],[13],[31],[0],[25],[4],[-12],[21],[-2],[5],[34],[21],[13],[16],[41],[22],[16],[42],[5],[0],[16],[22],[5],[11],[3],[8],[0],[4],[12],[-5],[2],[25],[13],[1],[4],[33],[23],[5],[4],[29],[1],[-5],[-7],[9],[-12],[-7],[-10],[17],[18],[3],[0],[32],[24],[9],[3],[28],[14],[-3],[2],[21],[-3],[-8],[27],[-5],[14],[24],[5],[-8],[16],[6],[33],[13],[5],[5],[5],[-3],[14],[22],[6],[-6],[9],[-11],[16],[19],[1],[8],[31],[7],[5],[11],[-4],[30],[16],[3],[4],[6],[-14],[22],[13],[2],[19],[5],[8],[10],[10],[24],[11],[14],[41],[18],[23],[17],[42],[23],[8],[5],[20],[23],[1],[1],[26],[0],[4],[21],[9],[24],[30],[15],[10],[35],[6],[1],[28],[10],[-3],[0],[19],[-5],[10],[22],[2],[3],[33],[17],[4],[0],[28],[15],[0],[14],[21],[3],[-7],[13],[-8],[-11],[14],[-8],[4],[-16],[-13],[25],[0],[33],[4],[27],[12],[7],[27],[-9],[9],[17],[-9],[-12],[19],[-11],[-10],[-5],[0],[28],[6],[4],[32],[10],[-4],[-5],[-10],[-11],[24],[10],[-5],[-4],[23],[11],[2],[20],[14],[8],[29],[7],[-6],[-6],[2],[2],[25],[9],[12],[36],[8],[16],[27],[8],[-14],[5],[-7],[14],[3],[7],[25],[6],[14],[1],[27],[6],[-7],[12],[20],[11],[12],[37],[26],[12],[11],[4],[26],[10],[-8],[18],[8],[-11],[6],[9],[0],[14],[36],[11],[33],[14],[-3],[10],[23],[7],[-10],[12],[9],[-11],[4],[19],[-7],[5],[-10],[27],[1],[-15],[4],[17],[1],[-11],[16],[10],[-11],[-13],[-16],[11],[3],[-7],[-4],[10],[0],[32],[5],[-3],[21],[-10],[-11],[26],[10],[-4],[11],[16],[7],[14],[-7],[5],[12],[-12],[-16],[12],[-7],[-8],[24],[0],[30],[24],[3],[4],[27],[-3],[12],[-2],[-13],[20],[-11],[-14],[-15],[24],[17],[-3],[24],[11],[6],[32],[11],[-10],[9],[13],[-7],[-5],[26],[-7],[24],[13],[-3],[2],[27],[15],[10],[32],[6],[3],[2],[13],[-6],[31],[13],[0],[31],[14],[-3],[19],[0],[-15],[26],[-4],[4],[29],[2],[6],[20],[6],[-8],[13],[12],[-10],[-9],[15],[-3],[5],[33],[8],[29],[10],[5],[29],[12],[-5],[6],[9],[-8],[-3],[25],[11],[1],[6],[20],[5],[-13],[16],[8],[-8],[9],[22],[11],[2],[24],[6],[0],[28],[-5],[22],[-10],[6],[-10],[-8],[12],[-4],[-6],[23],[7],[-7],[14],[17],[-3],[4],[25],[5],[29],[10],[-4],[9],[16],[-5],[-8],[-4],[-12],[16],[15],[0],[20],[2],[-10],[26],[2],[8],[36],[28],[11],[5],[29],[10],[-4],[23],[6],[-9],[-7],[20],[7],[-6],[-5],[-5],[-6],[0],[27],[15],[4],[21],[29],[4],[0],[19],[3],[-15],[-3],[-15],[-13],[9],[14],[-4],[-3],[28],[13],[0],[3],[3],[-5],[3],[12],[-5],[-19],[12],[4],[-6],[-6],[-13],[-7],[11],[1],[0],[29],[1],[4],[28],[12],[1],[13],[22],[-5],[8],[19],[-5],[5],[18],[4],[-6],[1],[20],[30],[12],[-7],[28],[-4],[-8],[13],[1],[-8],[25],[9],[-5],[14],[19],[-4],[0],[8],[-13],[6],[19],[5],[-7],[22],[2],[5],[0],[19],[-5],[26],[13],[-8],[-8],[-10],[0],[5],[-13],[5],[15],[-4],[-5],[24],[12],[0],[-4],[32],[16],[0],[-5],[27],[11],[-6],[-8],[21],[3],[0],[7],[-4],[16],[0],[1],[2],[5],[-3],[8],[21],[2],[1],[26],[11],[-3],[17],[26],[-3],[-4],[-3],[1],[21],[10],[2],[19],[26],[8],[9],[31],[10],[-7],[28],[0],[18],[19],[9],[-5],[32],[18],[5],[20],[8],[3],[31],[-5],[7],[-11],[-8],[-3],[35],[3],[3],[4],[29],[13],[-5],[0],[13],[-7],[-15],[19],[4],[-7],[7],[22],[8],[-8],[24],[2],[-15],[0],[0],[-19],[2],[-13],[-12],[16],[-5],[-12],[18],[-8],[-8],[29],[17],[1],[29],[16],[5],[22],[27],[3],[0],[15],[-4],[-19],[1],[-19],[13],[5],[-5],[18],[4],[35],[12],[7],[16],[-4],[0],[19],[0],[1],[35],[9],[10],[24],[6],[37],[21],[3],[19],[32],[14],[12],[12],[12],[11],[28],[-5],[-7],[20],[9],[-4],[6],[9],[9],[8],[10],[26],[-3],[-8],[23],[9],[-3],[4],[31],[22],[9],[16],[5],[26],[4],[-15],[0],[9],[-5],[0],[26],[12],[1],[2],[22],[5],[-14],[2],[5],[-12],[-6],[-8],[24],[1],[3],[0],[-7],[-14],[-16],[0],[-15],[5],[18],[1],[-3],[20],[28],[18],[1],[29],[15],[-9],[5],[21],[6],[3],[33],[21],[7],[16],[25],[9],[6],[27],[14],[-4],[5],[30],[15],[21],[25],[18],[33],[14],[2],[1],[8],[-5],[19],[33],[9],[29],[12],[8],[14],[25],[4],[0],[25],[2],[5],[11],[13],[13],[13],[28],[2],[10],[-6],[-7],[-6],[-5],[23],[9],[-5],[14],[5],[25],[7],[5],[31],[8],[11],[-7],[22],[6],[-10],[12],[5],[7],[3],[16],[27],[1],[2],[21],[9],[-6],[32],[20],[8],[18],[31],[7],[20],[6],[3],[0],[26],[5],[2],[24],[30],[12],[11],[15],[41],[19],[1],[14],[22],[5],[-10],[18],[9],[-5],[28],[5],[16],[9],[9],[6],[35],[18],[5],[6],[5],[17],[3],[20],[20],[4],[3],[1],[-5],[2],[1],[5],[5],[30],[1],[17],[24],[7],[-12],[8],[5],[-10],[8],[17],[-11],[2],[16],[0],[1],[20],[6],[9],[33],[20],[4],[10],[0],[16],[14],[4],[3],[27],[11],[-7],[-5],[26],[-5],[17],[19],[3],[6],[32],[1],[4],[20],[8],[9],[23],[7],[0],[16],[-7],[-5],[10],[0],[6],[7],[41],[28],[13],[15],[8],[35],[19],[4],[2],[27],[-4],[26],[3],[0],[2],[-10],[-7],[-4],[15],[29],[17],[4],[13],[38],[26],[9],[5],[29],[-7],[3],[-15],[12],[18],[6],[5],[6],[5],[33],[8],[10],[-9],[7],[-10],[3],[18],[-3],[0],[-4],[-6],[12],[-5],[11],[13],[-8],[20],[4],[-6],[32],[18],[4],[8],[9],[0],[25],[5],[-9],[-7],[-7],[-4],[9],[1],[34],[17],[4],[19],[1],[12],[-4],[-11],[-12],[-12],[-7],[8],[21],[-4],[31],[21],[3],[31],[17],[5],[35],[17],[4],[8],[29],[3],[22],[6],[3],[30],[16],[0],[1],[4],[6],[7],[24],[8],[5],[14],[26],[8],[0],[34],[19],[3],[4],[4],[-5],[23],[13],[-4],[-4],[27],[16],[5],[4],[7],[5],[21],[5],[4],[28],[12],[-5],[0],[27],[11],[0],[15],[-4],[15],[2],[3],[-5],[-5],[-3],[0],[27],[6],[5],[0],[26],[7],[-11],[-12],[11],[-14],[-15],[17],[4],[-9],[8],[16],[0],[-6],[1],[-12],[12],[9],[-8],[-8],[20],[-6],[-9],[19],[2],[-13],[8],[12],[-3],[-6],[0],[-6],[17],[-3],[16],[2],[0],[25],[12],[-4],[0],[21],[-4],[5],[0],[30],[20],[4],[3],[-6],[17],[1],[-3],[4],[9],[39],[22],[1],[16],[18],[-3],[3],[30],[16],[2],[3],[20],[4],[-13],[24],[13],[4],[7],[3],[35],[21],[10],[9],[31],[11],[-13],[25],[10],[-12],[-11],[11],[-8],[2],[24],[3],[27],[5],[-12],[-14],[4],[-13],[-6],[-7],[20],[10],[-5],[-5],[22],[5],[-12],[0],[16],[1],[-14],[8],[-4],[13],[-4],[1],[24],[8],[-7],[29],[13],[1],[4],[0],[3],[4],[28],[12],[0],[0],[-5],[-7],[18],[-3],[0],[28],[1],[6],[6],[24],[27],[4],[18],[25],[9],[0],[32],[15],[2],[5],[31],[-3],[-3],[20],[-6],[11],[22],[4],[1],[1],[5],[4],[18],[-6],[-11],[-7],[20],[5],[-9],[12],[20],[4],[-6],[30],[17],[1],[-4],[-11],[4],[1],[15],[-3],[0],[20],[-7],[19],[1],[-10],[10],[18],[-5],[0],[24],[2],[6],[31],[12],[-6],[8],[20],[1],[1],[29],[0],[11],[0],[28],[22],[4],[2],[25],[3],[-13],[21],[0],[24],[5],[6],[36],[2],[18],[28],[16],[-4],[0],[0],[32],[0],[32],[10],[0],[24],[22],[7],[8],[34],[19],[6],[2],[26],[2],[0],[29],[13],[-8],[-7],[14],[2],[-6],[14],[3],[8],[8],[0],[35],[15],[0],[-3],[-4],[13],[22],[8],[-6],[0],[29],[13],[-6],[20],[-10],[-5],[6],[-11],[11],[21],[1],[-3],[-6],[9],[-7],[16],[-4],[1],[10],[-3],[3],[1],[-6],[13],[-5],[2],[-3],[13],[25],[2],[31],[8],[0],[-6],[10],[-8],[0],[26],[14],[2],[35],[18],[-6],[1],[1],[19],[5],[5],[33],[17],[-7],[-6],[1],[3],[27],[2],[-3],[3],[17],[1],[1],[28],[0],[2],[25],[9],[8],[33],[11],[-6],[25],[-6],[-7],[-3],[-4],[4],[0],[28],[17],[-3],[0],[30],[4],[2],[20],[6],[-9],[8],[17],[4],[-12],[20],[-7],[-3],[9],[-7],[31],[12],[-7],[12],[12],[1],[-14],[17],[9],[-11],[8],[-4],[-7],[20],[-6],[-7],[20],[2],[-16],[27],[14],[-3],[0],[1],[-3],[10],[-10],[-6],[22],[6],[-11],[5],[-7],[-4],[-3],[13],[-6],[-11],[19],[2],[-12],[-7],[29],[14],[-3],[1],[22],[6],[-8],[32],[19],[6],[5],[30],[9],[-6],[32],[10],[-6],[28],[4],[-12],[20],[6],[-6],[1],[21],[5],[12],[-4],[32],[4],[18],[-3],[18],[5],[6],[13],[-6],[16],[11],[-7],[8],[18],[-6],[19],[4],[-8],[13],[2],[1],[31],[13],[-5],[11],[2],[0],[25],[-12],[26],[-6],[20],[2],[-11],[29],[6],[-11],[7],[-10],[18],[-6],[-6],[-5],[-4],[26],[12],[-4],[0],[17],[1],[-18],[-6],[-12],[11],[-5],[-4],[24],[14],[-4],[16],[26],[10],[2],[30],[17],[-9],[9],[-8],[20],[14],[-3],[0],[-6],[13],[-4],[27],[14],[0],[15],[23],[3],[5],[17],[1],[1],[28],[14],[-3],[28],[10],[8],[32],[21],[3],[9],[31],[13],[-3],[28],[3],[-5],[19],[2],[1],[13],[2],[3],[22],[-4],[24],[23],[4],[5],[27],[13],[2],[3],[0],[20],[4],[22],[3],[2],[29],[17],[-5],[32],[20],[4],[33],[17],[8],[3],[13],[-4],[10],[25],[13],[0],[14],[22],[1],[2],[1],[25],[12],[3],[17],[26],[8],[0],[24],[23],[8],[33],[15],[-4],[36],[15],[-4],[11],[24],[13],[-5],[25],[20],[3],[21],[3],[29],[17],[3],[6],[29],[13],[1],[24],[20],[5],[23],[9],[0],[5],[3],[13],[0],[28],[22],[10],[6],[18],[-3],[18],[11],[0],[5],[30],[13],[2],[16],[-4],[16],[18],[3],[17],[27],[4],[5],[5],[40],[26],[8],[33],[12],[-4],[26],[8],[-8],[18],[17],[3],[32],[23],[9],[8],[37],[6],[30],[4],[32],[17],[0],[2],[4],[5],[30],[14],[1],[10],[27],[16],[8],[6],[3],[10],[37],[3],[29],[13],[1],[34],[8],[5],[2],[2],[19],[5],[8],[27],[6],[4],[20],[17],[5],[2],[29],[10],[8],[29],[12],[-3],[2],[0],[18],[-5],[1],[2],[11],[0],[31],[12],[1],[0],[24],[0],[-4],[17],[-3],[-5],[24],[-5],[29],[15],[2],[5],[32],[17],[0],[1],[4],[16],[-7],[0],[27],[12],[-5],[10],[-4],[27],[-4],[-7],[20],[18],[4],[2],[31],[15],[2],[2],[26],[12],[-5],[13],[22],[6],[-10],[24],[-5],[13],[2],[4],[26],[9],[-3],[12],[19],[6],[-7],[3],[5],[29],[14],[-4],[0],[25],[12],[0],[13],[-7],[28],[24],[10],[12],[35],[21],[3],[12],[-5],[16],[23],[10],[-5],[32],[20],[2],[2],[-4],[18],[2],[2],[29],[18],[3],[5],[30],[0],[23],[5],[-9],[18],[-5],[-7],[-7],[-8],[-4],[28],[-5],[0],[4],[2],[-12],[16],[16],[2],[-8],[24],[-7],[-8],[-8],[-10],[-14],[7],[-13],[2],[14],[-6],[-5],[-7],[-4],[18],[-11],[26],[14],[1],[-8],[21],[12],[-8],[-11],[-8],[-5],[-5],[0],[19],[1],[-3],[4],[-11],[-9],[-10],[-4],[-5],[24],[11],[-4],[6],[0],[20],[-5],[-5],[-4],[-3],[0],[0],[21],[4],[3],[26],[11],[-5],[0],[23],[10],[-5],[0],[20],[1],[2],[18],[1],[-13],[20],[12],[-3],[5],[16],[4],[4],[1],[35],[10],[-9],[24],[-10],[12],[21],[8],[-16],[26],[12],[-3],[1],[29],[9],[8],[34],[2],[5],[2],[17],[-5],[-3],[16],[0],[-4],[0],[24],[21],[0],[-6],[0],[19],[-5],[-4],[4],[1],[2],[-3],[12],[-5],[16],[-7],[10],[14],[-4],[2],[32],[17],[5],[4],[0],[14],[1],[14],[23],[5],[-7],[25],[9],[0],[30],[12],[-3],[16],[20],[0],[1],[30],[17],[2],[3],[26],[12],[3],[28],[21],[8],[5],[29],[15],[4],[3],[26],[10],[-5],[8],[18],[-3],[1],[3],[6],[12],[8],[38],[10],[4],[8],[22],[0],[28],[17],[-6],[13],[6],[9],[11],[11],[9],[13],[32],[18],[0],[30],[15],[-3],[13],[2],[4],[33],[16],[0],[12],[20],[8],[-5],[16],[-4],[3],[21],[1],[0],[25],[11],[-10],[9],[19],[9],[-10],[30],[-3],[32],[10],[-4],[16],[18],[3],[5],[5],[5],[4],[27],[6],[4],[36],[24],[10],[8],[32],[3],[4],[32],[18],[4],[33],[19],[5],[3],[28],[13],[1],[17],[5],[9],[9],[5],[20],[2],[2],[28],[12],[0],[1],[0],[36],[21],[2],[2],[31],[12],[2],[-4],[3],[18],[2],[3],[-4],[0],[4],[6],[20],[25],[10],[-11],[27],[12],[-3],[1],[24],[-7],[22],[5],[28],[12],[0],[12],[22],[6],[-8],[27],[13],[-11],[26],[15],[1],[0],[25],[12],[0],[-5],[-3],[16],[-7],[8],[19],[3],[5],[33],[18],[0],[29],[17],[0],[-4],[25],[4],[2],[2],[1],[8],[9],[32],[1],[0],[1],[3],[21],[3],[15],[25],[8],[0],[3],[-11],[30],[0],[-4],[10],[-15],[25],[4],[4],[1],[21],[1],[-12],[28],[12],[-10],[10],[17],[4],[-8],[12],[-4],[-3],[31],[15],[1],[0],[25],[10],[-5],[-5],[0],[16],[16],[2],[0],[30],[12],[-5],[0],[25],[9],[-3],[1],[1],[0],[0],[0],[1],[10],[25],[-4],[0],[22],[10],[1],[29],[-5],[2],[-3],[-4],[25],[11],[2],[2],[25],[7],[-8],[23],[1],[3],[28],[-4],[13],[-8],[0],[28],[10],[-5],[12],[24],[11],[0],[4],[-4],[13],[23],[10],[-5],[26],[18],[6],[3],[29],[13],[1],[25],[11],[1],[32],[13],[-5],[11],[19],[4],[0],[-4],[-4],[-4],[30],[10],[-8],[22],[10],[-5],[-6],[17],[-4],[0],[28],[13],[-4],[-4],[20],[7],[-8],[-5],[-8],[21],[9],[-8],[-11],[15],[-5],[-6],[24],[6],[-15],[4],[-12],[-7],[-8],[-8],[11],[-10],[22],[-5],[0],[0],[-6],[9],[-4],[26],[12],[-5],[11],[23],[0],[-8],[9],[-6],[-4],[-5],[20],[5],[-8],[31],[17],[1],[1],[26],[12],[-3],[1],[27],[-3],[17],[1],[4],[-6],[15],[1],[1],[33],[18],[3],[2],[32],[18],[5],[2],[29],[13],[2],[3],[29],[14],[-3],[-3],[1],[6],[3],[34],[20],[4],[3],[27],[13],[0],[1],[13],[1],[30],[13],[-4],[-6],[26],[10],[-5],[20],[4],[-12],[24],[17],[2],[2],[30],[18],[6],[5],[5],[3],[0],[1],[16],[1],[16],[-3],[1],[27],[12],[-3],[12],[29],[5],[5],[2],[1],[3],[24],[4],[16],[5],[-3],[16],[17],[6],[7],[27],[4],[17],[5],[5],[32],[3],[3],[8],[24],[4],[0],[30],[14],[2],[1],[26],[8],[8],[0],[18],[20],[5],[2],[25],[0],[28],[20],[1],[4],[22],[3],[3],[21],[5],[-6],[17],[2],[4],[31],[15],[3],[28],[13],[-4],[0],[-6],[13],[-4],[1],[3],[3],[0],[25],[10],[-5],[0],[17],[2],[2],[28],[-8],[12],[17],[0],[-6],[-3],[-5],[20]]}}