{"protected":{"ver":"v1","alg":"HS256","iat":1740144625},"signature":"6d001a58b255699f0a5b0a376fc9ab048577a320642534f94f1ab686a077bf07","payload":{"device_name":"E6:61:78:C1:27:19:92:28","device_type":"DATA_FORWARDER","interval_ms":0.0625,"sensors":[{"name":"audio","units":"wav"}],"values":[[-4],[25],[10],[-10],[28],[15],[1],[13],[26],[2],[30],[2],[17],[30],[3],[5],[26],[5],[30],[10],[12],[27],[9],[-7],[35],[5],[3],[34],[18],[5],[4],[29],[15],[0],[19],[30],[17],[4],[4],[0],[2],[1],[6],[6],[9],[6],[34],[20],[0],[20],[21],[1],[4],[30],[15],[2],[33],[16],[0],[26],[-3],[-3],[28],[0],[18],[5],[0],[29],[17],[1],[12],[-5],[13],[1],[23],[0],[1],[1],[26],[11],[-5],[11],[19],[-3],[21],[4],[-7],[16],[26],[11],[2],[33],[20],[1],[17],[-3],[-4],[32],[2],[0],[3],[14],[-2],[9],[-5],[-9],[26],[16],[5],[6],[29],[3],[28],[10],[-7],[21],[17],[-5],[2],[-3],[0],[18],[1],[-3],[28],[0],[-5],[22],[3],[-11],[1],[-12],[16],[13],[-6],[13],[-2],[0],[26],[11],[-6],[0],[15],[-3],[-13],[19],[5],[-13],[26],[8],[-10],[10],[16],[-4],[8],[21],[1],[1],[18],[3],[-10],[33],[17],[-4],[10],[-5],[1],[1],[28],[15],[3],[8],[22],[-9],[16],[18],[4],[0],[30],[16],[3],[5],[31],[2],[33],[18],[0],[0],[1],[29],[14],[2],[2],[24],[-3],[0],[27],[12],[-3],[-3],[25],[-4],[15],[2],[0],[26],[11],[2],[34],[2],[4],[1],[0],[15],[-11],[24],[-7],[12],[16],[2],[0],[-4],[-7],[-10],[21],[-4],[2],[5],[26],[9],[-7],[27],[18],[1],[31],[14],[0],[-4],[27],[0],[2],[30],[14],[-5],[10],[21],[9],[-5],[13],[21],[5],[0],[27],[2],[-8],[26],[16],[-7],[12],[20],[8],[-7],[26],[21],[3],[26],[12],[0],[33],[17],[2],[13],[-4],[12],[21],[11],[1],[0],[28],[13],[2],[2],[25],[-5],[20],[1],[3],[24],[7],[-11],[7],[20],[-3],[0],[0],[-6],[-11],[-3],[-3],[-10],[-6],[0],[1],[24],[12],[-10],[18],[-3],[0],[-4],[-4],[23],[1],[2],[27],[14],[0],[3],[31],[15],[-8],[20],[18],[4],[5],[-6],[14],[1],[0],[30],[17],[1],[2],[29],[13],[2],[0],[22],[8],[-8],[16],[12],[-6],[0],[10],[-10],[24],[5],[0],[19],[9],[-5],[0],[21],[9],[-5],[2],[-5],[20],[1],[0],[3],[5],[-6],[12],[-7],[-5],[24],[10],[-5],[-6],[20],[-3],[1],[27],[14],[0],[0],[27],[2],[-6],[-10],[9],[18],[-3],[-7],[21],[4],[-11],[12],[-7],[-9],[5],[-8],[25],[9],[-8],[5],[16],[3],[0],[2],[29],[12],[0],[1],[1],[1],[16],[1],[1],[18],[5],[4],[7],[6],[27],[2],[35],[15],[0],[12],[26],[1],[14],[-3],[13],[25],[9],[-4],[13],[5],[16],[28],[6],[7],[7],[32],[4],[14],[1],[14],[24],[1],[14],[1],[-4],[2],[4],[25],[2],[0],[1],[33],[5],[8],[0],[35],[19],[2],[2],[0],[24],[19],[2],[17],[25],[10],[0],[34],[16],[4],[8],[4],[12],[8],[35],[13],[1],[11],[10],[5],[16],[-5],[16],[25],[-4],[2],[23],[5],[4],[3],[8],[29],[10],[12],[37],[21],[3],[6],[4],[8],[8],[6],[2],[14],[2],[3],[2],[20],[8],[13],[-5],[16],[2],[4],[35],[20],[3],[4],[5],[3],[29],[14],[-5],[-7],[21],[7],[-8],[24],[17],[1],[0],[-3],[29],[14],[-5],[0],[22],[-4],[19],[6],[3],[32],[16],[-3],[-5],[-5],[26],[-5],[-8],[2],[5],[3],[0],[-4],[25],[6],[-11],[4],[18],[5],[-12],[26],[13],[-5],[13],[0],[-5],[16],[17],[2],[0],[-6],[8],[-11],[22],[14],[2],[-3],[26],[12],[-5],[4],[18],[0],[1],[25],[5],[-11],[12],[18],[1],[0],[26],[-3],[-4],[26],[5],[-11],[-5],[-8],[6],[-11],[6],[8],[-5],[0],[24],[0],[0],[-6],[16],[1],[-5],[24],[-10],[-8],[-9],[-11],[26],[17],[-6],[4],[13],[-3],[0],[0],[18],[-3],[-8],[6],[19],[-3],[19],[3],[-12],[14],[-3],[2],[22],[5],[-11],[16],[16],[3],[2],[-4],[17],[2],[2],[24],[-3],[1],[30],[13],[0],[6],[2],[11],[-10],[8],[-4],[-6],[-5],[13],[0],[0],[19],[5],[-7],[0],[-4],[0],[-6],[11],[-4],[-7],[21],[14],[0],[-4],[28],[0],[-5],[13],[22],[2],[4],[3],[3],[29],[10],[-6],[2],[-4],[-7],[21],[10],[-5],[11],[27],[3],[3],[0],[6],[0],[32],[18],[1],[16],[0],[15],[1],[-10],[10],[13],[1],[2],[28],[10],[-3],[29],[15],[0],[26],[13],[-5],[33],[24],[4],[3],[1],[25],[-3],[0],[5],[-3],[15],[24],[-6],[22],[4],[-8],[27],[10],[-6],[18],[25],[11],[2],[29],[6],[0],[26],[16],[1],[8],[8],[0],[27],[0],[13],[-4],[-6],[16],[-3],[-5],[-10],[5],[-5],[-3],[12],[1],[2],[0],[1],[33],[16],[1],[-4],[27],[14],[1],[3],[0],[0],[6],[16],[-6],[10],[-3],[16],[1],[-4],[10],[0],[32],[14],[0],[31],[14],[1],[1],[20],[8],[4],[-3],[0],[1],[3],[2],[19],[5],[4],[33],[16],[4],[2],[-3],[25],[12],[-8],[33],[12],[-6],[29],[19],[2],[0],[27],[11],[-3],[17],[3],[4],[2],[23],[0],[10],[-6],[-4],[-5],[-3],[16],[14],[-4],[20],[14],[1],[14],[22],[2],[30],[10],[-7],[16],[19],[1],[15],[9],[-7],[16],[4],[5],[26],[2],[7],[9],[14],[0],[21],[25],[13],[11],[35],[21],[0],[13],[28],[15],[4],[27],[11],[1],[1],[6],[34],[19],[4],[37],[26],[3],[30],[13],[-3],[17],[21],[9],[4],[2],[19],[4],[3],[13],[24],[10],[-5],[31],[23],[4],[5],[32],[3],[0],[5],[6],[31],[4],[3],[29],[11],[-6],[29],[0],[12],[-6],[4],[0],[12],[-6],[16],[-3],[-3],[28],[9],[0],[28],[16],[-3],[14],[2],[3],[30],[15],[2],[4],[-3],[16],[20],[5],[5],[12],[-5],[13],[-8],[7],[14],[-3],[-14],[8],[9],[-5],[1],[0],[0],[16],[3],[29],[14],[1],[0],[0],[-3],[-6],[1],[1],[0],[25],[9],[-6],[-3],[3],[5],[27],[12],[1],[2],[25],[8],[-13],[27],[14],[-5],[14],[24],[7],[-9],[18],[-3],[-7],[25],[9],[-5],[11],[-5],[8],[-8],[8],[-6],[30],[-5],[-8],[-4],[25],[13],[-3],[12],[17],[3],[2],[3],[3],[1],[-3],[-10],[11],[-5],[22],[6],[-7],[24],[-6],[8],[-7],[10],[19],[3],[0],[-7],[16],[-3],[4],[15],[3],[5],[1],[13],[2],[25],[7],[-12],[29],[-10],[16],[15],[0],[3],[26],[1],[8],[1],[27],[-3],[-5],[22],[-7],[-5],[2],[1],[25],[8],[0],[28],[13],[-4],[0],[26],[10],[-2],[17],[8],[16],[28],[10],[-7],[12],[-5],[-3],[-3],[-3],[-3],[28],[12],[4],[2],[2],[19],[3],[3],[31],[13],[2],[32],[11],[-7],[16],[18],[3],[0],[0],[22],[7],[-6],[34],[20],[6],[22],[5],[11],[29],[3],[27],[7],[0],[24],[14],[-6],[9],[20],[2],[4],[30],[14],[1],[2],[26],[9],[-8],[12],[10],[-6],[10],[16],[3],[-11],[26],[-5],[-6],[25],[9],[-3],[2],[30],[16],[-5],[0],[19],[-5],[5],[-11],[-9],[-8],[25],[8],[-13],[3],[-12],[10],[12],[-6],[-4],[-4],[21],[7],[-8],[10],[-7],[10],[-6],[22],[-10],[0],[-4],[0],[14],[-4],[0],[9],[-8],[10],[12],[-6],[-10],[-7],[-4],[-14],[15],[1],[-14],[0],[13],[3],[-8],[28],[13],[-5],[-6],[0],[26],[9],[-6],[-4],[20],[-5],[10],[-8],[-7],[-8],[18],[5],[-6],[13],[22],[8],[-13],[25],[12],[-4],[-5],[15],[-7],[10],[22],[8],[-8],[12],[19],[3],[-11],[25],[-6],[0],[1],[4],[26],[1],[2],[0],[12],[3],[16],[3],[32],[3],[-3],[18],[1],[0],[36],[21],[6],[5],[30],[15],[5],[8],[2],[2],[16],[0],[26],[15],[0],[37],[21],[4],[4],[0],[10],[-7],[28],[1],[0],[34],[12],[-4],[32],[13],[-5],[16],[1],[4],[5],[36],[15],[4],[8],[27],[5],[4],[29],[18],[2],[0],[11],[-6],[9],[-8],[20],[14],[1],[3],[25],[12],[-3],[0],[25],[16],[-3],[-3],[27],[0],[32],[14],[-4],[18],[21],[2],[27],[8],[-7],[24],[19],[6],[4],[25],[3],[4],[31],[9],[-10],[33],[14],[5],[4],[8],[-8],[25],[19],[1],[11],[-2],[1],[-6],[16],[0],[-7],[32],[15],[1],[-4],[28],[14],[2],[-3],[27],[1],[1],[29],[13],[-4],[1],[25],[4],[5],[17],[2],[2],[-6],[10],[6],[6],[14],[1],[-4],[25],[11],[-4],[-3],[8],[-8],[10],[18],[6],[8],[12],[-2],[2],[14],[-3],[8],[21],[6],[-7],[11],[19],[5],[-4],[2],[-3],[13],[-4],[-4],[6],[-8],[25],[17],[0],[9],[-13],[28],[2],[-5],[13],[12],[-3],[2],[21],[1],[20],[-4],[0],[29],[15],[-6],[13],[17],[-3],[-3],[15],[1],[28],[11],[2],[-3],[22],[19],[-5],[1],[30],[0],[0],[14],[-3],[12],[14],[-4],[1],[29],[17],[5],[5],[3],[4],[0],[-3],[32],[6],[-8],[29],[15],[-5],[0],[13],[-5],[1],[30],[17],[-5],[25],[9],[-6],[27],[10],[-6],[9],[-8],[3],[4],[-6],[10],[20],[-7],[9],[-5],[-7],[0],[2],[28],[-6],[10],[18],[3],[-10],[-4],[13],[-5],[-4],[24],[9],[-4],[0],[25],[13],[1],[5],[24],[11],[-5],[8],[13],[-10],[-7],[-7],[9],[-4],[26],[13],[-5],[-8],[19],[5],[-7],[-7],[-8],[-7],[-4],[5],[0],[26],[19],[0],[0],[1],[-8],[26],[15],[-5],[-5],[12],[20],[1],[0],[2],[0],[9],[26],[11],[-4],[1],[24],[9],[-9],[7],[13],[3],[-8],[-7],[0],[1],[-6],[-4],[0],[0],[-7],[-5],[-3],[33],[13],[1],[16],[1],[8],[20],[-6],[-3],[0],[28],[-5],[1],[6],[5],[27],[6],[17],[1],[1],[30],[-6],[8],[2],[27],[2],[20],[5],[5],[30],[16],[3],[3],[28],[13],[1],[16],[28],[5],[22],[5],[6],[32],[19],[-5],[11],[20],[10],[-5],[20],[4],[3],[3],[1],[3],[30],[14],[2],[2],[26],[11],[-3],[-3],[0],[-3],[-2],[30],[17],[3],[3],[26],[-3],[8],[26],[10],[-4],[-6],[13],[0],[15],[-5],[8],[-2],[-11],[26],[16],[2],[0],[30],[3],[1],[12],[1],[15],[-6],[27],[-5],[-5],[13],[-9],[-5],[-6],[10],[-7],[29],[16],[-6],[5],[-12],[28],[16],[-5],[19],[1],[0],[26],[22],[3],[3],[2],[2],[30],[2],[21],[2],[24],[9],[4],[30],[14],[3],[4],[0],[3],[20],[1],[2],[28],[4],[5],[6],[4],[5],[28],[14],[-4],[0],[20],[2],[4],[6],[33],[14],[2],[35],[21],[0],[26],[26],[9],[5],[31],[14],[1],[16],[3],[35],[17],[0],[25],[17],[3],[0],[-4],[5],[-3],[27],[13],[0],[32],[18],[4],[3],[29],[9],[-7],[20],[24],[2],[-5],[-4],[-5],[4],[0],[30],[14],[-7],[29],[16],[-3],[-5],[-3],[-3],[9],[-5],[15],[21],[5],[4],[-3],[-3],[12],[25],[6],[8],[1],[3],[1],[28],[3],[3],[11],[-9],[9],[17],[7],[4],[0],[18],[22],[2],[16],[29],[13],[-3],[33],[17],[8],[9],[12],[-7],[10],[20],[4],[2],[2],[4],[5],[4],[14],[-4],[28],[14],[1],[15],[25],[9],[-6],[29],[23],[1],[5],[0],[28],[1],[8],[-7],[21],[0],[7],[0],[3],[17],[4],[5],[32],[16],[3],[12],[22],[8],[-7],[11],[-3],[1],[-5],[16],[17],[3],[-8],[26],[19],[1],[4],[0],[9],[4],[29],[16],[1],[1],[28],[13],[-3],[8],[28],[13],[0],[11],[-4],[14],[1],[2],[31],[18],[4],[2],[-5],[11],[14],[0],[20],[-3],[21],[4],[0],[0],[-4],[1],[-4],[-7],[30],[11],[-5],[32],[13],[-4],[-6],[-5],[22],[2],[-4],[25],[10],[-6],[8],[24],[6],[5],[27],[12],[-3],[0],[28],[11],[0],[1],[0],[3],[24],[4],[17],[2],[16],[26],[12],[-6],[24],[19],[4],[3],[28],[17],[4],[3],[29],[15],[-6],[22],[8],[0],[3],[0],[24],[6],[-8],[20],[0],[0],[32],[18],[1],[-4],[22],[-5],[-4],[-8],[3],[2],[27],[4],[19],[-5],[24],[17],[6],[4],[27],[8],[-7],[12],[15],[-5],[-7],[20],[6],[-7],[28],[1],[28],[10],[-5],[1],[20],[-5],[0],[17],[0],[0],[2],[1],[24],[9],[-5],[9],[-4],[10],[25],[11],[-3],[12],[23],[6],[-7],[28],[19],[8],[6],[26],[1],[0],[0],[4],[10],[-7],[25],[9],[-5],[1],[26],[0],[0],[27],[11],[2],[3],[3],[-7],[26],[16],[1],[2],[26],[2],[1],[-4],[25],[10],[1],[-5],[1],[26],[8],[-6],[10],[20],[4],[3],[24],[10],[-5],[-3],[26],[12],[0],[1],[18],[2],[-15],[19],[-10],[-10],[22],[9],[-7],[1],[23],[0],[24],[12],[-5],[2],[24],[9],[-6],[12],[21],[9],[-10],[21],[-7],[23],[1],[2],[3],[-3],[1],[1],[-6],[19],[1],[3],[2],[3],[5],[2],[2],[1],[14],[1],[27],[15],[2],[-5],[27],[13],[0],[2],[15],[1],[2],[28],[-6],[22],[10],[-10],[12],[-8],[-8],[25],[9],[-6],[-7],[-8],[8],[0],[0],[-11],[28],[13],[1],[0],[25],[-6],[22],[8],[-7],[26],[8],[-7],[-12],[7],[17],[7],[-9],[26],[18],[6],[4],[29],[14],[2],[4],[32],[14],[3],[9],[5],[31],[18],[-3],[18],[2],[1],[0],[-6],[20],[25],[11],[1],[2],[9],[2],[26],[11],[-6],[24],[19],[2],[8],[26],[13],[2],[14],[23],[10],[-3],[19],[4],[1],[1],[-4],[4],[3],[28],[5],[5],[30],[-3],[27],[12],[1],[1],[0],[6],[27],[12],[1],[29],[15],[4],[10],[20],[1],[4],[28],[9],[5],[28],[4],[0],[20],[6],[6],[29],[18],[-4],[17],[2],[-2],[30],[13],[0],[-3],[29],[14],[2],[0],[25],[11],[-3],[0],[27],[2],[2],[2],[2],[25],[2],[3],[26],[-4],[19],[6],[3],[24],[7],[-8],[17],[18],[-4],[0],[17],[1],[0],[25],[0],[22],[8],[-7],[18],[0],[0],[20],[6],[-11],[6],[17],[-3],[2],[19],[-6],[9],[12],[-3],[-4],[22],[12],[-7],[2],[17],[-4],[0],[14],[0],[-5],[26],[11],[-3],[-4],[25],[2],[-14],[25],[-7],[-8],[22],[10],[-7],[12],[-4],[16],[4],[-10],[9],[21],[7],[0],[1],[1],[24],[11],[-5],[-5],[26],[12],[-4],[0],[19],[3],[-9],[26],[11],[-4],[-6],[22],[10],[-5],[0],[12],[-5],[-3],[17],[4],[-10],[28],[-4],[0],[21],[6],[-11],[25],[11],[-4],[-6],[25],[10],[-6],[0],[10],[-13],[5],[-12],[5],[15],[-7],[0],[22],[10],[-7],[2],[22],[9],[-7],[11],[-5],[8],[-7],[2],[1],[9],[-8],[26],[5],[-12],[17],[-3],[28],[12],[0],[8],[1],[-3],[-8],[21],[-6],[24],[10],[-3],[-6],[21],[8],[-5],[27],[-6],[-3],[-5],[-6],[0],[32],[14],[4],[3],[28],[16],[-6],[-3],[-5],[8],[-12],[12],[-8],[-10],[9],[-6],[0],[22],[6],[-11],[6],[16],[4],[-8],[20],[-7],[11],[17],[-4],[-8],[17],[8],[-12],[10],[19],[5],[-12],[9],[15],[3],[-8],[10],[-10],[3],[-10],[11],[-4],[11],[-8],[8],[16],[-9],[-10],[10],[17],[4],[-11],[14],[-11],[24],[16],[1],[-6],[-7],[27],[13],[-6],[28],[19],[3],[-8],[25],[4],[-11],[8],[16],[-4],[0],[26],[11],[-10],[-10],[8],[-9],[9],[20],[0],[-6],[9],[-10],[24],[17],[3],[1],[23],[9],[1],[-4],[-4],[24],[6],[-11],[3],[-6],[17],[4],[5],[24],[-5],[11],[18],[1],[1],[25],[1],[-6],[26],[13],[1],[4],[31],[10],[-6],[13],[22],[5],[-8],[13],[-5],[-5],[-5],[0],[6],[2],[29],[0],[3],[32],[18],[5],[5],[26],[9],[6],[6],[7],[2],[24],[1],[1],[0],[33],[2],[3],[-5],[-4],[32],[21],[-5],[16],[21],[3],[29],[12],[1],[0],[23],[10],[6],[31],[4],[30],[21],[10],[11],[6],[4],[29],[11],[0],[33],[19],[5],[5],[34],[19],[4],[2],[25],[12],[-3],[21],[29],[14],[2],[28],[3],[0],[28],[3],[19],[1],[1],[0],[12],[-5],[32],[4],[9],[17],[-3],[17],[8],[3],[31],[4],[29],[16],[4],[18],[26],[13],[3],[24],[25],[3],[28],[14],[-3],[34],[24],[8],[9],[28],[12],[2],[14],[19],[4],[5],[26],[4],[26],[11],[-5],[29],[14],[4],[0],[24],[9],[-4],[28],[12],[-5],[0],[21],[10],[-5],[33],[1],[24],[2],[28],[11],[-4],[14],[24],[11],[-6],[11],[21],[7],[-8],[24],[16],[1],[0],[27],[-4],[-4],[-6],[-7],[8],[-10],[9],[14],[1],[3],[30],[13],[-3],[0],[-3],[0],[-5],[4],[22],[3],[27],[10],[0],[-5],[-3],[11],[21],[7],[-10],[33],[0],[18],[3],[4],[24],[7],[-7],[10],[21],[6],[-12],[24],[11],[-5],[14],[24],[6],[0],[0],[15],[-3],[-4],[-5],[0],[25],[12],[0],[-4],[21],[-2],[-5],[13],[2],[36],[19],[2],[0],[25],[5],[2],[11],[-8],[10],[20],[5],[-8],[24],[18],[-6],[-5],[14],[0],[32],[10],[-6],[24],[1],[1],[2],[2],[0],[25],[11],[-3],[12],[19],[2],[2],[32],[18],[5],[2],[28],[11],[0],[0],[6],[0],[2],[27],[12],[-5],[4],[12],[-6],[0],[9],[-7],[12],[4],[5],[31],[14],[-6],[14],[1],[1],[0],[-3],[-4],[4],[0],[1],[22],[6],[0],[30],[3],[4],[2],[18],[19],[-6],[13],[23],[9],[-7],[24],[16],[6],[8],[4],[7],[10],[6],[20],[3],[0],[26],[9],[-5],[1],[28],[15],[0],[13],[-4],[13],[20],[2],[-13],[16],[-4],[-6],[22],[-3],[0],[2],[2],[4],[4],[4],[2],[16],[18],[-5],[-3],[22],[1],[13],[25],[10],[-6],[16],[21],[4],[7],[6],[26],[8],[-7],[9],[20],[9],[-4],[13],[21],[4],[-10],[26],[11],[-6],[6],[16],[6],[-6],[26],[7],[0],[2],[0],[13],[-8],[-5],[-6],[20],[15],[0],[2],[11],[21],[-5],[2],[30],[15],[-5],[22],[6],[-4],[9],[21],[2],[2],[0],[-6],[-3],[-8],[24],[18],[3],[0],[1],[25],[7],[-6],[-4],[25],[9],[-5],[0],[20],[-5],[-6],[9],[-6],[26],[-5],[26],[-8],[24],[0],[27],[0],[-6],[10],[13],[-3],[0],[25],[11],[-7],[10],[14],[-11],[20],[18],[6],[0],[30],[0],[17],[-7],[16],[0],[27],[15],[0],[0],[25],[-4],[0],[8],[7],[34],[16],[-6],[-8],[13],[-4],[0],[25],[6],[6],[33],[1],[0],[34],[16],[0],[3],[4],[6],[-10],[25],[16],[3],[1],[28],[9],[0],[13],[-4],[4],[21],[5],[-5],[1],[3],[3],[27],[13],[1],[4],[26],[11],[1],[17],[-4],[-6],[28],[11],[1],[12],[28],[12],[-6],[9],[21],[5],[-10],[26],[18],[4],[3],[29],[12],[1],[3],[20],[5],[3],[26],[-6],[-7],[-5],[2],[-4],[16],[1],[5],[2],[27],[13],[1],[-3],[0],[-6],[-5],[25],[8],[-7],[10],[21],[6],[-7],[0],[10],[23],[10],[-7],[18],[23],[3],[1],[0],[1],[-5],[28],[14],[0],[17],[24],[0],[-5],[17],[0],[2],[27],[4],[6],[35],[21],[3],[2],[27],[-4],[21],[6],[3],[1],[5],[3],[30],[16],[1],[1],[26],[0],[29],[-5],[12],[20],[9],[-4],[18],[21],[1],[2],[25],[12],[-6],[28],[14],[-5],[4],[19],[5],[3],[29],[13],[1],[1],[3],[11],[-3],[30],[14],[-4],[14],[21],[10],[-8],[12],[-7],[9],[19],[0],[23],[-5],[8],[-6],[20],[23],[8],[-8],[-3],[-3],[19],[8],[2],[34],[18],[3],[5],[5],[0],[4],[2],[-3],[12],[-5],[4],[29],[6],[5],[-3],[16],[2],[9],[4],[29],[-5],[18],[20],[-4],[1],[26],[10],[-5],[10],[-4],[22],[6],[-8],[12],[22],[8],[-7],[10],[16],[-4],[12],[19],[2],[2],[-4],[-4],[13],[-3],[1],[-5],[-6],[-4],[16],[3],[4],[23],[8],[6],[9],[-11],[30],[19],[8],[6],[32],[18],[2],[3],[5],[4],[0],[0],[8],[10],[30],[-2],[0],[0],[2],[32],[12],[-5],[4],[32],[19],[1],[0],[-2],[1],[20],[3],[3],[32],[14],[-6],[11],[21],[9],[-5],[12],[18],[-6],[27],[13],[1],[0],[25],[9],[-6],[2],[-12],[27],[13],[-6],[12],[-5],[-6],[20],[1],[-13],[5],[15],[-7],[0],[22],[6],[-7],[16],[18],[2],[-6],[22],[8],[-10],[9],[22],[-3],[-3],[19],[-3],[-4],[-4],[27],[8],[-8],[17],[-10],[-8],[-3],[19],[5],[-10],[23],[8],[-6],[12],[19],[-7],[4],[21],[6],[-9],[10],[18],[4],[-10],[16],[17],[-4],[15],[15],[2],[-3],[27],[12],[-3],[-4],[24],[-7],[-7],[11],[-5],[-6],[-4],[-2],[20],[5],[-7],[21],[17],[-10],[26],[-5],[2],[-11],[24],[14],[-5],[6],[-11],[25],[14],[-4],[0],[24],[11],[-7],[-5],[24],[4],[-4],[17],[21],[6],[-7],[1],[1],[-4],[1],[4],[1],[0],[16],[3],[2],[25],[-7],[-4],[13],[0],[-5],[10],[20],[-3],[14],[22],[6],[-7],[12],[3],[5],[30],[13],[-4],[24],[9],[-6],[25],[0],[-6],[0],[22],[5],[1],[28],[4],[38],[24],[4],[8],[-8],[12],[19],[-4],[16],[20],[3],[3],[1],[16],[1],[-5],[0],[31],[15],[1],[3],[29],[18],[6],[4],[29],[14],[4],[12],[22],[9],[-11],[29],[18],[-5],[17],[22],[8],[2],[0],[18],[3],[2],[-5],[28],[2],[12],[1],[18],[3],[3],[23],[8],[6],[32],[19],[6],[12],[28],[12],[-8],[10],[0],[3],[25],[10],[-3],[2],[28],[0],[25],[17],[3],[8],[25],[12],[-7],[-6],[19],[4],[7],[33],[18],[3],[3],[26],[14],[3],[17],[5],[6],[6],[19],[4],[3],[29],[17],[1],[1],[22],[6],[4],[30],[11],[-4],[5],[3],[8],[8],[1],[20],[24],[11],[0],[4],[4],[29],[13],[9],[35],[1],[1],[19],[-3],[18],[2],[2],[8],[27],[12],[2],[37],[10],[4],[31],[15],[0],[12],[19],[3],[2],[30],[16],[2],[4],[27],[8],[4],[27],[2],[1],[1],[2],[3],[33],[19],[5],[3],[28],[1],[29],[16],[1],[4],[31],[12],[-5],[29],[14],[0],[3],[21],[-5],[12],[21],[-5],[-6],[15],[-8],[-3],[32],[16],[2],[-3],[27],[14],[1],[0],[0],[-7],[-7],[-7],[-3],[-6],[12],[-5],[20],[14],[0],[-3],[20],[4],[3],[-5],[26],[0],[0],[25],[10],[-7],[24],[24],[6],[0],[29],[-5],[0],[5],[6],[20],[5],[0],[1],[29],[1],[0],[-5],[27],[12],[1],[14],[-5],[4],[21],[-4],[-6],[18],[4],[-5],[25],[11],[-3],[0],[4],[-17],[24],[9],[-12],[28],[10],[-8],[9],[3],[0],[1],[-8],[27],[5],[0],[6],[-10],[12],[18],[6],[-10],[24],[1],[13],[-7],[20],[-7],[0],[0],[1],[3],[0],[-3],[7],[-7],[24],[4],[-9],[16],[17],[-4],[-3],[27],[-6],[11],[-5],[-5],[24],[-3],[26],[1],[-11],[24],[15],[-6],[11],[17],[3],[-13],[3],[19],[0],[-10],[-11],[-9],[0],[-12],[24],[-7],[22],[4],[-8],[9],[14],[-5],[-6],[21],[5],[-10],[11],[16],[0],[-3],[25],[11],[-5],[-6],[23],[3],[-8],[-8],[26],[8],[-7],[4],[21],[0],[1],[26],[3],[1],[20],[1],[22],[8],[-5],[13],[23],[3],[8],[-7],[32],[0],[0],[3],[29],[14],[-5],[15],[-3],[0],[25],[9],[-6],[12],[23],[10],[-5],[28],[6],[-10],[29],[18],[-4],[11],[21],[8],[0],[28],[17],[1],[1],[18],[-3],[1],[28],[13],[2],[1],[26],[6],[5],[30],[6],[-12],[31],[13],[0],[11],[22],[1],[-3],[0],[25],[-6],[12],[-4],[-6],[19],[6],[-6],[26],[-6],[1],[2],[-6],[3],[2],[3],[6],[3],[-6],[20],[18],[4],[0],[28],[-6],[2],[3],[12],[-5],[-4],[-3],[23],[9],[-11],[17],[15],[-4],[-6],[25],[12],[2],[31],[11],[-3],[26],[11],[-4],[12],[21],[0],[12],[-8],[6],[20],[3],[14],[29],[15],[2],[8],[27],[2],[1],[-3],[2],[27],[7],[23],[8],[4],[33],[20],[4],[5],[1],[30],[11],[-2],[5],[25],[10],[0],[0],[24],[9],[8],[32],[17],[1],[27],[15],[3],[36],[20],[0],[36],[15],[1],[33],[16],[5],[16],[4],[10],[8],[32],[18],[5],[5],[4],[34],[16],[2],[4],[6],[32],[17],[-4],[0],[0],[1],[29],[12],[-4],[-6],[23],[5],[0],[26],[15],[2],[1],[24],[9],[-7],[8],[3],[13],[-6],[20],[-4],[-6],[8],[-9],[24],[2],[1],[28],[11],[-7],[21],[-3],[0],[24],[8],[-6],[12],[22],[-3],[21],[7],[-11],[9],[18],[2],[-2],[28],[14],[1],[0],[-7],[8],[-6],[5],[-10],[19],[15],[-6],[-7],[0],[17],[-7],[16],[19],[5],[0],[29],[22],[3],[-3],[2],[11],[-8],[18],[0],[1],[0],[-6],[4],[21],[6],[-8],[20],[18],[1],[12],[-5],[-5],[26],[15],[2],[0],[27],[12],[-5],[11],[-5],[0],[28],[13],[0],[1],[-4],[-4],[1],[4],[5],[32],[6],[30],[13],[2],[8],[25],[1],[1],[0],[13],[-5],[-4],[28],[15],[-2],[-3],[26],[11],[-4],[13],[16],[-5],[1],[28],[3],[4],[13],[-5],[20],[24],[10],[-6],[24],[13],[-3],[13],[21],[6],[-11],[26],[16],[-3],[-4],[3],[17],[3],[0],[27],[1],[15],[24],[-5],[0],[23],[2],[4],[3],[21],[11],[-3],[16],[18],[3],[3],[27],[11],[-3],[14],[24],[10],[-4],[2],[5],[18],[28],[13],[-6],[18],[3],[2],[5],[16],[2],[33],[19],[2],[0],[8],[-8],[32],[3],[27],[11],[-4],[3],[4],[8],[8],[2],[-4],[11],[13],[1],[4],[24],[10],[0],[35],[19],[3],[2],[29],[13],[-3],[32],[15],[3],[1],[18],[5],[29],[8],[26],[4],[2],[30],[11],[-8],[9],[18],[4],[-8],[17],[-3],[-3],[-5],[20],[1],[-8],[24],[15],[-4],[19],[2],[4],[30],[6],[-11],[26],[0],[16],[17],[-6],[0],[-8],[-5],[-3],[-5],[21],[-10],[-9],[6],[-7],[13],[-5],[27],[10],[-7],[-12],[17],[6],[-10],[9],[21],[5],[-10],[9],[19],[0],[-5],[6],[-8],[30],[2],[32],[13],[-4],[1],[28],[11],[1],[1],[0],[0],[-3],[0],[-5],[29],[12],[-5],[-5],[24],[10],[-8],[5],[-5],[-4],[22],[11],[-5],[9],[19],[5],[-9],[12],[19],[2],[0],[-3],[-6],[-6],[12],[17],[2],[-10],[28],[18],[8],[5],[31],[15],[2],[3],[22],[10],[0],[29],[6],[-13],[16],[18],[3],[-7],[6],[-8],[0],[29],[19],[5],[1],[28],[13],[0],[0],[22],[0],[15],[-4],[-5],[27],[11],[1],[36],[20],[-3],[16],[23],[9],[-6],[-3],[12],[22],[9],[-7],[12],[19],[8],[-7],[9],[19],[1],[5],[28],[0],[0],[28],[10],[-7],[11],[23],[8],[0],[0],[10],[-8],[0],[27],[14],[4],[12],[0],[14],[21],[9],[-5],[14],[17],[-6],[11],[7],[-8],[17],[20],[7],[0],[30],[11],[-5],[12],[1],[-5],[-3],[-5],[-6],[8],[0],[30],[20],[5],[4],[30],[6],[-7],[8],[13],[-10],[0],[19],[5],[-8],[10],[10],[-7],[11],[13],[-6],[-3],[2],[20],[1],[0],[25],[13],[-3],[0],[25],[0],[-10],[24],[14],[0],[6],[9],[5],[30],[14],[-5],[5],[4],[30],[0],[8],[-8],[12],[14],[0],[0],[12],[-5],[12],[-6],[6],[17],[5],[-7],[16],[-7],[1],[21],[8],[-8],[22],[19],[5],[0],[27],[11],[-5],[3],[17],[-4],[-3],[-5],[-5],[8],[21],[8],[-6],[13],[20],[2],[-13],[20],[14],[5],[8],[30],[18],[5],[4],[16],[-7],[15],[2],[0],[0],[2],[22],[3],[-4],[1],[28],[9],[-6],[0],[-5],[1],[1],[2],[2],[26],[-5],[-3],[28],[10],[-11],[19],[3],[-14],[16],[13],[-11],[10],[20],[-5],[-10],[24],[16],[2],[1],[28],[12],[-4],[1],[26],[0],[27],[-4],[-5],[-3],[-6],[29],[12],[-4],[-6],[21],[7],[0],[1],[27],[2],[20],[4],[-8],[20],[-3],[-3],[14],[-3],[11],[21],[-5],[9],[-6],[5],[25],[6],[-8],[-2],[22],[2],[19],[3],[1],[-9],[26],[17],[1],[0],[32],[14],[0],[21],[6],[-7],[-5],[17],[-7],[12],[0],[3],[0],[25],[9],[-7],[28],[5],[-9],[24],[0],[-8],[28],[19],[6],[6],[31],[17],[-5],[-5],[5],[-12],[25],[13],[0],[32],[0],[3],[1],[28],[13],[-3],[1],[25],[-10],[19],[3],[-11],[5],[-7],[0],[20],[-7],[12],[-3],[2],[5],[3],[29],[10],[-6],[11],[8],[-8],[-10],[19],[5],[-8],[24],[5],[-12],[26],[-5],[-4],[-7],[11],[20],[5],[-10],[16],[-5],[-4],[26],[8],[-7],[17],[21],[6],[-10],[16],[9],[-7],[9],[-8],[16],[24],[0],[0],[3],[-3],[-5],[11],[0],[1],[2],[2],[-5],[1],[0],[23],[5],[-11],[9],[18],[-3],[12],[18],[2],[-12],[25],[-8],[4],[3],[32],[17],[4],[4],[30],[14],[1],[33],[5],[4],[26],[16],[4],[4],[2],[2],[0],[1],[0],[27],[13],[3],[16],[25],[9],[-6],[20],[22],[9],[0],[27],[4],[-8],[17],[-7],[6],[21],[10],[-6],[16],[18],[7],[6],[25],[12],[-3],[12],[20],[7],[0],[3],[2],[18],[6],[1],[-4],[26],[9],[-2],[30],[5],[4],[0],[0],[15],[2],[4],[-5],[36],[21],[8],[4],[28],[11],[-4],[28],[18],[2],[3],[23],[7],[7],[26],[8],[-10],[12],[-5],[17],[6],[11],[33],[15],[3],[35],[20],[2],[2],[8],[8],[12],[0],[18],[21],[8],[8],[4],[28],[11],[8],[32],[19],[5],[6],[32],[12],[-3],[16],[2],[4],[17],[1],[2],[28],[11],[0],[30],[19],[3],[17],[3],[18],[-4],[11],[21],[5],[4],[30],[1],[2],[5],[3],[19],[3],[4],[28],[15],[-3],[26],[14],[0],[-4],[0],[4],[4],[32],[21],[4],[8],[35],[19],[2],[2],[24],[9],[3],[30],[14],[-3],[2],[30],[16],[1],[4],[1],[30],[13],[3],[8],[8],[35],[-4],[16],[12],[-3],[11],[24],[10],[-5],[17],[5],[4],[29],[13],[-4],[13],[24],[8],[-7],[16],[-9],[16],[-6],[13],[19],[5],[-8],[29],[-10],[-8],[20],[6],[-7],[8],[13],[-6],[11],[-4],[14],[24],[1],[27],[10],[-6],[0],[-5],[-5],[25],[0],[-3],[17],[25],[7],[6],[28],[11],[-8],[8],[11],[-4],[26],[-4],[14],[16],[-3],[0],[14],[2],[14],[23],[-3],[0],[17],[-4],[11],[25],[13],[-5],[8],[16],[-4],[1],[10],[-5],[7],[19],[0],[0],[-5],[1],[2],[2],[22],[3],[28],[20],[6],[-4],[24],[1],[30],[13],[1],[9],[-7],[8],[18],[-5],[-5],[27],[11],[1],[28],[9],[-4],[0],[2],[30],[8],[0],[29],[14],[-7],[10],[-7],[13],[-8],[-6],[0],[2],[16],[-6],[-10],[21],[-6],[-6],[19],[-5],[-5],[10],[5],[-13],[26],[19],[6],[8],[3],[0],[1],[0],[29],[19],[1],[14],[13],[-7],[25],[14],[2],[-12],[27],[4],[1],[27],[0],[16],[21],[7],[-7],[-8],[10],[19],[1],[0],[21],[5],[-9],[-8],[-8],[-8],[9],[17],[4],[0],[32],[22],[3],[1],[19],[3],[3],[29],[0],[1],[2],[27],[0],[3],[18],[-10],[-6],[-4],[-4],[30],[14],[4],[2],[1],[3],[12],[-4],[10],[25],[5],[5],[-5],[6],[-6],[36],[20],[6],[7],[0],[-4],[14],[18],[4],[4],[0],[0],[12],[26],[13],[-5],[20],[20],[3],[2],[4],[24],[9],[-4],[27],[16],[3],[16],[20],[2],[1],[12],[-6],[10],[19],[0],[-4],[6],[22],[1],[-4],[28],[14],[-5],[16],[18],[1],[21],[3],[-12],[26],[16],[-11],[9],[15],[-4],[0],[-5],[8],[-6],[12],[1],[8],[-3],[-3],[0],[27],[10],[-4],[-5],[23],[11],[0],[-3],[25],[6],[-10],[24],[11],[-3],[1],[1],[29],[3],[1],[32],[15],[-3],[-3],[25],[10],[-5],[12],[25],[1],[2],[24],[8],[-6],[11],[20],[6],[-8],[32],[14],[1],[16],[26],[1],[0],[25],[13],[0],[1],[28],[10],[-4],[13],[22],[9],[-6],[16],[17],[2],[1],[-6],[18],[-4],[20],[20],[5],[4],[28],[9],[-5],[1],[23],[10],[-4],[1],[4],[2],[-3],[0],[-7],[26],[0],[7],[5],[0],[1],[33],[13],[-6],[20],[17],[4],[2],[28],[17],[-5],[8],[15],[0],[20],[4],[-9],[13],[20],[5],[4],[-4],[29],[8],[-9],[29],[-5],[2],[7],[7],[21],[5],[-7],[24],[20],[5],[6],[30],[14],[2],[1],[29],[17],[0],[9],[-9],[10],[19],[4],[0],[26],[16],[-7],[9],[-8],[0],[-3],[9],[-8],[0],[-3],[1],[-3],[13],[23],[5],[-10],[18],[-4],[11],[0],[7],[0],[-7],[17],[-7],[12],[-8],[16],[17],[-10],[-12],[10],[-8],[-6],[20],[6],[-8],[9],[13],[-8],[19],[0],[-4],[22],[-6],[-3],[-5],[24],[0],[-5],[-5],[-7],[-7],[12],[24],[6],[-6],[1],[18],[1],[0],[3],[-13],[5],[19],[-5],[-7],[-9],[22],[-6],[-6],[-4],[-8],[-6],[8],[-4],[30],[12],[-5],[-6],[22],[6],[-6],[8],[20],[8],[-7],[1],[19],[-3],[2],[24],[1],[18],[5],[5],[31],[18],[1],[3],[17],[-2],[0],[30],[13],[-3],[20],[6],[0],[25],[17],[2],[33],[20],[2],[10],[33],[16],[3],[0],[14],[24],[0],[-5],[-6],[0],[3],[3],[28],[13],[1],[3],[23],[0],[32],[20],[3],[1],[16],[26],[11],[-6],[1],[-6],[15],[-3],[-6],[25],[-4],[27],[3],[5],[30],[1],[1],[17],[-3],[1],[9],[-7],[16],[-6],[1],[1],[19],[3],[3],[26],[6],[6],[1],[-5],[9],[-5],[3],[3],[4],[19],[3],[4],[23],[8],[0],[25],[-6],[16],[26],[1],[8],[-6],[18],[20],[-6],[3],[4],[3],[3],[13],[-5],[0],[-3],[1],[10],[0],[3],[19],[2],[5],[27],[5],[2],[22],[6],[6],[30],[12],[-5],[22],[1],[1],[12],[-3],[20],[5],[9],[8],[4],[28],[12],[0],[14],[0],[2],[30],[11],[-5],[12],[1],[31],[16],[-3],[-5],[25],[-5],[1],[0],[27],[4],[6],[28],[13],[-4],[2],[-3],[0],[-3],[-4],[-6],[29],[13],[3],[3],[2],[30],[1],[-7],[27],[17],[4],[2],[9],[-7],[13],[2],[9],[3],[27],[4],[31],[7],[25],[9],[0],[28],[1],[4],[0],[28],[11],[2],[27],[0],[28],[23],[8],[0],[30],[1],[1],[29],[16],[3],[2],[26],[-4],[4],[30],[13],[2],[28],[0],[6],[2],[20],[25],[4],[4],[0],[30],[10],[-5],[2],[25],[3],[29],[13],[1],[16],[26],[3],[5],[31],[19],[-6],[0],[20],[9],[-5],[14],[17],[0],[32],[9],[-9],[12],[20],[9],[-5],[3],[2],[5],[9],[30],[18],[6],[5],[-7],[16],[21],[9],[-3],[28],[15],[-5],[13],[0],[7],[-8],[-4],[8],[23],[-6],[6],[-7],[9],[-6],[11],[-8],[-5],[12],[-5],[-6],[25],[9],[-5],[2],[26],[1],[1],[-7],[21],[-5],[0],[19],[1],[-8],[-3],[16],[-3],[-5],[-4],[18],[6],[-7],[-5],[17],[0],[-4],[21],[-7],[-5],[-6],[-5],[1],[26],[-7],[-5],[-5],[4],[25],[11],[-3],[9],[-7],[26],[9],[8],[25],[0],[29],[12],[1],[-13],[12],[13],[-4],[0],[21],[0],[1],[-3],[20],[18],[-7],[12],[3],[-14],[24],[11],[-10],[16],[3],[-11],[9],[10],[-8],[-7],[-10],[18],[-3],[1],[-7],[0],[19],[-7],[-11],[19],[-6],[0],[-10],[-3],[-7],[-5],[13],[-3],[0],[22],[11],[-6],[10],[-7],[3],[1],[23],[8],[-8],[0],[-7],[21],[8],[1],[-3],[8],[22],[-3],[-7],[-7],[-9],[12],[19],[-4],[19],[-8],[3],[6],[27],[-4],[2],[-8],[1],[1],[25],[9],[-5],[2],[16],[1],[-7],[17],[4],[3],[-5],[-4],[17],[-5],[9],[-7],[30],[-5],[13],[1],[5],[4],[26],[2],[19],[-4],[0],[29],[6],[5],[32],[17],[-4],[1],[5],[1],[-4],[28],[13],[1],[9],[-7],[16],[11],[-4],[-5],[8],[-4],[0],[-4],[-4],[14],[25],[-3],[0],[21],[3],[0],[20],[11],[1],[5],[-11],[22],[19],[-3],[4],[3],[6],[29],[13],[-6],[6],[4],[4],[2],[0],[3],[9],[32],[25],[9],[12],[1],[4],[5],[33],[17],[-6],[16],[27],[5],[4],[5],[5],[29],[9],[-4],[-7],[12],[25],[4],[29],[17],[3],[5],[2],[0],[1],[30],[1],[15],[2],[0],[25],[9],[-4],[29],[5],[-12],[0],[0],[28],[0],[0],[2],[2],[20],[4],[-8],[27],[13],[0],[33],[19],[3],[29],[14],[1],[2],[28],[17],[1],[12],[2],[3],[32],[17],[5],[19],[0],[21],[8],[0],[9],[-4],[30],[0],[2],[6],[25],[11],[8],[33],[22],[4],[6],[0],[16],[28],[3],[2],[21],[3],[25],[4],[4],[19],[-3],[0],[5],[5],[2],[0],[12],[26],[6],[9],[25],[10],[-3],[33],[17],[0],[2],[13],[-4],[2],[4],[-3],[1],[30],[19],[3],[6],[23],[5],[-7],[9],[-7],[14],[13],[-7],[-9],[19],[-5],[-3],[28],[0],[-4],[-3],[10],[0],[4],[0],[3],[3],[0],[-8],[12],[0],[3],[30],[15],[-4],[10],[-6],[12],[2],[-3],[0],[32],[-6],[16],[22],[9],[-7],[20],[17],[1],[8],[-4],[1],[14],[0],[27],[14],[3],[-10],[12],[-5],[27],[11],[-4],[0],[-5],[-4],[-3],[-4],[0],[4],[2],[2],[-6],[0],[-6],[22],[8],[-10],[-3],[-3],[14],[-7],[-5],[26],[-4],[3],[0],[2],[3],[21],[2],[2],[-6],[13],[24],[8],[-8],[11],[-4],[23],[1],[2],[-3],[0],[19],[3],[3],[29],[13],[1],[0],[22],[8],[-4],[-3],[0],[6],[0],[17],[3],[26],[11],[-5],[1],[1],[-5],[-6],[-7],[11],[-6],[0],[-11],[16],[17],[5],[0],[26],[-4],[-7],[-6],[-5],[10],[-4],[-5],[12],[1],[0],[24],[0],[1],[1],[3],[22],[6],[-7],[13],[-3],[1],[17],[2],[3],[11],[2],[-3],[-3],[-5],[0],[2],[1],[1],[-5],[1],[28],[15],[3],[30],[13],[-9],[-7],[29],[2],[2],[28],[8],[-8],[5],[-11],[26],[12],[-4],[0],[34],[2],[-6],[16],[6],[-8],[-4],[2],[20],[1],[-10],[4],[4],[22],[9],[-7],[12],[17],[4],[5],[3],[5],[32],[12],[0],[0],[22],[5],[-7],[25],[13],[0],[4],[16],[2],[2],[16],[-2],[12],[6],[4],[30],[11],[1],[13],[0],[10],[-6],[12],[17],[-4],[0],[3],[3],[28],[16],[-8],[16],[10],[-4],[8],[19],[-8],[14],[-3],[0],[-3],[32],[17],[3],[0],[28],[8],[-7],[24],[18],[3],[-6],[30],[3],[20],[7],[5],[0],[9],[0],[28],[18],[5],[2],[3],[1],[28],[14],[0],[2],[30],[8],[-6],[10],[20],[6],[-6],[2],[22],[3],[31],[10],[-10],[25],[21],[0],[11],[0],[33],[1],[12],[-4],[13],[15],[-4],[0],[21],[-6],[-6],[13],[21],[2],[26],[13],[-4],[16],[1],[2],[0],[-8],[24],[20],[9],[-5],[18],[2],[3],[3],[29],[14],[0],[32],[2],[6],[2],[12],[25],[0],[11],[-4],[0],[17],[2],[1],[2],[4],[0],[2],[3],[22],[2],[6],[3],[1],[32],[6],[0],[22],[17],[4],[4],[32],[18],[5],[6],[33],[8],[0],[30],[17],[-6],[12],[18],[3],[3],[29],[12],[-5],[-6],[24],[9],[0],[9],[-6],[17],[3],[1],[25],[8],[-11],[25],[-3],[3],[29],[7],[-7],[-4],[28],[-5],[-3],[8],[0],[25],[-5],[-7],[-7],[16],[2],[0],[2],[17],[25],[11],[18],[31],[47],[40],[47],[13],[-5],[-10],[24],[3],[-10],[1],[-13],[18],[13],[8],[1],[4],[29],[9],[5],[23],[12],[16],[42],[20],[6],[40],[8],[9],[29],[-14],[-19],[-22],[9],[-18],[13],[3],[-6],[25],[0],[-8],[-8],[-21],[-11],[19],[5],[24],[27],[31],[47],[1],[0],[-6],[-40],[-54],[-23],[-34],[-33],[-13],[33],[37],[27],[16],[39],[17],[-11],[-6],[5],[-4],[14],[50],[40],[74],[41],[3],[-12],[-39],[-33],[-45],[-35],[-24],[-16],[0],[14],[55],[35],[14],[19],[4],[-19],[16],[3],[-4],[32],[19],[39],[28],[4],[-3],[-10],[-32],[-5],[-23],[-22],[3],[11],[24],[60],[38],[21],[14],[17],[-5],[-20],[-13],[22],[13],[4],[35],[8],[-15],[11],[-14],[-22],[11],[-6],[-20],[-19],[22],[11],[8],[41],[16],[-4],[-6],[-13],[-10],[-3],[11],[16],[29],[49],[90],[53],[38],[18],[9],[-16],[-39],[-42],[-15],[-30],[-27],[-8],[2],[7],[12],[28],[9],[0],[-6],[13],[29],[19],[12],[13],[0],[-4],[-31],[-44],[-47],[-56],[-68],[-36],[-32],[-47],[-38],[-48],[-55],[-55],[-67],[-56],[-48],[-61],[-56],[-8],[68],[161],[176],[210],[162],[73],[2],[-43],[-66],[-48],[-82],[-103],[-87],[-40],[-34],[-12],[8],[18],[-21],[-23],[30],[72],[89],[132],[181],[169],[136],[136],[91],[52],[-39],[-102],[-122],[-97],[-92],[-56],[20],[39],[45],[89],[145],[123],[107],[106],[120],[81],[75],[141],[100],[95],[48],[13],[8],[-47],[-64],[-61],[-39],[-19],[-10],[32],[60],[63],[81],[75],[37],[32],[16],[-4],[-3],[-34],[-55],[-40],[-59],[-74],[-42],[-58],[-92],[-80],[-77],[-101],[-108],[-111],[-87],[-111],[-141],[-168],[-177],[-213],[-259],[-216],[65],[216],[368],[480],[367],[201],[57],[-35],[4],[-105],[-192],[-207],[-218],[-244],[-179],[-49],[11],[-81],[-127],[-112],[-9],[86],[154],[250],[348],[332],[310],[349],[344],[156],[-64],[-184],[-227],[-293],[-274],[-141],[-74],[-84],[-51],[70],[155],[113],[114],[112],[73],[85],[119],[257],[274],[202],[140],[96],[2],[-118],[-164],[-199],[-258],[-283],[-230],[-115],[33],[68],[83],[133],[133],[106],[80],[104],[92],[41],[2],[63],[60],[9],[-32],[-45],[-123],[-214],[-224],[-155],[-128],[-107],[-48],[48],[121],[153],[186],[186],[177],[47],[-18],[-15],[-3],[-27],[-34],[18],[-18],[-78],[-45],[-19],[-15],[0],[-35],[44],[69],[54],[116],[162],[163],[107],[79],[118],[128],[63],[44],[68],[36],[-19],[5],[9],[6],[0],[-33],[9],[45],[9],[-12],[41],[26],[-33],[-53],[-43],[-54],[-109],[-134],[-93],[-109],[-147],[-135],[-111],[-134],[-168],[-148],[-133],[-152],[-142],[-108],[-59],[-20],[130],[233],[278],[330],[266],[168],[52],[-80],[-109],[-133],[-167],[-207],[-195],[-143],[-138],[-123],[-59],[-8],[-54],[-32],[59],[131],[192],[259],[292],[328],[258],[180],[130],[40],[-67],[-194],[-239],[-215],[-227],[-181],[-68],[-27],[-16],[36],[106],[177],[156],[137],[165],[182],[173],[180],[200],[169],[90],[11],[-74],[-136],[-184],[-221],[-208],[-153],[-138],[-95],[21],[76],[89],[97],[125],[149],[85],[84],[93],[58],[16],[3],[-12],[-39],[-62],[-105],[-108],[-43],[-43],[-6],[68],[122],[93],[116],[121],[125],[83],[30],[20],[-19],[-28],[-25],[13],[34],[19],[-15],[-8],[32],[30],[24],[22],[46],[-5],[-32],[26],[3],[-59],[-83],[-62],[-79],[-63],[-13],[13],[21],[-18],[-32],[-81],[-136],[-205],[-240],[-289],[-346],[-366],[-265],[-17],[293],[486],[560],[520],[313],[109],[-69],[-102],[-118],[-257],[-319],[-276],[-242],[-192],[-81],[8],[-26],[-167],[-202],[-89],[6],[83],[221],[345],[391],[405],[437],[413],[244],[36],[-181],[-291],[-310],[-289],[-238],[-120],[-54],[22],[97],[174],[179],[149],[65],[33],[77],[109],[209],[328],[308],[221],[148],[38],[-47],[-193],[-279],[-320],[-316],[-282],[-161],[-13],[79],[109],[141],[142],[112],[100],[59],[83],[43],[-4],[33],[62],[81],[40],[-39],[-102],[-138],[-150],[-103],[44],[125],[140],[202],[217],[181],[125],[79],[34],[-60],[-125],[-154],[-100],[-65],[-31],[-17],[22],[41],[16],[24],[58],[67],[6],[-8],[17],[-5],[0],[-37],[-76],[-124],[-143],[-116],[-36],[-42],[-27],[-68],[-101],[-128],[-161],[-220],[-277],[-356],[-431],[-387],[-83],[329],[562],[723],[717],[492],[214],[-16],[-102],[-151],[-328],[-452],[-453],[-375],[-261],[-102],[30],[32],[-78],[-165],[-90],[36],[148],[217],[305],[405],[485],[478],[465],[337],[81],[-249],[-388],[-380],[-381],[-323],[-213],[-76],[50],[126],[240],[324],[255],[96],[29],[90],[120],[167],[292],[327],[236],[109],[50],[-41],[-171],[-292],[-338],[-348],[-298],[-188],[-13],[128],[181],[161],[155],[155],[116],[90],[29],[-12],[0],[-22],[10],[91],[83],[6],[-28],[-3],[-30],[14],[18],[11],[18],[13],[80],[156],[163],[122],[67],[15],[-64],[-99],[-60],[-50],[-70],[-93],[-32],[65],[101],[85],[98],[70],[-27],[-100],[-96],[-64],[-141],[-200],[-144],[-111],[-32],[-22],[0],[-18],[-69],[-171],[-178],[-242],[-358],[-513],[-513],[-136],[299],[588],[808],[744],[507],[192],[-18],[24],[-18],[-225],[-392],[-451],[-430],[-315],[-147],[-15],[-52],[-231],[-319],[-148],[86],[178],[275],[376],[490],[511],[523],[547],[434],[60],[-287],[-422],[-432],[-388],[-348],[-257],[-172],[-81],[43],[232],[350],[325],[165],[133],[155],[202],[306],[355],[333],[182],[57],[-37],[-107],[-215],[-342],[-415],[-423],[-365],[-227],[0],[173],[212],[211],[210],[224],[221],[163],[97],[25],[-28],[-66],[-30],[53],[13],[-84],[-85],[-59],[-37],[5],[89],[106],[65],[53],[101],[176],[192],[163],[66],[58],[-46],[-89],[-69],[-27],[-66],[-113],[-99],[-12],[25],[54],[63],[54],[5],[-68],[-82],[-79],[-111],[-200],[-218],[-126],[-106],[-92],[-50],[-21],[-86],[-211],[-246],[-272],[-378],[-540],[-499],[30],[394],[709],[860],[729],[504],[112],[-160],[-47],[-103],[-349],[-493],[-470],[-403],[-291],[-108],[60],[-26],[-229],[-279],[-29],[142],[218],[306],[442],[496],[542],[525],[510],[313],[-76],[-405],[-487],[-437],[-409],[-333],[-191],[-56],[22],[165],[311],[398],[246],[61],[33],[130],[176],[282],[381],[402],[236],[78],[2],[-110],[-263],[-395],[-464],[-420],[-346],[-182],[21],[201],[225],[193],[220],[228],[162],[101],[80],[50],[-6],[2],[94],[94],[-6],[-104],[-167],[-199],[-218],[-141],[-6],[112],[180],[234],[298],[345],[274],[126],[77],[-7],[-125],[-147],[-98],[-47],[-52],[-54],[-15],[28],[-3],[-58],[-7],[-27],[-64],[-75],[-29],[14],[-39],[-82],[-106],[-75],[-62],[-81],[-52],[-4],[-64],[-113],[-144],[-120],[-207],[-326],[-382],[-444],[-507],[-262],[191],[504],[734],[745],[570],[360],[88],[-45],[-87],[-274],[-484],[-581],[-521],[-367],[-155],[-7],[57],[20],[-90],[-94],[55],[122],[179],[249],[324],[453],[560],[527],[472],[203],[-141],[-372],[-461],[-433],[-416],[-331],[-127],[22],[142],[323],[435],[378],[204],[61],[21],[65],[145],[218],[278],[276],[186],[85],[54],[-82],[-286],[-430],[-454],[-434],[-348],[-175],[22],[161],[194],[204],[264],[224],[129],[77],[4],[-29],[-67],[-65],[25],[64],[-7],[-92],[-107],[-149],[-181],[-122],[11],[96],[161],[228],[300],[319],[283],[182],[75],[-22],[-106],[-157],[-144],[-88],[-82],[-86],[-47],[16],[-3],[-3],[48],[12],[-32],[-8],[13],[12],[-7],[-26],[14],[1],[-30],[-16],[36],[-10],[-98],[-127],[-155],[-203],[-270],[-331],[-376],[-422],[-434],[-252],[236],[532],[755],[728],[560],[365],[109],[-88],[-114],[-200],[-431],[-550],[-470],[-307],[-184],[-30],[15],[-5],[-136],[-147],[-27],[97],[152],[231],[324],[449],[511],[501],[419],[229],[-75],[-342],[-405],[-374],[-362],[-307],[-186],[-26],[118],[212],[301],[360],[214],[45],[35],[118],[190],[211],[241],[252],[171],[69],[28],[-38],[-156],[-344],[-388],[-339],[-273],[-167],[12],[172],[215],[211],[249],[275],[210],[114],[-21],[-66],[-105],[-87],[-26],[68],[84],[16],[-5],[-28],[-57],[-66],[-55],[1],[120],[186],[238],[327],[280],[174],[106],[25],[-95],[-198],[-238],[-248],[-218],[-165],[-57],[38],[100],[113],[90],[93],[20],[-52],[-83],[-45],[-94],[-135],[-104],[-39],[-40],[-47],[-47],[-69],[-132],[-221],[-269],[-288],[-308],[-384],[-374],[-376],[-328],[62],[444],[729],[802],[694],[439],[222],[-37],[-111],[-150],[-324],[-513],[-538],[-461],[-259],[-39],[17],[28],[-7],[-125],[-51],[106],[179],[251],[275],[369],[481],[511],[486],[401],[120],[-167],[-359],[-397],[-339],[-344],[-284],[-124],[27],[158],[288],[378],[324],[186],[43],[80],[137],[141],[172],[250],[217],[117],[58],[9],[-104],[-284],[-396],[-416],[-350],[-252],[-128],[73],[197],[217],[233],[227],[204],[79],[-61],[-134],[-170],[-152],[-77],[25],[164],[99],[25],[-6],[-50],[-93],[-138],[-86],[1],[121],[232],[307],[381],[312],[192],[56],[-95],[-218],[-327],[-329],[-274],[-218],[-111],[40],[152],[214],[212],[190],[117],[26],[-16],[-46],[-76],[-120],[-126],[-122],[-80],[-37],[-23],[-38],[-67],[-119],[-173],[-196],[-214],[-214],[-261],[-262],[-248],[-231],[-185],[136],[423],[564],[658],[530],[320],[114],[-138],[-216],[-212],[-274],[-394],[-395],[-317],[-232],[-72],[-13],[-10],[-61],[-143],[-71],[45],[133],[240],[332],[385],[437],[456],[413],[329],[104],[-158],[-250],[-310],[-319],[-273],[-228],[-122],[-15],[83],[186],[266],[266],[119],[69],[116],[159],[191],[259],[318],[295],[133],[35],[-27],[-152],[-278],[-341],[-334],[-295],[-222],[-127],[61],[201],[179],[152],[168],[130],[53],[-43],[-32],[-20],[-29],[22],[122],[161],[106],[27],[-27],[-52],[-145],[-206],[-123],[12],[46],[162],[284],[301],[238],[106],[53],[-65],[-226],[-292],[-277],[-202],[-168],[-63],[68],[161],[186],[145],[111],[104],[0],[-97],[-110],[-148],[-156],[-170],[-120],[-52],[-13],[0],[20],[28],[-12],[-117],[-154],[-153],[-234],[-251],[-263],[-249],[-285],[-299],[-192],[182],[380],[534],[590],[433],[244],[98],[-47],[-27],[-36],[-199],[-336],[-382],[-328],[-231],[-146],[-72],[-63],[-132],[-132],[13],[122],[193],[267],[298],[368],[480],[491],[481],[353],[115],[-126],[-261],[-306],[-323],[-306],[-240],[-173],[-106],[13],[180],[221],[188],[160],[173],[219],[257],[339],[339],[268],[156],[27],[-75],[-142],[-196],[-307],[-330],[-311],[-246],[-178],[-55],[92],[112],[86],[108],[161],[183],[126],[110],[114],[70],[105],[118],[122],[96],[-36],[-125],[-151],[-165],[-173],[-114],[15],[60],[113],[217],[255],[211],[146],[52],[-38],[-87],[-123],[-165],[-120],[-85],[-94],[-48],[48],[86],[82],[58],[81],[49],[-18],[-40],[-56],[-104],[-108],[-124],[-102],[-36],[-8],[12],[42],[29],[-16],[-53],[-139],[-208],[-302],[-354],[-340],[-376],[-367],[-338],[-223],[192],[479],[657],[712],[601],[358],[165],[-30],[-71],[-117],[-309],[-429],[-437],[-372],[-222],[-77],[-46],[-98],[-194],[-192],[-91],[59],[213],[347],[417],[511],[613],[677],[606],[410],[121],[-183],[-378],[-440],[-420],[-357],[-316],[-239],[-99],[55],[199],[312],[307],[216],[160],[169],[207],[257],[300],[261],[172],[83],[44],[-52],[-165],[-323],[-408],[-465],[-458],[-348],[-155],[11],[133],[169],[211],[283],[267],[189],[112],[55],[-24],[-32],[75],[109],[93],[42],[-37],[-106],[-198],[-223],[-209],[-147],[-93],[-37],[153],[284],[323],[300],[222],[118],[-32],[-136],[-198],[-194],[-160],[-144],[-54],[83],[198],[188],[139],[120],[5],[-126],[-138],[-117],[-82],[-82],[-64],[-20],[45],[44],[45],[63],[29],[-55],[-153],[-178],[-211],[-252],[-293],[-312],[-316],[-386],[-392],[-138],[273],[523],[761],[755],[567],[355],[108],[-78],[-108],[-238],[-453],[-556],[-513],[-380],[-182],[-59],[-19],[-32],[-147],[-132],[-14],[106],[256],[350],[433],[603],[700],[664],[554],[288],[-108],[-380],[-540],[-566],[-514],[-423],[-304],[-134],[62],[263],[358],[414],[291],[138],[86],[161],[215],[264],[313],[278],[194],[105],[-39],[-155],[-350],[-520],[-586],[-551],[-428],[-220],[28],[230],[351],[337],[368],[306],[194],[68],[-23],[-44],[-14],[22],[152],[154],[61],[-46],[-209],[-310],[-331],[-335],[-235],[-78],[47],[192],[400],[485],[472],[392],[214],[2],[-184],[-291],[-334],[-258],[-197],[-120],[26],[98],[124],[141],[110],[66],[-37],[-112],[-73],[-38],[13],[30],[88],[59],[13],[0],[-5],[-28],[-33],[-119],[-165],[-160],[-163],[-169],[-203],[-244],[-296],[-354],[-353],[-274],[-139],[215],[519],[740],[789],[597],[352],[94],[-171],[-295],[-340],[-412],[-458],[-413],[-287],[-120],[-7],[14],[-40],[-103],[-142],[-53],[101],[287],[420],[528],[613],[618],[542],[399],[112],[-165],[-423],[-534],[-513],[-386],[-250],[-123],[48],[148],[207],[270],[288],[191],[100],[90],[118],[183],[274],[288],[300],[136],[-24],[-179],[-287],[-347],[-421],[-410],[-287],[-204],[-62],[114],[225],[270],[250],[177],[148],[115],[52],[58],[50],[32],[29],[5],[-20],[-44],[-155],[-194],[-221],[-230],[-148],[-28],[88],[192],[286],[308],[285],[240],[162],[32],[-53],[-184],[-253],[-223],[-127],[-63],[-18],[80],[98],[77],[89],[60],[68],[49],[-19],[18],[14],[-18],[-35],[-27],[-74],[-110],[-111],[-79],[-23],[12],[2],[15],[-4],[-93],[-179],[-207],[-281],[-339],[-368],[-327],[-250],[-198],[105],[466],[649],[689],[521],[313],[77],[-153],[-194],[-141],[-180],[-257],[-296],[-263],[-145],[-67],[-84],[-95],[-152],[-190],[-53],[120],[341],[429],[438],[454],[501],[445],[356],[211],[-19],[-238],[-331],[-302],[-224],[-148],[-111],[-76],[-38],[28],[78],[123],[121],[72],[12],[81],[162],[248],[282],[244],[137],[18],[-80],[-114],[-130],[-236],[-295],[-235],[-196],[-167],[-88],[43],[86],[59],[60],[106],[162],[112],[75],[72],[83],[20],[-3],[67],[48],[-59],[-88],[-102],[-88],[-100],[-93],[-28],[40],[45],[75],[172],[252],[195],[117],[66],[35],[-58],[-81],[-20],[12],[-26],[-27],[4],[29],[39],[27],[57],[24],[3],[-49],[-23],[48],[12],[-55],[-54],[-19],[-31],[20],[61],[90],[70],[-28],[-32],[-53],[-139],[-208],[-240],[-253],[-279],[-307],[-292],[-272],[-303],[-222],[45],[396],[560],[653],[526],[347],[153],[-44],[-77],[-93],[-201],[-352],[-403],[-322],[-197],[-81],[-4],[-36],[-92],[-181],[-110],[41],[176],[284],[322],[390],[508],[511],[462],[344],[137],[-126],[-285],[-324],[-291],[-291],[-269],[-187],[-125],[-48],[73],[136],[134],[85],[9],[48],[145],[201],[268],[328],[286],[232],[117],[41],[-40],[-235],[-374],[-408],[-399],[-316],[-192],[-46],[79],[153],[138],[208],[223],[139],[103],[96],[74],[43],[52],[87],[101],[40],[-44],[-141],[-172],[-249],[-278],[-223],[-113],[-49],[81],[225],[318],[325],[328],[272],[185],[52],[-92],[-158],[-199],[-213],[-168],[-60],[3],[86],[90],[76],[88],[48],[-51],[-82],[-96],[-104],[-53],[5],[89],[172],[148],[98],[69],[-43],[-155],[-202],[-207],[-242],[-234],[-196],[-140],[-141],[-187],[-235],[-287],[-357],[-325],[-76],[294],[563],[694],[698],[538],[298],[70],[-94],[-172],[-313],[-435],[-472],[-374],[-221],[-79],[36],[26],[-50],[-144],[-141],[-67],[68],[182],[341],[429],[555],[622],[644],[508],[233],[-76],[-310],[-440],[-512],[-479],[-389],[-270],[-173],[-58],[66],[139],[116],[33],[3],[81],[141],[284],[436],[502],[457],[332],[181],[27],[-200],[-400],[-548],[-602],[-542],[-434],[-243],[-6],[123],[176],[250],[240],[228],[225],[174],[149],[121],[117],[129],[180],[139],[0],[-146],[-300],[-389],[-429],[-355],[-256],[-133],[64],[243],[397],[506],[511],[377],[194],[18],[-79],[-147],[-104],[-104],[-95],[-28],[28],[84],[58],[-7],[-87],[-138],[-182],[-119],[-15],[67],[106],[188],[200],[153],[113],[75],[-50],[-84],[-125],[-125],[-81],[-48],[-67],[-87],[-126],[-215],[-264],[-301],[-293],[-328],[-315],[-206],[-131],[31],[296],[494],[619],[554],[362],[170],[-44],[-181],[-195],[-170],[-178],[-192],[-176],[-166],[-109],[-132],[-179],[-208],[-272],[-229],[-87],[104],[316],[474],[513],[563],[596],[486],[320],[101],[-113],[-300],[-424],[-427],[-322],[-304],[-265],[-216],[-181],[-76],[2],[69],[173],[238],[277],[377],[489],[470],[419],[321],[129],[-52],[-210],[-327],[-396],[-447],[-435],[-347],[-257],[-152],[-20],[75],[129],[201],[259],[270],[283],[275],[244],[227],[147],[33],[-62],[-145],[-245],[-287],[-259],[-243],[-170],[-95],[-5],[45],[90],[149],[232],[266],[265],[248],[188],[137],[94],[90],[-16],[-87],[-149],[-227],[-222],[-184],[-119],[-24],[41],[62],[84],[138],[114],[120],[112],[52],[6],[51],[62],[83],[79],[28],[-49],[-113],[-136],[-156],[-156],[-166],[-136],[-125],[-118],[-42],[-43],[-53],[-70],[-156],[-198],[-238],[-270],[-123],[102],[293],[450],[484],[421],[292],[130],[32],[-20],[-94],[-211],[-287],[-317],[-288],[-230],[-164],[-157],[-167],[-127],[-66],[34],[182],[318],[413],[458],[499],[498],[412],[298],[61],[-167],[-332],[-432],[-453],[-414],[-326],[-243],[-133],[0],[162],[234],[271],[281],[215],[200],[252],[258],[270],[262],[239],[116],[-23],[-130],[-239],[-383],[-460],[-472],[-392],[-262],[-83],[107],[252],[307],[329],[292],[245],[176],[131],[54],[4],[10],[20],[-5],[-35],[-48],[-134],[-214],[-276],[-254],[-237],[-155],[-37],[99],[233],[309],[377],[333],[278],[162],[57],[-30],[-29],[-77],[-113],[-119],[-101],[-104],[-110],[-64],[-53],[-58],[-36],[-18],[37],[104],[178],[186],[165],[137],[54],[-21],[-74],[-125],[-115],[-107],[-64],[-21],[28],[37],[24],[4],[-82],[-158],[-210],[-294],[-336],[-312],[-286],[-238],[-181],[-60],[156],[330],[512],[611],[486],[344],[169],[-14],[-74],[-94],[-139],[-195],[-285],[-336],[-287],[-239],[-232],[-211],[-195],[-172],[-43],[107],[293],[461],[479],[484],[491],[413],[314],[160],[-51],[-224],[-340],[-380],[-303],[-256],[-213],[-189],[-133],[-73],[13],[98],[153],[212],[211],[238],[313],[341],[338],[269],[164],[21],[-98],[-156],[-220],[-272],[-271],[-293],[-235],[-173],[-75],[41],[88],[130],[191],[194],[209],[262],[220],[129],[100],[30],[-24],[-66],[-83],[-130],[-171],[-197],[-198],[-136],[-102],[-97],[-33],[57],[126],[212],[313],[324],[344],[264],[133],[33],[-49],[-158],[-212],[-256],[-226],[-184],[-134],[-28],[80],[99],[96],[122],[102],[49],[17],[-6],[-15],[-5],[20],[42],[92],[82],[49],[33],[31],[-48],[-83],[-142],[-168],[-213],[-243],[-223],[-221],[-217],[-192],[-189],[-179],[-170],[-136],[72],[298],[483],[588],[518],[383],[194],[50],[-37],[-85],[-162],[-299],[-407],[-439],[-410],[-344],[-254],[-197],[-163],[-116],[31],[178],[321],[429],[506],[511],[502],[477],[403],[246],[37],[-187],[-324],[-424],[-447],[-419],[-380],[-319],[-223],[-117],[64],[184],[293],[287],[307],[312],[348],[371],[416],[374],[255],[89],[-31],[-178],[-306],[-415],[-456],[-458],[-364],[-256],[-118],[49],[146],[210],[262],[264],[296],[258],[205],[171],[100],[72],[37],[-26],[-60],[-177],[-257],[-308],[-296],[-295],[-187],[-95],[34],[145],[227],[294],[325],[293],[247],[144],[84],[-19],[-99],[-138],[-130],[-151],[-154],[-102],[-47],[-31],[27],[5],[-7],[20],[51],[56],[73],[106],[81],[70],[76],[78],[102],[53],[11],[-16],[-31],[-60],[-73],[-77],[-114],[-160],[-173],[-150],[-183],[-188],[-178],[-219],[-229],[-224],[-196],[-22],[195],[435],[652],[633],[508],[353],[101],[-64],[-135],[-257],[-354],[-464],[-496],[-398],[-286],[-190],[-78],[-59],[-71],[-6],[136],[254],[432],[486],[503],[516],[524],[431],[297],[63],[-164],[-397],[-540],[-531],[-474],[-394],[-294],[-152],[2],[174],[313],[381],[392],[315],[281],[241],[285],[302],[258],[212],[93],[-37],[-112],[-234],[-343],[-431],[-458],[-447],[-338],[-141],[25],[181],[308],[329],[377],[335],[274],[208],[121],[11],[-59],[-71],[-75],[-97],[-142],[-164],[-234],[-263],[-246],[-181],[-150],[-83],[36],[178],[255],[309],[358],[296],[236],[134],[8],[-61],[-135],[-190],[-205],[-156],[-147],[-106],[4],[17],[43],[67],[34],[34],[47],[55],[95],[85],[98],[95],[130],[131],[88],[31],[24],[-25],[-66],[-68],[-66],[-81],[-98],[-114],[-134],[-132],[-195],[-231],[-263],[-230],[-211],[-187],[-156],[-93],[89],[307],[524],[641],[556],[370],[113],[-88],[-195],[-237],[-262],[-363],[-440],[-436],[-324],[-212],[-111],[-40],[-26],[24],[83],[208],[385],[431],[427],[421],[392],[377],[251],[83],[-113],[-352],[-506],[-513],[-432],[-295],[-208],[-120],[-28],[81],[194],[321],[338],[286],[232],[240],[243],[300],[347],[255],[128],[-15],[-193],[-310],[-377],[-394],[-406],[-373],[-259],[-90],[105],[226],[301],[315],[323],[261],[239],[182],[101],[43],[-39],[-104],[-119],[-147],[-143],[-204],[-269],[-291],[-242],[-171],[-90],[22],[125],[193],[229],[296],[289],[255],[177],[105],[15],[-62],[-101],[-97],[-124],[-112],[-95],[-110],[-103],[-71],[-43],[-29],[12],[49],[88],[159],[170],[161],[156],[150],[104],[85],[81],[59],[42],[-8],[-43],[-75],[-107],[-108],[-149],[-189],[-214],[-225],[-207],[-159],[-109],[-55],[5],[9],[47],[-11],[-148],[-163],[6],[197],[372],[461],[398],[276],[51],[-109],[-125],[-147],[-240],[-350],[-443],[-380],[-248],[-71],[66],[109],[114],[67],[119],[259],[315],[294],[256],[252],[225],[227],[219],[83],[-122],[-288],[-402],[-418],[-347],[-245],[-162],[-73],[-4],[107],[248],[372],[370],[299],[266],[190],[179],[180],[186],[86],[-27],[-99],[-178],[-218],[-230],[-252],[-289],[-276],[-192],[-65],[33],[161],[185],[235],[243],[230],[229],[158],[84],[-19],[-101],[-126],[-128],[-138],[-151],[-128],[-159],[-167],[-122],[-80],[-40],[-27],[3],[90],[152],[201],[250],[280],[234],[188],[106],[6],[-74],[-156],[-211],[-228],[-181],[-137],[-77],[28],[114],[125],[146],[185],[132],[121],[71],[73],[59],[56],[68],[82],[56],[16],[-6],[-53],[-98],[-119],[-111],[-110],[-96],[-69],[-40],[-15],[1],[10],[-35],[-71],[-77],[-110],[-155],[-165],[-243],[-378],[-285],[48],[345],[537],[553],[405],[194],[-44],[-138],[-109],[-94],[-223],[-341],[-363],[-272],[-111],[25],[18],[1],[-90],[-82],[54],[202],[286],[292],[276],[281],[305],[320],[204],[-16],[-239],[-430],[-470],[-368],[-244],[-120],[-30],[11],[96],[207],[296],[360],[283],[181],[144],[146],[181],[215],[176],[62],[-68],[-196],[-245],[-300],[-331],[-356],[-340],[-240],[-72],[90],[233],[280],[288],[296],[274],[214],[152],[105],[-10],[-102],[-138],[-122],[-120],[-147],[-187],[-194],[-213],[-203],[-132],[-74],[36],[126],[164],[255],[305],[302],[301],[233],[110],[12],[-93],[-146],[-174],[-171],[-152],[-117],[-69],[-44],[-19],[20],[25],[35],[47],[112],[121],[145],[180],[174],[118],[80],[37],[10],[6],[-46],[-67],[-85],[-71],[-80],[-89],[-95],[-70],[-73],[-90],[-77],[-17],[5],[4],[34],[4],[-49],[-114],[-244],[-388],[-275],[8],[261],[431],[452],[344],[146],[-59],[-87],[-52],[-110],[-238],[-359],[-350],[-234],[-35],[61],[75],[37],[-52],[-51],[25],[136],[167],[128],[133],[213],[255],[296],[255],[84],[-140],[-270],[-322],[-272],[-158],[-92],[-64],[-13],[107],[205],[262],[268],[161],[49],[-20],[8],[125],[183],[157],[98],[10],[-49],[-120],[-139],[-173],[-248],[-282],[-210],[-101],[38],[129],[185],[214],[249],[228],[193],[154],[85],[-37],[-119],[-113],[-99],[-84],[-85],[-122],[-146],[-178],[-158],[-104],[-47],[60],[95],[163],[201],[256],[300],[246],[184],[65],[-26],[-133],[-196],[-162],[-158],[-141],[-93],[-53],[-33],[28],[52],[69],[106],[100],[107],[144],[179],[155],[120],[86],[18],[-36],[-52],[-45],[-80],[-92],[-53],[-62],[-63],[-43],[1],[-16],[-31],[9],[7],[27],[29],[44],[3],[-3],[-84],[-166],[-257],[-436],[-445],[-136],[150],[409],[493],[408],[261],[46],[-24],[34],[1],[-99],[-289],[-394],[-295],[-137],[-26],[24],[1],[-106],[-123],[-29],[93],[178],[180],[137],[188],[324],[382],[340],[191],[-43],[-262],[-367],[-338],[-270],[-222],[-168],[-151],[-44],[139],[251],[332],[287],[215],[155],[126],[182],[206],[155],[46],[-69],[-143],[-200],[-211],[-193],[-234],[-272],[-245],[-135],[3],[136],[185],[234],[254],[272],[300],[229],[151],[43],[-68],[-160],[-182],[-182],[-152],[-194],[-190],[-184],[-145],[-78],[30],[83],[116],[158],[203],[226],[261],[254],[165],[56],[-10],[-54],[-77],[-110],[-125],[-152],[-168],[-161],[-91],[-35],[18],[78],[83],[129],[134],[152],[155],[107],[37],[-37],[-65],[-49],[-55],[-43],[-32],[-25],[5],[-23],[-15],[16],[-21],[-40],[-62],[-53],[-53],[-14],[16],[72],[56],[0],[-77],[-151],[-298],[-455],[-422],[-83],[157],[400],[511],[403],[275],[89],[-7],[34],[-34],[-173],[-339],[-402],[-317],[-151],[-47],[18],[-13],[-77],[-69],[24],[168],[193],[131],[114],[214],[292],[338],[294],[187],[-42],[-255],[-290],[-267],[-235],[-168],[-104],[-66],[23],[141],[275],[280],[266],[166],[98],[96],[117],[134],[132],[47],[-40],[-76],[-111],[-158],[-179],[-214],[-243],[-189],[-98],[26],[144],[196],[248],[269],[251],[268],[183],[67],[-22],[-125],[-198],[-168],[-133],[-95],[-70],[-89],[-82],[-27],[-14],[17],[58],[113],[140],[166],[213],[262],[210],[93],[1],[-69],[-130],[-171],[-151],[-125],[-125],[-95],[-61],[-9],[38],[51],[41],[41],[52],[70],[82],[66],[80],[41],[-16],[-38],[-24],[-46],[-60],[-30],[-47],[-44],[2],[12],[14],[5],[3],[-50],[-70],[-69],[-64],[-64],[-64],[-47],[-97],[-196],[-229],[34],[212],[368],[384],[261],[113],[-75],[-204],[-122],[-86],[-136],[-192],[-198],[-154],[-50],[13],[32],[-29],[-63],[-97],[-6],[109],[178],[209],[156],[187],[245],[227],[171],[59],[-95],[-216],[-224],[-188],[-111],[-83],[-67],[-40],[27],[93],[171],[220],[181],[121],[125],[113],[137],[208],[163],[56],[-17],[-84],[-157],[-164],[-168],[-219],[-208],[-176],[-22],[89],[187],[208],[179],[159],[135],[133],[163],[166],[83],[-18],[-60],[-70],[-91],[-111],[-113],[-132],[-125],[-91],[-12],[41],[64],[92],[85],[92],[100],[121],[68],[16],[-22],[-45],[-83],[-83],[-92],[-102],[-100],[-83],[-27],[-23],[-30],[-28],[-37],[-44],[-18],[-31],[-34],[-36],[-23],[-46],[-37],[-22],[-20],[-20],[-90],[-150],[-173],[-228],[-259],[-232],[-12],[211],[389],[477],[461],[330],[138],[2],[-59],[-79],[-131],[-188],[-205],[-130],[-82],[-20],[14],[-66],[-127],[-160],[-98],[-7],[82],[156],[222],[321],[365],[377],[300],[173],[-51],[-257],[-357],[-336],[-275],[-173],[-56],[44],[91],[145],[177],[188],[85],[1],[-11],[-13],[40],[137],[203],[208],[162],[125],[40],[-46],[-84],[-157],[-194],[-140],[-55],[26],[90],[138],[168],[140],[74],[50],[-21],[-93],[-126],[-106],[-93],[-39],[22],[70],[83],[85],[67],[24],[10],[-4],[-29],[-20],[4],[38],[37],[44],[37],[0],[-39],[-63],[-112],[-117],[-123],[-95],[-76],[-46],[-7],[28],[-13],[-11],[-48],[-53],[-30],[-51],[-31],[-99],[-140],[-172],[-190],[-145],[-50],[47],[157],[268],[283],[259],[192],[90],[-39],[-143],[-165],[-175],[-130],[-67],[-40],[28],[81],[63],[27],[4],[-5],[-23],[-8],[72],[108],[154],[196],[222],[194],[125],[68],[-31],[-51],[-86],[-95],[-30],[53],[90],[102],[124],[110],[73],[56],[51],[11],[-12],[-23],[25],[57],[89],[132],[156],[103],[53],[20],[-60],[-92],[-115],[-70],[-36],[-10],[8],[48],[32],[-21],[-60],[-53],[-93],[-118],[-84],[-48],[27],[48],[53],[80],[39],[-54],[-96],[-141],[-173],[-207],[-199],[-188],[-166],[-122],[-94],[-93],[-87],[37],[209],[369],[443],[371],[230],[97],[-51],[-118],[-100],[-122],[-184],[-245],[-239],[-149],[-37],[9],[9],[0],[-26],[35],[101],[185],[243],[178],[164],[175],[216],[173],[61],[-55],[-196],[-278],[-251],[-141],[-52],[-10],[46],[99],[149],[180],[170],[124],[73],[40],[16],[61],[138],[204],[131],[68],[30],[-50],[-102],[-123],[-167],[-143],[-72],[3],[154],[231],[266],[228],[125],[25],[-47],[-96],[-133],[-139],[-78],[-58],[13],[120],[165],[147],[100],[11],[-50],[-71],[-53],[-34],[-28],[-29],[2],[5],[0],[-22],[-50],[-128],[-123],[-155],[-159],[-122],[-63],[-51],[-20],[2],[-3],[24],[-27],[-16],[51],[43],[106],[119],[83],[57],[21],[-65],[-35],[-68],[-109],[-118],[-100],[-77],[3],[37],[114],[133],[103],[85],[81],[49],[51],[90],[84],[106],[130],[118],[90],[99],[44],[1],[-23],[-15],[-23],[-22],[-18],[32],[26],[45],[37],[48],[39],[32],[3],[7],[29],[11],[13],[33],[49],[72],[92],[68],[76],[62],[53],[-16],[-62],[-87],[-131],[-150],[-123],[-108],[-88],[-28],[-44],[-29],[-19],[-55],[-60],[-80],[-89],[-88],[-111],[-117],[-118],[-114],[-116],[-91],[-103],[-108],[-58],[43],[157],[253],[237],[178],[87],[0],[-70],[-104],[-107],[-152],[-186],[-168],[-159],[-80],[2],[21],[33],[97],[106],[189],[229],[256],[268],[264],[218],[172],[130],[86],[8],[-78],[-125],[-140],[-122],[-91],[-29],[1],[21],[53],[107],[113],[91],[88],[106],[107],[141],[140],[160],[97],[24],[-24],[-86],[-150],[-159],[-133],[-109],[-60],[11],[55],[67],[80],[22],[-29],[-20],[-59],[-65],[-43],[-36],[-26],[-13],[-31],[-48],[-67],[-128],[-150],[-132],[-103],[-84],[-74],[-44],[-31],[-22],[-4],[-16],[-16],[9],[49],[110],[83],[67],[58],[28],[-27],[-43],[-59],[-100],[-139],[-141],[-125],[-77],[-29],[56],[77],[90],[122],[143],[200],[189],[149],[113],[93],[97],[78],[49],[48],[28],[-18],[-30],[11],[4],[24],[59],[59],[89],[131],[177],[158],[122],[113],[101],[40],[26],[8],[-18],[-36],[-62],[-54],[-13],[-8],[1],[2],[-48],[-46],[-66],[-44],[-25],[-14],[-6],[-29],[-14],[-47],[-45],[-35],[-81],[-108],[-104],[-71],[-53],[-52],[-10],[4],[5],[45],[48],[55],[3],[-24],[-88],[-97],[-53],[-49],[-37],[-8],[1],[-7],[-16],[32],[37],[26],[32],[77],[69],[60],[66],[36],[-21],[-80],[-99],[-85],[-51],[-12],[17],[64],[155],[179],[207],[183],[146],[118],[64],[16],[-16],[-35],[-60],[-50],[-69],[-69],[-53],[-10],[-12],[23],[15],[37],[97],[104],[74],[41],[31],[-11],[-47],[-60],[-102],[-132],[-141],[-143],[-123],[-59],[-62],[-74],[-64],[-47],[-55],[-39],[2],[-11],[4],[19],[59],[68],[88],[76],[9],[-54],[-70],[-78],[-78],[-59],[0],[38],[43],[48],[96],[74],[25],[1],[-12],[24],[41],[75],[148],[166],[137],[102],[95],[48],[11],[1],[0],[11],[22],[80],[115],[115],[132],[84],[8],[-32],[-21],[-50],[-48],[-34],[6],[51],[63],[90],[114],[68],[60],[20],[10],[5],[-8],[-40],[-24],[-72],[-109],[-107],[-135],[-157],[-179],[-182],[-126],[-61],[-5],[57],[61],[67],[36],[13],[22],[-9],[-51],[-78],[-61],[-51],[-35],[0],[19],[-10],[-34],[-5],[2],[35],[83],[141],[125],[102],[103],[64],[18],[-17],[-48],[-53],[-72],[-52],[-22],[60],[75],[62],[84],[69],[64],[88],[90],[118],[116],[144],[132],[93],[52],[32],[-32],[-80],[-102],[-70],[-50],[-27],[24],[35],[59],[75],[74],[47],[19],[-4],[-42],[-40],[-48],[-45],[-23],[3],[-33],[-61],[-50],[-83],[-126],[-108],[-123],[-120],[-86],[-36],[20],[67],[102],[66],[65],[53],[4],[-10],[6],[-14],[-5],[9],[-6],[27],[16],[-18],[-19],[-32],[-25],[-9],[20],[36],[16],[11],[51],[54],[56],[66],[72],[58],[51],[88],[96],[77],[73],[35],[3],[-9],[28],[21],[16],[35],[10],[-4],[27],[5],[-5],[3],[16],[2],[26],[77],[76],[45],[11],[-22],[-43],[-74],[-78],[-100],[-128],[-121],[-87],[-61],[-16],[44],[32],[-7],[-31],[-23],[-53],[-44],[-7],[-11],[0],[11],[32],[30],[19],[-18],[-76],[-121],[-110],[-103],[-29],[7],[44],[81],[125],[120],[95],[77],[42],[-11],[-51],[-36],[-14],[-14],[-13],[34],[35],[18],[16],[30],[5],[17],[45],[41],[50],[101],[83],[93],[90],[92],[67],[81],[27],[-7],[-28],[-19],[-27],[-11],[-29],[-10],[-25],[-34],[-20],[-7],[-24],[-15],[18],[17],[40],[101],[110],[94],[108],[81],[33],[13],[5],[-36],[-67],[-60],[-54],[-55],[-44],[2],[-12],[-21],[-8],[2],[-12],[6],[5],[17],[-4],[6],[23],[10],[-13],[-13],[-20],[-45],[-54],[1],[-11],[-29],[-40],[-22],[-24],[-12],[34],[65],[48],[14],[32],[31],[11],[-12],[-36],[-52],[-29],[-28],[-21],[-3],[19],[-3],[4],[22],[23],[26],[32],[-5],[-21],[-9],[-13],[0],[-8],[-5],[6],[-10],[32],[53],[30],[-11],[-16],[-29],[-18],[44],[56],[72],[106],[88],[83],[89],[42],[-14],[-60],[-80],[-77],[-66],[-43],[5],[43],[45],[84],[76],[63],[52],[45],[30],[41],[30],[26],[34],[32],[-5],[-36],[-16],[-39],[-59],[-48],[-41],[-11],[29],[56],[124],[110],[78],[56],[37],[-38],[-92],[-78],[-102],[-96],[-66],[-53],[-10],[22],[30],[34],[3],[-44],[-59],[-20],[5],[16],[50],[57],[29],[43],[36],[-23],[-59],[-98],[-123],[-83],[-55],[-11],[60],[89],[81],[94],[112],[65],[34],[-12],[-40],[-87],[-87],[-55],[-48],[-29],[13],[10],[8],[48],[41],[40],[40],[31],[37],[50],[82],[58],[48],[19],[-13],[-30],[-60],[-52],[-44],[-30],[0],[40],[49],[74],[112],[96],[64],[33],[38],[6],[9],[21],[-15],[-26],[-56],[-67],[-63],[-50],[5],[11],[16],[33],[83],[88],[78],[96],[65],[26],[6],[26],[0],[28],[3],[-26],[-5],[-28],[-53],[-63],[-42],[-34],[-15],[35],[46],[81],[90],[55],[14],[-7],[-25],[-62],[-79],[-85],[-42],[-44],[-13],[1],[43],[50],[33],[22],[44],[26],[11],[18],[32],[44],[80],[54],[22],[4],[-10],[-60],[-72],[-67],[-78],[-60],[-35],[-5],[48],[33],[41],[49],[49],[28],[10],[36],[35],[31],[56],[72],[32],[41],[10],[-17],[4],[-17],[-33],[-20],[17],[30],[44],[92],[85],[61],[34],[5],[20],[-9],[-28],[-9],[-34],[-45],[-18],[9],[8],[5],[38],[40],[45],[81],[60],[33],[18],[27],[3],[-19],[-24],[-32],[-43],[-40],[-60],[-61],[-38],[-39],[-40],[1],[14],[24],[68],[60],[64],[37],[53],[16],[-13],[-8],[-42],[-66],[-74],[-86],[-70],[-53],[-24],[5],[0],[48],[58],[66],[81],[109],[75],[54],[52],[57],[35],[4],[-10],[-24],[-60],[-67],[-54],[-37],[6],[8],[12],[33],[77],[74],[62],[84],[46],[30],[52],[46],[27],[26],[24],[-19],[0],[-13],[-32],[-27],[-23],[-13],[6],[21],[51],[34],[15],[50],[31],[-5],[3],[-21],[-30],[-13],[-45],[-42],[-32],[-61],[-67],[-50],[-51],[-12],[-16],[-23],[-19],[11],[-10],[-6],[31],[29],[14],[7],[13],[-21],[-43],[-49],[-47],[-22],[-30],[-16],[20],[12],[36],[42],[12],[5],[-14],[-19],[-18],[-12],[15],[18],[38],[26],[24],[62],[59],[38],[88],[51],[70],[53],[53],[75],[50],[22],[12],[15],[-20],[4],[-18],[-12],[17],[17],[24],[64],[80],[66],[58],[48],[46],[76],[60],[31],[9],[10],[-24],[-34],[-25],[-53],[-82],[-66],[-77],[-69],[-30],[-21],[0],[39],[45],[59],[83],[45],[53],[12],[-39],[-63],[-39],[-64],[-85],[-93],[-68],[-75],[-64],[-15],[-13],[-11],[40],[21],[44],[46],[34],[58],[21],[25],[-5],[-20],[-10],[-32],[-40],[-54],[-29],[-48],[-22],[-15],[33],[18],[46],[72],[61],[64],[59],[48],[64],[34],[12],[11],[22],[2],[1],[9],[1],[14],[21],[27],[31],[51],[31],[27],[38],[5],[0],[22],[-14],[7],[18],[12],[20],[58],[42],[44],[50],[36],[54],[31],[5],[21],[-29],[-35],[-71],[-83],[-64],[-72],[-68],[-45],[-18],[-5],[37],[31],[24],[29],[31],[58],[42],[17],[24],[19],[-33],[-44],[-53],[-85],[-60],[-71],[-82],[-59],[-33],[-30],[8],[45],[72],[105],[90],[72],[84],[70],[95],[57],[16],[6],[-43],[-70],[-48],[-62],[-70],[-44],[-52],[-27],[49],[69],[83],[93],[114],[125],[112],[145],[107],[56],[43],[-4],[-43],[-57],[-64],[-64],[-58],[-42],[-42],[14],[26],[28],[31],[55],[35],[21],[38],[30],[56],[54],[25],[5],[20],[0],[-34],[-27],[-56],[-80],[-53],[-62],[-16],[-5],[6],[15],[22],[8],[22],[4],[-19],[-16],[-15],[-34],[-37],[-15],[7],[0],[-13],[-4],[-25],[-24],[12],[5],[-14],[19],[1],[1],[27],[3],[17],[32],[14],[26],[32],[73],[52],[54],[88],[67],[39],[43],[21],[34],[8],[2],[20],[2],[-10],[27],[13],[9],[17],[52],[50],[41],[42],[67],[39],[17],[53],[45],[34],[26],[37],[2],[-32],[-45],[-62],[-70],[-67],[-38],[-53],[-15],[-14],[22],[13],[23],[6],[40],[8],[9],[12],[41],[27],[5],[0],[6],[-23],[-51],[-48],[-43],[-51],[-58],[-50],[-32],[-3],[9],[34],[44],[89],[59],[54],[65],[36],[44],[17],[0],[-26],[-34],[-35],[-35],[-36],[-11],[-23],[-31],[-18],[35],[43],[62],[104],[76],[110],[79],[58],[65],[35],[-3],[-24],[-19],[-36],[-53],[-53],[-36],[-44],[-42],[8],[18],[18],[28],[29],[38],[4],[28],[10],[-8],[0],[14],[-9],[-27],[-35],[-19],[-48],[-69],[-48],[-68],[-54],[2],[1],[44],[46],[42],[53],[8],[-9],[-18],[-23],[-5],[-10],[-8],[17],[29],[60],[43],[20],[27],[-10],[-33],[-21],[-23],[19],[17],[30],[64],[51],[31],[27],[9],[4],[6],[33],[11],[32],[58],[46],[37],[57],[62],[34],[2],[-4],[-10],[-21],[5],[-6],[35],[7],[36],[23],[8],[25],[10],[21],[32],[18],[6],[19],[1],[16],[-19],[-36],[-69],[-85],[-69],[-79],[-49],[-27],[-37],[-8],[-9],[13],[53],[41],[45],[53],[25],[11],[25],[-20],[-32],[-52],[-61],[-64],[-29],[-34],[-34],[-19],[14],[4],[0],[22],[64],[65],[104],[75],[69],[77],[52],[41],[21],[0],[-18],[-16],[-31],[9],[6],[3],[16],[47],[37],[40],[90],[83],[71],[80],[52],[37],[39],[16],[37],[-4],[-22],[3],[-29],[-38],[-8],[-21],[-28],[16],[20],[25],[60],[53],[53],[75],[45],[11],[-10],[-15],[-44],[-38],[-45],[0],[5],[-6],[-20],[5],[-38],[-13],[-52],[-54],[-47],[-42],[-28],[11],[5],[-3],[16],[-16],[-20],[-22],[-23],[8],[-13],[-5],[20],[32],[60],[41],[11],[-15],[-13],[-54],[-55],[-21],[-28],[-12],[35],[38],[40],[80],[62],[45],[35],[46],[35],[28],[51],[54],[30],[38],[38],[12],[-12],[-21],[-22],[-41],[-37],[9],[19],[27],[39],[70],[46],[52],[68],[50],[53],[17],[-8],[4],[-23],[-37],[-20],[-21],[-45],[-48],[-22],[-37],[-29],[-20],[-11],[8],[-3],[13],[62],[61],[40],[56],[21],[-17],[-33],[-21],[-42],[-65],[-56],[-44],[-45],[-15],[-16],[1],[30],[4],[40],[41],[35],[45],[61],[37],[17],[25],[28],[-8],[-21],[-4],[-26],[-15],[20],[-4],[9],[16],[44],[26],[56],[44],[39],[44],[44],[70],[56],[30],[32],[3],[24],[0],[-12],[17],[3],[3],[30],[11],[-4],[31],[13],[-3],[32],[17],[3],[4],[30],[14],[-3],[2],[9],[15],[12],[11],[10],[-4],[-18],[-23],[-23],[-40],[-38],[-38],[-24],[-19],[-3],[-11],[0],[28],[13],[12],[32],[25],[12],[27],[9],[2],[-10],[-22],[-25],[-30],[3],[-7],[-16],[24],[20],[5],[25],[11],[0],[34],[18],[4],[26],[24],[26],[53],[45],[35],[29],[11],[1],[-8],[12],[-13],[-29],[-28],[-3],[-8],[-12],[15],[4],[6],[-7],[-11],[-12],[-5],[27],[47],[38],[26],[44],[41],[14],[5],[-13],[0],[-33],[-39],[-18],[-21],[-20],[-5],[4],[21],[17],[21],[24],[50],[26],[3],[34],[21],[5],[4],[-5],[20],[-8],[0],[-6],[-12],[-14],[-14],[-18],[-14],[4],[21],[12],[18],[51],[35],[21],[13],[-3],[2],[-27],[-12],[-12],[-21],[-14],[3],[-17],[-16],[14],[-11],[-12],[-3],[-21],[-6],[-11],[16],[22],[1],[20],[10],[-19],[-25],[13],[-11],[-36],[-20],[-5],[-9],[-13],[17],[30],[20],[8],[41],[3],[23],[2],[-19],[12],[0],[-10],[0],[0],[2],[2],[21],[6],[5],[26],[4],[0],[13],[11],[26],[33],[13],[19],[-4],[18],[17],[1],[0],[40],[32],[21],[24],[48],[42],[27],[7],[30],[12],[-11],[16],[-5],[-10],[-4],[30],[18],[3],[4],[5],[8],[9],[14],[36],[19],[19],[40],[18],[-6],[20],[2],[-21],[-29],[-4],[-24],[-36],[-11],[5],[2],[-15],[20],[5],[-10],[20],[9],[-13],[-15],[-30],[-16],[-26],[-9],[9],[-7],[-3],[31],[19],[5],[-3],[13],[-28],[1],[-27],[-14],[-5],[4],[41],[30],[9],[24],[27],[-4],[-13],[-21],[4],[6],[3],[33],[49],[28],[24],[13],[12],[-6],[-12],[-13],[-5],[17],[8],[20],[47],[40],[35],[42],[46],[24],[9],[28],[16],[17],[22],[-3],[16],[19],[2],[0],[36],[3],[10],[17],[44],[42],[43],[63],[24],[16],[-16],[4],[-13],[-30],[-45],[-7],[-13],[-13],[-4],[36],[21],[2],[10],[26],[8],[13],[30],[19],[25],[35],[8],[-20],[-24],[-31],[-51],[-43],[-8],[-8],[-5],[11],[15],[38],[21],[6],[8],[0],[-4],[0],[33],[13],[5],[37],[17],[-3],[11],[14],[-3],[-12],[20],[11],[19],[19],[46],[21],[4],[37],[17],[5],[5],[20],[9],[6],[40],[57],[37],[34],[51],[13],[13],[13],[-14],[-13],[-14],[24],[19],[6],[3],[24],[4],[-23],[16],[13],[11],[26],[59],[31],[44],[45],[17],[-19],[-31],[-39],[-27],[-39],[-40],[-30],[-22],[17],[13],[9],[24],[33],[18],[6],[28],[11],[13],[17],[3],[14],[-5],[9],[17],[-3],[-17],[0],[19],[8],[1],[8],[16],[29],[17],[36],[24],[43],[25],[40],[44],[30],[14],[45],[13],[29],[11],[-15],[-4],[10],[-17],[-12],[0],[36],[29],[26],[32],[59],[42],[29],[61],[46],[18],[24],[-3],[-15],[-23],[-6],[-24],[-23],[11],[1],[-15],[-11],[15],[8],[-6],[27],[12],[1],[4],[29],[-7],[-10],[-8],[-8],[-8],[1],[-3],[19],[5],[-16],[-23],[-23],[-18],[-20],[-8],[-19],[18],[-11],[25],[13],[-6],[0],[15],[-5],[5],[37],[26],[9],[5],[25],[3],[-16],[10],[4],[-15],[-15],[22],[18],[20],[52],[50],[30],[24],[44],[13],[20],[2],[18],[-4],[12],[-4],[16],[28],[-6],[-15],[5],[-10],[-16],[8],[-4],[4],[24],[10],[13],[37],[6],[-8],[-12],[19],[12],[0],[5],[37],[26],[15],[28],[8],[10],[-20],[-33],[-43],[-26],[-34],[-5],[19],[5],[34],[45],[28],[18],[40],[-8],[0],[7],[4],[-8],[26],[-4],[-12],[10],[-14],[-33],[-37],[-36],[-30],[16],[31],[33],[36],[62],[32],[49],[23],[1],[6],[4],[-19],[-19],[-13],[-13],[12],[-10],[-28],[-24],[5],[1],[-13],[-10],[36],[30],[21],[31],[65],[52],[25],[14],[3],[-8],[5],[-17],[-27],[-17],[-8],[-17],[22],[12],[5],[6],[27],[9],[-5],[19],[17],[21],[34],[12],[17],[-7],[8],[-20],[-10],[-21],[-16],[-16],[-3],[36],[29],[17],[15],[40],[17],[1],[14],[-3],[4],[13],[-7],[-18],[4],[16],[5],[5],[4],[22],[8],[8],[36],[17],[-14],[8],[5],[-9],[-4],[2],[-7],[-12],[-6],[-16],[-20],[-19],[-9],[27],[10],[21],[42],[30],[27],[13],[40],[10],[-8],[12],[-4],[-24],[-20],[-17],[13],[-8],[-6],[25],[11],[-3],[20],[34],[19],[41],[49],[32],[15],[12],[29],[1],[-32],[-10],[-24],[-36],[-30],[9],[-8],[6],[13],[22],[50],[36],[19],[17],[33],[15],[0],[1],[-10],[9],[-21],[-27],[-7],[-32],[-47],[-16],[-30],[1],[28],[25],[19],[27],[26],[45],[21],[32],[11],[4],[24],[8],[2],[36],[15],[-13],[-21],[4],[-26],[-17],[22],[0],[29],[16],[26],[32],[55],[28],[1],[25],[3],[-18],[-7],[4],[-5],[32],[17],[2],[0],[15],[-12],[11],[-6],[-13],[18],[41],[17],[12],[27],[-3],[11],[15],[0],[-18],[0],[-17],[-7],[-15],[29],[12],[-6],[4],[-16],[-22],[-14],[-5],[-13],[-27],[-10],[-18],[6],[21],[5],[6],[5],[18],[6],[28],[40],[28],[18],[42],[25],[2],[24],[12],[-15],[-20],[-24],[-18],[17],[7],[2],[12],[45],[43],[39],[41],[53],[27],[50],[33],[10],[18],[8],[-21],[6],[-37],[-24],[-10],[-21],[12],[6],[16],[53],[45],[34],[48],[51],[14],[3],[3],[-5],[-11],[-14],[-18],[-28],[-30],[-21],[-31],[-26],[-7],[-20],[-8],[27],[14],[6],[36],[19],[35],[25],[21],[39],[15],[-13],[3],[-18],[-21],[5],[-14],[-26],[-8],[10],[-10],[16],[10],[20],[38],[27],[31],[52],[36],[9],[5],[-3],[-10],[-5],[1],[4],[30],[20],[10],[41],[11],[11],[11],[8],[13],[19],[20],[37],[19],[18],[22],[5],[2],[-8],[20],[5],[-6],[4],[35],[6],[5],[24],[19],[3],[-5],[18],[-18],[12],[-5],[-18],[-14],[-14],[-17],[-18],[-16],[-6],[31],[18],[12],[31],[49],[29],[49],[25],[0],[-16],[2],[-23],[-35],[-13],[-21],[-19],[-12],[20],[8],[-5],[35],[13],[43],[25],[9],[16],[24],[-12],[-20],[-27],[-29],[-15],[-36],[9],[-5],[-15],[18],[4],[14],[25],[22],[40],[22],[17],[38],[9],[2],[33],[9],[-13],[-20],[6],[-23],[-9],[-20],[0],[29],[25],[24],[44],[52],[30],[8],[34],[14],[0],[-4],[-3],[28],[13],[-11],[24],[9],[0],[2],[31],[20],[12],[17],[43],[14],[12],[5],[25],[2],[-22],[4],[-4],[-16],[-14],[27],[25],[20],[21],[15],[17],[12],[26],[3],[0],[21],[-7],[17],[7],[-6],[20],[-6],[9],[-14],[-18],[11],[-19],[5],[24],[11],[18],[44],[28],[17],[32],[-7],[-18],[-27],[-30],[-3],[-19],[-20],[12],[12],[2],[6],[9],[23],[10],[2],[32],[34],[20],[19],[17],[12],[30],[12],[-11],[0],[4],[-17],[-26],[2],[15],[5],[10],[8],[34],[26],[13],[46],[13],[25],[36],[21],[8],[18],[20],[-5],[-28],[-29],[-27],[-22],[12],[5],[2],[24],[44],[33],[18],[46],[28],[3],[22],[2],[4],[25],[-8],[2],[-18],[-12],[-16],[13],[3],[-8],[1],[10],[16],[46],[34],[16],[29],[9],[9],[-5],[-6],[16],[-5],[-6],[-10],[12],[1],[0],[20],[-5],[-11],[-11],[-6],[15],[26],[4],[4],[32],[16],[1],[-8],[6],[-22],[-19],[19],[-5],[26],[11],[1],[5],[-3],[2],[-3],[15],[-20],[-26],[-6],[-16],[5],[17],[5],[-7],[20],[7],[-4],[24],[21],[8],[-5],[20],[26],[12],[0],[21],[11],[-11],[-11],[21],[8],[-5],[-4],[16],[1],[3],[32],[3],[16],[8],[21],[26],[61],[44],[26],[20],[9],[31],[-7],[13],[-4],[-7],[24],[14],[0],[0],[10],[5],[3],[29],[16],[6],[24],[36],[23],[7],[21],[24],[-3],[-12],[-23],[-11],[-24],[8],[29],[22],[13],[48],[37],[13],[36],[12],[-14],[-6],[11],[1],[-6],[30],[13],[-4],[20],[8],[-6],[-4],[26],[-3],[7],[14],[24],[44],[29],[35],[14],[35],[11],[-11],[9],[-13],[-14],[11],[6],[1],[28],[30],[14],[12],[28],[12],[15],[35],[15],[-4],[32],[29],[8],[15],[-4],[7],[11],[-14],[-8],[16],[29],[11],[12],[40],[10],[12],[4],[-6],[14],[-7],[-17],[-10],[21],[2],[-4],[-3],[-5],[-6],[-4],[-6],[13],[-12],[-16],[26],[20],[3],[16],[0],[13],[-10],[-13],[7],[-13],[-19],[8],[-8],[-6],[17],[25],[9],[0],[31],[8],[30],[20],[6],[32],[6],[13],[8],[28],[14],[-5],[-8],[26],[9],[41],[23],[8],[36],[26],[8],[8],[38],[9],[8],[24],[13],[16],[37],[18],[-5],[6],[-15],[-16],[18],[13],[6],[14],[34],[16],[12],[25],[-4],[-14],[8],[-24],[2],[-12],[-19],[0],[-7],[9],[-9],[-13],[18],[-4],[-16],[12],[-5],[-5],[22],[-7],[-16],[-9],[-28],[-20],[-13],[-22],[-33],[0],[-16],[10],[-5],[0],[19],[-5],[2],[18],[-5],[-14],[18],[-15],[-13],[17],[2],[-15],[-5],[6],[-21],[10],[-4],[-13],[33],[25],[4],[26],[30],[8],[0],[-10],[-21],[-11],[-22],[-20],[-11],[-7],[5],[5],[24],[21],[4],[6],[2],[-4],[-8],[1],[29],[5],[37],[4],[3],[-5],[4],[12],[-6],[-10],[2],[-16],[-16],[12],[1],[-12],[-8],[10],[-5],[0],[33],[22],[8],[32],[14],[-5],[-7],[20],[9],[-8],[-11],[-13],[17],[1],[-14],[17],[-8],[-20],[17],[9],[4],[10],[35],[15],[20],[18],[41],[1],[13],[18],[3],[-12],[16],[19],[11],[1],[33],[20],[5],[17],[24],[-6],[-10],[20],[1],[2],[9],[27],[14],[17],[42],[24],[9],[8],[28],[10],[-6],[0],[18],[5],[-8],[18],[21],[8],[0],[33],[24],[2],[23],[6],[-5],[18],[26],[12],[3],[31],[11],[-5],[8],[13],[-5],[-21],[12],[19],[9],[8],[27],[8],[6],[32],[3],[11],[-9],[24],[9],[-3],[31],[3],[1],[12],[-6],[-8],[7],[-3],[21],[8],[0],[34],[14],[17],[44],[11],[11],[4],[29],[11],[-6],[19],[3],[3],[26],[0],[25],[10],[-5],[-6],[1],[0],[4],[8],[33],[10],[10],[33],[18],[0],[10],[12],[-7],[-5],[29],[17],[0],[29],[13],[-5],[-13],[9],[-8],[-26],[-8],[5],[-8],[5],[13],[40],[21],[6],[24],[1],[-4],[-6],[8],[-13],[10],[22],[11],[8],[34],[-6],[10],[19],[-5],[9],[21],[13],[9],[9],[17],[19],[26],[5],[32],[9],[-12],[24],[16],[8],[8],[35],[14],[16],[38],[21],[6],[4],[2],[21],[-7],[-3],[17],[5],[4],[33],[17],[4],[0],[16],[-8],[-12],[-14],[-14],[13],[1],[3],[20],[2],[-17],[8],[-13],[-9],[-10],[10],[26],[15],[5],[12],[13],[33],[19],[1],[32],[11],[-11],[0],[17],[-6],[2],[8],[4],[6],[6],[6],[0],[3],[11],[5],[33],[13],[15],[44],[25],[6],[10],[20],[-5],[-9],[-3],[0],[0],[30],[9],[10],[38],[24],[10],[6],[19],[5],[10],[27],[3],[19],[4],[0],[1],[1],[1],[24],[8],[-12],[25],[17],[2],[2],[18],[1],[0],[32],[18],[-4],[14],[27],[15],[3],[14],[-6],[27],[9],[-15],[3],[11],[-5],[-12],[27],[-3],[4],[0],[0],[-5],[24],[9],[0],[32],[12],[13],[43],[24],[2],[-4],[0],[13],[2],[-14],[6],[0],[4],[34],[9],[13],[28],[9],[2],[26],[11],[-7],[11],[11],[-2],[20],[11],[-11],[10],[14],[-4],[0],[27],[14],[5],[11],[35],[21],[8],[19],[-3],[2],[18],[-6],[21],[11],[2],[20],[32],[19],[5],[19],[18],[2],[-3],[24],[8],[-7],[11],[1],[26],[10],[-12],[10],[11],[-3],[1],[18],[6],[10],[28],[8],[5],[4],[1],[0],[11],[-13],[-11],[16],[3],[-10],[2],[-9],[10],[15],[3],[-11],[1],[6],[35],[13],[-7],[32],[19],[-7],[3],[-13],[-14],[-17],[4],[21],[14],[0],[14],[6],[9],[37],[20],[1],[0],[11],[-3],[16],[8],[17],[4],[8],[5],[28],[16],[0],[6],[5],[33],[17],[5],[7],[33],[11],[0],[34],[11],[-6],[24],[17],[-4],[9],[-9],[-7],[21],[5],[0],[19],[4],[5],[-6],[20],[-4],[-6],[9],[-8],[12],[25],[3],[33],[18],[-3],[0],[14],[-15],[2],[12],[-7],[-4],[-7],[4],[29],[14],[8],[32],[2],[1],[25],[6],[-9],[11],[18],[6],[-5],[14],[-3],[17],[5],[-16],[18],[4],[-6],[32],[20],[9],[11],[40],[25],[5],[12],[17],[-6],[12],[-3],[4],[-5],[14],[29],[12],[26],[36],[3],[3],[-5],[20],[6],[-9],[8],[22],[5],[-6],[6],[18],[4],[-11],[21],[4],[4],[27],[17],[3],[2],[26],[2],[-14],[21],[2],[-13],[4],[-12],[18],[1],[-14],[-11],[9],[-9],[0],[-4],[-5],[-3],[26],[7],[8],[22],[1],[-15],[3],[-15],[-11],[23],[0],[1],[22],[10],[6],[32],[9],[-12],[5],[9],[-4],[1],[29],[4],[4],[1],[10],[24],[9],[-10],[29],[6],[-7],[28],[-7],[32],[16],[-11],[14],[-6],[-15],[13],[1],[8],[14],[-4],[32],[7],[5],[31],[-6],[9],[-8],[11],[21],[10],[1],[32],[18],[2],[17],[-5],[-4],[21],[6],[-10],[11],[17],[-4],[0],[19],[-6],[21],[10],[0],[26],[-8],[0],[1],[8],[34],[17],[2],[7],[-10],[10],[16],[-5],[16],[0],[13],[1],[33],[0],[-4],[-13],[16],[10],[-8],[-6],[1],[0],[0],[32],[1],[2],[35],[4],[33],[16],[6],[10],[10],[33],[13],[0],[27],[12],[-5],[-7],[17],[1],[0],[31],[8],[28],[10],[5],[25],[7],[8],[6],[13],[-4],[24],[24],[6],[4],[27],[13],[0],[0],[-9],[21],[0],[-10],[33],[16],[8],[9],[8],[2],[13],[-6],[8],[18],[-9],[16],[19],[0],[-3],[-5],[13],[-3],[-4],[26],[8],[-5],[2],[28],[6],[8],[11],[6],[21],[19],[-7],[19],[-4],[-9],[15],[2],[-8],[28],[9],[10],[40],[12],[11],[16],[-6],[8],[6],[-12],[2],[-14],[-14],[13],[-14],[-10],[-6],[-11],[18],[0],[-11],[0],[-3],[10],[-5],[24],[9],[-6],[25],[8],[-15],[18],[5],[-8],[-9],[-3],[-11],[5],[17],[6],[-10],[6],[-5],[-5],[-7],[-4],[-4],[30],[13],[-8],[9],[-13],[5],[14],[-6],[-6],[-5],[1],[2],[22],[9],[16],[30],[13],[8],[2],[1],[29],[14],[1],[8],[18],[5],[11],[33],[10],[8],[9],[33],[20],[4],[26],[22],[5],[1],[4],[-5],[13],[19],[3],[-12],[-8],[-4],[4],[4],[30],[0],[21],[0],[12],[-4],[-5],[21],[9],[-6],[27],[1],[-18],[18],[-10],[-14],[2],[-19],[6],[-7],[-4],[7],[-5],[16],[13],[-8],[-8],[18],[-12],[-10],[-10],[-12],[-8],[-7],[-9],[9],[17],[3],[0],[33],[20],[5],[26],[10],[34],[20],[4],[14],[17],[2],[-13],[20],[20],[9],[10],[34],[19],[6],[13],[35],[10],[34],[23],[10],[20],[33],[17],[2],[4],[25],[6],[4],[27],[12],[-6],[-6],[19],[5],[-13],[7],[18],[-8],[-7],[28],[13],[1],[31],[17],[-5],[-8],[21],[9],[-9],[-8],[15],[1],[-12],[-8],[24],[-4],[17],[4],[-8],[1],[1],[20],[5],[4],[28],[4],[2],[29],[15],[4],[1],[5],[4],[38],[20],[5],[1],[25],[6],[0],[33],[26],[7],[33],[21],[6],[19],[17],[-4],[4],[24],[7],[9],[12],[10],[12],[6],[26],[10],[-7],[-7],[20],[6],[-5],[2],[29],[19],[4],[16],[22],[-7],[-7],[-7],[4],[-8],[-8],[16],[1],[-19],[18],[5],[-14],[1],[-10],[11],[23],[3],[4],[28],[1],[18],[0],[-5],[21],[-5],[-8],[19],[7],[-4],[-5],[21],[-7],[22],[9],[-4],[25],[13],[2],[43],[21],[9],[36],[28],[13],[0],[0],[19],[3],[-12],[18],[-4],[-5],[3],[-3],[2],[33],[17],[3],[20],[21],[3],[3],[28],[6],[1],[28],[15],[3],[4],[1],[0],[7],[-8],[13],[19],[11],[2],[30],[14],[-6],[28],[15],[-3],[15],[-5],[-5],[-7],[10],[-8],[0],[19],[10],[-3],[5],[36],[10],[42],[20],[4],[17],[2],[9],[5],[22],[5],[-5],[31],[-3],[12],[22],[3],[1],[35],[24],[9],[10],[39],[23],[9],[7],[6],[5],[3],[17],[2],[8],[19],[5],[-11],[10],[2],[8],[35],[21],[9],[26],[36],[16],[11],[13],[4],[1],[-6],[0],[25],[11],[-12],[28],[21],[9],[5],[36],[22],[6],[17],[27],[13],[2],[4],[-5],[24],[21],[-3],[6],[14],[-5],[8],[20],[4],[33],[13],[3],[13],[13],[10],[25],[3],[2],[28],[13],[2],[2],[2],[2],[21],[9],[-4],[13],[21],[5],[-9],[-6],[25],[10],[-3],[2],[27],[13],[1],[12],[21],[3],[1],[26],[5],[-13],[26],[14],[-6],[-7],[-10],[-7],[12],[-7],[8],[10],[-11],[18],[6],[-7],[-6],[-10],[26],[-7],[-5],[26],[11],[-3],[29],[0],[12],[-10],[-10],[17],[2],[-16],[16],[7],[-9],[-6],[-7],[10],[-6],[-5],[20],[6],[8],[35],[20],[6],[6],[25],[-3],[26],[-6],[-10],[-10],[-16],[9],[-7],[-6],[23],[9],[-4],[3],[23],[0],[17],[25],[10],[-7],[20],[20],[4],[1],[24],[6],[-7],[-7],[17],[2],[-8],[13],[4],[9],[35],[11],[7],[9],[28],[10],[11],[-6],[26],[17],[2],[0],[-6],[11],[-6],[0],[13],[-10],[24],[19],[8],[8],[5],[6],[10],[28],[9],[6],[27],[10],[-5],[-6],[-17],[16],[4],[-11],[24],[0],[0],[2],[25],[-8],[-3],[-7],[25],[18],[3],[1],[30],[14],[2],[0],[26],[1],[0],[0],[2],[0],[32],[10],[-5],[32],[23],[6],[4],[31],[15],[-4],[16],[19],[4],[0],[34],[22],[8],[9],[30],[13],[-5],[8],[-8],[19],[3],[3],[29],[6],[35],[4],[4],[6],[26],[-6],[16],[11],[-4],[32],[17],[4],[4],[29],[-3],[26],[10],[-12],[24],[13],[-4],[27],[13],[-3],[1],[19],[-5],[-7],[-6],[0],[-6],[10],[1],[-3],[-6],[-5],[-8],[15],[-4],[-17],[8],[10],[-12],[11],[27],[10],[9],[32],[7],[4],[30],[15],[-2],[-5],[26],[8],[-5],[-3],[12],[-6],[11],[-4],[29],[15],[-3],[21],[19],[2],[8],[6],[31],[2],[-4],[-4],[14],[21],[-6],[0],[0],[1],[-5],[-5],[2],[8],[8],[29],[10],[-6],[24],[12],[-5],[8],[-3],[2],[19],[8],[9],[40],[1],[32],[15],[-7],[18],[-10],[-5],[-7],[-3],[1],[2],[21],[3],[-14],[-18],[9],[2],[-12],[4],[20],[10],[-6],[-3],[9],[-4],[0],[24],[5],[-12],[5],[16],[-3],[-17],[16],[12],[-7],[11],[-5],[25],[10],[-7],[2],[25],[11],[1],[11],[0],[1],[4],[3],[3],[-7],[18],[0],[-14],[12],[16],[8],[11],[28],[17],[2],[16],[25],[1],[11],[24],[12],[4],[34],[3],[2],[17],[-5],[0],[14],[2],[-7],[4],[11],[16],[37],[22],[10],[40],[11],[20],[-6],[-7],[12],[19],[6],[-6],[18],[1],[17],[26],[7],[6],[29],[-5],[-5],[20],[5],[10],[9],[8],[12],[26],[3],[0],[27],[13],[-8],[9],[-11],[-8],[25],[1],[3],[28],[-7],[23],[9],[1],[35],[6],[0],[27],[4],[26],[5],[16],[-5],[9],[20],[8],[-8],[9],[-4],[2],[-3],[21],[12],[-3],[21],[-4],[5],[5],[25],[12],[4],[8],[20],[5],[18],[25],[11],[-7],[8],[5],[-11],[2],[1],[27],[9],[0],[31],[22],[6],[31],[11],[1],[0],[11],[-6],[32],[19],[-8],[7],[14],[4],[-10],[24],[7],[-8],[22],[2],[3],[30],[18],[-4],[24],[21],[4],[0],[28],[15],[3],[5],[29],[14],[4],[3],[1],[2],[0],[0],[26],[5],[-12],[29],[17],[3],[5],[17],[1],[6],[1],[1],[6],[2],[25],[0],[26],[-5],[-3],[10],[16],[0],[1],[-4],[1],[25],[3],[2],[32],[18],[4],[6],[9],[31],[8],[-6],[26],[8],[-12],[4],[15],[-8],[-6],[-11],[9],[-4],[1],[30],[9],[4],[28],[13],[1],[1],[27],[9],[-7],[34],[20],[3],[1],[12],[-11],[-13],[-13],[-9],[-5],[0],[30],[2],[3],[17],[21],[-4],[28],[5],[24],[3],[1],[6],[-5],[30],[4],[-3],[26],[8],[-16],[5],[16],[0],[1],[2],[21],[11],[10],[3],[1],[0],[-4],[15],[-6],[12],[13],[0],[6],[-10],[20],[1],[1],[24],[10],[0],[5],[33],[1],[29],[19],[-4],[-8],[-4],[-7],[17],[-8],[-10],[8],[18],[-3],[17],[4],[-3],[19],[10],[-7],[29],[9],[-8],[29],[18],[5],[3],[29],[-5],[14],[13],[-13],[-3],[8],[-13],[14],[0],[-13],[-10],[19],[6],[-11],[-7],[-13],[18],[-3],[1],[0],[0],[-7],[9],[-7],[-11],[16],[2],[-10],[0],[-7],[-11],[20],[16],[-3],[-6],[22],[9],[-10],[18],[3],[-12],[9],[19],[5],[-11],[20],[-7],[-6],[-8],[-6],[27],[14],[2],[-4],[21],[9],[-6],[26],[6],[-11],[9],[6],[6],[32],[19],[5],[29],[14],[-3],[0],[20],[-5],[6],[5],[2],[2],[0],[24],[21],[10],[0],[30],[4],[32],[23],[8],[7],[7],[20],[4],[32],[2],[1],[17],[-10],[-7],[-8],[21],[9],[3],[31],[18],[4],[0],[25],[0],[10],[19],[-3],[-6],[-3],[0],[10],[-12],[20],[2],[-13],[4],[14],[-12],[-6],[22],[11],[5],[25],[12],[2],[6],[2],[1],[1],[10],[0],[-3],[8],[-6],[-11],[1],[2],[-4],[10],[-8],[4],[15],[3],[1],[3],[36],[5],[7],[25],[4],[28],[17],[2],[-4],[25],[10],[-4],[12],[-8],[28],[17],[0],[0],[19],[9],[-5],[4],[-4],[27],[11],[-4],[-3],[25],[13],[1],[24],[1],[29],[15],[2],[3],[31],[17],[5],[29],[10],[-6],[-2],[25],[11],[-5],[-4],[26],[6],[-8],[32],[16],[3],[6],[0],[21],[23],[2],[1],[-5],[1],[26],[-6],[-12],[12],[13],[-5],[27],[7],[2],[36],[28],[10],[8],[24],[11],[-12],[28],[-6],[-8],[20],[3],[-10],[-6],[-8],[0],[31],[16],[3],[6],[31],[18],[5],[9],[32],[15],[2],[4],[0],[25],[-4],[25],[5],[-10],[10],[0],[5],[17],[3],[15],[2],[2],[11],[-3],[16],[2],[4],[4],[2],[28],[12],[2],[0],[8],[-8],[26]]}}