{"protected":{"ver":"v1","alg":"HS256","iat":1740064623},"signature":"d76886b0b8bf7f84a6dff89892a1480b770a17f44a1a2778f7afb877d60ffac4","payload":{"device_name":"E6:61:78:C1:27:19:92:28","device_type":"DATA_FORWARDER","interval_ms":0.0625,"sensors":[{"name":"audio","units":"wav"}],"values":[[3],[23],[5],[2],[2],[-2],[-3],[2],[-2],[20],[3],[5],[31],[10],[10],[36],[23],[11],[8],[32],[17],[4],[4],[31],[16],[-2],[10],[31],[17],[4],[17],[6],[32],[3],[-5],[30],[20],[5],[4],[33],[21],[6],[4],[27],[12],[3],[-1],[-1],[27],[5],[3],[7],[6],[30],[21],[5],[10],[16],[3],[14],[10],[6],[35],[2],[10],[7],[8],[-5],[26],[19],[6],[6],[32],[3],[27],[13],[3],[20],[3],[3],[21],[-5],[2],[21],[6],[-6],[10],[12],[-2],[2],[28],[-3],[5],[-11],[20],[-17],[22],[-5],[11],[-9],[10],[-10],[-6],[-10],[9],[17],[-3],[3],[2],[-3],[-2],[-10],[30],[7],[-8],[11],[-6],[12],[18],[-1],[16],[2],[2],[5],[21],[8],[6],[28],[19],[-3],[15],[22],[7],[-8],[27],[21],[7],[6],[5],[3],[3],[33],[6],[40],[22],[6],[-1],[27],[13],[4],[8],[10],[22],[7],[6],[28],[17],[-1],[14],[4],[5],[14],[30],[16],[7],[21],[5],[5],[30],[-9],[13],[23],[8],[-4],[14],[21],[5],[-8],[-8],[7],[-11],[22],[18],[3],[-3],[26],[-11],[-8],[-11],[29],[-3],[2],[-1],[12],[-3],[11],[-7],[18],[-1],[31],[9],[-9],[18],[19],[0],[-14],[20],[-9],[11],[-5],[13],[21],[-4],[12],[21],[-4],[14],[-3],[-2],[-6],[24],[6],[-8],[11],[10],[-9],[11],[-6],[27],[14],[-5],[10],[22],[10],[-3],[-2],[-1],[8],[2],[4],[8],[10],[37],[22],[7],[5],[35],[23],[6],[38],[19],[5],[23],[30],[7],[6],[11],[2],[2],[26],[25],[13],[6],[30],[5],[22],[25],[5],[18],[28],[13],[4],[7],[5],[4],[2],[34],[20],[5],[8],[23],[8],[4],[24],[-4],[-2],[3],[-1],[-4],[14],[27],[4],[21],[5],[-5],[27],[9],[-2],[30],[14],[-2],[-2],[27],[-5],[-1],[-5],[20],[23],[-8],[14],[13],[-6],[-3],[23],[-1],[-4],[17],[-9],[-6],[12],[-3],[22],[-3],[-3],[5],[7],[-1],[12],[24],[13],[2],[19],[26],[6],[3],[19],[7],[6],[5],[6],[12],[31],[15],[-1],[35],[10],[7],[5],[19],[24],[13],[-4],[37],[21],[7],[10],[5],[4],[13],[2],[32],[22],[5],[10],[6],[34],[3],[26],[23],[13],[-3],[18],[4],[13],[26],[11],[12],[16],[-2],[13],[2],[29],[18],[8],[8],[4],[21],[6],[5],[32],[18],[5],[4],[33],[3],[26],[11],[-3],[-4],[24],[8],[-9],[11],[12],[-3],[-1],[-3],[24],[-5],[23],[8],[-3],[11],[-12],[18],[19],[4],[2],[27],[15],[5],[5],[31],[5],[35],[18],[-7],[12],[22],[11],[-5],[30],[23],[6],[7],[31],[5],[31],[19],[8],[8],[36],[8],[8],[31],[4],[36],[19],[8],[14],[32],[17],[5],[5],[34],[20],[9],[3],[19],[28],[6],[7],[31],[14],[2],[2],[20],[-1],[3],[-4],[-5],[22],[-4],[2],[26],[11],[-3],[-4],[10],[21],[-5],[-6],[28],[12],[-9],[10],[14],[-3],[-12],[21],[-6],[15],[-6],[-10],[-12],[7],[-13],[4],[18],[5],[-7],[28],[12],[-4],[-2],[-4],[-2],[4],[5],[32],[18],[2],[28],[4],[5],[-2],[29],[-1],[2],[38],[5],[6],[28],[5],[2],[36],[21],[7],[3],[32],[7],[11],[9],[34],[10],[23],[3],[21],[8],[4],[24],[8],[-3],[21],[7],[11],[25],[9],[10],[2],[26],[26],[11],[6],[36],[6],[12],[0],[18],[21],[5],[6],[31],[6],[7],[8],[12],[11],[8],[32],[17],[-3],[-1],[27],[12],[-4],[-5],[23],[-5],[-2],[24],[10],[-7],[2],[20],[6],[-8],[7],[-6],[26],[11],[-5],[4],[0],[10],[-8],[3],[-9],[-3],[-2],[19],[-1],[16],[11],[8],[34],[20],[6],[5],[16],[-2],[17],[6],[4],[36],[27],[14],[-3],[26],[28],[15],[-1],[18],[22],[4],[4],[10],[12],[21],[6],[20],[30],[5],[7],[15],[4],[7],[10],[13],[12],[4],[23],[6],[5],[33],[22],[11],[14],[7],[21],[28],[14],[-3],[-2],[2],[5],[20],[5],[6],[30],[15],[2],[19],[28],[13],[-3],[27],[4],[3],[-5],[-4],[2],[-2],[23],[7],[-5],[-3],[25],[-6],[3],[-3],[27],[8],[-13],[26],[4],[-16],[22],[13],[-9],[11],[-5],[-3],[22],[4],[-13],[22],[9],[-5],[12],[21],[-1],[-5],[15],[3],[26],[8],[-5],[4],[22],[5],[6],[31],[20],[8],[8],[30],[21],[8],[9],[34],[-1],[6],[39],[23],[8],[9],[35],[21],[7],[6],[35],[18],[4],[3],[29],[13],[-2],[3],[2],[30],[-4],[-1],[2],[-4],[2],[3],[-1],[26],[12],[2],[16],[-4],[2],[-1],[28],[7],[7],[30],[13],[-2],[3],[-2],[27],[18],[-1],[-2],[-6],[12],[-1],[-9],[-6],[-8],[10],[-6],[26],[-4],[2],[20],[-6],[22],[8],[-8],[-2],[-9],[18],[19],[4],[2],[30],[3],[31],[15],[-3],[-2],[28],[5],[-10],[26],[14],[-2],[29],[-3],[11],[24],[-1],[2],[28],[5],[2],[27],[-5],[-2],[-2],[27],[-1],[26],[3],[-4],[-3],[11],[-5],[2],[16],[-5],[-8],[8],[-6],[-4],[-1],[3],[-3],[-2],[4],[17],[4],[18],[13],[2],[39],[11],[23],[8],[7],[3],[5],[7],[33],[20],[12],[12],[41],[23],[5],[22],[29],[5],[7],[7],[32],[11],[9],[35],[22],[10],[38],[22],[7],[8],[32],[16],[5],[3],[28],[8],[19],[2],[19],[26],[11],[-2],[4],[30],[16],[3],[14],[21],[-5],[6],[19],[3],[5],[30],[10],[-5],[27],[11],[-5],[10],[20],[-2],[-5],[-5],[6],[-6],[2],[-5],[15],[-7],[8],[12],[-2],[-1],[-5],[-10],[-9],[-5],[-4],[11],[21],[-5],[-4],[17],[-6],[23],[2],[25],[2],[-6],[26],[-1],[2],[28],[15],[2],[2],[5],[4],[30],[14],[4],[22],[21],[7],[20],[21],[8],[12],[37],[5],[24],[3],[25],[11],[-1],[2],[18],[2],[18],[-2],[4],[8],[8],[9],[10],[33],[14],[2],[9],[10],[28],[13],[4],[19],[13],[-6],[26],[15],[-3],[3],[27],[13],[3],[15],[23],[2],[2],[-3],[22],[19],[6],[-7],[18],[-4],[-1],[3],[4],[15],[-5],[-5],[13],[20],[5],[-8],[24],[2],[-5],[-5],[-6],[14],[-7],[10],[-3],[29],[11],[-8],[-1],[28],[13],[-4],[6],[-4],[8],[-6],[22],[21],[10],[6],[5],[16],[-5],[13],[-3],[14],[23],[8],[-5],[2],[2],[5],[38],[18],[2],[15],[6],[33],[11],[14],[38],[24],[6],[33],[20],[8],[26],[5],[6],[11],[8],[9],[36],[11],[11],[9],[35],[22],[3],[5],[18],[-7],[14],[24],[11],[-5],[-1],[7],[2],[24],[3],[3],[10],[-9],[14],[18],[3],[-9],[-7],[12],[22],[8],[-9],[10],[16],[-4],[-2],[23],[11],[-6],[-3],[6],[-5],[28],[-5],[-6],[-3],[5],[4],[2],[-5],[18],[20],[2],[2],[2],[28],[8],[-5],[29],[2],[21],[7],[-4],[17],[7],[11],[27],[11],[2],[27],[-3],[7],[37],[20],[5],[7],[4],[2],[-1],[3],[10],[7],[5],[27],[8],[6],[-1],[12],[27],[8],[36],[23],[3],[4],[6],[5],[28],[-1],[3],[4],[3],[2],[23],[-3],[13],[24],[-1],[6],[6],[5],[5],[-4],[-4],[27],[-5],[2],[5],[-3],[2],[26],[3],[-2],[29],[-5],[-3],[-8],[-6],[-4],[-3],[2],[20],[6],[5],[29],[5],[-12],[25],[-2],[4],[-1],[5],[30],[14],[-3],[12],[-2],[-4],[-5],[-6],[14],[5],[32],[18],[-2],[5],[16],[-4],[22],[9],[6],[10],[23],[8],[10],[36],[20],[7],[4],[36],[8],[12],[12],[30],[11],[8],[7],[12],[13],[21],[30],[14],[4],[31],[5],[29],[12],[-5],[16],[27],[11],[-2],[18],[21],[0],[20],[30],[14],[-3],[34],[24],[10],[11],[34],[15],[3],[34],[14],[-2],[16],[3],[27],[8],[-8],[28],[-3],[-2],[13],[-4],[28],[12],[-8],[11],[6],[-7],[14],[-5],[-5],[6],[-9],[27],[-8],[-8],[20],[-3],[-16],[-10],[-9],[-8],[-6],[-7],[10],[17],[-11],[-6],[-5],[21],[0],[-13],[22],[-3],[3],[29],[-2],[3],[15],[-4],[13],[23],[-4],[4],[5],[27],[13],[7],[7],[7],[6],[2],[34],[18],[-2],[14],[25],[15],[5],[7],[26],[-1],[14],[26],[15],[3],[33],[16],[2],[18],[29],[13],[3],[6],[3],[31],[13],[-5],[14],[-1],[11],[-3],[6],[4],[5],[3],[5],[2],[-1],[-4],[12],[-3],[26],[15],[-6],[12],[2],[3],[-1],[19],[18],[4],[4],[29],[15],[2],[17],[20],[-1],[17],[4],[5],[11],[11],[4],[5],[21],[-3],[-6],[26],[6],[22],[2],[18],[23],[8],[-4],[-2],[-4],[-3],[2],[3],[18],[22],[7],[-8],[11],[2],[3],[3],[13],[14],[-3],[2],[33],[3],[4],[4],[33],[16],[5],[6],[34],[-2],[16],[24],[6],[28],[5],[10],[6],[6],[6],[7],[5],[8],[-7],[18],[5],[13],[10],[34],[6],[7],[7],[19],[5],[36],[-5],[6],[2],[3],[-2],[42],[21],[-4],[38],[13],[4],[11],[10],[5],[11],[-3],[29],[16],[4],[7],[2],[19],[3],[37],[8],[2],[29],[14],[-2],[10],[7],[7],[33],[5],[2],[27],[10],[-4],[15],[19],[4],[4],[31],[-1],[6],[6],[-2],[17],[14],[-3],[12],[29],[8],[22],[-2],[18],[20],[3],[5],[-4],[-7],[-4],[-4],[-3],[32],[2],[10],[16],[-4],[-3],[-3],[18],[3],[7],[29],[13],[3],[4],[-5],[34],[2],[6],[7],[34],[18],[3],[5],[29],[9],[11],[35],[6],[20],[2],[3],[-2],[-4],[20],[5],[7],[30],[8],[-8],[14],[19],[-6],[5],[21],[2],[5],[18],[-4],[11],[22],[5],[2],[29],[-4],[-2],[4],[3],[28],[18],[2],[4],[30],[12],[-5],[22],[21],[7],[-11],[27],[17],[-5],[19],[-1],[-6],[-4],[3],[-4],[3],[-4],[5],[4],[30],[19],[8],[-2],[23],[-4],[-5],[-5],[6],[10],[30],[-3],[-5],[20],[6],[3],[31],[17],[-4],[-4],[-4],[-2],[-2],[-6],[19],[-4],[2],[2],[6],[2],[28],[12],[-3],[26],[7],[-6],[2],[5],[2],[34],[21],[10],[2],[24],[13],[3],[19],[8],[3],[17],[26],[11],[-2],[20],[28],[7],[7],[3],[-4],[18],[27],[10],[-8],[11],[20],[-7],[10],[21],[-3],[2],[27],[13],[-1],[33],[15],[-3],[28],[9],[-5],[10],[22],[8],[-9],[19],[13],[-3],[-13],[26],[14],[-1],[-2],[28],[16],[-2],[7],[-8],[11],[19],[-6],[21],[5],[-11],[5],[-11],[8],[-2],[23],[7],[-11],[20],[15],[-3],[-6],[-4],[21],[3],[-13],[22],[17],[-5],[13],[20],[6],[-6],[-2],[22],[0],[6],[21],[7],[2],[-1],[15],[-1],[20],[3],[22],[7],[8],[6],[32],[4],[5],[7],[11],[35],[21],[5],[18],[30],[15],[2],[20],[29],[10],[2],[6],[26],[6],[-2],[-3],[4],[2],[34],[23],[9],[9],[35],[4],[5],[7],[6],[33],[15],[-1],[6],[7],[31],[14],[-2],[-6],[-5],[9],[20],[7],[-4],[4],[5],[32],[17],[-3],[12],[23],[6],[6],[32],[19],[3],[6],[29],[8],[3],[5],[-1],[33],[13],[-4],[18],[4],[12],[7],[5],[5],[22],[11],[-2],[-1],[2],[31],[21],[6],[2],[2],[4],[3],[28],[6],[-8],[29],[22],[2],[28],[22],[8],[10],[35],[20],[4],[20],[10],[8],[37],[20],[8],[6],[30],[11],[13],[40],[27],[11],[14],[35],[8],[35],[2],[6],[35],[17],[6],[21],[32],[7],[6],[-4],[5],[8],[3],[18],[20],[2],[30],[21],[5],[2],[-1],[-2],[4],[3],[2],[-1],[2],[2],[23],[3],[2],[4],[2],[-2],[-3],[4],[14],[3],[30],[6],[2],[29],[18],[4],[6],[8],[-5],[24],[-3],[7],[-8],[18],[23],[7],[4],[31],[16],[-2],[30],[17],[5],[5],[32],[18],[3],[6],[33],[19],[4],[7],[38],[24],[11],[17],[5],[38],[12],[4],[8],[9],[11],[13],[12],[39],[10],[9],[14],[25],[9],[7],[-1],[-3],[4],[6],[4],[31],[16],[2],[4],[18],[-5],[15],[23],[4],[16],[24],[10],[-2],[-2],[-4],[23],[8],[-8],[10],[2],[3],[4],[-3],[-3],[4],[4],[31],[3],[16],[2],[4],[2],[3],[2],[-10],[22],[19],[6],[-5],[18],[-3],[10],[2],[30],[21],[4],[6],[5],[13],[-4],[14],[21],[3],[11],[31],[20],[8],[6],[2],[4],[3],[33],[19],[4],[11],[32],[18],[5],[4],[4],[9],[8],[7],[10],[4],[11],[10],[36],[7],[23],[4],[3],[35],[5],[8],[-2],[28],[24],[7],[31],[15],[3],[3],[21],[2],[3],[-3],[19],[15],[-6],[10],[3],[29],[-3],[-8],[-8],[-8],[-8],[-8],[18],[-3],[8],[-9],[5],[-12],[7],[16],[-5],[13],[-4],[-3],[24],[13],[-6],[13],[-10],[19],[-4],[-2],[-6],[21],[-4],[28],[15],[-7],[11],[20],[5],[-9],[18],[20],[7],[-6],[26],[10],[-5],[12],[4],[3],[26],[7],[-8],[-5],[21],[11],[-2],[2],[25],[11],[-6],[11],[22],[9],[-9],[22],[22],[10],[2],[27],[15],[-9],[-1],[2],[28],[19],[4],[4],[30],[18],[-3],[-3],[16],[-8],[-10],[19],[7],[-11],[7],[10],[-5],[-14],[20],[-11],[27],[14],[-8],[-10],[-8],[-5],[-8],[-6],[-8],[-4],[17],[-1],[2],[20],[3],[-8],[2],[-2],[29],[15],[-1],[5],[-4],[3],[36],[15],[-3],[26],[17],[4],[3],[22],[-5],[11],[-5],[26],[12],[-2],[-3],[-6],[-6],[-6],[18],[18],[-3],[2],[-1],[28],[15],[-4],[7],[-10],[22],[19],[3],[12],[-3],[18],[28],[2],[26],[7],[-6],[12],[23],[13],[-5],[22],[20],[5],[15],[6],[7],[16],[-6],[12],[3],[32],[3],[18],[2],[6],[3],[30],[14],[2],[16],[23],[2],[18],[4],[-11],[29],[21],[5],[34],[-2],[12],[-3],[18],[3],[20],[25],[8],[-3],[23],[10],[-3],[23],[24],[11],[2],[29],[12],[-1],[28],[13],[4],[7],[5],[3],[5],[-2],[13],[-10],[30],[2],[-2],[15],[-2],[6],[32],[14],[4],[4],[-2],[-1],[-4],[13],[21],[8],[-6],[15],[23],[8],[-5],[13],[-5],[7],[-5],[14],[21],[6],[-6],[18],[21],[4],[2],[2],[3],[29],[4],[4],[20],[5],[6],[27],[-1],[-2],[32],[16],[3],[4],[33],[18],[3],[4],[31],[2],[7],[6],[38],[15],[-2],[22],[20],[2],[34],[23],[10],[10],[3],[3],[6],[3],[3],[16],[-1],[-5],[14],[23],[7],[2],[-1],[3],[21],[-3],[-8],[29],[-1],[2],[5],[20],[3],[5],[2],[2],[4],[32],[15],[3],[14],[30],[6],[18],[5],[20],[29],[11],[11],[32],[12],[13],[7],[6],[6],[37],[6],[8],[30],[16],[-4],[18],[21],[10],[2],[25],[2],[28],[15],[-5],[11],[-3],[-5],[-4],[-5],[8],[22],[8],[-6],[2],[18],[-2],[3],[27],[17],[8],[10],[5],[31],[16],[3],[6],[8],[4],[16],[23],[8],[-5],[3],[24],[10],[-5],[19],[24],[11],[4],[4],[26],[22],[7],[5],[35],[23],[10],[9],[40],[7],[5],[33],[15],[-2],[-1],[-6],[6],[-5],[25],[11],[-3],[18],[7],[10],[37],[21],[-4],[18],[21],[8],[6],[31],[20],[10],[39],[7],[6],[3],[29],[4],[4],[3],[3],[-1],[-1],[3],[2],[6],[4],[2],[-3],[2],[17],[4],[7],[34],[11],[8],[32],[11],[-3],[3],[16],[3],[35],[14],[2],[35],[19],[7],[9],[6],[22],[6],[26],[3],[4],[28],[16],[5],[8],[26],[6],[2],[32],[-2],[2],[10],[2],[19],[-2],[-5],[-4],[-1],[3],[4],[-1],[27],[12],[-5],[13],[21],[11],[-1],[18],[7],[4],[21],[27],[12],[-3],[22],[23],[9],[-4],[18],[17],[2],[3],[8],[2],[4],[7],[9],[35],[18],[3],[5],[29],[15],[-4],[22],[20],[7],[-6],[23],[8],[-6],[2],[6],[33],[2],[-3],[-1],[-3],[-1],[10],[24],[2],[-1],[-4],[-2],[-5],[5],[6],[2],[4],[-5],[-6],[-4],[2],[10],[-6],[31],[2],[26],[15],[4],[19],[7],[4],[4],[20],[7],[19],[-1],[15],[19],[4],[7],[22],[4],[6],[-3],[-4],[-4],[29],[14],[-1],[35],[17],[4],[3],[29],[11],[2],[-4],[13],[17],[-2],[-4],[-8],[-2],[-1],[-6],[-9],[-8],[-8],[-6],[-3],[2],[26],[11],[-5],[2],[21],[-3],[24],[10],[-1],[31],[3],[-1],[-5],[6],[-12],[10],[17],[4],[-5],[28],[10],[-7],[12],[13],[-10],[10],[-6],[12],[21],[6],[2],[3],[7],[2],[14],[2],[2],[24],[6],[-6],[10],[21],[4],[2],[24],[8],[-3],[-4],[2],[-1],[29],[2],[-1],[24],[3],[3],[31],[-1],[3],[21],[6],[2],[-2],[-2],[2],[-2],[-4],[-8],[28],[19],[-4],[17],[24],[11],[-11],[24],[5],[-10],[12],[3],[6],[31],[16],[-4],[20],[5],[2],[29],[16],[-3],[-1],[-2],[-1],[11],[-8],[6],[-10],[10],[22],[5],[-12],[28],[14],[-5],[2],[-4],[27],[-6],[-5],[30],[19],[-2],[26],[8],[-10],[26],[13],[-3],[-1],[29],[15],[-4],[2],[21],[2],[-2],[-4],[-2],[-5],[28],[2],[2],[2],[-3],[14],[2],[3],[29],[13],[3],[35],[6],[-1],[-1],[3],[25],[11],[0],[35],[16],[-5],[21],[10],[-1],[6],[8],[7],[4],[17],[16],[-1],[5],[24],[8],[-8],[10],[19],[-3],[-8],[18],[18],[8],[2],[15],[-3],[11],[23],[9],[-7],[11],[23],[7],[-9],[18],[13],[-2],[-3],[17],[-2],[3],[29],[16],[3],[-1],[19],[3],[12],[-3],[-2],[-5],[28],[14],[-5],[4],[-6],[5],[5],[4],[5],[34],[15],[-2],[4],[5],[7],[29],[11],[-6],[14],[7],[-5],[18],[23],[11],[2],[27],[11],[4],[3],[-1],[24],[4],[7],[35],[17],[2],[5],[30],[8],[11],[7],[7],[32],[18],[5],[37],[13],[2],[5],[21],[5],[4],[8],[4],[3],[-1],[28],[2],[2],[23],[10],[-4],[26],[22],[5],[2],[2],[2],[5],[18],[5],[35],[21],[5],[10],[-1],[16],[3],[-1],[31],[8],[4],[31],[19],[4],[7],[26],[2],[5],[6],[24],[3],[10],[-6],[19],[3],[6],[30],[17],[-2],[26],[14],[6],[35],[17],[4],[4],[21],[3],[26],[12],[-2],[3],[3],[5],[23],[10],[11],[31],[15],[2],[37],[19],[8],[36],[17],[2],[34],[21],[5],[18],[24],[9],[7],[32],[17],[3],[19],[23],[-1],[6],[3],[14],[-1],[16],[-9],[28],[13],[3],[37],[23],[8],[2],[36],[22],[8],[7],[34],[19],[6],[5],[28],[15],[4],[18],[27],[2],[22],[19],[-3],[14],[17],[-2],[22],[11],[7],[31],[-1],[11],[-5],[12],[-5],[-2],[23],[5],[4],[-5],[-4],[21],[8],[-3],[14],[24],[2],[4],[11],[-5],[-5],[19],[-3],[-5],[3],[35],[21],[4],[5],[8],[-1],[3],[4],[9],[13],[35],[22],[11],[8],[31],[13],[2],[4],[31],[14],[5],[37],[20],[2],[3],[20],[6],[-9],[30],[14],[-2],[12],[23],[2],[29],[-8],[-2],[12],[-3],[31],[16],[2],[10],[27],[13],[-2],[14],[-9],[28],[14],[-4],[18],[24],[10],[2],[30],[18],[-5],[11],[21],[-4],[10],[-1],[5],[6],[12],[-3],[24],[11],[-3],[-5],[11],[-2],[6],[23],[4],[-2],[25],[14],[-5],[-5],[14],[-3],[-4],[-6],[18],[17],[-2],[-2],[21],[6],[2],[27],[-3],[-6],[30],[8],[-5],[-2],[34],[14],[3],[12],[22],[-4],[3],[5],[2],[-2],[20],[4],[4],[31],[18],[-5],[34],[12],[-5],[28],[-4],[7],[2],[6],[6],[11],[-9],[10],[21],[-2],[-2],[-2],[18],[4],[3],[28],[14],[3],[4],[25],[8],[-6],[26],[4],[8],[4],[26],[-1],[14],[23],[12],[-5],[29],[8],[-6],[13],[21],[11],[-3],[24],[22],[3],[4],[34],[17],[2],[-1],[10],[-8],[11],[23],[-1],[2],[-2],[19],[22],[0],[27],[10],[-4],[2],[22],[5],[6],[31],[11],[-5],[8],[-3],[-2],[30],[-5],[-3],[24],[-4],[-4],[4],[4],[27],[15],[3],[6],[4],[3],[4],[2],[2],[-2],[16],[-10],[-8],[13],[18],[-5],[19],[5],[2],[30],[18],[3],[-5],[13],[-4],[7],[-6],[12],[20],[-5],[7],[-12],[-9],[-6],[-8],[-10],[22],[3],[3],[18],[-3],[5],[-10],[20],[-5],[28],[6],[-12],[23],[3],[5],[-11],[27],[2],[20],[-6],[12],[20],[5],[2],[19],[4],[3],[-5],[-5],[-2],[28],[0],[-2],[17],[-3],[5],[3],[18],[29],[7],[37],[22],[9],[11],[35],[3],[7],[31],[12],[-4],[14],[25],[3],[12],[22],[11],[3],[5],[5],[4],[9],[15],[10],[7],[35],[19],[3],[19],[28],[17],[6],[20],[5],[19],[4],[33],[18],[2],[16],[-3],[10],[27],[11],[11],[22],[3],[6],[3],[3],[10],[15],[-1],[31],[16],[-2],[4],[21],[2],[20],[26],[3],[2],[27],[5],[2],[34],[10],[-5],[32],[19],[-6],[2],[13],[35],[-10],[-9],[18],[52],[22],[3],[14],[-18],[-12],[35],[16],[-9],[30],[22],[20],[5],[2],[-6],[-18],[13],[27],[22],[15],[-11],[-16],[8],[8],[18],[24],[23],[15],[-13],[12],[8],[-1],[5],[7],[13],[-5],[-1],[10],[-10],[4],[11],[5],[28],[15],[-3],[-9],[23],[12],[12],[38],[7],[26],[11],[-2],[29],[13],[3],[7],[2],[7],[9],[10],[36],[-2],[16],[26],[2],[8],[2],[31],[20],[5],[-12],[29],[15],[5],[10],[31],[15],[6],[20],[9],[11],[38],[23],[4],[26],[21],[4],[10],[32],[20],[6],[21],[5],[12],[-1],[8],[21],[10],[7],[20],[28],[2],[19],[7],[8],[5],[10],[7],[18],[-5],[2],[24],[11],[-4],[29],[-4],[11],[21],[7],[-9],[-2],[5],[5],[32],[16],[5],[3],[24],[17],[4],[-2],[29],[14],[2],[4],[2],[3],[-3],[-6],[-3],[-5],[-6],[-4],[29],[13],[-2],[2],[30],[16],[5],[8],[31],[4],[29],[21],[7],[21],[3],[2],[27],[13],[-4],[13],[-4],[7],[2],[35],[19],[5],[2],[27],[15],[7],[10],[33],[13],[16],[11],[12],[7],[10],[32],[17],[4],[35],[20],[8],[18],[34],[18],[7],[34],[12],[10],[36],[4],[6],[18],[8],[20],[3],[-2],[17],[5],[6],[-4],[18],[24],[2],[15],[24],[12],[-5],[2],[26],[2],[2],[-5],[15],[4],[27],[2],[3],[11],[-4],[4],[-1],[2],[20],[2],[28],[15],[-1],[2],[-3],[23],[-2],[-5],[-1],[2],[-1],[-3],[-2],[-4],[22],[8],[-7],[26],[19],[-1],[12],[24],[-2],[12],[-8],[6],[13],[-5],[-2],[28],[15],[-1],[-2],[-6],[18],[6],[7],[31],[6],[4],[6],[5],[6],[4],[26],[2],[21],[11],[-4],[-3],[24],[10],[-1],[2],[7],[10],[35],[12],[-3],[22],[18],[4],[5],[4],[34],[3],[6],[-11],[18],[16],[8],[-5],[12],[20],[4],[3],[18],[3],[2],[26],[6],[2],[26],[-4],[5],[33],[15],[6],[8],[4],[5],[27],[6],[12],[4],[18],[-8],[27],[2],[4],[3],[26],[12],[-2],[2],[-2],[-2],[2],[23],[-5],[-4],[4],[4],[-3],[-2],[2],[34],[18],[3],[21],[7],[28],[12],[-4],[3],[-1],[16],[4],[5],[26],[7],[-9],[27],[15],[-3],[14],[3],[3],[30],[12],[-4],[13],[22],[6],[-9],[-3],[19],[5],[6],[23],[-6],[20],[-4],[-4],[20],[5],[-10],[7],[-5],[6],[-3],[2],[32],[2],[3],[-2],[24],[8],[-5],[-3],[-3],[21],[10],[-8],[12],[23],[-4],[-3],[-3],[-1],[-1],[14],[2],[-3],[-8],[18],[16],[-3],[-1],[3],[28],[13],[-4],[27],[8],[-5],[2],[-3],[24],[7],[-10],[8],[10],[2],[6],[13],[2],[27],[-3],[-4],[21],[3],[-8],[12],[-5],[12],[6],[3],[22],[4],[4],[-1],[26],[12],[-5],[18],[-3],[-3],[2],[20],[7],[-10],[20],[-7],[-5],[2],[5],[3],[29],[13],[-4],[3],[19],[3],[4],[36],[23],[8],[6],[29],[11],[-6],[21],[8],[-3],[4],[19],[-1],[4],[5],[7],[32],[3],[6],[4],[2],[21],[3],[-1],[2],[10],[-8],[24],[-1],[3],[33],[-3],[-2],[16],[3],[3],[30],[16],[-3],[6],[5],[-1],[-1],[24],[4],[6],[25],[11],[-8],[2],[-9],[-9],[-3],[22],[8],[2],[34],[5],[20],[9],[8],[34],[20],[5],[3],[29],[7],[5],[30],[18],[5],[3],[-1],[2],[10],[-8],[26],[13],[-3],[-1],[-2],[4],[7],[8],[5],[5],[20],[5],[2],[29],[15],[4],[16],[-5],[12],[-4],[34],[16],[2],[34],[20],[5],[6],[4],[19],[27],[15],[2],[28],[7],[11],[6],[17],[-1],[12],[3],[2],[4],[28],[13],[13],[34],[23],[4],[25],[8],[10],[25],[5],[3],[11],[10],[38],[2],[34],[24],[5],[6],[36],[11],[6],[32],[19],[7],[7],[34],[19],[3],[5],[7],[6],[10],[4],[13],[6],[31],[15],[4],[18],[27],[12],[10],[34],[19],[4],[3],[2],[26],[9],[-3],[3],[4],[40],[24],[13],[13],[4],[24],[4],[20],[21],[7],[4],[22],[8],[7],[34],[22],[7],[3],[30],[20],[7],[7],[34],[4],[28],[14],[-2],[22],[20],[3],[14],[28],[11],[-1],[15],[26],[14],[-3],[16],[26],[8],[6],[31],[18],[5],[8],[21],[5],[3],[6],[2],[38],[16],[4],[31],[11],[2],[-1],[18],[5],[11],[6],[4],[7],[35],[22],[8],[8],[35],[10],[7],[12],[26],[13],[5],[35],[20],[7],[7],[29],[14],[-5],[27],[2],[17],[5],[4],[15],[-2],[-4],[13],[22],[2],[22],[7],[2],[31],[4],[-3],[16],[5],[4],[19],[4],[34],[14],[-1],[3],[29],[14],[-1],[4],[28],[15],[4],[4],[29],[14],[3],[10],[2],[32],[3],[7],[14],[36],[19],[7],[-2],[22],[24],[5],[16],[-1],[19],[12],[7],[-10],[28],[6],[2],[37],[16],[-3],[-2],[18],[21],[13],[2],[20],[14],[3],[2],[2],[21],[-6],[-3],[28],[10],[2],[-4],[23],[5],[5],[32],[4],[-2],[-2],[27],[8],[-6],[12],[21],[8],[-4],[29],[13],[-3],[5],[21],[7],[-9],[6],[19],[5],[2],[26],[10],[2],[34],[6],[22],[4],[3],[29],[15],[-2],[-2],[20],[-3],[6],[17],[-3],[26],[11],[-5],[10],[20],[3],[3],[5],[4],[26],[15],[-2],[3],[28],[2],[-4],[-4],[17],[5],[5],[32],[16],[5],[7],[26],[12],[-1],[31],[7],[-12],[30],[16],[-3],[-1],[26],[2],[2],[26],[15],[-2],[2],[13],[3],[24],[21],[7],[2],[29],[-4],[4],[-5],[20],[-2],[-7],[-4],[-4],[-4],[28],[-4],[27],[-5],[-5],[-4],[-4],[28],[15],[-3],[-5],[22],[-8],[-5],[-5],[-5],[4],[-12],[22],[15],[-8],[11],[21],[8],[-8],[18],[12],[-3],[10],[16],[3],[-8],[11],[-3],[2],[3],[3],[3],[4],[19],[-5],[-8],[32],[18],[-1],[10],[4],[-3],[23],[13],[-5],[5],[10],[6],[-3],[2],[23],[3],[2],[28],[15],[-2],[3],[29],[13],[-2],[-3],[-5],[-4],[6],[-10],[7],[-7],[13],[5],[3],[23],[-5],[3],[-12],[14],[18],[-2],[-2],[26],[14],[-3],[2],[-1],[-2],[-9],[10],[18],[8],[-7],[14],[17],[5],[-10],[22],[20],[-8],[30],[18],[3],[5],[30],[14],[-11],[5],[-6],[-8],[14],[17],[4],[-10],[18],[13],[-4],[-6],[21],[13],[-5],[-8],[18],[-2],[29],[-4],[-1],[-3],[13],[15],[-4],[3],[-1],[3],[6],[7],[24],[-2],[3],[-3],[14],[26],[8],[-5],[16],[26],[13],[-3],[13],[11],[-2],[31],[16],[6],[2],[18],[23],[10],[-4],[-3],[14],[22],[11],[-3],[30],[15],[3],[9],[2],[20],[24],[8],[2],[16],[3],[5],[-3],[26],[11],[-3],[17],[27],[11],[-2],[15],[-6],[31],[-2],[16],[20],[5],[16],[-5],[18],[22],[10],[2],[4],[28],[2],[5],[5],[6],[-2],[14],[-4],[14],[26],[2],[31],[17],[-5],[18],[23],[12],[-6],[26],[18],[5],[2],[24],[12],[-5],[26],[8],[16],[2],[23],[24],[5],[31],[19],[5],[5],[29],[16],[8],[37],[20],[8],[23],[30],[16],[5],[20],[27],[5],[18],[2],[14],[28],[15],[4],[6],[2],[13],[-5],[-2],[26],[12],[-1],[32],[13],[12],[38],[23],[9],[11],[26],[-1],[20],[24],[10],[5],[35],[4],[29],[12],[3],[6],[32],[3],[18],[20],[4],[5],[33],[18],[3],[14],[37],[19],[16],[11],[24],[3],[-1],[16],[24],[14],[5],[8],[4],[22],[12],[13],[37],[16],[-2],[14],[33],[6],[4],[7],[30],[12],[13],[6],[21],[7],[10],[2],[24],[10],[12],[36],[22],[6],[18],[26],[5],[4],[32],[20],[6],[10],[36],[21],[5],[3],[6],[29],[16],[3],[21],[32],[19],[8],[10],[12],[12],[5],[5],[14],[3],[27],[13],[-4],[30],[23],[4],[2],[28],[14],[4],[32],[4],[6],[7],[7],[7],[8],[11],[6],[2],[2],[0],[36],[21],[13],[11],[35],[13],[-2],[33],[7],[8],[21],[2],[30],[26],[13],[-2],[5],[2],[6],[3],[6],[3],[34],[20],[2],[2],[7],[4],[4],[29],[9],[-8],[8],[18],[-5],[27],[5],[22],[4],[-6],[-1],[24],[4],[2],[28],[13],[2],[31],[24],[6],[2],[-5],[13],[-4],[6],[19],[-5],[22],[2],[-5],[28],[23],[3],[19],[6],[6],[4],[6],[6],[5],[30],[13],[-6],[30],[19],[-6],[13],[-3],[3],[7],[21],[-1],[-4],[30],[13],[-2],[-9],[14],[20],[5],[-5],[28],[13],[-2],[2],[-8],[-3],[-3],[24],[2],[21],[6],[7],[4],[4],[13],[-8],[28],[15],[3],[3],[29],[10],[-3],[-5],[21],[-11],[-10],[11],[20],[2],[-8],[20],[8],[-10],[6],[20],[-3],[18],[3],[-6],[-4],[26],[14],[-5],[20],[11],[-4],[-4],[-4],[-9],[18],[14],[-6],[11],[-6],[-5],[-5],[24],[-3],[-4],[27],[-2],[26],[10],[-8],[2],[21],[7],[-9],[12],[19],[-3],[2],[22],[-2],[-4],[24],[11],[-9],[16],[-4],[-14],[-13],[18],[4],[-7],[8],[-2],[4],[26],[0],[-3],[26],[11],[-11],[10],[-5],[3],[27],[9],[-2],[10],[-9],[10],[21],[-5],[18],[3],[2],[-4],[-8],[26],[25],[9],[4],[22],[-1],[3],[12],[-6],[22],[16],[-8],[12],[19],[5],[-9],[12],[19],[7],[-6],[2],[24],[2],[-6],[-7],[10],[-10],[8],[12],[-6],[-3],[21],[7],[-5],[-6],[-1],[-3],[10],[-11],[10],[16],[4],[-11],[-8],[14],[22],[8],[-9],[18],[-6],[-4],[22],[6],[-7],[15],[24],[-1],[-4],[-5],[27],[11],[-6],[20],[11],[-4],[2],[24],[9],[-3],[6],[3],[-2],[-5],[27],[-5],[-4],[-4],[-4],[-1],[23],[8],[10],[27],[8],[-8],[12],[18],[8],[-5],[-1],[22],[5],[-9],[4],[10],[-8],[22],[-2],[15],[21],[5],[5],[34],[21],[5],[30],[-4],[-4],[-4],[-8],[11],[-3],[6],[26],[3],[4],[2],[-2],[26],[11],[-3],[14],[-1],[19],[29],[6],[24],[7],[5],[29],[13],[-2],[3],[27],[3],[5],[31],[2],[14],[-1],[5],[6],[29],[15],[3],[16],[27],[4],[12],[-5],[23],[20],[4],[-1],[26],[-2],[27],[7],[-5],[34],[24],[12],[13],[36],[21],[3],[6],[4],[8],[-1],[16],[27],[3],[-3],[-4],[-5],[13],[3],[3],[32],[8],[9],[31],[16],[-2],[4],[29],[15],[4],[6],[24],[12],[-2],[30],[15],[2],[18],[27],[4],[15],[21],[11],[3],[31],[13],[-4],[14],[14],[-3],[6],[33],[13],[-5],[15],[30],[19],[9],[7],[3],[6],[17],[7],[13],[11],[18],[7],[12],[6],[39],[20],[2],[15],[20],[5],[19],[27],[9],[13],[10],[34],[21],[4],[5],[8],[8],[6],[15],[14],[11],[8],[32],[18],[3],[18],[29],[6],[10],[4],[19],[28],[11],[6],[34],[5],[5],[7],[37],[22],[12],[25],[7],[8],[15],[-3],[35],[21],[3],[30],[14],[-2],[18],[21],[5],[5],[31],[16],[6],[5],[18],[8],[8],[21],[8],[22],[33],[19],[2],[38],[23],[5],[5],[7],[11],[15],[32],[7],[3],[22],[7],[10],[34],[20],[7],[11],[6],[8],[3],[20],[7],[14],[3],[-1],[15],[27],[3],[-1],[17],[4],[14],[-3],[12],[-2],[6],[24],[7],[-10],[-6],[11],[-2],[-2],[3],[7],[2],[27],[2],[5],[30],[15],[-2],[-1],[-4],[-2],[24],[7],[-9],[10],[20],[7],[-8],[14],[20],[8],[-8],[22],[18],[-3],[12],[19],[8],[-5],[18],[22],[11],[2],[28],[17],[3],[-6],[23],[-4],[2],[18],[2],[2],[-4],[18],[-3],[-5],[-9],[22],[-2],[31],[14],[-9],[11],[15],[-8],[13],[-6],[12],[-3],[2],[3],[4],[30],[18],[4],[4],[21],[-6],[2],[-2],[3],[2],[17],[-1],[30],[18],[5],[4],[30],[15],[3],[2],[28],[4],[3],[29],[19],[8],[8],[32],[4],[29],[13],[-2],[16],[5],[29],[13],[-1],[19],[17],[-4],[0],[-2],[2],[5],[21],[6],[-9],[14],[21],[3],[13],[-3],[18],[-5],[-2],[14],[-6],[23],[-1],[2],[26],[12],[-3],[10],[4],[21],[5],[4],[27],[14],[-1],[-5],[15],[5],[-8],[30],[17],[4],[2],[29],[15],[-3],[6],[25],[-1],[-4],[26],[-5],[-9],[10],[-6],[-7],[9],[14],[-1],[-2],[17],[-1],[-9],[24],[-5],[6],[-6],[30],[6],[-10],[15],[20],[-1],[6],[11],[-2],[-1],[-2],[2],[21],[6],[-8],[30],[17],[2],[10],[6],[30],[-1],[-2],[29],[15],[3],[4],[12],[-3],[12],[-4],[-6],[22],[-10],[11],[15],[2],[2],[31],[15],[-8],[13],[-3],[-3],[25],[11],[4],[6],[26],[11],[2],[15],[-2],[-1],[29],[15],[5],[3],[23],[-2],[3],[2],[24],[5],[-9],[10],[16],[-3],[24],[8],[-9],[28],[15],[7],[3],[20],[7],[-6],[12],[-4],[-3],[28],[3],[14],[-1],[2],[27],[12],[-3],[8],[-7],[14],[20],[-4],[4],[2],[2],[-1],[-1],[13],[-6],[13],[23],[2],[27],[4],[12],[23],[10],[-3],[22],[21],[3],[28],[11],[-1],[32],[14],[-4],[5],[19],[5],[2],[27],[-5],[12],[23],[2],[-6],[-1],[30],[12],[-3],[2],[2],[31],[10],[-8],[-4],[10],[27],[13],[-2],[12],[15],[-4],[-2],[20],[-3],[11],[-3],[-4],[26],[8],[-10],[15],[16],[2],[2],[-1],[13],[-5],[2],[-5],[4],[4],[28],[5],[-13],[19],[6],[-5],[30],[16],[4],[3],[-8],[-1],[-4],[-1],[2],[29],[18],[4],[3],[31],[18],[6],[7],[3],[2],[4],[6],[2],[3],[27],[-2],[15],[-1],[2],[-2],[25],[12],[-2],[4],[5],[19],[-4],[20],[3],[-1],[12],[-1],[28],[11],[-1],[19],[4],[10],[29],[9],[11],[36],[14],[-3],[20],[23],[-3],[3],[20],[-1],[30],[14],[5],[4],[7],[34],[8],[7],[31],[16],[3],[5],[11],[7],[30],[2],[2],[25],[6],[-5],[35],[12],[-4],[13],[-1],[21],[5],[20],[6],[14],[24],[4],[21],[-4],[34],[20],[6],[21],[6],[5],[31],[17],[8],[18],[31],[10],[6],[33],[20],[2],[27],[27],[5],[20],[7],[37],[14],[-2],[26],[20],[4],[6],[25],[10],[2],[23],[4],[29],[11],[2],[34],[21],[5],[3],[20],[5],[6],[-3],[16],[24],[11],[-3],[34],[5],[7],[9],[33],[20],[-3],[15],[24],[8],[-6],[28],[12],[-3],[-3],[4],[-1],[27],[10],[-2],[29],[-4],[4],[31],[15],[2],[2],[18],[-2],[2],[31],[18],[4],[2],[5],[2],[4],[3],[4],[-3],[3],[16],[-3],[2],[25],[8],[6],[26],[-3],[3],[0],[6],[2],[-3],[12],[22],[8],[2],[29],[-1],[10],[11],[2],[26],[26],[11],[6],[14],[-1],[19],[27],[4],[16],[3],[4],[7],[5],[30],[2],[20],[2],[13],[4],[4],[5],[12],[5],[5],[23],[2],[40],[25],[8],[22],[6],[13],[-5],[18],[3],[5],[35],[4],[-3],[27],[12],[-4],[18],[20],[6],[2],[32],[18],[3],[5],[36],[20],[3],[0],[33],[15],[-2],[3],[27],[15],[-1],[-3],[21],[5],[-11],[26],[-3],[-2],[27],[12],[-3],[-4],[29],[13],[-8],[-4],[19],[3],[-11],[14],[-6],[-4],[-9],[12],[16],[-2],[3],[2],[-1],[2],[-8],[-4],[-4],[28],[5],[7],[-1],[4],[30],[3],[-1],[11],[-4],[3],[29],[-2],[14],[24],[3],[5],[31],[5],[-1],[17],[24],[12],[-8],[30],[6],[2],[-1],[29],[13],[-4],[4],[-2],[0],[6],[2],[5],[-1],[4],[4],[-1],[-2],[25],[13],[-4],[24],[20],[3],[19],[26],[10],[-6],[28],[11],[-4],[10],[24],[11],[-5],[15],[2],[3],[-1],[29],[13],[2],[3],[3],[27],[4],[2],[-6],[-3],[10],[-8],[14],[12],[-3],[29],[-5],[-2],[-3],[-4],[-6],[20],[22],[11],[6],[3],[16],[-6],[26],[21],[5],[26],[8],[2],[30],[16],[-4],[2],[-2],[2],[4],[-4],[18],[19],[4],[4],[28],[3],[4],[26],[15],[-2],[15],[-1],[4],[28],[12],[-1],[33],[19],[5],[2],[27],[11],[-1],[30],[15],[-8],[-3],[-5],[2],[4],[31],[21],[-1],[16],[25],[13],[-4],[30],[26],[10],[6],[34],[6],[2],[34],[19],[-3],[-4],[14],[-2],[3],[19],[-1],[-2],[-5],[-10],[-4],[13],[-4],[6],[18],[-3],[19],[3],[7],[2],[-7],[14],[0],[-3],[28],[2],[8],[-4],[18],[13],[-3],[30],[14],[-6],[22],[19],[-1],[-1],[14],[-4],[13],[-5],[2],[26],[11],[-7],[18],[28],[7],[2],[16],[4],[6],[32],[19],[-3],[19],[20],[4],[-10],[27],[13],[-2],[14],[3],[2],[2],[2],[15],[4],[12],[27],[9],[-8],[12],[19],[8],[-5],[14],[10],[-2],[2],[9],[-5],[10],[-4],[11],[22],[5],[15],[29],[5],[4],[31],[5],[32],[6],[5],[10],[12],[31],[11],[9],[20],[4],[34],[21],[6],[8],[27],[13],[-2],[15],[26],[6],[2],[28],[-2],[4],[30],[15],[7],[39],[26],[4],[2],[32],[11],[-4],[22],[26],[8],[-5],[14],[20],[3],[-8],[29],[16],[5],[19],[29],[13],[3],[26],[30],[16],[3],[8],[-3],[28],[-2],[2],[5],[5],[8],[39],[4],[4],[33],[10],[10],[37],[20],[8],[11],[4],[5],[18],[4],[35],[6],[25],[3],[20],[4],[23],[7],[35],[21],[11],[12],[37],[9],[4],[10],[9],[33],[8],[5],[21],[27],[8],[9],[35],[21],[11],[8],[34],[11],[12],[37],[23],[8],[8],[27],[11],[10],[37],[2],[22],[21],[6],[4],[30],[4],[5],[33],[15],[2],[18],[28],[11],[-3],[24],[10],[-4],[6],[5],[3],[7],[4],[6],[4],[10],[4],[4],[8],[33],[19],[6],[6],[34],[18],[5],[6],[23],[7],[25],[9],[8],[34],[18],[4],[2],[31],[15],[-6],[26],[20],[5],[28],[6],[4],[5],[35],[4],[7],[7],[20],[3],[4],[7],[-10],[23],[-1],[11],[-5],[34],[13],[-2],[19],[23],[7],[-10],[18],[19],[-3],[16],[24],[2],[12],[2],[38],[26],[8],[8],[3],[24],[8],[-6],[29],[14],[-3],[2],[26],[9],[-7],[14],[23],[8],[7],[-2],[22],[6],[-7],[11],[-2],[11],[-3],[21],[7],[-5],[27],[17],[-2],[13],[-2],[-1],[4],[28],[20],[6],[7],[35],[13],[-8],[12],[2],[22],[5],[32],[13],[-1],[3],[-3],[11],[26],[12],[-3],[26],[2],[-1],[30],[-1],[-1],[-2],[-3],[24],[-3],[-3],[12],[-5],[32],[4],[7],[6],[19],[3],[3],[-2],[29],[2],[3],[2],[22],[3],[7],[21],[5],[2],[-10],[-3],[-9],[21],[7],[-8],[13],[13],[-4],[-6],[21],[-9],[-9],[15],[-4],[7],[-4],[29],[13],[-6],[-4],[22],[8],[-8],[10],[-4],[12],[-9],[18],[20],[2],[-3],[19],[-4],[28],[5],[2],[24],[-4],[-3],[-4],[-5],[-4],[8],[-12],[6],[15],[-7],[-3],[2],[29],[16],[-6],[32],[7],[3],[18],[4],[3],[27],[-2],[20],[2],[9],[8],[36],[21],[3],[-1],[30],[11],[-1],[5],[20],[4],[3],[27],[15],[-2],[2],[29],[16],[4],[4],[29],[14],[-1],[10],[23],[9],[-3],[2],[-2],[23],[7],[-9],[24],[-8],[-6],[23],[13],[3],[13],[-4],[-4],[2],[27],[2],[-8],[-5],[-6],[23],[-2],[-3],[3],[2],[27],[16],[3],[5],[29],[7],[-12],[21],[-10],[-2],[-2],[-2],[0],[-1],[13],[-9],[-3],[-6],[-4],[-2],[20],[6],[2],[2],[7],[2],[30],[-1],[14],[2],[4],[-1],[-1],[4],[23],[7],[7],[27],[11],[3],[5],[31],[15],[-1],[18],[21],[4],[19],[20],[5],[7],[14],[-1],[20],[29],[3],[2],[-2],[2],[13],[-4],[22],[23],[4],[18],[26],[12],[4],[6],[5],[4],[30],[4],[-1],[4],[6],[6],[7],[5],[2],[12],[9],[10],[40],[6],[-1],[15],[2],[24],[10],[-9],[32],[19],[5],[3],[22],[5],[-9],[14],[-6],[26],[19],[2],[28],[6],[6],[4],[34],[2],[27],[8],[-5],[2],[19],[3],[-11],[26],[2],[-18],[6],[5],[-1],[20],[64],[56],[31],[14],[14],[-8],[-6],[30],[2],[-5],[-13],[-5],[35],[19],[2],[10],[-19],[-24],[-13],[28],[16],[22],[16],[14],[31],[25],[26],[42],[2],[-14],[-17],[6],[-4],[-10],[-4],[-1],[2],[12],[14],[18],[11],[31],[9],[3],[20],[12],[18],[15],[36],[3],[26],[19],[-4],[-10],[-2],[-14],[2],[23],[5],[10],[14],[39],[30],[8],[42],[19],[-2],[-3],[21],[12],[-1],[18],[-11],[11],[6],[-10],[20],[3],[-9],[2],[29],[6],[26],[15],[15],[35],[18],[7],[20],[-1],[-5],[21],[-17],[18],[13],[-3],[-1],[20],[-1],[5],[4],[3],[6],[30],[17],[7],[39],[11],[3],[28],[24],[2],[30],[15],[-5],[-10],[18],[3],[-4],[5],[31],[16],[16],[46],[28],[5],[22],[25],[12],[4],[35],[5],[4],[4],[5],[37],[19],[-1],[-3],[22],[14],[7],[12],[39],[11],[12],[15],[21],[7],[22],[22],[2],[10],[27],[-2],[3],[15],[-2],[14],[27],[8],[10],[32],[16],[4],[40],[11],[39],[25],[12],[16],[34],[12],[13],[33],[13],[-4],[14],[27],[15],[3],[15],[29],[13],[7],[46],[27],[9],[22],[-1],[-3],[15],[-9],[-10],[24],[-8],[8],[2],[-2],[-6],[-9],[-8],[5],[-11],[2],[21],[-6],[20],[3],[29],[84],[87],[78],[86],[67],[12],[-24],[-22],[-58],[-36],[-44],[-2],[-8],[35],[40],[44],[41],[20],[18],[-10],[-33],[-35],[2],[8],[14],[41],[55],[28],[-14],[-28],[-59],[-93],[-78],[-75],[-18],[-14],[-3],[35],[15],[5],[-11],[-40],[-36],[-75],[-94],[-129],[-123],[-124],[-4],[165],[263],[165],[79],[110],[61],[35],[-3],[-31],[-51],[-14],[16],[69],[131],[111],[-51],[-92],[-99],[-84],[-78],[-70],[-45],[-7],[54],[100],[190],[195],[167],[65],[8],[35],[54],[19],[-43],[-70],[-41],[45],[82],[63],[39],[9],[-42],[-50],[-38],[26],[-5],[-32],[-6],[58],[86],[96],[38],[32],[-2],[-35],[-20],[-16],[-17],[-21],[-37],[-19],[50],[74],[42],[38],[-8],[-40],[-21],[20],[17],[-36],[-18],[-49],[-28],[-46],[-19],[-67],[-95],[-81],[-62],[-37],[-1],[32],[11],[4],[54],[51],[42],[35],[34],[-12],[-37],[-22],[-47],[-41],[-62],[-24],[-45],[-29],[-20],[15],[-3],[-9],[-9],[20],[32],[16],[-5],[5],[40],[19],[14],[10],[10],[19],[-10],[19],[7],[3],[14],[23],[56],[70],[90],[89],[107],[74],[92],[64],[58],[85],[73],[43],[22],[7],[-1],[-22],[-32],[-25],[-26],[21],[19],[14],[67],[47],[50],[47],[27],[25],[38],[53],[29],[11],[32],[-3],[20],[-13],[3],[22],[-10],[-27],[-13],[-20],[37],[43],[35],[74],[53],[9],[10],[-19],[-58],[-73],[-41],[-48],[-56],[-22],[12],[-17],[-9],[-38],[-46],[-36],[-44],[-36],[4],[5],[-1],[21],[30],[21],[-16],[-35],[-33],[-72],[-83],[-56],[-64],[-37],[14],[21],[23],[48],[52],[-6],[-26],[-42],[-26],[-16],[-31],[-5],[24],[22],[24],[52],[36],[19],[16],[-9],[-14],[-19],[-15],[28],[20],[20],[43],[59],[33],[34],[24],[-13],[-9],[24],[13],[-1],[16],[53],[34],[32],[29],[22],[-10],[-28],[10],[7],[3],[27],[3],[3],[32],[-8],[-3],[-36],[-79],[-107],[-103],[-82],[-81],[-92],[-88],[-69],[-73],[-14],[99],[165],[212],[186],[155],[91],[19],[8],[11],[5],[18],[24],[63],[69],[71],[46],[18],[-50],[-72],[-50],[27],[66],[101],[132],[177],[166],[158],[156],[102],[58],[-21],[-46],[-44],[-22],[32],[32],[69],[95],[76],[108],[50],[16],[-22],[-8],[-30],[-17],[-4],[11],[14],[19],[-3],[13],[-27],[-58],[-63],[-83],[-77],[-49],[-15],[18],[24],[33],[7],[-20],[-48],[-105],[-121],[-109],[-111],[-101],[-76],[-68],[-69],[-129],[-194],[-230],[-229],[-190],[-180],[-173],[-141],[-140],[-110],[-140],[-171],[-133],[64],[420],[572],[544],[412],[289],[196],[142],[42],[-61],[-97],[-96],[-51],[58],[133],[114],[-24],[-180],[-207],[-136],[-101],[-94],[-46],[58],[151],[267],[422],[467],[372],[200],[65],[-59],[-138],[-205],[-251],[-289],[-206],[-47],[31],[51],[59],[42],[6],[5],[8],[53],[76],[25],[58],[141],[188],[182],[160],[107],[13],[-53],[-70],[-75],[-50],[-5],[20],[99],[216],[257],[247],[211],[163],[123],[93],[117],[106],[68],[15],[3],[2],[10],[-4],[-29],[-69],[-66],[-60],[-14],[41],[114],[141],[144],[147],[176],[128],[42],[-16],[-97],[-122],[-128],[-100],[-88],[-58],[-77],[-75],[-44],[-37],[-43],[-48],[-33],[-54],[-75],[-77],[-88],[-127],[-146],[-145],[-171],[-158],[-190],[-235],[-246],[-229],[-269],[-277],[-261],[-325],[-343],[-351],[-220],[-6],[182],[364],[526],[594],[516],[436],[314],[183],[37],[-73],[-96],[-78],[-45],[11],[-26],[-68],[-85],[-170],[-211],[-238],[-173],[-136],[-73],[76],[224],[371],[464],[507],[430],[313],[179],[-8],[-164],[-261],[-301],[-287],[-220],[-155],[-64],[-17],[34],[29],[22],[20],[38],[15],[38],[94],[117],[182],[217],[203],[180],[119],[20],[-69],[-113],[-180],[-164],[-147],[-92],[28],[109],[167],[200],[228],[208],[178],[165],[213],[219],[183],[160],[155],[75],[28],[-63],[-118],[-171],[-179],[-132],[-72],[26],[123],[178],[194],[209],[186],[135],[91],[33],[-35],[-53],[-36],[-52],[-48],[-54],[-73],[-74],[-61],[-58],[-52],[-11],[-12],[-13],[21],[8],[-15],[-37],[-61],[-85],[-109],[-115],[-172],[-228],[-239],[-292],[-310],[-299],[-297],[-260],[-203],[-118],[-89],[-80],[-84],[-150],[-218],[-293],[-231],[-131],[56],[246],[375],[440],[351],[278],[238],[130],[32],[-34],[-68],[-35],[23],[84],[92],[58],[-31],[-84],[-123],[-166],[-190],[-171],[-169],[-72],[102],[252],[360],[426],[371],[268],[181],[98],[7],[-88],[-131],[-140],[-134],[-102],[-48],[-15],[-40],[-62],[-56],[-78],[-102],[-96],[-54],[-29],[53],[171],[219],[243],[206],[138],[60],[14],[-46],[-91],[-115],[-118],[-88],[-16],[38],[108],[165],[200],[193],[172],[159],[175],[182],[231],[207],[147],[99],[26],[-75],[-110],[-170],[-166],[-88],[-34],[36],[113],[170],[150],[167],[124],[124],[69],[59],[11],[-3],[-16],[-39],[-43],[-51],[-74],[-101],[-108],[-83],[-76],[-46],[-12],[31],[18],[-4],[3],[-60],[-75],[-114],[-134],[-140],[-179],[-203],[-219],[-234],[-236],[-237],[-196],[-209],[-172],[-180],[-191],[-180],[-170],[-198],[-215],[-216],[-166],[-44],[77],[200],[356],[373],[324],[293],[221],[165],[77],[53],[-3],[-8],[18],[59],[32],[4],[-91],[-118],[-165],[-171],[-114],[-107],[-45],[7],[107],[258],[342],[337],[317],[272],[162],[64],[-5],[-41],[-110],[-146],[-143],[-86],[-61],[-50],[-58],[-36],[-61],[-59],[-26],[-41],[-37],[11],[83],[115],[159],[210],[171],[103],[48],[19],[-40],[-71],[-33],[-46],[-9],[52],[119],[171],[184],[187],[180],[168],[170],[203],[212],[168],[120],[92],[9],[-51],[-46],[-70],[-118],[-97],[-48],[37],[69],[102],[148],[115],[115],[112],[117],[69],[17],[-27],[-17],[-52],[-51],[-20],[-49],[-73],[-57],[-48],[-40],[-9],[37],[11],[-11],[-22],[-15],[-49],[-68],[-65],[-102],[-137],[-139],[-169],[-178],[-171],[-214],[-236],[-206],[-198],[-157],[-150],[-159],[-174],[-170],[-207],[-201],[-210],[-165],[-82],[19],[127],[266],[343],[300],[229],[181],[145],[110],[116],[74],[43],[15],[36],[31],[-6],[-34],[-93],[-142],[-152],[-113],[-90],[-37],[38],[111],[198],[266],[322],[287],[213],[120],[29],[-4],[-35],[-58],[-90],[-87],[-80],[-22],[-28],[11],[-19],[-56],[-56],[-85],[-61],[-27],[-4],[69],[82],[128],[158],[173],[117],[55],[8],[-6],[-38],[-26],[-10],[36],[51],[130],[169],[181],[188],[227],[209],[176],[167],[139],[133],[82],[35],[13],[-11],[8],[-17],[-11],[23],[21],[21],[39],[36],[83],[98],[88],[78],[98],[61],[34],[16],[2],[-33],[-37],[-74],[-78],[-77],[-61],[-40],[7],[-14],[16],[-2],[-2],[-27],[-77],[-111],[-115],[-115],[-124],[-131],[-110],[-123],[-150],[-145],[-139],[-168],[-182],[-176],[-163],[-163],[-166],[-146],[-173],[-227],[-266],[-285],[-270],[-178],[36],[257],[396],[435],[315],[211],[149],[83],[59],[44],[39],[22],[55],[134],[111],[42],[-34],[-121],[-172],[-148],[-141],[-140],[-94],[-48],[116],[284],[382],[413],[364],[190],[51],[-4],[-55],[-90],[-78],[-94],[-85],[-37],[8],[31],[10],[-52],[-53],[-79],[-43],[-2],[16],[21],[66],[98],[147],[151],[119],[67],[14],[2],[-29],[-24],[-25],[-57],[-25],[18],[82],[131],[166],[186],[123],[115],[125],[138],[115],[119],[91],[32],[3],[13],[-28],[-73],[-74],[-69],[-55],[-30],[9],[7],[12],[53],[55],[56],[72],[39],[-13],[-60],[-49],[-55],[-48],[-18],[11],[21],[68],[95],[86],[53],[23],[-22],[-66],[-62],[-101],[-99],[-83],[-46],[10],[52],[68],[61],[-5],[-75],[-137],[-138],[-124],[-124],[-89],[-57],[9],[30],[26],[-13],[-85],[-118],[-186],[-238],[-248],[-302],[-341],[-335],[-264],[-131],[-25],[86],[172],[199],[180],[204],[213],[168],[123],[114],[87],[95],[102],[122],[79],[26],[-16],[-73],[-105],[-147],[-155],[-160],[-121],[-22],[59],[200],[245],[245],[251],[241],[229],[143],[88],[-12],[-68],[-98],[-112],[-106],[-97],[-73],[-57],[-58],[-51],[2],[-21],[-5],[-9],[42],[38],[36],[46],[68],[33],[22],[19],[12],[11],[33],[30],[44],[113],[132],[181],[177],[173],[186],[160],[145],[179],[149],[112],[98],[101],[60],[22],[-13],[-38],[-88],[-104],[-101],[-51],[-39],[19],[47],[67],[91],[98],[93],[68],[62],[27],[-11],[-33],[-46],[-61],[-75],[-80],[-65],[-74],[-56],[-64],[-72],[-54],[-63],[-56],[-17],[-16],[-30],[-46],[-64],[-81],[-102],[-121],[-113],[-171],[-205],[-206],[-231],[-228],[-219],[-214],[-205],[-206],[-155],[-123],[-65],[-35],[14],[104],[173],[261],[229],[164],[155],[110],[69],[40],[11],[-11],[-33],[-49],[-46],[-42],[-36],[-41],[-44],[-4],[-3],[4],[68],[86],[96],[138],[143],[162],[133],[120],[59],[18],[23],[2],[-17],[-19],[-11],[-5],[33],[30],[21],[42],[48],[19],[2],[-1],[3],[4],[27],[20],[19],[43],[27],[12],[3],[22],[2],[28],[24],[58],[83],[88],[102],[110],[131],[112],[94],[103],[54],[43],[31],[27],[24],[39],[44],[60],[64],[29],[29],[-7],[-18],[10],[10],[39],[32],[44],[70],[85],[62],[53],[40],[32],[51],[30],[15],[12],[37],[19],[14],[24],[43],[26],[-3],[-4],[14],[-11],[-19],[-9],[-29],[-6],[-29],[-43],[-29],[-49],[-52],[-35],[-59],[-83],[-91],[-129],[-146],[-131],[-144],[-152],[-140],[-112],[-117],[-132],[-126],[-153],[-181],[-212],[-283],[-337],[-349],[-289],[-200],[-59],[79],[219],[350],[374],[368],[299],[199],[68],[-17],[-41],[-47],[-26],[16],[33],[32],[18],[2],[-74],[-154],[-182],[-144],[-88],[7],[125],[247],[335],[397],[404],[364],[244],[112],[16],[-114],[-190],[-180],[-155],[-132],[-52],[-9],[26],[69],[57],[21],[22],[22],[3],[36],[44],[98],[77],[82],[67],[59],[3],[-24],[-44],[-77],[-61],[-8],[13],[51],[111],[130],[152],[180],[164],[147],[152],[106],[67],[43],[42],[3],[-40],[-42],[-41],[-20],[-38],[-61],[-29],[-37],[-19],[76],[108],[133],[164],[189],[154],[120],[79],[59],[-15],[-43],[-68],[-68],[-68],[-11],[-14],[38],[76],[83],[87],[88],[34],[35],[-9],[8],[-19],[-43],[-26],[-35],[-30],[-2],[-30],[-20],[-63],[-106],[-102],[-154],[-158],[-150],[-117],[-100],[-66],[-35],[-41],[-43],[-77],[-154],[-229],[-282],[-358],[-434],[-432],[-341],[-155],[-9],[157],[295],[368],[359],[318],[267],[133],[76],[18],[-17],[-10],[32],[48],[35],[26],[-4],[-75],[-125],[-188],[-203],[-160],[-99],[34],[154],[308],[374],[388],[416],[309],[200],[78],[-46],[-141],[-184],[-193],[-163],[-88],[-49],[-19],[39],[35],[17],[21],[-12],[-16],[-5],[33],[40],[68],[88],[114],[77],[76],[28],[-27],[-67],[-63],[-75],[-59],[-21],[27],[72],[135],[140],[131],[158],[112],[93],[69],[52],[43],[22],[28],[-25],[-27],[-11],[-40],[-29],[-27],[-40],[-34],[36],[56],[71],[104],[149],[149],[128],[113],[100],[37],[-2],[-4],[-3],[-18],[-9],[7],[22],[67],[64],[63],[66],[38],[43],[46],[23],[-3],[14],[6],[-15],[-16],[-24],[-20],[-49],[-64],[-69],[-61],[-75],[-60],[-78],[-61],[-77],[-79],[-49],[-75],[-94],[-112],[-131],[-148],[-170],[-194],[-218],[-255],[-293],[-322],[-343],[-340],[-266],[-134],[-33],[77],[193],[294],[331],[360],[278],[169],[93],[25],[4],[-41],[-54],[-50],[-42],[-3],[-23],[-45],[-46],[-90],[-111],[-76],[4],[60],[160],[251],[293],[308],[326],[256],[163],[52],[-52],[-97],[-139],[-161],[-163],[-97],[-53],[-12],[42],[65],[66],[62],[45],[24],[42],[42],[19],[9],[32],[14],[7],[-5],[-28],[-33],[-66],[-27],[-34],[21],[45],[71],[102],[124],[155],[140],[158],[119],[84],[62],[58],[19],[-12],[-12],[-39],[-62],[-50],[-40],[-17],[23],[16],[39],[63],[87],[125],[147],[126],[160],[115],[86],[65],[14],[13],[-23],[-30],[14],[19],[29],[74],[76],[68],[98],[98],[73],[45],[68],[49],[19],[2],[18],[-20],[-18],[-21],[-34],[-28],[-63],[-77],[-54],[-57],[-60],[-44],[-7],[-28],[-23],[-16],[-21],[-20],[-43],[-101],[-154],[-186],[-187],[-242],[-265],[-273],[-273],[-312],[-339],[-345],[-315],[-219],[-88],[23],[115],[227],[338],[368],[356],[260],[178],[44],[-37],[-64],[-78],[-100],[-100],[-56],[-36],[3],[-26],[-37],[-73],[-57],[-25],[64],[111],[162],[234],[298],[314],[285],[238],[114],[21],[-87],[-142],[-169],[-164],[-129],[-106],[-46],[52],[79],[82],[72],[62],[50],[20],[36],[2],[-16],[22],[5],[18],[23],[20],[-16],[-24],[-29],[-41],[-36],[3],[21],[61],[118],[135],[139],[159],[150],[119],[82],[60],[43],[45],[9],[-19],[-6],[-12],[-1],[-6],[20],[8],[5],[33],[90],[109],[117],[139],[176],[159],[149],[118],[83],[49],[27],[7],[12],[-11],[10],[5],[29],[43],[75],[58],[37],[30],[55],[19],[24],[4],[8],[5],[5],[6],[20],[-24],[-56],[-38],[-61],[-87],[-77],[-68],[-73],[-70],[-38],[-40],[-38],[-73],[-104],[-104],[-153],[-180],[-202],[-198],[-234],[-222],[-223],[-256],[-267],[-314],[-302],[-262],[-174],[-56],[24],[128],[204],[302],[372],[342],[208],[78],[-14],[-41],[-76],[-108],[-117],[-86],[-65],[-34],[15],[-31],[-64],[-83],[-59],[11],[52],[108],[168],[255],[292],[309],[315],[218],[93],[-8],[-59],[-118],[-142],[-121],[-111],[-70],[5],[68],[116],[95],[60],[55],[29],[33],[5],[-10],[6],[-8],[9],[50],[25],[20],[-17],[-3],[-29],[-38],[-30],[16],[21],[63],[80],[130],[118],[99],[91],[109],[79],[43],[30],[37],[5],[2],[3],[3],[16],[-5],[24],[20],[61],[61],[65],[102],[126],[124],[154],[154],[107],[82],[49],[19],[18],[-18],[-34],[6],[7],[14],[65],[71],[68],[79],[75],[81],[70],[39],[27],[44],[21],[-5],[-6],[-38],[-33],[-62],[-90],[-76],[-96],[-116],[-114],[-82],[-85],[-76],[-52],[-34],[-28],[-32],[-29],[-68],[-81],[-130],[-158],[-162],[-208],[-191],[-219],[-245],[-259],[-266],[-298],[-274],[-201],[-113],[-29],[73],[162],[293],[366],[332],[234],[111],[32],[-56],[-84],[-137],[-152],[-102],[-78],[-49],[-24],[-2],[-44],[-76],[-34],[-29],[28],[90],[128],[206],[285],[304],[314],[241],[156],[61],[-32],[-101],[-162],[-155],[-179],[-117],[-50],[34],[79],[84],[124],[103],[94],[74],[72],[15],[-10],[2],[20],[16],[10],[28],[-1],[-29],[-17],[-27],[-26],[24],[14],[82],[116],[138],[154],[176],[153],[122],[123],[68],[26],[20],[14],[-6],[-2],[-14],[16],[3],[-3],[14],[48],[32],[88],[91],[128],[156],[192],[174],[139],[119],[80],[69],[18],[-22],[-41],[-43],[-40],[-10],[-3],[46],[58],[55],[60],[79],[50],[18],[-4],[-5],[-40],[-57],[-44],[-58],[-77],[-54],[-57],[-84],[-101],[-78],[-93],[-67],[-76],[-26],[-46],[-9],[-22],[-13],[-19],[-22],[-77],[-85],[-130],[-172],[-201],[-208],[-242],[-248],[-225],[-252],[-256],[-259],[-237],[-163],[-70],[7],[134],[247],[346],[355],[284],[181],[56],[2],[-66],[-122],[-130],[-104],[-72],[-37],[20],[14],[13],[-33],[-18],[-22],[-20],[46],[72],[167],[257],[289],[302],[271],[202],[134],[20],[-77],[-128],[-181],[-191],[-149],[-57],[10],[65],[115],[93],[128],[86],[60],[51],[-8],[-6],[-9],[-4],[12],[52],[32],[6],[2],[-17],[-6],[-26],[-32],[-13],[31],[49],[93],[149],[150],[139],[126],[136],[68],[42],[31],[12],[40],[18],[4],[25],[36],[29],[21],[46],[62],[62],[92],[124],[157],[195],[175],[156],[153],[91],[26],[2],[-33],[-66],[-82],[-72],[-56],[-38],[-4],[11],[49],[42],[52],[46],[36],[57],[34],[16],[36],[-14],[-14],[-38],[-51],[-46],[-96],[-119],[-134],[-117],[-119],[-105],[-93],[-61],[-59],[-46],[-16],[-30],[-57],[-77],[-106],[-112],[-141],[-142],[-161],[-197],[-234],[-234],[-268],[-314],[-296],[-255],[-138],[-57],[81],[243],[353],[386],[309],[184],[91],[35],[-53],[-120],[-128],[-109],[-40],[-17],[-6],[2],[-33],[-65],[-77],[-60],[-38],[48],[107],[183],[275],[361],[362],[314],[246],[151],[28],[-80],[-157],[-201],[-198],[-130],[-84],[2],[83],[100],[115],[129],[150],[77],[56],[7],[-24],[-8],[11],[-2],[-2],[23],[5],[-17],[-25],[-16],[-39],[-40],[23],[36],[66],[142],[167],[165],[167],[165],[115],[101],[58],[32],[32],[-1],[-5],[24],[6],[-5],[5],[15],[27],[44],[68],[98],[127],[143],[178],[164],[113],[98],[62],[10],[-38],[-50],[-82],[-68],[-37],[-40],[-18],[21],[20],[44],[54],[75],[58],[54],[52],[17],[-20],[-29],[-57],[-78],[-74],[-85],[-87],[-88],[-75],[-95],[-81],[-75],[-83],[-89],[-65],[-64],[-35],[-45],[-33],[-54],[-86],[-104],[-158],[-184],[-179],[-221],[-251],[-243],[-291],[-299],[-275],[-190],[-110],[7],[174],[334],[363],[298],[229],[128],[44],[7],[-75],[-111],[-92],[-41],[-28],[-21],[-22],[-31],[-86],[-106],[-90],[-62],[11],[60],[155],[272],[333],[371],[340],[293],[184],[86],[-28],[-148],[-174],[-196],[-183],[-123],[-40],[-12],[32],[63],[115],[106],[75],[51],[56],[32],[20],[38],[55],[23],[41],[-5],[-4],[-11],[-54],[-66],[-35],[-33],[-13],[50],[93],[151],[143],[178],[178],[150],[118],[131],[99],[72],[52],[26],[-8],[-11],[-51],[-68],[-50],[-48],[8],[47],[84],[114],[139],[166],[150],[137],[135],[87],[37],[6],[-7],[-40],[-64],[-52],[-51],[-58],[-21],[-11],[-9],[7],[35],[14],[35],[10],[7],[-12],[2],[-28],[-48],[-47],[-56],[-75],[-84],[-76],[-108],[-130],[-117],[-125],[-113],[-104],[-85],[-90],[-49],[-78],[-65],[-99],[-138],[-145],[-162],[-205],[-246],[-266],[-294],[-259],[-141],[4],[226],[335],[320],[266],[174],[79],[20],[-40],[-112],[-110],[-48],[-2],[77],[76],[88],[10],[-60],[-88],[-128],[-126],[-72],[-20],[80],[189],[280],[346],[343],[323],[228],[109],[-32],[-136],[-181],[-169],[-166],[-122],[-38],[2],[31],[67],[111],[86],[42],[14],[-8],[16],[17],[47],[78],[76],[61],[77],[24],[-35],[-50],[-112],[-112],[-109],[-44],[14],[67],[137],[168],[172],[167],[170],[151],[107],[90],[76],[45],[24],[6],[-21],[-47],[-65],[-75],[-67],[-24],[-3],[36],[120],[148],[173],[198],[191],[184],[126],[86],[25],[-12],[-44],[-60],[-51],[-67],[-56],[-2],[7],[11],[35],[24],[21],[42],[15],[-11],[2],[-15],[-32],[-38],[-12],[-33],[-63],[-85],[-94],[-130],[-156],[-142],[-145],[-152],[-134],[-85],[-82],[-85],[-77],[-85],[-132],[-177],[-240],[-289],[-338],[-300],[-81],[160],[326],[341],[255],[166],[135],[38],[-48],[-141],[-157],[-112],[-44],[29],[84],[94],[31],[-31],[-92],[-105],[-113],[-107],[-20],[40],[153],[284],[349],[383],[374],[315],[148],[-25],[-121],[-204],[-244],[-224],[-146],[-93],[-11],[64],[149],[154],[163],[95],[39],[42],[22],[-9],[-12],[7],[25],[44],[34],[22],[-17],[-38],[-89],[-109],[-78],[-69],[-10],[94],[138],[168],[190],[182],[146],[123],[102],[68],[38],[59],[9],[-12],[-14],[-51],[-44],[-50],[-69],[-42],[18],[54],[106],[182],[230],[228],[206],[188],[136],[62],[2],[-26],[-75],[-81],[-48],[-39],[-7],[50],[58],[55],[66],[87],[58],[47],[45],[5],[-30],[-25],[-50],[-65],[-73],[-61],[-113],[-124],[-159],[-174],[-152],[-175],[-168],[-131],[-134],[-138],[-97],[-100],[-136],[-158],[-238],[-310],[-305],[-152],[169],[439],[420],[267],[134],[134],[77],[-80],[-199],[-252],[-203],[-77],[10],[92],[140],[91],[3],[-85],[-88],[-68],[-83],[-69],[38],[162],[269],[394],[425],[398],[317],[151],[-37],[-159],[-200],[-240],[-230],[-158],[-32],[51],[133],[190],[192],[141],[64],[-8],[-48],[-67],[-48],[-51],[-22],[33],[104],[98],[66],[30],[-50],[-108],[-148],[-161],[-110],[-62],[23],[116],[197],[205],[221],[153],[115],[63],[70],[52],[45],[23],[2],[-11],[-27],[-51],[-58],[-93],[-99],[-26],[2],[61],[136],[170],[228],[221],[192],[163],[149],[81],[11],[-34],[-50],[-50],[-39],[-2],[-1],[38],[61],[62],[50],[50],[40],[51],[14],[-25],[-40],[-23],[-54],[-44],[-78],[-105],[-109],[-150],[-173],[-172],[-197],[-233],[-230],[-221],[-227],[-230],[-227],[-269],[-277],[-155],[163],[449],[525],[420],[202],[97],[60],[-46],[-237],[-314],[-261],[-191],[-58],[37],[113],[134],[3],[-94],[-76],[-75],[-64],[-51],[4],[135],[286],[368],[435],[452],[354],[191],[-38],[-150],[-237],[-298],[-294],[-221],[-82],[46],[132],[198],[243],[220],[155],[58],[32],[-20],[-59],[-58],[-21],[2],[33],[37],[21],[14],[-44],[-108],[-114],[-107],[-105],[-76],[31],[94],[138],[181],[201],[212],[151],[107],[71],[20],[-29],[-47],[-64],[-86],[-80],[-38],[-49],[-44],[-16],[-20],[-5],[34],[100],[127],[151],[188],[194],[150],[87],[55],[-2],[-76],[-117],[-105],[-114],[-109],[-70],[12],[36],[76],[96],[103],[106],[61],[22],[-50],[-74],[-106],[-121],[-115],[-113],[-119],[-116],[-170],[-195],[-227],[-261],[-297],[-317],[-286],[-269],[-192],[-29],[219],[480],[586],[494],[288],[143],[-42],[-154],[-234],[-296],[-270],[-179],[-46],[55],[90],[68],[-16],[-116],[-102],[-105],[-89],[-11],[63],[197],[296],[401],[477],[427],[291],[120],[-52],[-187],[-276],[-306],[-270],[-169],[-10],[110],[193],[242],[264],[215],[150],[100],[10],[-31],[-51],[-49],[-14],[22],[45],[51],[17],[3],[-26],[-65],[-57],[-52],[-48],[-4],[78],[123],[151],[174],[181],[135],[77],[27],[15],[-6],[-43],[-78],[-66],[-76],[-83],[-70],[-54],[-36],[-24],[27],[30],[61],[79],[87],[96],[114],[86],[60],[14],[-35],[-78],[-91],[-152],[-147],[-150],[-131],[-80],[-60],[-39],[-11],[8],[50],[32],[20],[5],[-53],[-104],[-125],[-190],[-205],[-204],[-210],[-232],[-251],[-210],[-164],[-102],[-42],[7],[78],[179],[194],[214],[218],[172],[154],[77],[40],[33],[-11],[-42],[-64],[-63],[-87],[-58],[-75],[-79],[-54],[-12],[46],[97],[170],[242],[239],[240],[230],[197],[150],[65],[12],[-45],[-83],[-67],[-69],[-59],[-34],[-5],[12],[60],[93],[92],[125],[133],[141],[156],[113],[90],[57],[31],[-13],[-6],[-19],[-43],[-32],[-37],[-14],[30],[38],[63],[110],[91],[110],[89],[100],[72],[66],[45],[-9],[-35],[-32],[-69],[-98],[-84],[-116],[-84],[-86],[-68],[-41],[-6],[40],[48],[64],[97],[66],[34],[23],[-14],[-63],[-92],[-91],[-112],[-107],[-99],[-63],[-88],[-84],[-74],[-69],[-76],[-57],[-74],[-85],[-78],[-90],[-81],[-124],[-161],[-144],[-93],[-97],[-102],[-84],[-57],[-6],[40],[56],[54],[74],[52],[35],[23],[6],[-10],[-14],[18],[19],[33],[70],[43],[20],[27],[32],[22],[21],[74],[76],[107],[142],[140],[154],[166],[134],[132],[124],[97],[88],[117],[95],[66],[71],[50],[60],[42],[74],[59],[52],[82],[96],[75],[66],[93],[58],[84],[50],[45],[38],[42],[48],[29],[22],[36],[13],[-12],[-13],[5],[-4],[10],[44],[36],[18],[19],[16],[-12],[-22],[-6],[-26],[-40],[-34],[-36],[-40],[-51],[-53],[-85],[-80],[-91],[-85],[-72],[-59],[-46],[-33],[20],[-3],[-10],[-24],[-17],[-42],[-53],[-68],[-86],[-105],[-126],[-125],[-138],[-113],[-118],[-81],[-56],[-9],[29],[21],[12],[38],[22],[7],[2],[27],[15],[3],[4],[27],[7],[-16],[4],[-28],[-4],[-17],[-24],[20],[51],[58],[61],[87],[101],[140],[117],[83],[66],[79],[50],[48],[67],[43],[56],[42],[52],[63],[84],[86],[120],[100],[110],[120],[86],[71],[85],[46],[43],[63],[53],[83],[62],[42],[34],[24],[19],[18],[48],[44],[25],[54],[47],[37],[72],[51],[24],[16],[3],[-5],[10],[-21],[-21],[-41],[-45],[-51],[-35],[-43],[-44],[-52],[-48],[-41],[-35],[-53],[-58],[-73],[-59],[-74],[-68],[-58],[-72],[-42],[-61],[-80],[-92],[-67],[-87],[-97],[-75],[-82],[-86],[-54],[-44],[-52],[-40],[-1],[-18],[-1],[-16],[-14],[-11],[-3],[15],[19],[28],[37],[64],[54],[47],[43],[27],[16],[39],[19],[17],[28],[68],[75],[79],[93],[127],[108],[84],[69],[40],[59],[12],[46],[23],[37],[82],[67],[45],[43],[63],[37],[22],[54],[29],[43],[52],[76],[65],[61],[69],[40],[16],[32],[-5],[-31],[-20],[-29],[-25],[-4],[11],[-5],[4],[35],[23],[7],[5],[31],[7],[3],[22],[-6],[-10],[-18],[-5],[-50],[-47],[-68],[-49],[-61],[-70],[-62],[-18],[-26],[-2],[5],[5],[15],[-22],[-34],[-46],[-62],[-63],[-56],[-60],[-50],[-10],[-25],[-43],[-42],[-44],[-31],[-49],[-53],[-19],[-32],[5],[7],[60],[56],[36],[36],[30],[21],[30],[4],[-13],[-5],[-3],[22],[18],[38],[63],[53],[44],[50],[70],[59],[49],[76],[94],[85],[69],[83],[64],[80],[50],[28],[28],[37],[24],[31],[30],[39],[59],[54],[63],[87],[68],[54],[49],[54],[30],[30],[30],[5],[4],[15],[-1],[-13],[14],[-9],[-42],[-54],[-41],[-33],[-42],[-29],[5],[3],[17],[61],[10],[-11],[-41],[-56],[-65],[-55],[-82],[-96],[-59],[-57],[-56],[-46],[-14],[-25],[-44],[-51],[-36],[-58],[-68],[-43],[-31],[-38],[-3],[-27],[-26],[-30],[4],[-18],[-32],[-30],[-32],[-27],[3],[-14],[-26],[-22],[18],[20],[18],[34],[23],[36],[18],[14],[38],[26],[35],[40],[64],[58],[48],[40],[37],[33],[35],[36],[20],[19],[19],[30],[22],[7],[42],[37],[33],[40],[84],[83],[72],[73],[62],[60],[31],[24],[32],[16],[18],[47],[26],[33],[33],[26],[35],[6],[-1],[30],[14],[5],[19],[54],[37],[23],[35],[38],[10],[-21],[-11],[-42],[-64],[-44],[-21],[-22],[-8],[5],[22],[23],[-8],[18],[-17],[-46],[-34],[-43],[-37],[-9],[-30],[-40],[-35],[-25],[-39],[-22],[-30],[-52],[-65],[-37],[-48],[-42],[-29],[10],[13],[19],[37],[16],[-11],[-16],[-14],[-16],[3],[19],[10],[-8],[-12],[-14],[-20],[-16],[-16],[16],[11],[8],[29],[20],[19],[29],[35],[42],[64],[44],[56],[34],[31],[18],[34],[23],[5],[-9],[23],[13],[4],[31],[45],[40],[59],[50],[42],[72],[49],[19],[15],[26],[10],[7],[42],[37],[21],[23],[23],[42],[25],[23],[22],[45],[22],[27],[32],[63],[43],[22],[28],[17],[-13],[-27],[-33],[5],[-20],[-14],[-4],[7],[30],[14],[27],[23],[-16],[-41],[-16],[-31],[-48],[-13],[-19],[-26],[-15],[20],[3],[-20],[-30],[-12],[-36],[-30],[9],[11],[10],[50],[46],[22],[8],[21],[-19],[-17],[-41],[-41],[-12],[-29],[-20],[21],[4],[2],[-2],[4],[13],[11],[5],[32],[22],[12],[17],[19],[14],[20],[45],[21],[5],[4],[23],[10],[3],[10],[18],[25],[37],[28],[30],[52],[21],[20],[14],[37],[32],[23],[34],[35],[62],[29],[47],[24],[20],[38],[23],[9],[18],[16],[15],[12],[11],[2],[-3],[-10],[-16],[12],[15],[4],[47],[26],[45],[51],[29],[5],[-9],[-3],[-26],[-28],[9],[-2],[-1],[3],[18],[22],[3],[-18],[14],[-10],[-21],[10],[-12],[24],[23],[11],[30],[22],[31],[15],[43],[16],[-1],[-4],[3],[5],[10],[43],[29],[14],[40],[21],[-11],[-5],[-11],[-30],[10],[7],[-6],[5],[44],[44],[37],[42],[36],[49],[20],[11],[27],[-15],[-9],[-21],[-16],[3],[2],[3],[5],[6],[6],[31],[3],[22],[34],[17],[6],[8],[15],[28],[15],[30],[11],[11],[-17],[-10],[2],[-24],[4],[-8],[-15],[-9],[21],[-12],[3],[-9],[32],[20],[12],[20],[47],[21],[12],[31],[4],[-10],[18],[-18],[-24],[-26],[11],[6],[-3],[11],[21],[42],[57],[33],[27],[46],[27],[11],[22],[27],[9],[-6],[12],[28],[12],[7],[22],[28],[7],[4],[-12],[18],[8],[-9],[-8],[-11],[25],[14],[2],[15],[-1],[14],[-5],[6],[2],[22],[-5],[-10],[-8],[-8],[15],[3],[-9],[13],[7],[19],[13],[42],[24],[7],[-8],[-21],[5],[-7],[-16],[6],[33],[27],[49],[50],[67],[38],[6],[-11],[12],[-5],[-15],[-5],[23],[15],[14],[34],[11],[-22],[-15],[-8],[-28],[-25],[5],[-2],[2],[19],[23],[9],[10],[6],[13],[-8],[-10],[12],[-8],[19],[-3],[-17],[-5],[-5],[-30],[-1],[-10],[-12],[-1],[5],[34],[7],[-5],[10],[11],[-8],[-18],[-8],[7],[-3],[38],[11],[41],[24],[19],[13],[7],[28],[-13],[14],[12],[3],[2],[34],[24],[16],[12],[26],[12],[38],[20],[10],[39],[15],[18],[36],[42],[29],[22],[38],[5],[6],[19],[-2],[6],[10],[43],[34],[21],[24],[23],[18],[27],[9],[28],[13],[-1],[20],[3],[18],[20],[-11],[-18],[-1],[-29],[-29],[-4],[-13],[-5],[6],[37],[24],[8],[19],[-2],[7],[9],[-15],[-6],[-13],[15],[31],[12],[12],[37],[13],[-12],[-26],[-12],[-5],[-24],[-20],[-9],[25],[-9],[-16],[-16],[11],[-19],[-25],[-2],[-21],[-19],[16],[2],[-4],[34],[20],[-3],[-13],[6],[-30],[-30],[-25],[-24],[-19],[8],[-4],[2],[-9],[14],[-4],[-17],[-18],[-17],[-19],[-6],[-1],[20],[-6],[-3],[-4],[-12],[-19],[22],[-9],[27],[16],[5],[12],[15],[44],[19],[19],[18],[36],[13],[21],[29],[20],[54],[21],[60],[44],[26],[23],[46],[34],[15],[33],[16],[21],[27],[29],[45],[27],[54],[54],[37],[27],[32],[42],[20],[11],[32],[6],[31],[8],[33],[19],[6],[3],[29],[-2],[3],[-9],[-10],[-10],[-12],[-7],[-22],[-14],[-2],[-20],[-21],[5],[-13],[-33],[-28],[-36],[2],[-19],[-30],[-31],[-4],[-19],[-13],[-6],[-20],[3],[13],[-9],[-12],[-13],[-16],[7],[-15],[15],[-17],[-15],[15],[-14],[-16],[4],[-13],[9],[-6],[-14],[18],[31],[20],[25],[23],[16],[27],[32],[4],[4],[10],[9],[29],[32],[18],[18],[41],[22],[7],[34],[15],[13],[34],[16],[20],[19],[17],[15],[17],[32],[13],[11],[14],[21],[19],[21],[43],[27],[12],[20],[31],[18],[19],[31],[13],[15],[18],[53],[18],[15],[19],[20],[45],[14],[8],[33],[6],[25],[8],[-8],[25],[11],[-5],[13],[20],[-8],[5],[13],[-7],[-3],[-8],[-4],[22],[12],[-2],[22],[20],[-2],[-5],[22],[15],[-5],[2],[20],[-15],[-20],[-13],[-30],[-26],[-12],[-28],[-21],[-19],[5],[-3],[10],[7],[6],[27],[2],[-10],[-22],[-11],[-5],[-21],[7],[-1],[10],[26],[11],[7],[26],[-4],[2],[-8],[10],[22],[13],[4],[20],[13],[14],[19],[6],[38],[6],[26],[8],[27],[37],[18],[19],[11],[36],[37],[19],[15],[40],[28],[20],[21],[40],[26],[13],[15],[17],[21],[43],[26],[4],[16],[3],[-5],[11],[0],[32],[13],[16],[15],[42],[13],[12],[32],[5],[21],[-4],[14],[21],[4],[-16],[10],[-4],[-17],[-16],[4],[-12],[-9],[8],[-9],[-5],[22],[12],[2],[15],[-4],[8],[11],[-5],[-21],[14],[11],[-4],[2],[29],[-7],[11],[18],[7],[-3],[3],[12],[2],[30],[31],[18],[10],[15],[33],[17],[8],[26],[3],[23],[6],[-6],[4],[7],[11],[16],[-2],[27],[11],[14],[35],[7],[-12],[5],[-5],[-6],[-3],[-2],[3],[11],[13],[39],[23],[7],[8],[26],[37],[21],[4],[18],[9],[-8],[-10],[-10],[-13],[13],[3],[10],[11],[28],[40],[21],[15],[4],[24],[-6],[20],[-5],[-16],[18],[11],[3],[7],[2],[14],[-5],[14],[23],[3],[8],[4],[32],[-1],[12],[22],[-2],[-19],[2],[-18],[3],[-13],[-10],[15],[9],[2],[37],[12],[16],[15],[18],[-4],[11],[-12],[2],[-12],[-11],[-5],[-9],[-4],[19],[-2],[-4],[7],[-11],[-22],[15],[13],[-3],[30],[11],[8],[35],[20],[3],[-1],[-13],[-13],[-4],[-18],[10],[7],[-5],[-1],[6],[42],[11],[10],[12],[21],[19],[22],[36],[22],[27],[16],[13],[29],[4],[12],[-5],[4],[23],[10],[13],[43],[33],[19],[21],[38],[16],[9],[3],[3],[10],[11],[29],[11],[31],[15],[12],[20],[15],[-13],[2],[-19],[-17],[15],[-15],[8],[-3],[-3],[27],[-4],[-4],[18],[-4],[6],[-3],[-3],[20],[-10],[21],[-9],[-11],[-3],[-4],[-2],[-13],[-16],[2],[6],[-7],[-5],[20],[5],[-12],[10],[13],[-2],[21],[3],[-2],[3],[20],[-1],[-4],[-10],[-13],[-11],[-4],[33],[18],[2],[29],[3],[12],[12],[-10],[-11],[19],[-12],[5],[-8],[-2],[7],[14],[16],[33],[20],[45],[20],[2],[26],[12],[-6],[-5],[19],[12],[3],[24],[33],[11],[12],[40],[25],[7],[10],[20],[5],[3],[-4],[-8],[13],[-6],[-3],[-5],[11],[-2],[32],[2],[20],[30],[13],[26],[8],[9],[35],[16],[6],[3],[18],[27],[7],[6],[5],[18],[2],[26],[8],[-5],[-8],[21],[11],[-1],[34],[18],[10],[19],[16],[9],[16],[3],[30],[10],[-9],[4],[-13],[-10],[-21],[14],[3],[-17],[2],[-9],[-9],[21],[14],[-1],[8],[8],[12],[15],[16],[40],[14],[11],[26],[8],[-8],[-9],[4],[-14],[5],[12],[-4],[-1],[27],[16],[5],[20],[9],[28],[11],[6],[32],[15],[-6],[16],[-9],[15],[28],[16],[5],[22],[7],[13],[33],[13],[-4],[12],[5],[6],[28],[13],[2],[3],[-2],[2],[-9],[16],[-9],[-11],[29],[13],[8],[13],[15],[26],[36],[16],[10],[29],[-14],[3],[-17],[-18],[-2],[-26],[10],[-1],[-12],[2],[14],[-6],[-3],[27],[5],[10],[36],[22],[3],[29],[10],[-7],[-18],[2],[-16],[-16],[-13],[-5],[2],[16],[35],[19],[18],[42],[8],[26],[22],[4],[-4],[16],[-6],[-4],[11],[3],[11],[35],[22],[11],[7],[33],[13],[12],[10],[18],[15],[37],[20],[8],[7],[-2],[2],[35],[19],[4],[8],[40],[26],[4],[-3],[21],[-6],[-12],[-19],[20],[11],[-1],[2],[11],[27],[11],[8],[6],[6],[30],[13],[-2],[4],[32],[19],[2],[7],[5],[7],[16],[14],[33],[9],[7],[20],[3],[2],[16],[3],[2],[23],[2],[4],[-2],[22],[7],[8],[32],[19],[8],[12],[8],[29],[10],[-8],[-8],[13],[-5],[-10],[-6],[-9],[13],[-5],[-3],[-6],[-9],[17],[-1],[-11],[-9],[21],[7],[-11],[-10],[-11],[-10],[-3],[-4],[-3],[-4],[26],[-1],[5],[29],[13],[-1],[5],[2],[26],[18],[10],[34],[10],[8],[7],[4],[7],[10],[30],[18],[7],[18],[31],[10],[5],[19],[7],[25],[13],[27],[16],[36],[12],[15],[17],[13],[37],[11],[36],[15],[4],[34],[21],[11],[12],[6],[7],[28],[12],[12],[30],[11],[-6],[26],[7],[-5],[2],[18],[-6],[10],[-7],[-8],[-3],[-8],[-4],[-17],[-16],[-14],[18],[-8],[-8],[6],[23],[10],[2],[33],[15],[-2],[-6],[23],[9],[-3],[-1],[27],[-3],[2],[2],[-2],[2],[-1],[29],[13],[-1],[-2],[20],[-1],[-2],[26],[-5],[-2],[6],[32],[16],[6],[10],[35],[7],[7],[33],[21],[4],[5],[30],[12],[-10],[10],[-8],[-3],[-6],[-11],[-11],[18],[19],[-5],[10],[27],[6],[32],[11],[8],[3],[25],[4],[-5],[18],[23],[12],[6],[38],[11],[10],[35],[12],[7],[-1],[-5],[-8],[3],[14],[8],[14],[14],[34],[15],[14],[38],[9],[6],[31],[15],[7],[19],[10],[13],[17],[18],[43],[12],[13],[38],[-1],[-3],[2],[19],[8],[13],[6],[10],[35],[13],[34],[15],[-3],[-5],[19],[4],[-15],[-1],[14],[3],[-10],[21],[5],[-9],[8],[-9],[-11],[-8],[-7],[12],[-5],[2],[-5],[-3],[-1],[-2],[25],[-10],[8],[13],[-10],[-8],[-1],[7],[23],[3],[6],[16],[-3],[20],[21],[3],[3],[-4],[9],[-4],[18],[29],[16],[2],[16],[24],[11],[-2],[18],[18],[2],[7],[10],[14],[-2],[24],[25],[4],[2],[29],[13],[-8],[-7],[21],[2],[16],[5],[24],[36],[14],[14],[30],[11],[-9],[-13],[-16],[3],[15],[4],[-6],[30],[15],[6],[11],[14],[4],[30],[6],[-11],[10],[-9],[3],[27],[14],[7],[11],[24],[6],[2],[26],[3],[-12],[-8],[16],[6],[13],[44],[32],[14],[37],[15],[-4],[2],[3],[2],[-7],[-3],[2],[31],[19],[6],[12],[35],[6],[30],[16],[-3],[-2],[15],[-5],[31],[19],[3],[6],[10],[-10],[6],[-15],[2],[-8],[-10],[-7],[30],[9],[2],[30],[3],[-6],[-9],[-11],[-12],[2],[4],[-1],[19],[32],[19],[6],[14],[-4],[31],[12],[-7],[-5],[23],[18],[6],[19],[33],[6],[-3],[-3],[-8],[19],[5],[-9],[2],[31],[24],[16],[15],[6],[28],[19],[-4],[2],[-10],[-5],[15],[5],[16],[22],[-2],[18],[3],[2],[27],[8],[-6],[-5],[13],[-5],[18],[5],[6],[32],[22],[3],[16],[18],[7],[7],[7],[2],[-6],[12],[15],[5],[-9],[26],[20],[8],[2],[18],[-4],[6],[5],[34],[21],[6],[5],[3],[16],[-8],[34],[29],[21],[15],[45],[12],[11],[11],[38],[19],[4],[10],[29],[7],[37],[11],[22],[30],[8],[9],[27],[12],[-3],[26],[28],[11],[10],[7],[4],[21],[4],[7],[-5],[18],[20],[4],[2],[20],[-10],[13],[10],[-8],[-5],[-5],[-2],[-1],[15],[19],[2],[18],[4],[15],[-4],[8],[12],[-12],[-13],[14],[2],[-9],[-6],[4],[10],[27],[11],[-8],[-10],[-12],[-12],[8],[-4],[-2],[30],[13],[-8],[34],[15],[-1],[16],[17],[-1],[-1],[27],[17],[2],[26],[22],[11],[39],[23],[8],[11],[11],[11],[14],[34],[15],[32],[15],[10],[36],[8],[31],[6],[6],[30],[15],[-3],[16],[2],[16],[-1],[15],[3],[4],[32],[5],[8],[16],[14],[6],[19],[26],[-4],[22],[5],[-11],[-8],[23],[12],[-3],[19],[7],[22],[30],[14],[5],[8],[5],[8],[14],[27],[12],[11],[26],[4],[10],[37],[19],[5],[14],[23],[7],[-6],[31],[7],[7],[6],[28],[-6],[23],[-9],[-11],[-11],[-1],[-14],[18],[21],[13],[4],[7],[12],[-4],[3],[11],[-2],[17],[24],[12],[-3],[18],[23],[3],[-3],[21],[6],[-5],[4],[5],[10],[31],[16],[10],[33],[6],[7],[6],[5],[34],[21],[8],[6],[31],[16],[-2],[15],[20],[-6],[2],[15],[4],[-4],[5],[14],[15],[31],[12],[16],[29],[4],[34],[-5],[-5],[2],[15],[-10],[6],[11],[-3],[-2],[29],[-2],[2],[-5],[2],[21],[7],[6],[37],[23],[8],[11],[11],[3],[27],[8],[-12],[-8],[-9],[-9],[-2],[4],[-1],[26],[29],[15],[2],[30],[19],[2],[14],[23],[12],[2],[4],[26],[3],[21],[20],[2],[3],[5],[35],[3],[-1],[7],[8],[22],[4],[19],[26],[-1],[18],[21],[-3],[3],[2],[27],[3],[15],[-3],[-4],[2],[20],[4],[-3],[22],[-11],[2],[-13],[2],[15],[4],[-12],[-6],[-2],[-1],[3],[-1],[10],[-6],[6],[-9],[18],[14],[-3],[-12],[22],[15],[4],[-3],[25],[8],[-6],[-6],[-3],[-3],[7],[13],[30],[11],[7],[31],[14],[-1],[2],[16],[-1],[-12],[6],[16],[8],[-2],[2],[23],[17],[-4],[-5],[4],[-8],[18],[-1],[-10],[24],[-4],[-3],[-3],[16],[23],[7],[-11],[22],[13],[-1],[-6],[-4],[-8],[3],[2],[27],[2],[-3],[-5],[-1],[-1],[28],[-5],[-3],[14],[26],[9],[12],[36],[15],[2],[30],[13],[-1],[-1],[5],[32],[20],[9],[11],[30],[17],[3],[37],[28],[14],[14],[31],[10],[17],[-3],[14],[21],[8],[-3],[5],[36],[6],[9],[8],[6],[7],[6],[-1],[10],[24],[5],[3],[27],[5],[-12],[22],[14],[-10],[7],[22],[15],[4],[27],[9],[-7],[-6],[26],[-11],[8],[10],[-5],[-6],[21],[-11],[13],[-10],[6],[11],[-8],[-4],[-10],[15],[-8],[11],[7],[-3],[33],[20],[7],[18],[33],[19],[8],[22],[4],[3],[27],[0],[-14],[18],[-8],[-3],[28],[-3],[2],[-1],[8],[-4],[28],[3],[7],[38],[10],[6],[3],[4],[3],[25],[-7],[15],[-2],[-13],[6],[16],[5],[-7],[30],[27],[10],[26],[27],[12],[14],[11],[11],[8],[20],[30],[4],[-1],[-4],[-2],[-9],[-4],[-4],[14],[-3],[4],[34],[14],[34],[13],[13],[35],[16],[2],[32],[14],[-13],[5],[3],[-12],[-9],[-9],[-9],[-4],[2],[29],[6],[19],[5],[4],[5],[5],[16],[3],[5],[29],[12],[-3],[2],[21],[5],[-15],[22],[-4],[2],[30],[-5],[23],[9],[-4],[5],[8],[26],[7],[7],[28],[13],[-1],[16],[25],[6],[2],[3],[27],[5],[2],[-4],[29],[-5],[17],[2],[23],[16],[31],[19],[27],[31],[14],[27],[13],[44],[14],[18],[-2],[14],[22],[3],[35],[19],[3],[4],[30],[21],[10],[14],[40],[27],[14],[29],[12],[2],[28],[-5],[21],[7],[-6],[11],[-5],[6],[-6],[14],[-8],[12],[-9],[-4],[-2],[23],[-1],[25],[-2],[2],[19],[-2],[-4],[22],[-16],[-12],[-13],[-6],[-5],[13],[24],[12],[-3],[30],[11],[-5],[12],[-1],[2],[34],[17],[8],[11],[10],[29],[5],[10],[-9],[2],[20],[-1],[5],[12],[16],[13],[14],[30],[15],[36],[9],[16],[-1],[20],[28],[14],[5],[13],[45],[31],[19],[40],[19],[6],[6],[24],[10],[10],[10],[26],[13],[26],[12],[26],[8],[7],[32],[16],[4],[-1],[6],[36],[13],[46],[27],[7],[23],[3],[8],[-6],[23],[5],[2],[26],[16],[-1],[22],[8],[11],[30],[12],[-10],[-6],[15],[-5],[-4],[12],[-5],[2],[-3],[19],[4],[-5],[12],[-6],[-5],[-8],[23],[11],[-5],[-3],[20],[-11],[-14],[-9],[-11],[16],[-13],[-8],[22],[-8],[14],[-5],[23],[7],[-16],[3],[8],[-5],[-4],[15],[-8],[-10],[-5],[8],[-10],[-12],[19],[3],[-16],[19],[5],[-7],[4],[2],[31],[8],[7],[34],[6],[-2],[26],[14],[-6],[11],[-2],[34],[19],[6],[8],[28],[13],[10],[35],[5],[31],[15],[4],[35],[23],[9],[26],[28],[10],[7],[12],[-9],[30],[12],[-2],[16],[14],[-3],[16],[3],[-2],[2],[22],[6],[7],[27],[12],[-8],[18],[-5],[-5],[2],[-10],[-5],[-4],[28],[11],[-11],[4],[16],[3],[-11],[10],[18],[5],[-11],[-9],[2],[-19],[7],[-13],[-9],[-8],[-2],[-3],[12],[23],[10],[-5],[15],[23],[4],[2],[22],[5],[-8],[-11],[-9],[19],[-4],[24],[-5],[-3],[2],[2],[27],[11],[-5],[-2],[-4],[20],[-9],[18],[16],[-2],[-5],[19],[-16],[-18],[6],[-5],[2],[22],[-2],[-2],[5],[2],[23],[12],[-3],[-1],[-3],[15],[-4],[3],[-5],[-4],[-2],[26],[11],[-6],[-6],[22],[9],[-5],[-3],[-4],[27],[15],[6],[20],[3],[10],[31],[17],[4],[0],[-1],[-3],[-3],[14],[4],[5],[5],[-11],[28],[18],[3],[4],[6],[28],[7],[4],[3],[3],[12],[-4],[30],[20],[4],[12],[-3],[24],[17],[-8],[9],[18],[4],[-9],[23],[0],[2],[26],[17],[-7],[14],[12],[-6],[25],[11],[-8],[2],[19],[-2],[-4],[2],[18],[5],[2],[23],[10],[-11],[-8],[22],[4],[6],[30],[10],[-2],[15],[21],[-1],[4],[3],[4],[9],[4],[6],[5],[19],[3],[4],[7],[-9],[31],[7],[-1],[34],[19],[11],[14],[37],[20],[7],[21],[4],[14],[2],[13],[-3],[26],[20],[7],[2],[7],[-8],[14],[20],[4],[2],[27],[8],[-5],[-1],[4],[29],[8],[-7],[-8],[-6],[-7],[-5],[13],[4],[8],[3],[4],[2],[2],[14],[-6],[2],[-6],[-5],[-3],[5],[-8],[26],[14],[-1],[18],[30],[12],[12],[35],[16],[-1],[16],[20],[3],[7],[4],[12],[12],[35],[20],[8],[37],[5],[11],[10],[35],[24],[12],[11],[7],[16],[43],[19],[20],[17],[45],[23],[12],[7],[34],[22],[10],[38],[25],[7],[21],[4],[6],[7],[35],[24],[12],[14],[22],[3],[36],[8],[30],[16],[2],[2],[34],[14],[4],[22],[12],[14],[18],[19],[44],[11],[12],[7],[10],[10],[11],[33],[18],[2],[5],[2],[24],[11],[-3],[-1],[2],[24],[11],[2],[19],[-1],[27],[12],[3],[5],[3],[8],[11],[-8],[11],[-2],[2],[-8],[10],[7],[-11],[-13],[-11],[-10],[-6],[18],[2],[7],[7],[14],[2],[-1],[30],[14],[-5],[24],[12],[2],[6],[8],[5],[13],[39],[22],[7],[22],[10],[6],[20],[4],[30],[11],[18],[38],[11],[7],[24],[7],[5],[25],[10],[7],[37],[10],[39],[28],[16],[15],[41],[25],[4],[38],[7],[5],[4],[28],[11],[2],[34],[26],[11],[10],[5],[25],[4],[32],[12],[2],[31],[21],[4],[7],[11],[4],[18],[-6],[30],[14],[-4],[-5],[-6],[-5],[13],[23],[12],[-5],[14],[2],[20],[2],[5],[-1],[11],[-7],[30],[-3],[12],[24],[8],[-8],[12],[22],[12],[4],[39],[15],[2],[18],[23],[3],[15],[-4],[13],[21],[8],[-5],[27],[12],[-3],[13],[-1],[29],[2],[-1],[4],[3],[29],[10],[2],[4],[16],[-1],[4],[-3],[10],[-4],[-4],[-8],[-5],[10],[-4],[11],[-3],[16],[4],[-9],[24],[20],[-2],[5],[21],[5],[4],[30],[-1],[3],[5],[-3],[-6],[26],[-9],[29],[12],[-3],[11],[-7],[2],[-4],[15],[-2],[12],[21],[9],[-3],[-3],[-1],[-1],[15],[-3],[-4],[-8],[-11],[12],[-5],[-4],[-2],[-6],[21],[5],[-10],[6],[6],[-9],[-8],[-6],[13],[-5],[-8],[-5],[-8],[-5],[-3],[23],[-2],[3],[23],[5],[4],[-1],[2],[17],[5],[6],[28],[12],[-2],[16],[27],[16],[2],[20],[27],[6],[28],[16],[4],[6],[7],[36],[3],[6],[27],[7],[18],[31],[14],[0],[3],[3],[31],[19],[7],[37],[19],[3],[6],[11],[-5],[30],[-1],[4],[13],[3],[-2],[15],[23],[5],[6],[30],[12],[-3],[26],[9],[-5],[-5],[22],[5],[-8],[15],[-5],[-5],[-8],[26],[3],[-11],[18],[8],[-9],[3],[18],[-5],[-5],[18],[-6],[-10],[-10],[-13],[17],[2],[-11],[-14],[-5],[-6],[-4],[26],[3],[-12],[-8],[12],[-4],[-1],[21],[8],[-8],[8],[-8],[-9],[26],[10],[-8],[13],[20],[-2],[10],[23],[-1],[-9],[26],[13],[3],[-2],[-1],[-4],[21],[11],[3],[8],[30],[10],[10],[5],[4],[-6],[27],[3],[2],[27],[6],[6],[10],[-3],[13],[-3],[2],[3],[2],[4],[-2],[-4],[27],[-3],[-3],[4],[3],[2],[6],[-3],[12],[20],[3],[-10],[18],[23],[11],[2],[27],[11],[-4],[28],[11],[-10],[17],[-2],[-1],[-4],[27],[15],[4],[6],[36],[18],[2],[3],[28],[5],[5],[22],[6],[-10],[14],[-4],[4],[34],[19],[10],[12],[34],[19],[4],[6],[19],[2],[3],[20],[-5],[14],[19],[4],[2],[26],[15],[-1],[19],[7],[5],[2],[14],[4],[2],[5],[8],[8],[3],[19],[3],[14],[21],[4],[33],[20],[-3],[-9],[18],[11],[2],[5],[14],[-3],[19],[4],[32],[5],[-4],[13],[15],[-9],[34],[6],[11],[13],[28],[14],[2],[34],[21],[3],[4],[12],[3],[2],[3],[9],[8],[5],[-2],[-3],[-1],[3],[20],[4],[-2],[8],[-4],[-4],[-6],[-7],[27],[9],[-8],[-5],[10],[-8],[27],[15],[-1],[-4],[28],[13],[2],[30],[12],[-3],[-3],[26],[11],[-2],[16],[27],[13],[2],[28],[7],[2],[26],[-2],[33],[20],[-1],[18],[28],[14],[4],[38],[24],[4],[12],[12],[28],[16],[3],[28],[27],[11],[3],[17],[5],[12],[7],[36],[21],[3],[34],[10],[10],[8],[34],[8],[-8],[-3],[10],[-3],[19],[3],[8],[7],[23],[6],[11],[31],[6],[28],[12],[-4],[7],[31],[-3],[14],[16],[-6],[-6],[-1],[-1],[-1],[15],[-3],[4],[22],[10],[-5],[11],[-4],[2],[23],[8],[-6],[20],[-2],[-4],[15],[20],[8],[-8],[14],[21],[2],[-3],[18],[-1],[-15],[2],[3],[-8],[-4],[18],[2],[2],[-6],[18],[-5],[10],[13],[-6],[20],[19],[5],[-9],[30],[-1],[-2],[27],[-3],[2],[-5],[-3],[-5],[14],[26],[13],[4],[21],[8],[14],[13],[11],[37],[10],[13],[12],[9],[5],[11],[26],[12],[15],[39],[23],[15],[31],[16],[19],[21],[7],[10],[38],[23],[11],[28],[27],[12],[13],[7],[22],[32],[18],[11],[15],[12],[15],[11],[5],[3],[3],[35],[3],[12],[27],[-1],[-3],[4],[27],[8],[-10],[11],[14],[-4],[-5],[-8],[22],[7],[-8],[-7],[23],[6],[-11],[13],[-5],[-3],[-4],[22],[7],[-10],[-5],[20],[2],[-2],[26],[-4],[-10],[30],[20],[-2],[-6],[-10],[19],[-4],[-3],[2],[5],[36],[19],[3],[-3],[5],[36],[21],[-8],[18],[18],[7],[8],[23],[5],[5],[-4],[2],[4],[21],[-1],[6],[14],[-1],[7],[11],[4],[30],[5],[8],[11],[5],[7],[23],[4],[31],[4],[13],[12],[2],[5],[10],[4],[23],[6],[10],[36],[24],[10],[8],[34],[11],[6],[28],[19],[3],[2],[24],[-5],[-2],[-3],[-2],[33],[17],[-2],[22],[-1],[2],[18],[-3],[4],[21],[-5],[25],[8],[-5],[3],[-1],[-4],[-9],[4],[-12],[-12],[-15],[2],[15],[4],[3],[-6],[18],[3],[-10],[18],[-4],[-5],[-12],[8],[-8],[23],[-6],[-6],[-3],[-2],[8],[-8],[11],[-5],[-5],[23],[6],[-5],[11],[20],[4],[-13],[23],[-8],[2],[29],[-5],[-2],[2],[2],[32],[21],[4],[2],[6],[-8],[-1],[-10],[22],[-4],[14],[14],[-2],[2],[26],[12],[-6],[-6],[-2],[-5],[21],[22],[-2],[3],[-1],[-2],[27],[14],[-4],[8],[-6],[28],[5],[2],[30],[-5],[16],[2],[25],[12],[-3],[-6],[27],[10],[-6],[11],[-5],[2],[-4],[24],[10],[-11],[7],[-3],[21],[8],[-9],[23],[15],[-4],[-4],[23],[12],[-9],[11],[23],[4],[3],[-1],[-5],[21],[-6],[-6],[-6],[25],[-4],[-6],[-2],[3],[33],[13],[-3],[-5],[-5],[-3],[-2],[-5],[21],[4],[-9],[22],[-3],[23],[11],[-1],[3],[4],[28],[3],[2],[5],[6],[3],[28],[13],[-2],[4],[27],[15],[5],[3],[28],[6],[2],[16],[-9],[28],[2],[2],[23],[-3],[6],[21],[6],[9],[36],[20],[5],[7],[24],[4],[4],[26],[11],[-4],[10],[2],[-4],[-5],[3],[4],[34],[15],[-5],[16],[21],[2],[28],[-4],[-3],[2],[6],[5],[5],[7],[4],[18],[18],[2],[4],[27],[6],[34],[13],[-2],[15],[7],[23],[5],[8],[36],[18],[4],[14],[32],[18],[8],[40],[27],[6],[6],[4],[4],[23],[10],[7],[34],[19],[7],[7],[35],[19],[6],[5],[31],[10],[27],[6],[22],[29],[13],[22],[8],[6],[32],[8],[38],[28],[13],[12],[36],[16],[5],[22],[11],[6],[6],[3],[11],[2],[5],[9],[11],[-1],[16],[28],[12],[2],[34],[13],[-2],[30],[4],[3],[19],[19],[4],[-2],[27],[12],[-10],[24],[-10],[20],[-2],[3],[11],[3],[4],[3],[8],[2],[31],[2],[2],[4],[5],[30],[13],[-2],[15],[24],[2],[6],[7],[29],[-4],[30],[23],[4],[4],[26],[7],[7],[5],[4],[34],[15],[4],[6],[2],[20],[29],[14],[-3],[26],[3],[6],[5],[16],[3],[23],[6],[4],[24],[-1],[16],[3],[-2],[30],[2],[-4],[-2],[2],[14],[-2],[-1],[2],[4],[4],[27],[14],[3],[5],[4],[-3],[-2],[-2],[26],[5],[6],[10],[-5],[14],[2],[10],[3],[20],[21],[8],[2],[31],[3],[2],[29],[-2],[-5],[2],[15],[-1],[16],[3],[3],[30],[11],[-5],[-5],[23],[12],[-2],[-4],[-6],[21],[10],[-4],[-4],[24],[3],[28],[20],[-2],[15],[28],[4],[4],[-2],[3],[7],[32],[2],[12],[-6],[12],[25],[13],[-2],[26],[6],[22],[23],[4],[20],[6],[14],[32],[18],[6],[22],[33],[19],[7],[12],[10],[13],[39],[20],[6],[34],[26],[13],[13],[19],[6],[17],[29],[13],[2],[19],[4],[4],[5],[24],[6],[10],[38],[10],[7],[5],[4],[21],[-5],[-9],[-3],[-3],[27],[4],[30],[12],[-6],[2],[21],[-3],[28],[-4],[23],[-4],[27],[14],[-1],[-2],[24],[-3],[-5],[13],[18],[-4],[-5],[13],[-9],[30],[15],[-2],[-4],[23],[-6],[-3],[12],[-7],[23],[21],[10],[-8],[22],[19],[2],[20],[2],[-9],[-2],[-1],[-3],[15],[23],[13],[-5],[6],[23],[12],[-1],[13],[-1],[15],[2],[-10],[14],[21],[6],[6],[35],[19],[-3],[19],[21],[7],[-10],[29],[16],[-1],[-3],[2],[14],[29],[3],[-2],[15],[-6],[2],[19],[6],[-6],[13],[-6],[-6],[23],[10],[-10],[19],[5],[-6],[29],[16],[-4],[-7],[19],[-10],[-7],[-9],[26],[15],[-5],[12],[21],[6],[2],[23],[-6],[-6],[-13],[-15],[4],[12],[-3],[-12],[26],[16],[3],[4],[0],[10],[-7],[14],[3],[-6],[20],[-2],[-1],[24],[13],[4],[32],[-1],[15],[-3],[-6],[23],[10],[-5],[10],[24],[3],[-6],[25],[9],[-6],[-2],[5],[-8],[11],[2],[3],[27],[-2],[30],[14],[-2],[-2],[29],[15],[2],[-2],[27],[11],[-5],[12],[20],[-3],[-5],[-5],[-5],[28],[12],[-3],[-2],[8],[-8],[30],[8],[-5],[-5],[6],[-16],[22],[11],[-9],[8],[-3],[-3],[19],[-2],[12],[-3],[-3],[24],[5],[7],[11],[-4],[13],[24],[8],[-5],[-4],[23],[5],[4],[21],[7],[-5],[18],[-6],[15],[2],[-1],[16],[26],[11],[-6],[2],[30],[14],[6],[27],[7],[8],[10],[31],[17],[3],[5],[4],[12],[-5],[14],[21],[-6],[11],[4],[3],[2],[-1],[2],[6],[21],[2],[3],[3],[4],[4],[21],[-2],[-1],[3],[4],[33],[16],[3],[18],[2],[5],[6],[3],[36],[-2],[26],[11],[-4],[2],[2],[11],[-3],[26],[4],[22],[6],[4],[29],[15],[3],[3],[31],[5],[6],[21],[3],[8],[2],[35],[6],[10],[11],[10],[6],[5],[20],[5],[27],[13],[6],[32],[6],[6],[11],[14],[25],[6],[7],[5],[32],[19],[7],[33],[11],[-4],[2],[-4],[12],[2],[33],[22],[10],[8],[32],[18],[-2],[16],[28],[11],[11],[6],[7],[34],[22],[5],[3],[2],[34],[20],[7],[13],[40],[24],[-1],[22],[10],[4],[6],[-3],[16],[24],[14],[3],[26],[20],[5],[7],[7],[39],[17],[2],[18],[21],[5],[16],[5],[15],[30],[19],[8],[22],[31],[18],[8],[23],[32],[12],[12],[36],[23],[6],[32],[19],[7],[18],[31],[4],[14],[27],[12],[14],[31],[15],[4],[34],[22],[7],[9],[34],[19],[4],[34],[23],[8],[10],[36],[19],[4],[4],[26],[16],[5],[17],[5],[7],[6],[2],[-5],[18],[-2],[2],[30],[13],[-3],[-5],[-4],[-4],[27],[-3],[22],[-3],[27],[12],[3],[5],[6],[2],[2],[4],[6],[31],[7],[2],[31],[-3],[14],[2],[27],[10],[-5],[2],[25],[10],[-2],[17],[-2],[21],[26],[9],[2],[27],[12],[3],[30],[12],[-3],[16],[24],[-1],[19],[29],[8],[7],[26],[13],[-3],[13],[24],[4],[4],[30],[9],[-4],[18],[18],[5],[36],[22],[6],[10],[35],[17],[4],[6],[34],[20],[5],[14],[32],[11],[27],[12],[12],[10],[31],[4],[-1],[24],[5],[-9],[9],[20],[-3],[3],[19],[-5],[-5],[20],[8],[-5],[-8],[23],[6],[-9],[7],[14],[-11],[15],[-1],[-15],[2],[-10],[-10],[-3],[-10],[22],[8],[-5],[-4],[22],[-10],[-6],[-9],[-3],[8],[-4],[-1],[-6],[25],[9],[-7],[-8],[2],[-9],[22],[-1],[-5],[-5],[-6],[-6],[-5],[24],[-11],[8],[21],[7],[2],[25],[7],[-4],[30],[18],[-3],[10],[-8],[-5],[4],[-10],[26],[-4],[4],[5],[4],[32],[16],[-1],[-3],[27],[2],[14],[2],[-1],[22],[8],[6],[37],[14],[-1],[22],[28],[6],[17],[-3],[2],[24],[-2],[-9],[13],[-5],[-4],[24],[11],[-4],[-4],[-4],[30],[10],[-6],[23],[24],[8],[2],[26],[17],[2],[4],[-4],[2],[3],[3],[27],[-5],[2],[31],[8],[-5],[26],[13],[-1],[2],[28],[5],[6],[-6],[-6],[3],[6],[8],[-8],[12],[23],[11],[-2],[30],[2],[13],[-5],[11],[13],[-5],[-3],[29],[-5],[20],[18],[-3],[10],[-5],[-2],[-4],[-8],[-9],[-6],[-6],[10],[11],[-8],[-6],[-10],[-10],[19],[-8],[-3],[-3],[23],[7],[-9],[-3],[-2],[13],[3],[10],[-8],[26],[17],[-4],[15],[21],[12],[-4],[30],[13],[-1],[29],[15],[-6],[18],[-1],[-3],[-3],[-2],[2],[2],[10],[11],[12],[6],[30],[19],[3],[4],[30],[2],[14],[-4],[12],[26],[15],[3],[12],[-6],[14],[20],[5],[-6],[23],[8],[-6],[14],[29],[4],[-2],[16],[23],[-6],[-6],[28],[11],[-5],[-5],[24],[13],[3],[10],[27],[13],[2],[17],[5],[5],[29],[15],[2],[-1],[22],[2],[2],[30],[19],[-3],[16],[23],[-3],[-3],[-1],[-4],[-6],[-3],[24],[4],[-11],[7],[17],[7],[-12],[32],[15],[2],[7],[6],[-3],[-3],[2],[24],[9],[-4],[30],[15],[3],[7],[8],[-2],[22],[10],[-3],[3],[5],[6],[10],[11],[8],[2],[24],[21],[8],[-3],[2],[3],[10],[5],[-2],[7],[5],[16],[12],[-2],[5],[22],[9],[12],[32],[3],[31],[4],[19],[22],[5],[9],[28],[6],[5],[6],[31],[16],[4],[35],[10],[10],[7],[5],[6],[32],[-3],[2],[5],[6],[12],[2],[3],[-2],[2],[35],[3],[34],[17],[-5],[13],[26],[5],[20],[4],[5],[23],[-3],[12],[-2],[-4],[-1],[3],[6],[10],[12],[24],[23],[-1],[12],[29],[14],[4],[22],[32],[4],[22],[27],[3],[6],[6],[7],[23],[13],[29],[16],[3],[36],[20],[6],[20],[21],[12],[13],[39],[12],[30],[-2],[36],[10],[13],[36],[19],[6],[6],[7],[26],[34],[16],[0],[20],[21],[10],[10],[3],[22],[23],[-2],[10],[27],[14],[3],[34],[21],[5],[4],[30],[6],[10],[23],[9],[12],[37],[19],[2],[26],[3],[2],[33],[3],[22],[3],[14],[29],[3],[2],[38],[3],[17],[5],[36],[20],[6],[4],[6],[4],[32],[8],[3],[28],[27],[11],[2],[3],[2],[4],[29],[8],[7],[12],[10],[31],[18],[7],[26],[5],[8],[7],[32],[18],[6],[35],[25],[10],[10],[38],[7],[7],[22],[32],[16],[8],[5],[6],[8],[29],[-1],[19],[30],[8],[6],[30],[10],[-3],[5],[7],[36],[19],[6],[7],[31],[18],[2],[6],[21],[20]]}}