{"protected":{"ver":"v1","alg":"HS256","iat":1740144625},"signature":"6d001a58b255699f0a5b0a376fc9ab048577a320642534f94f1ab686a077bf07","payload":{"device_name":"E6:61:78:C1:27:19:92:28","device_type":"DATA_FORWARDER","interval_ms":0.0625,"sensors":[{"name":"audio","units":"wav"}],"values":[[0],[15],[2],[2],[10],[-9],[35],[23],[3],[4],[0],[26],[12],[-6],[13],[5],[25],[0],[13],[21],[1],[0],[25],[10],[-6],[16],[2],[4],[30],[6],[6],[35],[14],[-3],[11],[22],[1],[1],[6],[3],[28],[14],[0],[6],[5],[29],[14],[1],[6],[30],[15],[1],[-4],[1],[0],[25],[6],[-11],[-6],[23],[3],[3],[18],[6],[16],[25],[6],[-8],[24],[3],[33],[15],[2],[2],[18],[2],[-8],[27],[-7],[13],[-9],[0],[-4],[31],[12],[0],[17],[0],[14],[-7],[6],[19],[-5],[-6],[24],[9],[-3],[29],[9],[-7],[12],[1],[2],[29],[11],[-4],[27],[15],[-8],[32],[0],[-5],[21],[6],[-8],[26],[19],[5],[0],[28],[5],[8],[29],[14],[0],[13],[-4],[28],[14],[0],[22],[6],[8],[28],[3],[3],[29],[11],[1],[4],[11],[35],[6],[5],[3],[16],[-7],[30],[19],[3],[4],[-4],[9],[-8],[12],[14],[-8],[29],[5],[0],[32],[3],[2],[3],[10],[0],[25],[20],[5],[0],[10],[1],[18],[4],[1],[28],[14],[0],[4],[32],[15],[3],[-5],[25],[4],[0],[2],[30],[21],[5],[3],[33],[18],[3],[16],[25],[12],[-4],[12],[25],[9],[5],[1],[0],[26],[-4],[-4],[26],[4],[33],[13],[8],[10],[8],[3],[2],[24],[3],[0],[21],[6],[-13],[29],[1],[-3],[1],[1],[12],[17],[8],[-4],[27],[3],[33],[16],[2],[21],[7],[-8],[19],[9],[-3],[10],[27],[15],[3],[18],[26],[11],[-4],[28],[15],[2],[1],[2],[0],[0],[34],[0],[17],[21],[9],[0],[24],[0],[26],[10],[-4],[15],[25],[9],[-8],[28],[10],[-6],[-5],[-5],[-8],[17],[17],[0],[0],[28],[-3],[20],[25],[5],[7],[29],[13],[1],[2],[26],[12],[-4],[9],[20],[9],[-5],[26],[20],[4],[11],[12],[32],[17],[-3],[26],[18],[4],[5],[2],[2],[5],[6],[25],[11],[9],[28],[4],[17],[2],[2],[12],[2],[3],[8],[40],[6],[2],[1],[1],[3],[1],[18],[26],[13],[1],[32],[13],[3],[19],[30],[16],[1],[29],[27],[9],[11],[13],[0],[31],[0],[16],[3],[1],[27],[15],[5],[8],[20],[5],[10],[22],[6],[5],[2],[3],[31],[16],[0],[4],[1],[18],[19],[4],[3],[14],[5],[36],[19],[8],[9],[34],[20],[4],[5],[30],[3],[1],[1],[-5],[20],[2],[1],[4],[10],[0],[20],[8],[8],[7],[34],[8],[6],[36],[18],[4],[5],[3],[29],[13],[1],[18],[8],[4],[1],[32],[27],[14],[8],[40],[27],[11],[10],[13],[8],[33],[21],[4],[12],[1],[18],[19],[2],[8],[26],[0],[-4],[4],[21],[-3],[2],[2],[3],[26],[16],[5],[29],[13],[2],[3],[35],[18],[2],[2],[19],[4],[2],[18],[1],[12],[14],[3],[4],[34],[22],[8],[9],[33],[17],[0],[20],[17],[5],[0],[-5],[8],[26],[6],[0],[28],[19],[4],[5],[31],[18],[-5],[18],[18],[-6],[-7],[-10],[4],[-12],[28],[19],[5],[3],[29],[13],[-3],[2],[13],[-3],[14],[1],[3],[-3],[-3],[27],[2],[-3],[26],[11],[-3],[0],[-5],[0],[2],[15],[2],[21],[29],[12],[0],[15],[2],[2],[26],[9],[0],[0],[10],[2],[2],[4],[22],[6],[-10],[13],[2],[33],[19],[2],[2],[29],[2],[-5],[-3],[4],[17],[5],[3],[30],[14],[0],[0],[19],[-5],[-7],[20],[10],[1],[19],[29],[5],[5],[5],[5],[7],[8],[30],[1],[13],[-3],[34],[15],[0],[1],[14],[-3],[0],[26],[11],[1],[4],[2],[26],[24],[6],[3],[25],[1],[17],[-4],[12],[20],[8],[-6],[26],[0],[17],[0],[12],[18],[0],[1],[1],[26],[12],[2],[32],[17],[0],[28],[17],[-3],[-5],[19],[0],[-16],[22],[12],[-3],[0],[26],[12],[-4],[0],[-3],[12],[0],[24],[17],[6],[3],[28],[11],[-3],[-7],[22],[-11],[16],[5],[-7],[10],[27],[6],[16],[-4],[18],[19],[3],[-12],[27],[-5],[0],[0],[-3],[19],[2],[-11],[12],[18],[3],[31],[12],[0],[35],[19],[5],[4],[28],[9],[-6],[9],[-8],[-7],[-7],[6],[-5],[1],[21],[3],[-10],[16],[20],[5],[1],[0],[-3],[25],[1],[4],[29],[11],[-4],[4],[22],[-5],[-4],[14],[-10],[-12],[-8],[-5],[1],[1],[4],[26],[-5],[11],[-5],[1],[24],[10],[-7],[20],[4],[-10],[18],[13],[-4],[17],[28],[14],[1],[18],[5],[6],[14],[-10],[10],[-6],[5],[1],[21],[0],[-21],[22],[15],[2],[3],[33],[17],[-3],[-4],[-5],[-6],[-4],[26],[10],[-7],[10],[18],[1],[-12],[19],[4],[-12],[10],[15],[-3],[1],[0],[14],[0],[1],[23],[-5],[16],[0],[-4],[27],[12],[-5],[-7],[-10],[12],[18],[3],[-6],[1],[2],[3],[1],[6],[5],[30],[11],[-6],[10],[2],[-14],[18],[14],[-8],[0],[-8],[7],[-11],[9],[17],[1],[3],[29],[0],[29],[5],[-12],[4],[-10],[-11],[-6],[5],[-8],[16],[1],[-7],[19],[4],[-10],[-10],[17],[5],[-10],[20],[10],[-8],[-8],[-6],[25],[7],[-11],[8],[17],[3],[-12],[4],[-5],[-5],[-9],[-8],[8],[-10],[8],[18],[3],[-7],[-4],[-8],[10],[17],[3],[-13],[4],[13],[5],[-8],[10],[17],[1],[-16],[12],[17],[3],[1],[26],[16],[-3],[-2],[24],[-3],[-4],[21],[4],[-10],[-10],[16],[3],[-8],[6],[-7],[-7],[4],[-14],[16],[13],[-4],[-13],[20],[5],[-10],[8],[18],[2],[-13],[18],[0],[-14],[16],[13],[1],[-13],[20],[9],[-7],[0],[26],[9],[-11],[8],[-7],[-8],[0],[28],[11],[-6],[-6],[22],[8],[-13],[4],[-10],[-10],[11],[-7],[26],[11],[1],[2],[30],[16],[1],[1],[1],[-8],[28],[-5],[32],[5],[2],[0],[-6],[17],[-5],[-8],[22],[1],[0],[21],[3],[0],[2],[-4],[21],[4],[-12],[-10],[19],[5],[-11],[6],[14],[-7],[24],[13],[-3],[-6],[21],[-6],[-10],[13],[-13],[-11],[-11],[16],[-2],[-6],[-8],[-10],[-8],[8],[-10],[-12],[-12],[4],[14],[3],[-10],[12],[18],[-8],[-4],[-6],[20],[5],[-10],[0],[-7],[2],[0],[20],[8],[-10],[-10],[-8],[19],[-13],[-19],[4],[-20],[0],[-13],[-8],[19],[7],[-13],[5],[-13],[0],[17],[-9],[-14],[18],[-12],[-12],[-12],[-12],[-11],[1],[-14],[22],[6],[-17],[22],[10],[-5],[-4],[23],[2],[-12],[24],[-9],[-7],[-8],[14],[-4],[-3],[2],[2],[28],[0],[17],[-7],[9],[13],[-3],[-19],[18],[9],[-11],[-6],[-5],[22],[9],[-7],[-10],[16],[3],[-13],[5],[17],[3],[-8],[-9],[-7],[-7],[-7],[-8],[-11],[10],[-3],[-13],[19],[4],[-9],[26],[12],[-4],[-7],[19],[3],[-12],[-11],[19],[-10],[4],[-6],[9],[18],[4],[-8],[-8],[17],[-6],[-6],[-3],[0],[-4],[-6],[6],[0],[28],[-7],[-4],[10],[-5],[0],[15],[-3],[0],[22],[5],[7],[29],[14],[1],[8],[25],[12],[1],[11],[25],[9],[-4],[28],[-5],[0],[-5],[-5],[-3],[26],[9],[1],[16],[-5],[14],[2],[2],[0],[3],[2],[14],[-5],[12],[21],[6],[-5],[13],[-5],[0],[-3],[30],[15],[1],[3],[27],[16],[0],[1],[4],[6],[30],[0],[21],[8],[-9],[12],[16],[-6],[-8],[-4],[0],[0],[14],[0],[-6],[24],[19],[6],[0],[28],[1],[8],[23],[-8],[0],[0],[-5],[-7],[16],[18],[9],[8],[32],[4],[25],[8],[-7],[32],[20],[-3],[16],[3],[13],[-5],[20],[17],[-4],[30],[16],[0],[2],[4],[26],[12],[0],[9],[-6],[3],[32],[16],[4],[3],[28],[14],[2],[29],[-6],[7],[-6],[12],[2],[8],[5],[29],[0],[28],[15],[1],[0],[15],[20],[2],[2],[30],[15],[2],[16],[26],[-3],[14],[25],[3],[34],[6],[8],[3],[34],[2],[21],[6],[2],[3],[1],[27],[0],[0],[17],[0],[24],[20],[7],[5],[1],[29],[12],[2],[14],[-7],[32],[21],[-3],[13],[21],[4],[28],[4],[3],[30],[2],[25],[1],[12],[26],[7],[12],[37],[17],[18],[38],[20],[4],[21],[20],[0],[18],[28],[8],[8],[33],[13],[0],[30],[19],[4],[37],[2],[2],[21],[1],[2],[5],[24],[4],[9],[-9],[32],[20],[2],[32],[12],[0],[35],[19],[3],[5],[30],[-3],[16],[26],[11],[0],[32],[14],[-10],[-6],[21],[-8],[-6],[-5],[21],[5],[-10],[21],[4],[-13],[24],[-9],[-13],[11],[-13],[0],[1],[-15],[-15],[11],[0],[-21],[20],[5],[-14],[-16],[5],[-14],[16],[14],[-4],[-11],[17],[3],[-12],[4],[15],[3],[-7],[6],[-10],[13],[16],[0],[32],[4],[9],[34],[22],[10],[28],[30],[13],[13],[38],[25],[16],[13],[25],[38],[27],[17],[21],[19],[37],[21],[32],[47],[21],[25],[23],[40],[22],[24],[52],[33],[20],[27],[12],[35],[43],[29],[28],[51],[25],[36],[19],[48],[18],[17],[48],[33],[20],[21],[42],[17],[12],[19],[36],[18],[21],[46],[29],[18],[17],[42],[31],[19],[21],[48],[17],[19],[17],[46],[28],[12],[10],[12],[12],[13],[29],[11],[26],[35],[20],[8],[33],[16],[11],[41],[23],[10],[13],[42],[26],[12],[16],[14],[9],[9],[30],[11],[3],[33],[11],[11],[5],[21],[30],[16],[2],[28],[26],[11],[12],[13],[9],[29],[11],[-3],[3],[0],[3],[6],[31],[11],[21],[9],[11],[35],[21],[7],[16],[12],[2],[35],[23],[4],[6],[8],[5],[35],[21],[9],[8],[36],[17],[4],[9],[40],[27],[9],[8],[3],[38],[10],[43],[10],[13],[11],[35],[19],[6],[20],[6],[8],[9],[5],[8],[26],[11],[12],[36],[20],[9],[36],[22],[8],[36],[21],[9],[16],[31],[18],[6],[39],[24],[8],[9],[35],[4],[5],[5],[33],[18],[8],[9],[9],[33],[19],[6],[18],[4],[6],[10],[11],[19],[5],[26],[14],[13],[37],[24],[9],[10],[17],[4],[21],[30],[17],[8],[40],[22],[10],[7],[18],[0],[19],[8],[18],[4],[37],[6],[11],[32],[15],[11],[36],[8],[9],[21],[0],[19],[5],[10],[10],[34],[3],[7],[6],[5],[33],[18],[5],[5],[31],[17],[2],[15],[25],[11],[-2],[17],[23],[11],[-6],[24],[16],[1],[2],[31],[4],[19],[9],[36],[20],[8],[5],[29],[14],[-4],[-3],[1],[27],[14],[3],[18],[22],[2],[4],[32],[12],[-3],[12],[28],[6],[6],[13],[0],[33],[12],[-4],[12],[16],[1],[0],[21],[3],[-6],[16],[22],[-4],[12],[0],[3],[6],[0],[21],[14],[3],[5],[26],[5],[5],[26],[-7],[9],[-7],[13],[5],[2],[26],[11],[-4],[1],[21],[4],[2],[27],[11],[-3],[13],[22],[-5],[0],[15],[0],[0],[0],[-6],[32],[19],[-4],[2],[5],[3],[29],[16],[2],[6],[-4],[-5],[9],[-7],[4],[18],[3],[-8],[-6],[-6],[27],[13],[-5],[-4],[25],[11],[-5],[-5],[22],[6],[-11],[10],[19],[-3],[8],[-8],[6],[-8],[-13],[21],[12],[-11],[-7],[10],[-7],[-8],[14],[1],[-4],[25],[14],[0],[-4],[20],[-6],[-6],[-12],[22],[-10],[6],[-11],[-10],[-5],[-5],[-5],[10],[-7],[1],[0],[25],[10],[-4],[-4],[21],[6],[-13],[18],[8],[-7],[-6],[-11],[-8],[-10],[25],[5],[-9],[4],[22],[4],[-9],[6],[-7],[-8],[-6],[-6],[-5],[20],[4],[-8],[-5],[-7],[-12],[-9],[6],[20],[2],[-19],[22],[11],[-12],[1],[-16],[-11],[-7],[19],[3],[-11],[-7],[18],[-3],[-6],[24],[7],[-12],[2],[-16],[21],[10],[-11],[5],[-9],[0],[-10],[-9],[-15],[4],[-11],[10],[-6],[-16],[20],[8],[-8],[-7],[22],[11],[-8],[0],[18],[3],[-11],[4],[16],[-10],[9],[-7],[-6],[21],[9],[-7],[-7],[-4],[-7],[18],[3],[-13],[-12],[19],[9],[-10],[0],[-6],[20],[4],[-12],[5],[14],[3],[-14],[1],[-7],[-18],[0],[9],[-7],[-7],[24],[7],[-8],[0],[14],[-4],[-14],[6],[19],[3],[-11],[8],[14],[-4],[-8],[-9],[15],[-7],[-8],[0],[-5],[1],[24],[7],[-9],[8],[-10],[-8],[-10],[24],[10],[0],[4],[-12],[16],[16],[-2],[-10],[-12],[8],[16],[3],[0],[24],[12],[-8],[2],[1],[27],[-6],[-7],[-3],[-8],[-10],[0],[2],[26],[12],[-3],[-3],[24],[9],[-6],[0],[-12],[-8],[-6],[-7],[9],[18],[4],[-12],[18],[13],[-7],[10],[-4],[-4],[-5],[-4],[5],[-13],[3],[10],[-6],[-15],[-12],[-12],[-10],[23],[5],[-10],[-10],[20],[8],[-8],[21],[-11],[-10],[17],[-11],[-8],[-10],[-10],[-8],[3],[-12],[20],[5],[-11],[-11],[15],[-4],[-24],[19],[1],[-14],[8],[10],[-5],[-16],[9],[11],[-11],[3],[12],[-3],[-14],[5],[13],[-3],[0],[25],[-5],[-5],[-10],[-10],[-10],[1],[-14],[1],[10],[-6],[-18],[18],[6],[-12],[-11],[19],[4],[-10],[13],[-4],[-4],[24],[11],[-8],[-8],[-6],[-7],[-4],[-5],[24],[13],[0],[3],[21],[2],[11],[-5],[10],[-5],[-10],[-3],[24],[10],[-7],[10],[19],[4],[-12],[20],[17],[-8],[6],[-10],[32],[1],[1],[1],[0],[2],[21],[1],[11],[21],[0],[16],[18],[3],[0],[29],[18],[2],[3],[30],[12],[-3],[5],[-3],[12],[17],[3],[3],[29],[15],[2],[5],[22],[6],[-8],[30],[15],[-5],[2],[3],[23],[5],[5],[33],[18],[5],[8],[27],[8],[-5],[24],[10],[-4],[2],[25],[12],[1],[31],[17],[-7],[6],[21],[9],[4],[2],[2],[13],[-7],[24],[18],[3],[4],[33],[5],[3],[18],[2],[0],[30],[-5],[22],[10],[-3],[19],[0],[-5],[29],[13],[0],[25],[7],[-6],[29],[12],[-3],[0],[14],[1],[0],[25],[15],[-5],[-11],[24],[-8],[-6],[-6],[24],[0],[-16],[12],[8],[-8],[0],[-15],[19],[10],[-6],[-8],[21],[6],[-8],[-7],[-12],[-12],[-3],[2],[-9],[-9],[16],[-6],[-10],[20],[5],[-12],[10],[13],[-4],[-5],[10],[-12],[4],[7],[-10],[-11],[13],[-3],[-12],[-8],[-10],[3],[2],[27],[7],[-11],[10],[-11],[6],[16],[6],[-8],[16],[19],[6],[-10],[-6],[25],[11],[-11],[28],[12],[-6],[12],[6],[-11],[25],[16],[2],[-11],[-3],[0],[28],[13],[-3],[-3],[22],[4],[-11],[26],[9],[-5],[-4],[-6],[0],[26],[7],[2],[24],[1],[22],[8],[-10],[9],[13],[-6],[12],[13],[-5],[2],[3],[16],[3],[5],[2],[-6],[19],[2],[3],[21],[5],[4],[30],[-4],[17],[16],[0],[1],[26],[1],[22],[6],[-10],[26],[13],[2],[36],[17],[0],[-6],[11],[21],[1],[0],[17],[-8],[25],[10],[-6],[24],[21],[5],[0],[26],[-5],[-3],[12],[0],[32],[18],[-4],[12],[19],[0],[2],[20],[3],[4],[0],[1],[0],[3],[21],[5],[4],[-6],[20],[18],[3],[-11],[24],[3],[0],[11],[-6],[10],[22],[8],[-7],[29],[14],[0],[-5],[-3],[-5],[15],[22],[2],[12],[27],[5],[10],[28],[12],[3],[4],[27],[10],[6],[30],[17],[2],[18],[3],[16],[5],[10],[11],[35],[2],[2],[28],[13],[1],[12],[25],[3],[3],[16],[2],[4],[13],[0],[21],[6],[9],[9],[18],[2],[7],[7],[20],[2],[20],[24],[2],[24],[24],[9],[10],[38],[27],[16],[16],[34],[19],[9],[21],[3],[18],[28],[8],[31],[15],[10],[8],[28],[13],[2],[11],[22],[9],[23],[10],[24],[32],[16],[3],[32],[9],[22],[8],[8],[12],[40],[10],[11],[12],[21],[4],[15],[27],[5],[8],[8],[6],[20],[10],[8],[4],[32],[14],[13],[38],[21],[4],[38],[28],[12],[16],[3],[24],[8],[5],[24],[11],[15],[13],[39],[14],[30],[16],[4],[28],[28],[12],[12],[23],[12],[13],[29],[14],[12],[42],[29],[10],[16],[13],[40],[22],[6],[6],[3],[6],[23],[1],[32],[24],[7],[20],[29],[4],[14],[13],[20],[9],[9],[5],[31],[6],[9],[9],[8],[6],[21],[6],[6],[17],[4],[30],[13],[-3],[17],[27],[13],[0],[26],[24],[11],[4],[32],[4],[1],[3],[8],[7],[12],[12],[36],[19],[3],[14],[2],[26],[8],[33],[19],[4],[2],[27],[6],[-5],[3],[3],[27],[11],[0],[36],[5],[7],[5],[1],[28],[6],[3],[33],[17],[5],[5],[29],[13],[3],[20],[5],[2],[2],[2],[4],[4],[4],[1],[5],[8],[8],[8],[5],[26],[11],[-5],[17],[24],[12],[1],[33],[16],[2],[17],[21],[3],[0],[32],[24],[8],[32],[18],[4],[11],[-5],[24],[24],[9],[8],[25],[8],[-5],[29],[13],[2],[4],[4],[9],[28],[7],[4],[16],[6],[9],[5],[0],[30],[0],[0],[0],[30],[20],[11],[12],[30],[12],[1],[30],[7],[6],[33],[19],[6],[28],[4],[5],[8],[2],[21],[3],[1],[-4],[0],[2],[1],[4],[20],[-4],[14],[23],[11],[-5],[16],[19],[3],[8],[30],[19],[9],[34],[16],[4],[19],[26],[2],[1],[5],[6],[29],[18],[2],[8],[25],[2],[30],[15],[0],[4],[29],[8],[2],[25],[11],[-10],[27],[14],[1],[16],[25],[10],[-5],[14],[19],[4],[3],[22],[5],[9],[35],[1],[12],[25],[1],[-2],[14],[2],[4],[13],[-4],[6],[21],[8],[0],[26],[0],[0],[2],[33],[11],[-7],[12],[13],[-7],[0],[17],[3],[0],[-7],[12],[19],[6],[4],[24],[8],[-8],[25],[17],[5],[7],[34],[19],[5],[4],[31],[17],[5],[4],[25],[11],[3],[29],[13],[3],[2],[26],[1],[3],[2],[1],[26],[11],[1],[16],[26],[-3],[17],[-8],[24],[16],[2],[28],[12],[2],[34],[20],[6],[5],[32],[-3],[14],[26],[11],[2],[34],[20],[9],[11],[37],[5],[5],[8],[2],[3],[28],[4],[2],[1],[13],[-6],[22],[19],[2],[0],[29],[17],[-4],[24],[9],[-6],[13],[22],[-3],[8],[-9],[24],[14],[0],[0],[18],[4],[-5],[3],[7],[8],[27],[13],[1],[1],[26],[0],[-3],[20],[-8],[21],[9],[-6],[4],[24],[7],[4],[24],[2],[1],[3],[18],[1],[2],[26],[8],[-3],[8],[21],[2],[3],[1],[25],[9],[-6],[11],[22],[1],[2],[1],[-7],[1],[2],[33],[17],[0],[2],[3],[0],[1],[-5],[21],[-8],[-4],[26],[10],[-5],[12],[18],[-5],[13],[1],[1],[-3],[28],[12],[-5],[0],[0],[21],[9],[0],[32],[5],[5],[25],[-5],[21],[5],[-9],[8],[16],[-4],[-5],[26],[10],[-4],[1],[24],[8],[-4],[28],[11],[-6],[-4],[25],[10],[-12],[20],[16],[4],[0],[31],[13],[-3],[-5],[24],[4],[0],[-6],[11],[19],[3],[1],[27],[1],[2],[20],[1],[10],[-10],[20],[1],[0],[3],[18],[0],[0],[25],[0],[3],[3],[22],[1],[-5],[-8],[13],[-3],[0],[25],[10],[-7],[6],[-12],[8],[-5],[-6],[13],[21],[3],[-11],[26],[10],[-8],[9],[17],[4],[-10],[6],[16],[4],[-8],[9],[18],[4],[-12],[20],[8],[-6],[0],[27],[13],[-3],[-4],[24],[-3],[1],[27],[12],[-8],[-5],[-4],[-7],[-7],[6],[-8],[9],[20],[-5],[-7],[21],[9],[-10],[-9],[-6],[0],[0],[-4],[-3],[1],[-4],[19],[3],[-11],[0],[18],[-14],[22],[4],[-11],[-8],[-10],[-6],[24],[2],[-8],[27],[16],[-7],[-6],[-4],[25],[9],[-7],[0],[17],[3],[-6],[9],[-7],[24],[9],[-5],[30],[2],[-13],[24],[-8],[-7],[17],[1],[-14],[8],[17],[-3],[-11],[24],[14],[1],[2],[25],[-4],[20],[3],[-11],[21],[-10],[-8],[-8],[-10],[-10],[5],[14],[-13],[5],[17],[2],[-11],[24],[14],[-9],[4],[12],[-8],[20],[2],[-11],[5],[-13],[5],[14],[1],[-7],[21],[3],[-8],[24],[9],[-8],[9],[-11],[0],[16],[3],[-12],[0],[18],[2],[-11],[17],[-10],[-5],[25],[11],[-10],[-4],[16],[-5],[-5],[1],[1],[26],[1],[-12],[16],[-5],[-6],[-4],[24],[10],[-14],[7],[-5],[8],[-7],[32],[17],[0],[0],[27],[13],[-3],[0],[19],[0],[9],[-7],[28],[-5],[24],[0],[27],[13],[-3],[1],[25],[12],[-8],[-7],[-11],[22],[9],[-12],[6],[-8],[18],[2],[-13],[2],[12],[-3],[-16],[-13],[-13],[-13],[-11],[-8],[9],[-11],[-7],[21],[8],[-9],[-8],[17],[-4],[-14],[24],[12],[-6],[-5],[-12],[-7],[-10],[-10],[-8],[-10],[-7],[-8],[-5],[-6],[-7],[0],[-8],[-8],[19],[-10],[-8],[14],[-13],[4],[-7],[-7],[-6],[-6],[21],[4],[-13],[8],[14],[-6],[-5],[-4],[-11],[9],[-6],[-8],[-5],[-6],[-7],[-7],[6],[-8],[10],[-7],[-8],[11],[-13],[-7],[21],[8],[-6],[4],[14],[1],[-5],[-6],[-9],[-10],[13],[-5],[-5],[21],[-7],[-12],[8],[16],[1],[-11],[18],[4],[-13],[16],[10],[-5],[-5],[25],[-12],[16],[19],[4],[-11],[24],[11],[-5],[0],[24],[8],[-7],[2],[13],[-4],[-3],[-7],[20],[8],[-8],[9],[16],[3],[-13],[24],[-8],[6],[-9],[2],[-4],[2],[3],[27],[13],[-6],[-4],[-12],[10],[14],[-6],[16],[-3],[-7],[25],[9],[-7],[9],[13],[-4],[-4],[24],[10],[-6],[-7],[-5],[1],[2],[26],[0],[28],[17],[1],[1],[20],[-4],[0],[-8],[27],[0],[0],[0],[0],[26],[6],[-5],[4],[0],[28],[18],[-6],[9],[21],[9],[-7],[28],[-3],[-5],[17],[2],[4],[8],[4],[31],[13],[-3],[11],[2],[4],[2],[5],[21],[0],[1],[5],[4],[32],[16],[0],[16],[1],[1],[28],[10],[-9],[24],[15],[1],[2],[26],[11],[-7],[-7],[-7],[6],[-13],[10],[15],[-6],[0],[14],[-6],[-4],[21],[6],[-8],[0],[19],[3],[-10],[-5],[22],[11],[-5],[-7],[0],[14],[-5],[-4],[1],[6],[-8],[11],[-7],[-6],[22],[6],[-6],[9],[-7],[28],[-7],[-7],[17],[3],[0],[27],[1],[2],[6],[-12],[17],[13],[-4],[1],[17],[4],[-11],[9],[17],[-3],[0],[-4],[-6],[24],[-5],[15],[-8],[-10],[-10],[8],[-8],[-7],[-3],[1],[2],[27],[0],[-3],[-3],[0],[-7],[-5],[3],[3],[-3],[0],[22],[-5],[2],[0],[0],[0],[2],[1],[-3],[11],[-4],[25],[17],[-5],[13],[-5],[0],[11],[0],[12],[21],[2],[20],[9],[0],[21],[21],[11],[-5],[0],[-7],[26],[11],[-3],[-5],[3],[1],[1],[5],[0],[25],[10],[0],[18],[9],[-6],[24],[22],[11],[-7],[9],[-4],[25],[13],[-6],[13],[14],[-7],[-6],[-6],[12],[2],[29],[16],[3],[8],[17],[5],[6],[29],[-3],[3],[5],[24],[7],[0],[2],[0],[15],[5],[5],[4],[10],[27],[13],[2],[25],[12],[0],[22],[4],[5],[18],[4],[-3],[3],[28],[13],[0],[4],[33],[19],[1],[26],[15],[4],[36],[19],[3],[6],[28],[8],[10],[29],[2],[3],[-3],[16],[24],[6],[7],[19],[5],[6],[33],[9],[10],[28],[10],[-3],[15],[24],[9],[10],[33],[1],[20],[5],[5],[3],[5],[6],[9],[6],[35],[11],[14],[40],[22],[8],[10],[35],[23],[10],[11],[5],[18],[0],[32],[21],[10],[0],[33],[5],[9],[6],[33],[16],[8],[33],[27],[8],[9],[5],[9],[27],[10],[28],[15],[8],[22],[5],[33],[17],[5],[4],[20],[0],[24],[22],[6],[9],[34],[3],[5],[4],[32],[3],[24],[3],[6],[4],[6],[4],[17],[3],[2],[3],[20],[5],[5],[32],[6],[8],[33],[8],[0],[27],[14],[3],[10],[27],[5],[19],[2],[35],[19],[5],[5],[2],[1],[2],[9],[8],[0],[27],[5],[20],[5],[8],[28],[13],[3],[11],[-5],[26],[18],[0],[33],[12],[-6],[4],[1],[1],[9],[0],[3],[33],[14],[3],[13],[-3],[1],[31],[18],[5],[9],[33],[21],[9],[5],[32],[3],[5],[6],[3],[4],[3],[2],[18],[3],[-3],[10],[6],[-6],[14],[6],[25],[9],[-7],[-6],[12],[24],[10],[-6],[0],[21],[-5],[-4],[3],[3],[29],[16],[1],[-4],[31],[-5],[-6],[-3],[-4],[-3],[27],[9],[-10],[13],[19],[0],[1],[22],[3],[-2],[27],[-6],[7],[20],[6],[-10],[8],[-11],[8],[14],[-6],[-4],[-4],[15],[2],[8],[-7],[14],[21],[1],[0],[20],[-8],[21],[10],[1],[3],[6],[22],[7],[-5],[0],[0],[0],[4],[4],[0],[2],[31],[1],[31],[16],[3],[1],[10],[-7],[16],[21],[7],[-8],[11],[21],[-3],[1],[-3],[3],[25],[1],[33],[17],[1],[1],[22],[1],[-3],[19],[-3],[16],[22],[6],[9],[9],[32],[17],[0],[20],[1],[15],[1],[8],[27],[16],[3],[12],[17],[1],[15],[4],[6],[35],[20],[-3],[6],[5],[8],[16],[1],[3],[7],[6],[29],[15],[3],[7],[26],[1],[20],[9],[6],[33],[5],[17],[3],[6],[4],[32],[10],[-5],[28],[9],[6],[8],[30],[18],[4],[26],[10],[12],[34],[14],[4],[37],[3],[2],[29],[12],[1],[28],[26],[12],[0],[2],[0],[5],[11],[1],[30],[21],[5],[3],[29],[14],[-5],[23],[3],[3],[32],[18],[4],[3],[2],[4],[2],[32],[2],[22],[6],[8],[33],[1],[6],[5],[29],[13],[0],[2],[-3],[1],[28],[-4],[26],[14],[3],[-13],[8],[17],[4],[-3],[-3],[5],[-7],[15],[-3],[-4],[27],[-7],[-3],[4],[31],[10],[-8],[9],[26],[1],[6],[33],[19],[4],[3],[30],[18],[2],[-3],[14],[25],[11],[-5],[14],[1],[4],[3],[0],[13],[1],[10],[-7],[12],[1],[29],[7],[-6],[26],[2],[29],[24],[10],[-6],[13],[24],[3],[0],[20],[15],[-2],[-4],[8],[2],[34],[0],[13],[-3],[1],[26],[0],[-7],[11],[20],[-4],[0],[17],[-7],[15],[22],[0],[-4],[29],[8],[-7],[24],[12],[-5],[-7],[3],[0],[18],[-7],[20],[-7],[-5],[-6],[-4],[24],[-6],[11],[-5],[-7],[22],[-5],[-6],[-5],[-7],[-8],[-5],[25],[4],[-14],[2],[13],[-12],[19],[2],[-16],[-12],[-13],[-14],[11],[-20],[1],[-14],[-15],[-15],[-17],[10],[-21],[-9],[-23],[-22],[-19],[-30],[-14],[-28],[-12],[1],[-26],[-27],[-24],[-9],[-19],[-18],[-20],[-19],[-24],[-13],[-25],[-12],[3],[-13],[-11],[-3],[-19],[15],[-4],[-14],[-11],[20],[-4],[0],[22],[9],[-3],[16],[1],[1],[5],[1],[4],[2],[7],[12],[9],[10],[5],[11],[41],[29],[10],[18],[11],[13],[37],[9],[25],[1],[20],[29],[8],[38],[27],[13],[13],[35],[22],[12],[11],[35],[16],[8],[25],[14],[0],[16],[24],[13],[2],[5],[5],[20],[5],[7],[5],[4],[20],[7],[27],[9],[18],[6],[21],[26],[11],[11],[26],[11],[2],[19],[32],[18],[6],[3],[18],[27],[14],[3],[0],[20],[27],[14],[4],[11],[9],[31],[1],[0],[-6],[-5],[-5],[0],[-3],[-7],[2],[4],[27],[13],[-12],[21],[-7],[12],[-8],[24],[-6],[-6],[12],[0],[-10],[9],[10],[-13],[1],[15],[-8],[-6],[6],[-8],[-9],[-10],[-6],[-11],[9],[-8],[14],[-12],[6],[19],[-4],[19],[5],[-10],[6],[-7],[-6],[24],[0],[0],[21],[6],[-7],[1],[-5],[-7],[24],[3],[2],[-7],[22],[1],[3],[26],[-4],[2],[0],[8],[0],[-4],[-3],[5],[-7],[-4],[-3],[0],[28],[12],[0],[2],[3],[0],[29],[1],[29],[11],[-10],[-7],[1],[2],[28],[-7],[0],[-7],[-11],[-5],[0],[-4],[25],[11],[-7],[10],[-8],[-10],[10],[2],[1],[28],[15],[-4],[-5],[11],[0],[0],[24],[1],[2],[1],[3],[14],[3],[3],[-4],[11],[19],[6],[-8],[8],[-3],[5],[-8],[27],[-4],[-6],[13],[14],[-3],[2],[-3],[2],[30],[17],[1],[-3],[4],[-12],[22],[-7],[13],[25],[1],[-4],[18],[3],[4],[32],[17],[3],[3],[0],[0],[7],[-13],[18],[19],[-5],[1],[21],[8],[-6],[0],[25],[11],[0],[17],[2],[4],[28],[14],[-6],[0],[0],[2],[2],[2],[27],[13],[-4],[-3],[27],[15],[0],[-8],[10],[19],[4],[-10],[11],[17],[-7],[10],[-6],[-7],[-7],[22],[9],[-8],[-12],[19],[-14],[6],[-7],[-10],[6],[17],[-6],[-8],[4],[-13],[8],[11],[-11],[-12],[-12],[-11],[9],[19],[-6],[-11],[18],[6],[-8],[20],[6],[-9],[-7],[14],[3],[-8],[24],[0],[16],[-6],[-5],[21],[4],[-7],[25],[9],[-10],[-8],[20],[9],[-8],[0],[21],[10],[-3],[-4],[21],[-3],[-14],[-14],[9],[-9],[4],[18],[1],[-14],[7],[-4],[-2],[-6],[10],[-7],[-8],[24],[-5],[-5],[-6],[-6],[0],[-4],[18],[3],[2],[-3],[-4],[-6],[11],[-8],[8],[-5],[8],[-5],[26],[-5],[1],[-2],[27],[9],[-7],[11],[0],[-7],[1],[27],[4],[0],[29],[-5],[9],[-7],[0],[27],[11],[-5],[10],[0],[9],[-10],[10],[18],[4],[-11],[6],[-9],[16],[21],[1],[-13],[20],[17],[1],[-5],[26],[16],[2],[3],[1],[1],[-6],[17],[0],[-8],[28],[15],[2],[-8],[22],[12],[1],[-12],[26],[16],[1],[-3],[1],[-4],[6],[5],[30],[0],[0],[1],[-3],[-5],[0],[15],[2],[3],[29],[1],[0],[27],[13],[5],[4],[25],[11],[-4],[17],[5],[8],[13],[-8],[-8],[16],[19],[-6],[14],[26],[1],[-3],[17],[1],[12],[16],[1],[0],[27],[11],[-3],[1],[21],[6],[-5],[1],[25],[13],[-8],[26],[10],[-8],[9],[-7],[-8],[-3],[0],[26],[11],[-3],[1],[-5],[20],[0],[-4],[1],[21],[9],[9],[30],[0],[0],[2],[4],[5],[5],[23],[8],[4],[2],[-4],[28],[0],[20],[1],[17],[19],[-3],[2],[-3],[-5],[28],[16],[1],[18],[25],[12],[-5],[26],[3],[26],[5],[5],[0],[4],[3],[17],[3],[3],[30],[7],[7],[33],[18],[3],[2],[29],[10],[9],[33],[12],[-7],[24],[17],[-6],[11],[10],[-11],[25],[-5],[1],[2],[-5],[21],[12],[-3],[13],[20],[7],[-6],[-6],[14],[-7],[19],[-9],[1],[-14],[21],[14],[0],[2],[26],[6],[-6],[28],[11],[-5],[10],[3],[0],[-4],[-5],[-4],[0],[2],[28],[13],[-8],[0],[-4],[23],[1],[-3],[1],[25],[10],[-8],[8],[20],[5],[-8],[26],[16],[-2],[3],[0],[11],[-6],[18],[16],[2],[6],[0],[28],[5],[4],[2],[-3],[1],[2],[0],[29],[-3],[0],[2],[11],[-4],[16],[21],[2],[0],[1],[21],[5],[6],[33],[17],[3],[3],[29],[-7],[13],[19],[4],[0],[28],[17],[1],[5],[26],[9],[4],[32],[2],[17],[2],[3],[18],[3],[4],[2],[1],[4],[30],[16],[4],[8],[20],[-8],[24],[21],[8],[6],[29],[17],[6],[5],[31],[19],[8],[6],[32],[17],[2],[4],[28],[14],[2],[16],[2],[6],[0],[36],[25],[10],[10],[4],[35],[20],[6],[14],[29],[13],[2],[35],[9],[3],[30],[3],[-5],[32],[1],[1],[2],[27],[5],[8],[29],[12],[-5],[14],[20],[4],[6],[4],[29],[4],[14],[27],[11],[-4],[29],[0],[-6],[4],[3],[25],[5],[2],[27],[-3],[0],[0],[-5],[6],[4],[27],[14],[2],[2],[26],[13],[2],[2],[26],[5],[6],[34],[3],[28],[3],[2],[0],[22],[5],[0],[28],[12],[0],[2],[27],[11],[-6],[10],[21],[9],[-3],[17],[9],[-11],[16],[19],[9],[1],[34],[0],[32],[17],[-3],[3],[5],[-6],[-3],[-3],[1],[-6],[17],[2],[5],[34],[18],[2],[-4],[17],[-5],[18],[3],[3],[3],[1],[30],[5],[4],[27],[15],[-8],[35],[19],[-3],[5],[5],[2],[3],[27],[13],[2],[0],[15],[0],[14],[-5],[-6],[-4],[5],[-12],[29],[13],[1],[0],[-10],[-11],[28],[8],[-7],[10],[2],[0],[23],[9],[-5],[2],[26],[1],[25],[7],[-4],[17],[-4],[29],[14],[1],[1],[29],[-4],[1],[6],[8],[26],[-8],[17],[4],[-10],[24],[19],[-6],[10],[0],[32],[16],[-5],[24],[21],[2],[25],[13],[4],[2],[18],[-3],[6],[22],[9],[-6],[12],[20],[5],[4],[0],[17],[-6],[16],[22],[10],[0],[1],[8],[-8],[21],[8],[-5],[13],[-3],[0],[25],[1],[9],[-11],[29],[17],[3],[2],[22],[-9],[-8],[10],[18],[7],[1],[0],[4],[2],[26],[9],[-6],[13],[3],[2],[0],[0],[17],[-7],[-7],[15],[-5],[-4],[27],[-4],[-4],[16],[4],[3],[26],[9],[-6],[20],[15],[-3],[0],[7],[4],[-4],[32],[2],[-3],[0],[0],[18],[2],[0],[26],[16],[3],[-10],[29],[7],[-8],[24],[-5],[6],[-10],[12],[0],[-6],[-3],[-3],[-8],[-4],[-6],[18],[-5],[-8],[-6],[24],[10],[-3],[0],[28],[-8],[21],[4],[-11],[0],[21],[1],[29],[13],[-7],[-6],[22],[-9],[18],[5],[-10],[18],[11],[-5],[0],[-9],[16],[1],[-3],[23],[-7],[16],[-3],[10],[20],[2],[2],[29],[14],[0],[28],[9],[-7],[17],[5],[5],[30],[17],[-6],[16],[-4],[21],[1],[-5],[1],[6],[9],[2],[8],[24],[1],[4],[29],[14],[4],[19],[3],[16],[3],[13],[-4],[11],[0],[9],[-5],[20],[2],[34],[5],[29],[12],[3],[19],[1],[13],[3],[29],[23],[5],[4],[29],[14],[1],[2],[27],[3],[2],[14],[2],[9],[-6],[0],[-8],[24],[21],[9],[0],[33],[24],[9],[0],[25],[11],[-4],[17],[27],[13],[3],[30],[13],[1],[17],[2],[8],[22],[10],[-5],[28],[13],[2],[30],[13],[-12],[13],[19],[6],[0],[9],[-11],[18],[-3],[0],[28],[1],[-6],[16],[-10],[16],[17],[-8],[-10],[14],[-5],[0],[7],[-6],[25],[4],[5],[1],[1],[7],[-10],[-6],[16],[1],[-3],[26],[17],[-6],[11],[18],[-5],[0],[-5],[-7],[20],[0],[4],[0],[-6],[2],[2],[26],[13],[1],[2],[0],[29],[19],[4],[5],[-4],[20],[5],[6],[32],[17],[-5],[27],[22],[1],[14],[23],[3],[3],[27],[4],[14],[3],[19],[24],[8],[6],[33],[13],[0],[32],[7],[33],[15],[2],[11],[-5],[32],[20],[8],[8],[36],[8],[10],[32],[16],[1],[14],[21],[5],[3],[28],[4],[7],[3],[0],[24],[3],[4],[2],[31],[3],[1],[18],[2],[5],[3],[29],[5],[0],[-6],[-6],[5],[4],[25],[1],[17],[3],[2],[20],[-8],[7],[17],[3],[-8],[25],[15],[-5],[11],[-6],[6],[18],[4],[-7],[-6],[-5],[-8],[-11],[-10],[-8],[-7],[-6],[23],[6],[-8],[26],[10],[-9],[-8],[-8],[-11],[-5],[-6],[19],[-13],[1],[-15],[24],[13],[-4],[-3],[-7],[27],[-6],[-9],[-5],[2],[4],[-5],[-7],[3],[-14],[28],[-5],[-3],[0],[25],[0],[21],[5],[-10],[0],[21],[6],[-3],[26],[11],[-5],[-4],[26],[8],[-12],[27],[16],[3],[0],[15],[-6],[14],[16],[1],[1],[18],[0],[1],[3],[4],[34],[18],[2],[4],[0],[11],[-7],[-4],[19],[5],[4],[27],[14],[0],[0],[17],[2],[4],[-3],[20],[19],[-5],[4],[19],[8],[-14],[28],[15],[2],[1],[0],[24],[10],[-5],[-4],[27],[12],[-3],[14],[24],[-4],[-10],[21],[13],[-5],[-3],[26],[10],[-3],[3],[19],[0],[1],[24],[8],[-8],[18],[14],[-8],[13],[21],[8],[-7],[-3],[1],[26],[12],[-3],[1],[25],[9],[-6],[10],[22],[-4],[-4],[-6],[-4],[-5],[-4],[1],[1],[26],[9],[0],[27],[17],[1],[5],[36],[19],[-2],[-5],[20],[-5],[29],[2],[3],[27],[13],[0],[19],[26],[3],[26],[12],[-6],[13],[22],[3],[5],[29],[-4],[28],[17],[-4],[14],[-4],[3],[30],[6],[-7],[23],[0],[25],[10],[-7],[17],[19],[6],[-8],[30],[19],[2],[-4],[12],[1],[2],[6],[-8],[12],[20],[-5],[4],[0],[1],[12],[22],[8],[-10],[20],[3],[15],[26],[10],[1],[32],[3],[-3],[32],[0],[3],[22],[4],[6],[24],[9],[13],[7],[2],[33],[5],[4],[5],[6],[3],[25],[3],[6],[6],[5],[10],[10],[35],[22],[3],[3],[1],[21],[3],[6],[35],[17],[3],[5],[30],[14],[-3],[13],[23],[2],[0],[10],[-8],[20],[19],[6],[5],[29],[9],[-7],[20],[-6],[-8],[11],[20],[3],[0],[29],[17],[2],[-5],[25],[7],[-7],[10],[18],[1],[-14],[4],[-11],[12],[10],[-4],[-4],[-6],[25],[12],[-7],[-7],[19],[8],[-8],[0],[19],[6],[-8],[8],[18],[5],[-11],[12],[15],[0],[-14],[16],[0],[-6],[-4],[1],[8],[23],[9],[-10],[16],[14],[1],[-12],[-7],[-7],[-10],[28],[19],[1],[4],[24],[10],[-5],[13],[25],[-3],[-6],[-4],[1],[-4],[24],[22],[0],[15],[23],[11],[0],[16],[18],[-2],[21],[6],[-8],[26],[1],[0],[2],[14],[-6],[-7],[8],[18],[5],[4],[31],[13],[1],[2],[0],[29],[8],[-6],[21],[3],[18],[6],[8],[32],[8],[2],[18],[22],[2],[12],[20],[5],[6],[36],[6],[4],[4],[5],[2],[29],[15],[2],[19],[25],[0],[-7],[26],[21],[9],[8],[6],[32],[17],[1],[14],[4],[27],[13],[2],[19],[5],[18],[24],[8],[10],[2],[3],[3],[27],[15],[2],[12],[0],[28],[19],[9],[8],[32],[10],[-5],[24],[5],[8],[6],[2],[17],[2],[1],[-2],[-4],[14],[-2],[19],[20],[3],[3],[30],[11],[0],[16],[2],[1],[2],[26],[12],[3],[11],[1],[35],[3],[4],[12],[-6],[29],[17],[6],[38],[20],[-5],[4],[1],[24],[11],[-3],[2],[27],[14],[-3],[9],[21],[4],[-5],[-4],[24],[20],[6],[2],[23],[6],[-8],[11],[18],[5],[0],[24],[6],[-8],[-6],[-5],[22],[5],[-7],[28],[21],[5],[4],[-6],[-5],[1],[6],[-7],[20],[0],[0],[25],[12],[-3],[1],[26],[-9],[5],[22],[3],[5],[4],[13],[-4],[14],[13],[0],[11],[-10],[11],[21],[3],[-10],[10],[19],[5],[0],[-7],[8],[10],[-7],[-6],[27],[13],[-4],[12],[17],[-6],[-7],[19],[1],[0],[27],[19],[6],[6],[26],[2],[5],[21],[3],[9],[-7],[-5],[26],[11],[-5],[-9],[5],[16],[4],[-8],[16],[24],[9],[-7],[27],[1],[0],[13],[-4],[-6],[-7],[-8],[-6],[-7],[20],[4],[0],[24],[0],[4],[3],[28],[4],[2],[2],[-6],[23],[3],[-8],[25],[-5],[-7],[11],[-5],[22],[11],[-5],[17],[9],[-7],[27],[2],[17],[0],[17],[22],[6],[-5],[-11],[26],[17],[1],[2],[32],[11],[-5],[26],[-8],[24],[8],[-4],[32],[16],[-4],[18],[6],[4],[6],[21],[10],[0],[36],[21],[3],[1],[19],[2],[-8],[1],[17],[-3],[5],[35],[17],[5],[8],[29],[11],[-3],[10],[25],[12],[-4],[11],[22],[-6],[24],[6],[-5],[0],[33],[22],[2],[0],[0],[-5],[25],[-4],[6],[-12],[-11],[-6],[9],[1],[1],[1],[1],[0],[28],[4],[33],[18],[12],[43],[5],[17],[8],[32],[18],[-6],[24],[6],[-10],[0],[6],[18],[28],[12],[9],[32],[31],[22],[16],[46],[23],[5],[32],[15],[-6],[10],[19],[-10],[-10],[-5],[0],[34],[16],[2],[33],[34],[15],[17],[29],[7],[35],[1],[2],[1],[18],[10],[-8],[17],[22],[14],[11],[5],[16],[12],[32],[18],[12],[1],[14],[-5],[2],[-10],[-10],[4],[-11],[-11],[13],[-3],[5],[34],[17],[6],[26],[28],[11],[-5],[4],[0],[-21],[-20],[-7],[-23],[4],[7],[2],[0],[36],[21],[23],[44],[26],[17],[18],[13],[3],[26],[27],[11],[10],[4],[4],[10],[6],[11],[38],[19],[25],[26],[30],[61],[45],[25],[43],[28],[11],[10],[12],[46],[8],[8],[10],[25],[25],[8],[25],[38],[25],[10],[42],[13],[13],[32],[20],[10],[32],[11],[1],[33],[17],[-3],[16],[30],[21],[-3],[12],[17],[-12],[-7],[-15],[-7],[13],[-5],[-24],[24],[8],[5],[22],[-8],[-36],[-34],[-18],[-39],[-27],[3],[-13],[-27],[9],[-4],[-24],[-30],[-19],[-42],[-16],[-38],[-56],[-42],[-17],[-16],[18],[59],[82],[140],[136],[108],[82],[50],[51],[8],[-30],[-14],[-51],[-51],[-47],[-43],[-16],[24],[26],[69],[66],[64],[98],[95],[76],[68],[51],[43],[25],[-5],[-20],[-17],[-39],[-32],[2],[-7],[0],[52],[54],[49],[45],[59],[45],[19],[20],[-8],[12],[-31],[-19],[-44],[-12],[-28],[-29],[-13],[-13],[16],[-5],[32],[26],[10],[4],[12],[5],[-7],[-12],[-20],[-23],[-51],[-85],[-96],[-118],[-135],[-108],[-110],[-109],[-78],[-74],[-48],[-72],[-32],[109],[145],[174],[240],[220],[178],[131],[48],[-15],[-44],[-131],[-179],[-155],[-147],[-165],[-113],[-5],[39],[37],[62],[117],[131],[147],[174],[155],[159],[128],[65],[19],[16],[-46],[-95],[-100],[-62],[-50],[-22],[56],[91],[109],[124],[157],[128],[99],[78],[52],[50],[6],[-44],[-32],[-33],[-45],[-46],[-4],[-20],[19],[28],[81],[78],[98],[91],[88],[62],[30],[4],[-19],[-62],[-61],[-97],[-114],[-93],[-68],[-56],[-50],[-6],[-23],[-15],[-7],[22],[45],[35],[34],[62],[35],[3],[-12],[-22],[-55],[-86],[-75],[-109],[-107],[-95],[-77],[-85],[-67],[-54],[-80],[-56],[-88],[-103],[-100],[-126],[-157],[-154],[-131],[-91],[12],[80],[141],[191],[212],[224],[157],[101],[60],[11],[-46],[-59],[-103],[-120],[-105],[-103],[-54],[-26],[-29],[-21],[44],[72],[117],[176],[184],[184],[203],[159],[101],[54],[40],[-24],[-69],[-78],[-46],[-37],[4],[51],[93],[156],[145],[129],[164],[122],[105],[101],[64],[65],[30],[-6],[-21],[-19],[-27],[-35],[-4],[34],[56],[77],[152],[153],[140],[130],[129],[72],[18],[-22],[-38],[-85],[-118],[-104],[-114],[-113],[-96],[-51],[-59],[-32],[-10],[-10],[5],[0],[28],[-21],[-54],[-85],[-93],[-136],[-172],[-195],[-210],[-195],[-221],[-246],[-221],[-245],[-289],[-288],[-234],[-31],[225],[381],[483],[561],[511],[347],[150],[-5],[-92],[-209],[-378],[-432],[-371],[-326],[-295],[-157],[28],[113],[69],[107],[241],[331],[350],[369],[377],[320],[194],[101],[-29],[-179],[-280],[-344],[-378],[-377],[-299],[-143],[45],[184],[251],[301],[337],[290],[260],[275],[206],[141],[84],[-8],[-57],[-99],[-154],[-207],[-248],[-247],[-214],[-132],[-65],[101],[202],[282],[355],[337],[286],[232],[160],[42],[-78],[-148],[-191],[-220],[-207],[-156],[-150],[-126],[-97],[-60],[22],[53],[110],[200],[242],[283],[319],[255],[236],[132],[81],[-34],[-137],[-176],[-223],[-232],[-198],[-151],[-48],[32],[73],[135],[180],[171],[179],[137],[107],[84],[23],[-38],[-60],[-99],[-124],[-112],[-117],[-103],[-59],[16],[48],[91],[149],[129],[144],[100],[23],[-47],[-104],[-176],[-212],[-241],[-251],[-216],[-210],[-207],[-189],[-156],[-161],[-160],[-152],[-139],[-167],[-215],[-256],[-356],[-77],[382],[515],[481],[523],[627],[403],[-6],[-246],[-118],[-100],[-508],[-631],[-354],[-226],[-322],[-208],[121],[229],[43],[-3],[221],[392],[353],[353],[431],[364],[125],[24],[24],[-151],[-417],[-432],[-334],[-355],[-349],[-192],[86],[265],[241],[234],[310],[270],[217],[233],[179],[84],[48],[-27],[-106],[-159],[-154],[-182],[-254],[-264],[-207],[-98],[15],[164],[287],[375],[369],[329],[304],[267],[258],[218],[85],[-16],[-130],[-190],[-177],[-197],[-214],[-160],[-86],[-24],[128],[233],[285],[364],[370],[316],[238],[169],[50],[-33],[-109],[-195],[-257],[-235],[-216],[-176],[-93],[-30],[17],[48],[74],[88],[73],[19],[-46],[-133],[-191],[-272],[-347],[-351],[-361],[-326],[-323],[-316],[-287],[-312],[-291],[-158],[104],[285],[398],[630],[740],[662],[466],[269],[138],[-111],[-412],[-548],[-524],[-519],[-558],[-421],[-188],[-43],[33],[115],[276],[393],[360],[379],[484],[488],[342],[227],[179],[-19],[-264],[-382],[-434],[-507],[-538],[-442],[-232],[-54],[84],[264],[391],[429],[435],[384],[329],[233],[153],[65],[-23],[-104],[-185],[-207],[-248],[-273],[-270],[-187],[-104],[0],[149],[282],[416],[473],[470],[419],[333],[185],[44],[-60],[-115],[-52],[-42],[0],[28],[17],[18],[27],[-8],[3],[62],[134],[145],[202],[240],[228],[194],[120],[20],[-79],[-139],[-206],[-203],[-151],[-80],[-37],[13],[68],[59],[34],[32],[-37],[-95],[-136],[-159],[-171],[-184],[-172],[-199],[-197],[-250],[-322],[-314],[-327],[-352],[-332],[-357],[-385],[-373],[-325],[-48],[343],[619],[729],[757],[757],[562],[272],[13],[-140],[-304],[-548],[-705],[-667],[-544],[-411],[-261],[-62],[95],[129],[180],[338],[417],[443],[477],[526],[448],[275],[115],[1],[-143],[-384],[-526],[-563],[-532],[-466],[-299],[-40],[175],[349],[411],[492],[480],[461],[399],[288],[173],[60],[-47],[-94],[-145],[-202],[-239],[-239],[-271],[-259],[-126],[-14],[147],[321],[408],[480],[460],[406],[325],[219],[84],[23],[13],[-23],[-72],[-112],[-129],[-191],[-203],[-189],[-67],[20],[126],[195],[263],[324],[357],[306],[198],[93],[-62],[-159],[-238],[-255],[-226],[-172],[-70],[-32],[-12],[32],[92],[70],[20],[-37],[-70],[-136],[-192],[-251],[-307],[-307],[-359],[-418],[-396],[-390],[-392],[-334],[-407],[-430],[-326],[0],[424],[659],[824],[926],[921],[624],[244],[20],[-156],[-387],[-669],[-800],[-709],[-598],[-444],[-224],[38],[185],[193],[273],[440],[484],[484],[487],[537],[427],[190],[50],[-52],[-228],[-454],[-605],[-609],[-551],[-481],[-224],[66],[269],[389],[505],[550],[511],[436],[369],[278],[114],[-40],[-156],[-199],[-232],[-267],[-313],[-314],[-286],[-214],[-98],[80],[290],[411],[480],[565],[511],[429],[294],[160],[56],[-89],[-180],[-187],[-202],[-178],[-184],[-162],[-64],[41],[108],[165],[244],[304],[346],[324],[284],[204],[133],[2],[-158],[-260],[-301],[-288],[-260],[-192],[-95],[26],[117],[189],[209],[220],[141],[23],[-66],[-211],[-316],[-392],[-436],[-455],[-471],[-447],[-414],[-384],[-418],[-472],[-465],[-327],[81],[430],[705],[924],[1012],[976],[672],[294],[13],[-212],[-509],[-811],[-898],[-807],[-671],[-511],[-249],[8],[144],[241],[377],[506],[564],[532],[542],[534],[381],[126],[-33],[-170],[-355],[-559],[-686],[-672],[-591],[-451],[-206],[129],[330],[443],[538],[624],[562],[448],[356],[257],[118],[-95],[-234],[-256],[-259],[-326],[-364],[-330],[-269],[-127],[0],[180],[386],[486],[548],[645],[607],[478],[366],[258],[75],[-134],[-264],[-326],[-358],[-351],[-293],[-159],[24],[175],[258],[362],[449],[402],[400],[309],[172],[84],[1],[-132],[-231],[-256],[-304],[-294],[-253],[-171],[-107],[-6],[108],[188],[227],[196],[164],[61],[-90],[-236],[-373],[-505],[-593],[-622],[-605],[-573],[-528],[-518],[-517],[-414],[-87],[394],[712],[955],[1095],[1100],[859],[504],[163],[-111],[-416],[-755],[-967],[-979],[-895],[-733],[-480],[-174],[84],[190],[315],[525],[666],[675],[703],[712],[583],[297],[-11],[-178],[-372],[-611],[-778],[-817],[-763],[-606],[-360],[-11],[294],[451],[548],[693],[678],[572],[469],[355],[179],[-29],[-196],[-266],[-302],[-324],[-359],[-371],[-351],[-243],[-83],[117],[300],[458],[603],[742],[728],[678],[587],[444],[191],[-85],[-323],[-477],[-542],[-543],[-473],[-285],[-56],[124],[292],[459],[544],[513],[504],[438],[274],[113],[-11],[-132],[-250],[-328],[-375],[-329],[-305],[-276],[-168],[8],[88],[133],[200],[228],[177],[88],[-34],[-172],[-346],[-472],[-604],[-646],[-644],[-667],[-660],[-610],[-509],[-228],[253],[644],[956],[1117],[1096],[956],[652],[256],[-76],[-331],[-663],[-939],[-1030],[-963],[-752],[-531],[-309],[-28],[153],[253],[411],[585],[635],[650],[664],[649],[426],[154],[-48],[-267],[-514],[-748],[-872],[-832],[-664],[-438],[-124],[249],[507],[605],[701],[719],[598],[468],[315],[109],[-66],[-210],[-263],[-261],[-295],[-333],[-311],[-304],[-232],[-60],[147],[322],[474],[641],[777],[767],[674],[624],[456],[146],[-130],[-340],[-513],[-605],[-624],[-520],[-311],[-111],[50],[272],[467],[529],[536],[572],[465],[278],[123],[-32],[-187],[-322],[-406],[-459],[-426],[-340],[-277],[-144],[26],[167],[215],[237],[223],[189],[62],[-122],[-272],[-444],[-590],[-678],[-703],[-726],[-730],[-682],[-545],[-170],[368],[800],[1077],[1206],[1233],[1061],[665],[282],[27],[-291],[-693],[-976],[-1048],[-988],[-822],[-570],[-296],[-48],[125],[287],[504],[732],[770],[742],[714],[623],[358],[69],[-148],[-357],[-587],[-790],[-874],[-807],[-608],[-373],[-67],[240],[461],[549],[637],[694],[672],[515],[339],[156],[-53],[-266],[-374],[-418],[-505],[-513],[-507],[-427],[-270],[-46],[246],[464],[604],[771],[847],[846],[810],[699],[456],[172],[-167],[-446],[-637],[-715],[-723],[-589],[-375],[-144],[55],[291],[504],[615],[625],[559],[446],[338],[157],[-38],[-155],[-295],[-437],[-491],[-452],[-402],[-316],[-128],[18],[130],[173],[244],[203],[109],[2],[-198],[-369],[-506],[-625],[-720],[-750],[-752],[-739],[-534],[-65],[483],[861],[1125],[1294],[1240],[941],[538],[208],[-20],[-357],[-717],[-896],[-909],[-839],[-686],[-446],[-161],[-11],[98],[258],[490],[637],[685],[746],[728],[625],[332],[51],[-155],[-378],[-680],[-886],[-904],[-807],[-640],[-347],[32],[378],[511],[605],[718],[676],[583],[392],[220],[58],[-156],[-307],[-362],[-391],[-448],[-503],[-473],[-421],[-292],[-133],[94],[361],[536],[697],[859],[933],[942],[751],[476],[161],[-200],[-502],[-687],[-756],[-706],[-502],[-272],[-22],[237],[423],[533],[609],[521],[373],[250],[142],[-4],[-100],[-176],[-297],[-375],[-382],[-400],[-368],[-232],[-79],[29],[120],[224],[230],[166],[49],[-163],[-381],[-548],[-700],[-813],[-871],[-865],[-719],[-334],[234],[694],[1021],[1230],[1282],[1090],[752],[366],[96],[-186],[-515],[-768],[-854],[-811],[-703],[-542],[-331],[-86],[32],[138],[384],[602],[709],[813],[822],[726],[524],[194],[-100],[-346],[-602],[-847],[-926],[-851],[-687],[-458],[-79],[261],[449],[534],[635],[695],[674],[505],[381],[198],[-15],[-190],[-339],[-415],[-519],[-593],[-582],[-516],[-407],[-203],[96],[328],[533],[720],[868],[921],[881],[737],[483],[194],[-139],[-391],[-573],[-691],[-704],[-564],[-400],[-189],[67],[327],[521],[654],[680],[615],[462],[292],[113],[-114],[-314],[-460],[-544],[-567],[-531],[-416],[-243],[-80],[43],[185],[228],[200],[145],[-10],[-189],[-333],[-499],[-634],[-741],[-825],[-861],[-712],[-238],[326],[739],[1046],[1234],[1225],[1036],[662],[292],[57],[-247],[-605],[-875],[-888],[-751],[-598],[-398],[-147],[42],[146],[236],[457],[641],[699],[700],[745],[630],[401],[88],[-110],[-355],[-642],[-891],[-928],[-815],[-651],[-396],[-31],[303],[504],[574],[700],[740],[636],[486],[280],[112],[-58],[-231],[-331],[-424],[-522],[-574],[-559],[-490],[-391],[-174],[128],[370],[584],[776],[942],[997],[896],[707],[361],[44],[-255],[-510],[-660],[-707],[-652],[-530],[-364],[-138],[81],[273],[459],[567],[618],[531],[465],[347],[145],[-92],[-309],[-513],[-611],[-616],[-583],[-436],[-256],[-93],[21],[137],[142],[85],[-20],[-158],[-343],[-507],[-620],[-721],[-772],[-763],[-557],[-68],[481],[821],[992],[1108],[1050],[828],[454],[132],[8],[-222],[-605],[-808],[-753],[-661],[-559],[-368],[-77],[100],[145],[286],[609],[786],[802],[816],[826],[673],[357],[44],[-210],[-459],[-752],[-957],[-940],[-776],[-552],[-256],[130],[461],[531],[565],[704],[705],[547],[365],[253],[107],[-76],[-230],[-274],[-355],[-463],[-520],[-478],[-422],[-331],[-143],[128],[379],[592],[731],[881],[920],[865],[631],[384],[83],[-263],[-544],[-671],[-703],[-640],[-509],[-285],[-55],[164],[323],[454],[537],[513],[493],[363],[240],[115],[-102],[-304],[-454],[-601],[-645],[-596],[-513],[-394],[-194],[-12],[119],[188],[199],[121],[-47],[-259],[-460],[-603],[-744],[-826],[-835],[-700],[-260],[275],[678],[980],[1123],[1114],[960],[636],[284],[56],[-138],[-458],[-691],[-744],[-672],[-569],[-439],[-254],[-82],[19],[122],[356],[613],[804],[841],[849],[847],[630],[324],[66],[-223],[-536],[-805],[-908],[-868],[-684],[-383],[-34],[278],[490],[548],[608],[672],[560],[451],[268],[150],[45],[-128],[-236],[-326],[-440],[-523],[-539],[-496],[-405],[-238],[44],[316],[522],[685],[812],[924],[837],[642],[494],[269],[6],[-261],[-459],[-586],[-661],[-650],[-527],[-338],[-129],[73],[286],[482],[578],[581],[523],[457],[285],[61],[-158],[-330],[-469],[-564],[-603],[-558],[-468],[-382],[-259],[-137],[-34],[12],[14],[-62],[-170],[-282],[-393],[-486],[-544],[-637],[-674],[-590],[-262],[210],[550],[848],[1029],[1044],[918],[662],[342],[142],[-116],[-458],[-686],[-737],[-710],[-610],[-414],[-187],[-13],[106],[236],[431],[612],[720],[722],[717],[660],[511],[237],[-5],[-205],[-440],[-686],[-780],[-740],[-599],[-356],[-55],[236],[441],[519],[635],[731],[639],[484],[360],[202],[19],[-164],[-291],[-378],[-483],[-563],[-572],[-510],[-395],[-235],[14],[304],[521],[674],[810],[923],[853],[725],[548],[366],[138],[-143],[-359],[-507],[-650],[-675],[-562],[-399],[-217],[19],[255],[438],[541],[581],[521],[452],[300],[93],[-86],[-252],[-392],[-466],[-513],[-496],[-455],[-402],[-308],[-168],[-80],[-37],[8],[-20],[-104],[-200],[-328],[-414],[-492],[-586],[-682],[-682],[-566],[-177],[295],[636],[847],[962],[987],[869],[568],[279],[65],[-195],[-535],[-750],[-762],[-672],[-515],[-357],[-117],[80],[113],[209],[450],[634],[644],[620],[676],[603],[385],[146],[-50],[-231],[-514],[-695],[-735],[-640],[-509],[-310],[18],[311],[398],[463],[645],[701],[621],[440],[312],[209],[33],[-164],[-283],[-355],[-475],[-516],[-513],[-432],[-299],[-159],[76],[283],[482],[648],[767],[806],[769],[576],[369],[176],[11],[-135],[-251],[-365],[-429],[-431],[-369],[-274],[-139],[80],[265],[376],[474],[491],[459],[384],[238],[41],[-147],[-304],[-430],[-477],[-426],[-408],[-375],[-280],[-148],[-91],[-68],[-48],[-35],[-58],[-133],[-191],[-245],[-291],[-368],[-451],[-535],[-614],[-642],[-588],[-344],[128],[536],[773],[951],[1072],[972],[648],[272],[36],[-230],[-587],[-828],[-835],[-693],[-542],[-337],[-55],[140],[192],[249],[425],[562],[555],[538],[564],[533],[364],[138],[-42],[-184],[-429],[-650],[-705],[-651],[-540],[-372],[-70],[213],[403],[517],[634],[714],[669],[467],[301],[155],[-16],[-230],[-336],[-356],[-422],[-462],[-398],[-321],[-231],[-104],[103],[283],[485],[596],[732],[762],[692],[568],[366],[150],[-35],[-177],[-301],[-380],[-424],[-405],[-295],[-187],[-52],[152],[316],[408],[444],[468],[419],[314],[177],[19],[-160],[-283],[-396],[-459],[-437],[-365],[-314],[-251],[-143],[-71],[-24],[11],[9],[25],[-21],[-97],[-197],[-259],[-349],[-470],[-561],[-611],[-680],[-706],[-622],[-442],[44],[569],[906],[1043],[1101],[1016],[741],[293],[-77],[-257],[-517],[-860],[-960],[-803],[-622],[-430],[-171],[96],[240],[251],[348],[611],[727],[646],[603],[615],[468],[175],[-69],[-214],[-437],[-704],[-844],[-787],[-642],[-430],[-119],[225],[445],[562],[679],[781],[768],[529],[307],[144],[-16],[-253],[-350],[-364],[-364],[-437],[-427],[-320],[-197],[-100],[68],[318],[457],[518],[634],[753],[712],[607],[406],[181],[-69],[-287],[-412],[-453],[-439],[-335],[-199],[12],[186],[291],[368],[416],[354],[284],[210],[166],[67],[-40],[-138],[-234],[-285],[-322],[-344],[-266],[-206],[-108],[32],[109],[159],[202],[152],[52],[-44],[-156],[-288],[-366],[-452],[-507],[-522],[-477],[-428],[-348],[-292],[-335],[-338],[-326],[-250],[-15],[452],[772],[891],[889],[852],[676],[347],[-38],[-284],[-484],[-754],[-944],[-868],[-613],[-364],[-118],[192],[402],[411],[390],[499],[595],[495],[338],[312],[309],[132],[-76],[-155],[-282],[-487],[-639],[-666],[-557],[-399],[-190],[128],[382],[499],[578],[670],[676],[483],[224],[28],[-76],[-219],[-335],[-314],[-266],[-240],[-234],[-167],[-104],[-35],[44],[182],[346],[436],[531],[664],[687],[557],[355],[152],[-104],[-330],[-460],[-485],[-421],[-305],[-95],[84],[276],[342],[345],[331],[253],[157],[97],[66],[10],[-22],[-70],[-119],[-161],[-184],[-202],[-219],[-208],[-128],[-54],[83],[137],[154],[159],[147],[33],[-82],[-165],[-259],[-314],[-371],[-407],[-376],[-355],[-319],[-302],[-244],[-246],[-329],[-402],[-477],[-424],[-148],[422],[815],[981],[995],[985],[868],[426],[-54],[-231],[-373],[-734],[-1031],[-910],[-656],[-449],[-245],[34],[236],[218],[184],[421],[595],[512],[421],[462],[499],[290],[29],[-50],[-116],[-442],[-750],[-789],[-652],[-538],[-390],[-30],[269],[365],[469],[683],[726],[593],[369],[242],[156],[-48],[-229],[-246],[-229],[-312],[-343],[-244],[-173],[-124],[-21],[174],[269],[340],[456],[604],[602],[489],[349],[152],[-61],[-235],[-389],[-483],[-480],[-469],[-373],[-195],[-34],[159],[369],[476],[507],[484],[464],[363],[249],[98],[-101],[-249],[-352],[-429],[-434],[-368],[-257],[-93],[54],[197],[352],[409],[464],[402],[275],[117],[-39],[-200],[-329],[-404],[-443],[-413],[-330],[-207],[-140],[-58],[-19],[37],[-5],[-78],[-107],[-189],[-311],[-438],[-495],[-470],[-278],[123],[507],[672],[741],[666],[565],[348],[37],[-190],[-262],[-407],[-634],[-656],[-508],[-322],[-201],[-120],[-13],[41],[45],[166],[384],[481],[438],[464],[493],[389],[139],[-32],[-152],[-337],[-571],[-645],[-529],[-382],[-212],[-45],[185],[304],[393],[472],[525],[486],[380],[284],[230],[127],[-18],[-97],[-131],[-209],[-312],[-338],[-272],[-219],[-152],[0],[142],[192],[269],[370],[420],[389],[276],[184],[133],[-22],[-163],[-230],[-264],[-334],[-365],[-309],[-210],[-82],[64],[185],[319],[442],[533],[578],[578],[462],[250],[48],[-194],[-365],[-439],[-435],[-340],[-172],[-36],[123],[291],[368],[410],[369],[292],[230],[166],[62],[-13],[-62],[-169],[-223],[-283],[-283],[-284],[-237],[-215],[-148],[-83],[-32],[19],[25],[-18],[-104],[-195],[-266],[-395],[-513],[-572],[-639],[-593],[-380],[72],[564],[773],[862],[866],[762],[464],[128],[-110],[-263],[-527],[-795],[-815],[-585],[-421],[-303],[-103],[93],[161],[134],[267],[508],[546],[452],[453],[499],[380],[118],[-8],[-84],[-343],[-608],[-679],[-553],[-421],[-296],[-51],[197],[334],[404],[528],[569],[482],[357],[226],[117],[-20],[-144],[-186],[-208],[-300],[-421],[-422],[-349],[-295],[-188],[8],[233],[393],[530],[684],[712],[588],[425],[220],[-23],[-239],[-424],[-500],[-515],[-484],[-379],[-199],[-54],[122],[202],[223],[256],[291],[305],[352],[401],[453],[498],[449],[373],[199],[24],[-211],[-387],[-499],[-492],[-378],[-183],[35],[205],[348],[379],[402],[324],[192],[71],[-54],[-138],[-158],[-156],[-188],[-167],[-148],[-139],[-171],[-188],[-143],[-94],[-66],[-28],[34],[42],[35],[9],[-49],[-158],[-246],[-362],[-491],[-556],[-644],[-651],[-566],[-390],[-26],[367],[685],[826],[812],[693],[512],[234],[-56],[-213],[-372],[-568],[-654],[-560],[-394],[-312],[-197],[-86],[25],[75],[141],[291],[449],[474],[473],[485],[412],[257],[37],[-140],[-325],[-552],[-704],[-647],[-479],[-262],[-59],[176],[377],[479],[509],[517],[476],[404],[245],[153],[81],[-18],[-95],[-141],[-215],[-288],[-325],[-347],[-314],[-204],[-95],[53],[274],[428],[512],[583],[595],[510],[325],[129],[-26],[-138],[-220],[-294],[-290],[-227],[-208],[-175],[-119],[-87],[-67],[-21],[49],[173],[291],[372],[511],[555],[581],[444],[270],[110],[-109],[-317],[-426],[-455],[-392],[-308],[-161],[-39],[90],[182],[200],[256],[224],[139],[133],[98],[69],[57],[40],[-21],[-62],[-147],[-243],[-298],[-280],[-250],[-195],[-102],[48],[147],[183],[160],[77],[-29],[-183],[-309],[-381],[-412],[-407],[-384],[-374],[-380],[-400],[-404],[-383],[-332],[-109],[188],[444],[642],[753],[767],[632],[389],[140],[-52],[-262],[-500],[-637],[-625],[-531],[-428],[-286],[-89],[57],[109],[193],[332],[391],[397],[433],[500],[424],[286],[193],[128],[-61],[-264],[-440],[-494],[-491],[-428],[-263],[-46],[157],[340],[445],[504],[511],[428],[325],[224],[81],[-15],[-24],[-79],[-148],[-166],[-191],[-199],[-182],[-108],[-44],[25],[114],[247],[318],[401],[427],[460],[341],[217],[64],[-71],[-218],[-293],[-356],[-367],[-335],[-242],[-136],[-40],[71],[107],[134],[187],[222],[227],[214],[226],[173],[93],[25],[-20],[-110],[-190],[-213],[-181],[-171],[-110],[-4],[91],[172],[177],[179],[180],[194],[108],[59],[2],[-72],[-150],[-182],[-219],[-222],[-197],[-118],[-64],[33],[138],[260],[289],[273],[234],[171],[78],[-14],[-131],[-208],[-283],[-364],[-388],[-361],[-364],[-318],[-251],[-204],[-176],[-174],[-139],[-158],[-164],[-161],[-185],[-66],[86],[242],[352],[421],[498],[458],[298],[137],[63],[-48],[-271],[-412],[-389],[-378],[-390],[-355],[-192],[-31],[19],[104],[284],[373],[371],[412],[495],[450],[313],[256],[171],[48],[-140],[-266],[-293],[-336],[-368],[-314],[-144],[-38],[48],[163],[292],[307],[281],[285],[271],[232],[158],[113],[73],[-30],[-124],[-176],[-219],[-233],[-250],[-228],[-164],[-37],[56],[195],[289],[366],[402],[306],[222],[156],[13],[-142],[-235],[-267],[-283],[-286],[-235],[-187],[-145],[-97],[-71],[-30],[36],[97],[148],[194],[270],[296],[267],[283],[206],[80],[0],[-78],[-167],[-225],[-223],[-173],[-119],[-28],[81],[143],[172],[198],[172],[139],[105],[71],[20],[-16],[12],[3],[10],[32],[19],[25],[-18],[-55],[-70],[-67],[-40],[13],[65],[56],[44],[50],[17],[-86],[-138],[-154],[-212],[-223],[-190],[-161],[-145],[-120],[-138],[-150],[-195],[-227],[-284],[-330],[-336],[-222],[-28],[184],[373],[605],[707],[632],[456],[325],[125],[-166],[-411],[-465],[-486],[-513],[-458],[-284],[-127],[-83],[-21],[85],[167],[192],[278],[377],[472],[454],[408],[370],[281],[77],[-107],[-245],[-368],[-460],[-430],[-346],[-239],[-84],[48],[153],[256],[293],[262],[266],[194],[162],[129],[82],[82],[58],[-33],[-116],[-153],[-225],[-278],[-259],[-231],[-172],[-59],[68],[192],[292],[315],[300],[260],[194],[113],[90],[28],[-66],[-132],[-155],[-189],[-179],[-161],[-163],[-89],[-33],[23],[90],[196],[254],[257],[258],[241],[187],[125],[60],[-26],[-103],[-139],[-156],[-165],[-110],[-60],[-3],[67],[123],[159],[189],[166],[140],[99],[78],[52],[-8],[-50],[-68],[-71],[-83],[-56],[-18],[2],[39],[80],[103],[156],[152],[90],[46],[21],[-62],[-135],[-134],[-134],[-150],[-167],[-140],[-135],[-139],[-112],[-64],[-59],[-69],[-79],[-55],[-82],[-104],[-135],[-141],[-188],[-200],[-126],[-94],[21],[34],[77],[37],[37],[162],[169],[154],[129],[88],[44],[-77],[-111],[-85],[-96],[-171],[-207],[-179],[-150],[-127],[-46],[53],[54],[83],[83],[140],[157],[140],[102],[57],[-6],[-50],[-63],[-34],[-59],[-107],[-130],[-124],[-107],[-55],[-18],[14],[60],[61],[86],[128],[139],[131],[121],[96],[70],[21],[14],[2],[20],[2],[8],[49],[86],[87],[122],[152],[111],[107],[75],[80],[100],[74],[65],[51],[40],[37],[8],[8],[-42],[-69],[-46],[0],[60],[165],[206],[226],[243],[231],[146],[62],[1],[-86],[-141],[-133],[-127],[-93],[-29],[32],[69],[122],[89],[105],[59],[21],[11],[46],[44],[35],[65],[83],[54],[7],[-15],[-32],[-75],[-110],[-60],[-39],[-4],[35],[83],[139],[100],[36],[-18],[-37],[-104],[-162],[-144],[-164],[-176],[-163],[-173],[-151],[-148],[-146],[-110],[-119],[-123],[-139],[-126],[-77],[-29],[-3],[25],[52],[32],[-30],[-98],[-151],[-146],[-141],[-102],[-58],[2],[-14],[-29],[-15],[-17],[-8],[-45],[-43],[0],[35],[63],[88],[138],[92],[30],[-11],[-16],[-46],[-46],[-21],[28],[58],[100],[180],[193],[160],[149],[115],[89],[31],[14],[16],[32],[4],[-2],[36],[37],[51],[75],[74],[50],[57],[61],[84],[107],[112],[156],[164],[140],[123],[121],[80],[48],[6],[1],[34],[23],[30],[69],[70],[56],[37],[13],[33],[9],[-8],[20],[37],[28],[33],[52],[55],[67],[94],[89],[81],[80],[90],[44],[26],[31],[-7],[-31],[-41],[-39],[-71],[-62],[-60],[-71],[-80],[-84],[-85],[-84],[-55],[4],[54],[62],[63],[88],[80],[18],[-14],[-46],[-76],[-107],[-128],[-95],[-82],[-79],[-49],[-22],[-20],[-4],[-23],[-33],[0],[-21],[4],[-5],[-37],[-48],[-64],[-91],[-70],[-102],[-101],[-44],[21],[49],[100],[95],[110],[63],[6],[0],[-40],[-90],[-91],[-125],[-133],[-97],[-110],[-90],[-85],[-85],[-82],[-47],[13],[36],[95],[133],[116],[79],[53],[4],[-56],[-84],[-88],[-101],[-88],[6],[44],[121],[141],[148],[170],[138],[111],[118],[121],[100],[65],[66],[65],[33],[7],[11],[-26],[-52],[-24],[-11],[37],[116],[176],[189],[187],[187],[166],[109],[66],[15],[-37],[-67],[-63],[-68],[-31],[2],[-10],[21],[-26],[-15],[-40],[-58],[2],[11],[19],[44],[90],[97],[108],[70],[76],[18],[-24],[-60],[-79],[-19],[-9],[-14],[36],[86],[82],[64],[83],[42],[4],[-48],[-82],[-50],[-60],[-70],[-54],[-24],[-38],[-38],[-19],[-4],[35],[25],[21],[33],[21],[16],[19],[16],[23],[-28],[-84],[-90],[-132],[-163],[-148],[-99],[-106],[-67],[-63],[-39],[10],[17],[56],[26],[-19],[-47],[-46],[-64],[-57],[-41],[-72],[-84],[-86],[-77],[-50],[-47],[-35],[-59],[-14],[-8],[18],[72],[100],[98],[102],[53],[3],[-15],[-43],[-36],[5],[-6],[0],[68],[86],[77],[91],[59],[22],[-11],[4],[1],[32],[77],[80],[83],[88],[100],[67],[54],[59],[83],[49],[57],[71],[76],[69],[72],[45],[13],[6],[-27],[-46],[-39],[-24],[35],[51],[56],[68],[108],[117],[113],[115],[121],[122],[140],[96],[51],[64],[18],[-27],[-50],[-71],[-61],[-67],[-23],[-10],[-9],[20],[67],[67],[51],[69],[76],[51],[60],[41],[46],[50],[10],[0],[-13],[-48],[-65],[-40],[-45],[-44],[6],[-5],[-6],[2],[-11],[-39],[-60],[-51],[-55],[-58],[-8],[-14],[6],[27],[40],[65],[30],[0],[-8],[-4],[-34],[-45],[-22],[-11],[-31],[-35],[-13],[-44],[-85],[-70],[-61],[-58],[-15],[1],[16],[29],[-6],[-11],[-34],[-28],[-27],[-62],[-66],[-72],[-51],[-54],[-29],[-10],[4],[-30],[-50],[-46],[-15],[-24],[40],[42],[24],[58],[45],[28],[11],[5],[-17],[-4],[22],[59],[122],[129],[136],[77],[41],[44],[21],[-11],[16],[34],[45],[85],[119],[173],[144],[120],[86],[81],[33],[4],[-7],[-14],[10],[6],[-8],[16],[20],[-3],[-20],[-12],[-5],[8],[32],[80],[80],[83],[91],[70],[41],[24],[-29],[-52],[-68],[-81],[-76],[-42],[-41],[-36],[3],[-30],[-15],[-31],[-32],[-21],[-10],[35],[44],[76],[89],[53],[19],[14],[-36],[-87],[-106],[-79],[-93],[-78],[-18],[22],[57],[92],[75],[52],[37],[36],[-20],[-8],[-36],[-75],[-72],[-39],[-63],[-85],[-92],[-62],[-55],[0],[35],[57],[81],[99],[70],[66],[54],[59],[4],[-55],[-78],[-79],[-85],[-83],[-82],[-54],[-47],[-22],[2],[8],[57],[26],[-18],[16],[10],[1],[10],[55],[40],[19],[-14],[-24],[-23],[-22],[-36],[-53],[-34],[2],[-17],[3],[50],[47],[24],[10],[34],[5],[-8],[-8],[-28],[-27],[8],[-18],[-3],[53],[50],[38],[59],[69],[46],[26],[8],[26],[11],[29],[11],[10],[21],[31],[6],[8],[14],[2],[-10],[0],[16],[22],[22],[36],[43],[29],[6],[6],[32],[6],[-26],[-13],[-3],[-14],[-8],[38],[40],[36],[67],[59],[48],[57],[50],[25],[8],[4],[18],[-6],[-27],[-25],[-48],[-52],[-34],[-27],[0],[-13],[3],[9],[58],[77],[72],[63],[58],[45],[35],[30],[-11],[-26],[-20],[-46],[-51],[-32],[-5],[-11],[-7],[29],[19],[8],[19],[49],[32],[13],[40],[30],[44],[16],[19],[3],[17],[25],[15],[12],[29],[28],[3],[-9],[13],[-18],[-30],[14],[9],[1],[14],[51],[48],[29],[25],[-5],[5],[1],[-15],[-16],[17],[9],[-13],[-16],[10],[-10],[-32],[-14],[-48],[-40],[-42],[-22],[-40],[-36],[-28],[-26],[-22],[-3],[22],[-10],[-24],[-22],[-13],[-20],[28],[49],[26],[30],[2],[6],[33],[-9],[-37],[-46],[-33],[-16],[-15],[1],[18],[27],[-18],[12],[8],[-4],[-3],[39],[43],[29],[22],[50],[43],[26],[-11],[-34],[-42],[-46],[-48],[-24],[13],[29],[77],[81],[83],[73],[74],[34],[28],[45],[24],[20],[48],[58],[27],[3],[-4],[1],[-39],[-61],[-62],[-59],[-10],[13],[48],[69],[88],[72],[95],[61],[50],[70],[32],[-8],[-11],[8],[-21],[-7],[4],[-17],[-46],[-36],[-26],[-24],[-22],[22],[22],[24],[35],[78],[62],[59],[36],[25],[0],[0],[-38],[-71],[-76],[-29],[-55],[-31],[-13],[-27],[-52],[-36],[-36],[-22],[20],[12],[-4],[28],[33],[12],[-10],[4],[2],[-37],[-46],[-22],[-26],[-16],[-4],[-12],[-24],[12],[-17],[2],[33],[5],[-26],[-19],[9],[-18],[-37],[-23],[-38],[-30],[-14],[-8],[34],[8],[11],[14],[31],[27],[30],[43],[46],[6],[-16],[-15],[-38],[-24],[-16],[-27],[-24],[38],[17],[12],[48],[35],[19],[11],[30],[11],[17],[8],[12],[21],[27],[33],[42],[33],[48],[66],[46],[39],[54],[28],[12],[16],[2],[0],[-7],[20],[8],[-6],[-5],[5],[26],[36],[41],[20],[40],[30],[5],[11],[37],[28],[19],[29],[9],[-15],[-23],[-10],[-23],[-22],[6],[25],[25],[37],[56],[29],[5],[0],[-8],[-14],[0],[-21],[-26],[-4],[-15],[-23],[-19],[-20],[-26],[-11],[9],[-11],[-4],[32],[24],[8],[2],[-6],[12],[-6],[-35],[-27],[-22],[-46],[-47],[-15],[-24],[-5],[-10],[-5],[-6],[8],[-14],[-7],[-10],[-14],[2],[12],[50],[29],[2],[0],[-23],[-17],[-15],[10],[0],[-10],[-5],[17],[10],[10],[12],[6],[8],[12],[42],[24],[3],[49],[35],[5],[30],[58],[52],[31],[52],[45],[32],[50],[26],[8],[8],[-18],[-19],[-47],[-62],[-70],[-64],[-40],[16],[25],[36],[44],[38],[27],[27],[26],[33],[11],[51],[31],[17],[32],[32],[-12],[-9],[-55],[-41],[-50],[-50],[-28],[25],[29],[24],[40],[53],[40],[50],[64],[43],[21],[30],[37],[15],[0],[-15],[-52],[-50],[-65],[-37],[1],[14],[20],[56],[43],[44],[54],[24],[12],[19],[-19],[-36],[-21],[6],[19],[2],[15],[16],[-21],[-41],[0],[-23],[-22],[-13],[13],[42],[55],[62],[64],[42],[29],[-10],[-6],[-14],[-37],[-30],[-47],[-23],[-18],[-23],[-24],[14],[0],[-21],[-20],[20],[20],[27],[46],[74],[95],[101],[88],[67],[61],[13],[-32],[-49],[-55],[-45],[-46],[-15],[11],[-7],[-7],[-19],[2],[-31],[-5],[-15],[-11],[18],[69],[52],[75],[57],[52],[45],[4],[-14],[-5],[-24],[-31],[-9],[10],[4],[26],[11],[26],[17],[-12],[-24],[-26],[-32],[-4],[-15],[-5],[33],[5],[13],[16],[7],[-5],[1],[8],[7],[35],[33],[42],[49],[29],[7],[0],[-4],[-37],[-53],[-48],[-35],[-59],[-40],[-4],[9],[-3],[17],[54],[29],[27],[57],[22],[33],[3],[13],[22],[26],[7],[21],[8],[20],[-11],[-29],[-22],[18],[19],[24],[60],[74],[63],[41],[36],[-7],[-24],[-10],[-37],[-34],[-24],[21],[12],[35],[25],[22],[40],[16],[9],[44],[25],[38],[29],[46],[52],[30],[1],[12],[6],[-26],[-28],[-28],[3],[8],[27],[65],[39],[36],[41],[14],[-7],[2],[-23],[-32],[-5],[19],[22],[18],[33],[36],[11],[0],[18],[24],[2],[-14],[16],[-15],[7],[-8],[12],[-21],[-41],[-23],[-42],[-55],[-48],[-18],[-23],[-23],[4],[38],[33],[42],[35],[27],[13],[52],[34],[1],[-9],[9],[-17],[-39],[-26],[-29],[-10],[-22],[-19],[14],[2],[-13],[13],[11],[28],[27],[8],[-3],[20],[29],[5],[41],[36],[22],[20],[38],[24],[-6],[0],[-30],[-32],[-9],[-19],[20],[29],[53],[41],[50],[34],[22],[1],[-12],[-12],[-15],[-22],[1],[-11],[-12],[12],[-4],[-19],[11],[13],[8],[20],[60],[59],[48],[37],[51],[12],[-15],[9],[-3],[-15],[-12],[16],[8],[-8],[1],[-3],[-21],[1],[14],[-3],[1],[19],[22],[37],[25],[19],[24],[45],[15],[29],[10],[6],[17],[32],[15],[-9],[9],[11],[-4],[-24],[-27],[-9],[-5],[-17],[-11],[27],[8],[22],[26],[52],[30],[9],[32],[21],[1],[2],[25],[15],[1],[11],[13],[-11],[13],[3],[-13],[15],[-3],[-13],[10],[27],[13],[-8],[33],[-3],[8],[16],[5],[-8],[26],[11],[8],[14],[50],[41],[27],[43],[38],[10],[-4],[3],[-27],[-30],[8],[-5],[-19],[28],[20],[8],[17],[15],[-5],[-7],[19],[-15],[-10],[2],[9],[43],[25],[14],[6],[-5],[13],[-10],[-16],[8],[-15],[-15],[0],[24],[5],[4],[28],[-3],[-20],[10],[-7],[1],[9],[34],[59],[45],[20],[24],[19],[-19],[-48],[-24],[-19],[-25],[-14],[5],[49],[37],[20],[18],[35],[4],[-11],[-19],[-16],[2],[-18],[-12],[-6],[-5],[21],[-7],[-17],[21],[9],[3],[29],[27],[59],[49],[30],[42],[41],[2],[19],[1],[-24],[-21],[10],[3],[0],[22],[6],[-5],[24],[9],[1],[16],[20],[-10],[1],[36],[18],[-4],[-7],[10],[-19],[-30],[-8],[13],[0],[3],[15],[48],[30],[12],[11],[26],[1],[-22],[-20],[-19],[-11],[-22],[0],[-5],[-22],[-16],[-15],[-12],[21],[9],[4],[47],[43],[36],[47],[18],[3],[9],[-42],[-51],[-59],[-38],[-49],[-39],[15],[-6],[41],[36],[21],[12],[28],[5],[-6],[13],[5],[11],[47],[15],[37],[-3],[4],[-38],[-24],[-22],[-29],[-9],[11],[10],[9],[22],[30],[16],[-6],[18],[4],[0],[19],[2],[8],[41],[25],[6],[6],[5],[27],[-8],[1],[9],[8],[16],[37],[26],[22],[37],[2],[4],[0],[3],[0],[28],[11],[-5],[12],[21],[-5],[-15],[9],[-20],[4],[-10],[-26],[22],[-13],[20],[11],[3],[40],[26],[10],[19],[3],[2],[0],[-11],[-19],[0],[-20],[-23],[0],[-14],[-24],[-16],[-18],[-21],[24],[21],[13],[15],[42],[23],[5],[-4],[18],[0],[-17],[0],[13],[8],[-6],[27],[22],[17],[24],[36],[13],[29],[12],[3],[21],[-5],[-21],[0],[12],[4],[45],[35],[21],[50],[27],[4],[-6],[17],[-5],[-15],[19],[11],[2],[-5],[6],[-22],[-23],[1],[-13],[-20],[4],[23],[11],[-6],[10],[-13],[10],[-6],[-10],[26],[24],[14],[23],[21],[41],[17],[3],[4],[20],[-12],[9],[-3],[-4],[2],[40],[37],[29],[40],[24],[29],[8],[29],[-9],[16],[9],[-16],[-20],[-6],[3],[27],[11],[-8],[-16],[10],[3],[-3],[21],[36],[27],[33],[28],[17],[39],[13],[0],[-20],[0],[-13],[-27],[-21],[-8],[22],[5],[-18],[-17],[-17],[-24],[-22],[-17],[14],[-7],[-7],[26],[11],[-3],[-3],[27],[5],[1],[5],[-10],[2],[-19],[2],[-16],[-29],[-13],[-4],[-16],[-32],[9],[-7],[-19],[-20],[17],[14],[17],[34],[35],[50],[40],[66],[46],[13],[16],[13],[-10],[-19],[9],[-5],[5],[-8],[33],[27],[13],[16],[38],[17],[30],[28],[64],[49],[25],[14],[26],[-9],[-34],[-6],[-19],[-31],[-11],[-8],[22],[20],[42],[38],[50],[49],[24],[22],[54],[17],[13],[6],[1],[9],[-23],[-6],[-18],[-25],[2],[-9],[-15],[-13],[22],[20],[10],[50],[19],[40],[40],[11],[-4],[22],[-5],[-26],[-22],[2],[-6],[30],[18],[6],[2],[19],[9],[1],[3],[25],[0],[25],[9],[6],[29],[17],[-5],[18],[-13],[-12],[19],[4],[36],[20],[6],[25],[28],[11],[-18],[17],[-10],[-11],[-33],[-11],[-11],[-24],[-36],[-42],[-22],[-14],[-26],[-20],[19],[1],[24],[11],[12],[6],[0],[0],[-5],[4],[5],[6],[18],[8],[9],[35],[16],[3],[22],[9],[15],[4],[45],[30],[13],[19],[49],[35],[16],[9],[32],[20],[10],[32],[21],[34],[34],[59],[41],[22],[16],[27],[6],[-10],[20],[-10],[23],[10],[-4],[-4],[20],[9],[-7],[-3],[21],[18],[13],[48],[34],[18],[17],[31],[0],[-4],[17],[-24],[-38],[-24],[-16],[-22],[-22],[20],[5],[27],[14],[19],[48],[25],[1],[0],[-13],[-14],[-21],[-22],[-24],[-22],[6],[-15],[-7],[-8],[29],[21],[11],[3],[25],[12],[0],[3],[9],[-4],[21],[28],[10],[-6],[10],[5],[-26],[0],[-30],[-12],[5],[-3],[-7],[17],[19],[2],[4],[24],[14],[2],[9],[41],[32],[25],[64],[44],[14],[2],[-11],[-19],[-23],[-27],[-32],[13],[-7],[28],[21],[9],[24],[30],[18],[10],[44],[42],[31],[33],[56],[29],[15],[18],[10],[0],[16],[-8],[-19],[16],[1],[-10],[8],[33],[24],[19],[25],[27],[29],[20],[13],[4],[-9],[-12],[-9],[22],[-3],[-16],[22],[-5],[-3],[-7],[22],[9],[-11],[-8],[-7],[3],[11],[27],[12],[6],[29],[3],[33],[16],[-3],[-5],[28],[16],[4],[5],[6],[-4],[-13],[-14],[-22],[-11],[-35],[-36],[-8],[-17],[-18],[0],[35],[25],[20],[21],[21],[18],[10],[27],[-6],[-26],[4],[-12],[-25],[-8],[7],[-16],[-15],[12],[-3],[-11],[8],[36],[25],[27],[34],[28],[50],[27],[6],[3],[-16],[11],[-7],[-19],[-11],[-5],[5],[11],[17],[32],[10],[26],[13],[26],[16],[8],[4],[3],[3],[3],[-16],[-16],[-21],[8],[-21],[-11],[-24],[-18],[-15],[-6],[27],[21],[8],[41],[33],[19],[10],[34],[18],[5],[5],[28],[13],[1],[2],[-6],[-5],[5],[22],[4],[16],[30],[14],[4],[21],[8],[6],[25],[9],[14],[17],[41],[23],[8],[6],[29],[11],[-11],[-3],[-20],[-28],[-31],[-31],[-16],[6],[-11],[-3],[20],[11],[6],[28],[0],[-12],[-13],[20],[11],[-3],[11],[-5],[20],[23],[6],[-11],[24],[0],[1],[13],[16],[40],[31],[17],[10],[1],[-16],[18],[12],[6],[8],[48],[38],[29],[29],[55],[32],[11],[9],[3],[14],[23],[12],[16],[45],[33],[17],[15],[1],[4],[-27],[-19],[-32],[-15],[-5],[-19],[-7],[0],[4],[36],[6],[30],[11],[-5],[-6],[21],[2],[34],[21],[10],[11],[29],[8],[-5],[6],[-17],[-27],[-7],[11],[6],[0],[42],[33],[16],[2],[18],[-7],[-20],[1],[6],[-5],[6],[32],[26],[16],[27],[33],[13],[-10],[4],[3],[-19],[-12],[-8],[21],[5],[-10],[-3],[20],[-21],[12],[2],[-8],[-4],[0],[11],[8],[38],[25],[10],[13],[7],[-4],[-3],[0],[-4],[-6],[0],[-6],[6],[-19],[10],[1],[-21],[-22],[-27],[-20],[18],[6],[0],[35],[5],[24],[33],[16],[14],[38],[11],[3],[30],[17],[1],[19],[9],[1],[14],[-16],[20],[12],[-15],[-10],[1],[2],[1],[27],[15],[-3],[27],[4],[-12],[-11],[18],[-8],[1],[28],[9],[0],[29],[-5],[-12],[4],[18],[8],[2],[20],[33],[15],[-6],[4],[-16],[-28],[-30],[-3],[-26],[-20],[11],[31],[26],[20],[50],[18],[12],[4],[20],[0],[-15],[0],[11],[-7],[1],[0],[-6],[1],[-21],[1],[-7],[-21],[-8],[18],[8],[17],[21],[35],[13],[4],[14],[-10],[-25],[-10],[9],[4],[1],[40],[33],[20],[2],[29],[9],[-15],[-13],[-6],[31],[22],[17],[21],[25],[19],[34],[9],[-15],[-15],[-16],[0],[5],[22],[36],[22],[18],[38],[0],[7],[-14],[-13],[17],[-8],[24],[30],[13],[24],[2],[-11],[-18],[-18],[-15],[4],[0],[25],[43],[34],[23],[20],[36],[5],[-3],[12],[-15],[-15],[10],[4],[8],[43],[31],[18],[36],[17],[-5],[-5],[-8],[-4],[5],[25],[14],[32],[16],[22],[0],[6],[10],[-10],[-22],[-3],[6],[-5],[6],[44],[31],[14],[4],[16],[0],[0],[20],[9],[11],[6],[16],[-3],[-8],[11],[-14],[-29],[-13],[1],[-14],[-15],[-6],[15],[1],[8],[14],[9],[38],[19],[1],[12],[-4],[-6],[32],[1],[11],[15],[6],[0],[6],[-8],[23],[-13],[10],[25],[14],[13],[50],[21],[20],[16],[17],[41],[20],[3],[6],[31],[18],[5],[4],[25],[-6],[-4],[-4],[27],[8],[10],[42],[27],[10],[7],[4],[3],[-6],[-7],[21],[5],[-14],[1],[10],[3],[2],[33],[11],[-6],[33],[6],[-10],[13],[0],[0],[1],[6],[10],[40],[26],[5],[6],[0],[-5],[28],[12],[-9],[12],[21],[9],[13],[32],[20],[3],[3],[27],[19],[8],[42],[35],[26],[22],[46],[32],[19],[10],[40],[22],[1],[-3],[0],[21],[-11],[11],[14],[1],[-10],[28],[7],[-6],[4],[21],[12],[17],[49],[35],[14],[35],[17],[-5],[16],[-12],[1],[-27],[-11],[-4],[-12],[-20],[28],[18],[5],[6],[33],[14],[2],[14],[24],[-6],[-10],[-10],[-3],[-22],[18],[-13],[-9],[2],[9],[-5],[31],[14],[-6],[0],[15],[1],[-13],[8],[15],[-8],[11],[-8],[0],[14],[-4],[29],[19],[0],[0],[2],[1],[3],[19],[3],[4],[24],[9],[-8],[1],[18],[8],[15],[49],[37],[19],[8],[15],[-13],[-23],[-5],[-23],[-33],[-12],[-15],[0],[26],[12],[43],[26],[10],[10],[25],[9],[3],[26],[10],[21],[31],[14],[8],[28],[9],[-12],[-15],[13],[4],[-5],[13],[29],[19],[12],[44],[29],[9],[5],[27],[15],[10],[18],[35],[21],[6],[22],[28],[11],[-3],[14],[18],[2],[-10],[16],[21],[9],[5],[30],[-3],[23],[8],[-3],[28],[8],[-8],[-4],[24],[11],[-5],[12],[9],[4],[25],[12],[-6],[-6],[10],[-13],[-24],[0],[3],[-22],[-14],[16],[-5],[-3],[35],[29],[12],[25],[4],[0],[16],[-20],[-16],[-22],[-27],[4],[-11],[-16],[-10],[6],[-6],[20],[34],[23],[14],[21],[34],[40],[4],[16],[11],[-24],[-30],[-14],[-33],[-26],[13],[9],[-3],[43],[37],[20],[14],[40],[15],[0],[0],[18],[9],[-6],[16],[10],[0],[17],[4],[-15],[-14],[18],[10],[0],[13],[14],[42],[27],[12],[3],[-5],[-9],[22],[4],[-8],[-3],[4],[22],[9],[33],[17],[-3],[3],[2],[26],[10],[-10],[22],[5],[-15],[9],[-15],[0],[9],[-6],[-18],[-13],[-8],[16],[9],[9],[37],[25],[8],[0],[3],[-24],[9],[-11],[-29],[-24],[13],[3],[-5],[21],[25],[9],[22],[30],[11],[-7],[9],[11],[-4],[-22],[14],[1],[-13],[-14],[13],[-14],[0],[-12],[13],[27],[19],[10],[42],[22],[4],[13],[-8],[9],[-7],[-24],[6],[2],[-7],[1],[35],[19],[10],[25],[27],[8],[0],[32],[1],[0],[30],[15],[-6],[16],[7],[-12],[-4],[7],[-7],[-21],[18],[3],[-9],[38],[18],[1],[10],[18],[-7],[-8],[15],[-6],[12],[26],[5],[6],[25],[8],[19],[17],[2],[29],[15],[5],[8],[35],[5],[32],[0],[10],[13],[-4],[-12],[20],[9],[5],[42],[19],[47],[31],[13],[9],[26],[4],[-15],[8],[-7],[-10],[24],[25],[6],[32],[18],[1],[27],[-13],[-12],[-7],[1],[5],[18],[5],[28],[5],[-16],[-22],[-26],[5],[-6],[-16],[2],[25],[16],[9],[21],[19],[-4],[0],[10],[-11],[-19],[2],[19],[4],[9],[11],[17],[-8],[5],[17],[-11],[12],[-6],[8],[30],[19],[8],[25],[13],[35],[13],[-5],[0],[21],[5],[-10],[12],[17],[-6],[-5],[24],[-4],[-12],[-7],[13],[-6],[2],[26],[5],[0],[34],[20],[1],[-6],[-10],[-11],[-22],[-20],[-18],[-9],[-10],[-11],[18],[5],[-12],[-11],[20],[10],[-7],[-7],[-4],[0],[-3],[27],[13],[-4],[9],[18],[-9],[-11],[-12],[-13],[-10],[26],[11],[2],[3],[32],[19],[7],[16],[37],[27],[18],[32],[37],[9],[2],[14],[-8],[-11],[19],[2],[-14],[5],[20],[2],[5],[28],[17],[2],[13],[22],[12],[5],[9],[8],[31],[3],[0],[27],[-9],[2],[-18],[-3],[14],[5],[1],[5],[13],[18],[10],[42],[26],[8],[6],[0],[-7],[6],[-7],[-6],[18],[0],[-16],[10],[11],[-8],[25],[18],[10],[16],[37],[19],[32],[41],[24],[5],[24],[0],[25],[8],[-8],[-10],[22],[10],[-13],[0],[0],[26],[13],[5],[6],[12],[41],[19],[18],[40],[1],[10],[18],[2],[-18],[16],[10],[-5],[-13],[-10],[-6],[14],[-7],[22],[11],[1],[9],[32],[13],[-8],[0],[19],[8],[0],[14],[-4],[11],[-4],[-9],[14],[-7],[1],[17],[1],[-11],[16],[24],[4],[21],[6],[9],[30],[9],[17],[3],[8],[35],[14],[-4],[-4],[27],[10],[-7],[8],[19],[0],[1],[1],[1],[18],[27],[9],[6],[13],[8],[37],[25],[6],[34],[12],[3],[20],[1],[-6],[-14],[-4],[-14],[10],[-3],[-9],[4],[12],[30],[25],[57],[36],[13],[9],[2],[17],[-12],[19],[3],[-16],[-14],[-14],[-17],[-20],[-16],[9],[-7],[0],[16],[12],[42],[35],[17],[13],[29],[9],[-11],[5],[10],[-6],[-13],[-7],[13],[-4],[0],[29],[13],[-5],[13],[28],[16],[1],[17],[29],[4],[18],[2],[20],[1],[-3],[-6],[-3],[0],[25],[5],[-11],[25],[-4],[-4],[-5],[-10],[12],[16],[-6],[9],[-8],[12],[20],[0],[2],[1],[25],[10],[-5],[4],[26],[11],[4],[3],[8],[-6],[-6],[14],[-6],[-6],[25],[0],[1],[16],[0],[5],[4],[15],[-4],[12],[21],[8],[-8],[-6],[-9],[10],[-12],[1],[3],[-11],[-4],[28],[20],[13],[14],[39],[27],[15],[28],[24],[0],[-20],[6],[-13],[-23],[17],[-15],[4],[5],[-13],[2],[0],[32],[9],[30],[16],[25],[12],[13],[24],[28],[8],[-16],[20],[5],[-14],[0],[14],[4],[4],[31],[19],[4],[12],[27],[14],[-3],[16],[1],[4],[36],[16],[-10],[-13],[-7],[-12],[15],[6],[-12],[9],[16],[3],[16],[20],[38],[19],[13],[30],[-7],[-7],[-5],[10],[-15],[20],[6],[-12],[28],[17],[-3],[24],[-4],[-2],[30],[8],[5],[8],[7],[1],[13],[-7],[-14],[12],[-5],[-15],[-10],[25],[9],[-3],[18],[26],[9],[-5],[24],[-6],[7],[18],[5],[-9],[-6],[19],[5],[0],[21],[9],[-6],[-3],[-3],[26],[15],[1],[18],[24],[8],[-8],[21],[1],[3],[-6],[25],[11],[-7],[-12],[14],[1],[-11],[8],[21],[10],[2],[33],[15],[3],[18],[8],[3],[0],[26],[15],[1],[16],[22],[6],[-11],[20],[22],[3],[8],[34],[8],[8],[10],[31],[8],[6],[5],[1],[-5],[-5],[-8],[-8],[-5],[-5],[13],[1],[16],[9],[6],[4],[32],[15],[-3],[29],[2],[26],[19],[5],[3],[35],[25],[2],[18],[16],[-3],[2],[23],[0],[24],[8],[-5],[2],[5],[10],[22],[4],[1],[13],[0],[18],[2],[-3],[28],[6],[-11],[27],[11],[-5],[-5],[25],[12],[-5],[-10],[20],[7],[-12],[1],[14],[1],[-12],[17],[-4],[-18],[21],[5],[-3],[16],[4],[36],[5],[24],[29],[13],[16],[11],[9],[4],[28],[5],[2],[24],[9],[-12],[-12],[-13],[-10],[22],[9],[-4],[8],[42],[24],[9],[28],[17],[12],[3],[-4],[-12],[14],[-3],[-22],[0],[8],[-12],[1],[-14],[20],[11],[-5],[1],[33],[20],[8],[8],[5],[9],[8],[2],[12],[16],[-14],[6],[-14],[-15],[12],[11],[4],[24],[37],[27],[17],[18],[12],[8],[29],[9],[0],[1],[26],[14],[5],[16],[29],[13],[0],[-3],[-4],[28],[5],[5],[5],[37],[21],[10],[4],[24],[19],[-3],[-5],[-4],[32],[8],[4],[2],[8],[8],[7],[5],[27],[3],[1],[3],[0],[11],[1],[17],[29],[17],[4],[4],[7],[27],[10],[10],[9],[6],[7],[10],[6],[5],[5],[2],[-6],[14],[-6],[13],[1],[-11],[30],[25],[12],[12],[40],[27],[11],[11],[37],[10],[6],[24],[2],[1],[25],[11],[3],[3],[5],[3],[1],[14],[0],[8],[21],[6],[-8],[28],[-4],[2],[4],[14],[-4],[16],[23],[9],[0],[28],[30],[10],[22],[27],[10],[-5],[26],[8],[-7],[-5],[23],[14],[2],[4],[27],[14],[8],[30],[11],[-3],[11],[24],[1],[26],[13],[-5],[13],[-3],[-5],[0],[20],[9],[2],[8],[8],[8],[5],[8],[4],[12],[11],[-5],[-13],[1],[-17],[21],[10],[-13],[10],[18],[1],[20],[9],[0],[26],[4],[43],[35],[21],[10],[13],[-8],[10],[-15],[-16],[-18],[12],[-4],[-8],[-7],[26],[16],[4],[20],[32],[16],[2],[13],[-7],[9],[18],[4],[-20],[22],[8],[-10],[0],[17],[3],[-7],[-5],[1],[1],[4],[5],[8],[22],[0],[30],[-12],[4],[11],[-14],[13],[-4],[-12],[14],[28],[10],[16],[45],[22],[5],[34],[27],[4],[2],[21],[6],[-11],[26],[16],[-6],[-8],[-8],[19],[0],[-13],[9],[21],[11],[4],[37],[19],[-5],[-7],[15],[-3],[-19],[0],[13],[-11],[14],[2],[4],[32],[14],[-4],[-6],[18],[1],[1],[-6],[-10],[11],[-12],[15],[-8],[-10],[-12],[-10],[10],[21],[12],[1],[28],[27],[13],[12],[35],[2],[12],[-7],[12],[12],[-2],[-16],[12],[-7],[20],[4],[-12],[8],[20],[0],[2],[24],[3],[18],[29],[4],[-3],[19],[3],[-15],[0],[14],[5],[-12],[10],[25],[6],[25],[36],[17],[10],[24],[5],[2],[25],[10],[-12],[9],[12],[-6],[1],[21],[5],[-10],[13],[-3],[1],[5],[14],[3],[40],[12],[3],[25],[9],[-11],[9],[13],[-8],[-8],[21],[-8],[14],[0],[-14],[4],[-6],[13],[0],[4],[6],[27],[11],[9],[14],[-4],[0],[21],[9],[-7],[8],[20],[8],[-6],[26],[10],[-5],[8],[-7],[25],[7],[-10],[28],[0],[22],[2],[-4],[14],[-6],[12],[5],[8],[33],[2],[16],[21],[7],[0],[28],[-7],[-4],[-7],[20],[9],[-8],[12],[20],[4],[-7],[4],[-12],[26],[18],[2],[4],[27],[11],[-7],[0],[16],[-6],[-6],[-4],[26],[16],[9],[48],[29],[15],[11],[29],[6],[8],[23],[-6],[-10],[0],[11],[-4],[32],[20],[4],[13],[27],[9],[12],[37],[25],[12],[42],[20],[6],[26],[27],[6],[6],[27],[6],[-10],[8],[-6],[17],[0],[3],[3],[25],[-8],[13],[22],[1],[17],[-7],[30],[17],[0],[-4],[-8],[5],[-11],[10],[16],[2],[6],[26],[11],[-5],[8],[17],[-3],[9],[-6],[26],[13],[0],[0],[20],[-6],[-10],[-19],[20],[14],[1],[2],[28],[16],[6],[37],[17],[-7],[18],[-7],[-6],[21],[10],[0],[1],[4],[-10],[25],[15],[-8],[-12],[18],[2],[-11],[16],[22],[4],[3],[20],[0],[-7],[8],[19],[2],[7],[32],[19],[8],[10],[5],[16],[20],[-7],[17],[4],[-7],[26],[9],[-6],[24],[22],[6],[3],[19],[3],[4],[-7],[28],[25],[8],[17],[28],[5],[3],[2],[27],[12],[-18],[1],[-15],[-16],[19],[3],[-10],[13],[27],[5],[17],[1],[16],[22],[5],[2],[1],[1],[25],[3],[-7],[22],[2],[-13],[6],[2],[-13],[10],[24],[6],[9],[26],[23],[4],[33],[16],[1],[-4],[16],[-4],[-16],[18],[14],[2],[1],[2],[1],[16],[11],[-7],[0],[1],[26],[5],[-3],[13],[20],[8],[-7],[22],[2],[-15],[-12],[10],[-18],[4],[-7],[0],[28],[14],[1],[10],[5],[0],[30],[1],[21],[8],[6],[27],[1],[25],[0],[23],[5],[-13],[4],[16],[1],[-12],[16],[3],[9],[6],[32],[17],[1],[3],[16],[1],[4],[3],[8],[5],[3],[33],[11],[-9],[8],[10],[-7],[11],[-4],[0],[28],[14],[3],[4],[32],[13],[-6],[-9],[-12],[-14],[5],[13],[0],[3],[3],[0],[9],[0],[0],[30],[16],[-3],[32],[14],[1],[16],[24],[-3],[-4],[-5],[-7],[-7],[32],[11],[1],[20],[24],[9],[12],[0],[1],[0],[-3],[0],[12],[-5],[14],[9],[-10],[12],[3],[30],[4],[32],[17],[0],[16],[25],[2],[0],[2],[3],[27],[9],[-13],[16],[15],[3],[-7],[32],[24],[6],[1],[26],[5],[29],[3],[16],[28],[4],[-6],[26],[17],[-5],[-10],[-5],[10],[-4],[27],[17],[2],[2],[29],[21],[11],[11],[12],[2],[30],[19],[1],[0],[21],[10],[-7],[-7],[-13],[18],[11],[-8],[-7],[-6],[-8],[-5],[0],[16],[4],[14],[1],[12],[1],[5],[-8],[-5],[-8],[2],[2],[30],[-3],[13],[-6],[16],[4],[8],[5],[0],[30],[-4],[3],[3],[0],[29],[15],[2],[-6],[22],[9],[-10],[1],[14],[1],[-13],[12],[-10],[15],[1],[-16],[13],[-13],[18],[4],[-10],[-8],[21],[8],[-3],[13],[26],[3],[0],[-3],[16],[-5],[4],[21],[1],[0],[-8],[15],[25],[12],[0],[24],[1],[8],[27],[12],[0],[32],[16],[-4],[12],[17],[2],[-13],[18],[5],[-5],[-3],[-4],[5],[7],[21],[6],[2],[29],[11],[-7],[6],[13],[-3],[-16],[3],[11],[-6],[-19],[4],[17],[3],[4],[5],[9],[21],[7],[10],[21],[-4],[16],[17],[-5],[-15],[6],[-7],[22],[8],[-8],[8],[-5],[-4],[-3],[7],[8],[23],[8],[0],[1],[2],[16],[-3],[-7],[20],[9],[-13],[-14],[19],[2],[-11],[24],[17],[5],[8],[32],[16],[-10],[10],[19],[3],[-8],[28],[-7],[2],[14],[3],[-12],[12],[11],[-7],[1],[1],[4],[27],[3],[20],[0],[-12],[15],[-11],[-13],[16],[2],[0],[27],[10],[-3],[29],[13],[-4],[4],[25],[11],[-8],[10],[16],[-4],[-7],[24],[11],[0],[2],[31],[4],[4],[3],[1],[-3],[0],[28],[11],[-5],[-4],[21],[7],[-6],[-4],[16],[4],[0],[24],[8],[-7],[16],[26],[17],[3],[24],[30],[14],[0],[35],[19],[0],[-5],[24],[13],[-6],[24],[22],[11],[8],[28],[11],[-3],[17],[27],[16],[8],[34],[16],[1],[26],[9],[-14],[5],[14],[3],[-7],[0],[16],[2],[5],[2],[3],[19],[20],[5],[4],[29],[11],[-4],[0],[22],[10],[-5],[11],[19],[-5],[1],[19],[0],[2],[30],[19],[7],[5],[31],[17],[-6],[6],[16],[3],[-10],[30],[17],[5],[9],[8],[4],[7],[3],[18],[-6],[-6],[-3],[30],[13],[0],[-3],[16],[30],[12],[-3],[27],[9],[-5],[1],[21],[6],[-12],[16],[10],[-4],[-3],[24],[9],[-7],[-8],[-5],[-3],[-5],[14],[-4],[1],[27],[13],[0],[30],[-3],[2],[0],[-7],[-5],[15],[-5],[24],[24],[11],[9],[36],[10],[12],[13],[38],[18],[4],[6],[22],[4],[1],[29],[17],[3],[4],[28],[2],[3],[4],[4],[6],[6],[29],[13],[1],[10],[21],[-4],[-7],[26],[16],[2],[1],[29],[17],[7],[36],[5],[34],[18],[6],[6],[5],[32],[3],[3],[0],[20],[4],[5],[28],[4],[8],[26],[4],[-8],[26],[1],[5],[8],[9],[5],[2],[13],[-4],[17],[1],[-5],[13],[-5],[12],[26],[12],[-5],[32],[20],[6],[5],[1],[0],[24],[8],[-8],[9],[16],[5],[7],[27],[9],[9],[33],[16],[3],[6],[3],[20],[27],[8],[30],[16],[1],[4],[27],[11],[-4],[3],[0],[5],[9],[35],[25],[13],[13],[36],[21],[5],[1],[25],[5],[-10],[8],[18],[3],[-7],[3],[8],[5],[6],[6],[21],[28],[7],[9],[8],[8],[23],[3],[4],[27],[7],[0],[18],[-3],[0],[32],[10],[-6],[32],[24],[14],[16],[42],[29],[11],[21],[8],[24],[14],[7],[34],[4],[1],[27],[8],[-7],[-6],[24],[6],[0],[32],[15],[5],[25],[4],[2],[25],[-4],[5],[15],[-7],[-6],[26],[10],[-4],[0],[15],[2],[3],[-4],[12],[23],[9],[-8],[10],[19],[2],[3],[2],[2],[0],[1],[2],[0],[0],[-3],[-5],[6],[15],[2],[-14],[-13],[-12],[-8],[-7],[-6],[9],[-7],[2],[-4],[0],[22],[5],[9],[9],[34],[19],[1],[-7],[-7],[-8],[-8],[-11],[-10],[-11],[20],[8],[-5],[4],[6],[3],[3],[4],[18],[30],[6],[3],[1],[5],[1],[19],[3],[-11],[10],[-9],[-7],[0],[12],[0],[36],[22],[8],[8],[4],[25],[5],[3],[28],[0],[-5],[11],[-6],[0],[25],[0],[2],[29],[15],[1],[0],[18],[-3],[2],[31],[15],[2],[2],[21],[5],[-7],[21],[7],[4],[33],[19],[8],[4],[17],[22],[5],[29],[13],[3],[8],[3],[23],[11],[0],[24],[6],[12],[12],[14],[14],[20],[3],[32],[20],[6],[-3],[26],[-3],[-8],[-7],[-4],[23],[5],[10],[33],[12],[10],[36],[9],[18],[3],[19],[9],[10],[4],[25],[5],[-18],[20],[8],[-6],[-3],[31],[18],[0],[16],[25],[4],[4],[32],[20],[6],[4],[27],[12],[0],[2],[20],[7],[-7],[0],[23],[9],[0],[35],[26],[9],[23],[11],[39],[17],[2],[13],[22],[8],[-10],[18],[11],[0],[9],[-5],[13],[27],[13],[2],[26],[7],[10],[26],[9],[3],[1],[13],[12],[-6],[0],[4],[-12],[28],[-3],[0],[-5],[11],[0],[3],[4],[5],[10],[8],[30],[17],[2],[1],[1],[28],[13],[-5],[-5],[28],[4],[-10],[-4],[-4],[10],[28],[14],[1],[16],[-3],[26],[13],[1],[1],[-3],[2],[12],[21],[5],[-10],[5],[5],[-13],[-12],[17],[2],[-11],[-11],[-11],[8],[17],[-3],[-7],[20],[3],[-14],[9],[14],[-3],[-12],[22],[4],[-13],[-14],[0],[-16],[2],[10],[-5],[-17],[21],[13],[-5],[-3],[2],[6],[4],[24],[9],[-8],[21],[6],[-9],[0],[-5],[26],[8],[0],[0],[28],[5],[35],[21],[3],[8],[9],[36],[24],[9],[10],[9],[35],[20],[4],[17],[22],[11],[-3],[1],[29],[13],[2],[14],[1],[18],[26],[13],[2],[18],[4],[33],[21],[13],[12],[11],[36],[9],[3],[25],[12],[-4],[0],[26],[-7],[29],[14],[0],[4],[24],[1],[3],[8],[8],[-6],[0],[20],[19],[2],[4],[24],[7],[-8],[-6],[20],[17],[4],[5],[3],[5],[8],[26],[12],[-5],[13],[24],[9],[0],[34],[22],[6],[5],[3],[23],[8],[8],[33],[17],[0],[17],[-3],[17],[20],[8],[6],[1],[13],[-3],[13],[22],[10],[-4],[26],[9],[6],[17],[3],[3],[32],[18],[5],[3],[27],[3],[25],[12],[-4],[12],[22],[7],[-7],[14],[4],[2],[28],[5],[4],[21],[5],[-10],[26],[10],[-7],[24],[-3],[-4],[0],[29],[14],[0],[0],[25],[0],[13],[-8],[11],[18],[7],[-11],[22],[-6],[5],[15],[2],[-13],[27],[-4],[-5],[22],[-4],[-3],[27],[11],[1],[30],[-4],[-4],[23],[6],[5],[30],[16],[-6],[7],[0],[24],[5],[0],[12],[-5],[-6],[27],[-4],[26],[14],[-5],[11],[19],[5],[-8],[25],[12],[-10],[4],[9],[-6],[-4],[4],[-13],[-11],[15],[-3],[-4],[13],[-3],[-5],[24],[-10],[-4],[18],[-7],[-8],[16],[1],[-13],[22],[10],[-6],[11],[-7],[-10],[-11],[-13],[6],[15],[1],[-12],[26],[13],[1],[-10],[18],[-13],[3],[13],[-4],[-7],[24],[4],[-11],[15],[-5],[-6],[21],[-13],[13],[-7],[-8],[12],[-6],[-18],[6],[10],[-6],[-6],[17],[5],[-12],[-8],[-7],[22],[-6],[26],[11],[-3],[3],[-5],[10],[-4],[28],[13],[-11],[16],[17],[3],[-7],[-6],[-11],[-7],[8],[18],[6],[-9],[8],[18],[-6],[0],[21],[0],[3],[5],[26],[12],[-10],[18],[11],[-3],[0],[26],[13],[-5],[-6],[24],[10],[-4],[0],[2],[32],[16],[-3],[0],[25],[12],[0],[17],[25],[10],[-3],[13],[1],[0],[26],[12],[-9],[12],[-5],[-6],[29],[-8],[-8],[-9],[21],[7],[-11],[16],[14],[-3],[13],[0],[12],[6],[0],[25],[11],[-4],[2],[-8],[13],[-4],[5],[-3],[11],[-5],[1],[29],[12],[-4],[3],[24],[6],[4],[30],[16],[3],[-3],[29],[19],[1],[0],[28],[11],[3],[5],[3],[19],[0],[4],[2],[12],[-7],[4],[19],[4],[-13],[12],[-7],[6],[-11],[24],[13],[-5],[-4],[14],[1],[4],[21],[3],[-5],[-5],[10],[-7],[-8],[-12],[-6],[-5],[-3],[0],[11],[-7],[16],[14],[-12],[5],[14],[-5],[-12],[-7],[-6],[-5],[28],[16],[-3],[4],[0],[27],[13],[2],[5],[32],[14],[0],[0],[28],[1],[-3],[25],[9],[-10],[-8],[18],[6],[-3],[1],[2],[29],[16],[1],[0],[27],[9],[-5],[10],[19],[-7],[17],[1],[-3],[28],[15],[-5],[-4],[0],[6],[0],[6],[-10],[24],[-5],[24],[0],[18],[0],[-5],[0],[-11],[27],[-6],[19],[4],[-7],[16],[21],[11],[-5],[20],[2],[33],[17],[-5],[-8],[22],[-6],[18],[1],[2],[24],[8],[-7],[-4],[24],[8],[-7],[9],[13],[-3],[-4],[-3],[26],[8],[-7],[-6],[-6],[3],[-12],[3],[-11],[12],[20],[5],[2],[27],[15],[-3],[-4],[24],[-6],[-9],[13],[2],[0],[-8],[-8],[5],[-8],[-12],[-6],[-3],[-11],[5],[12],[-8],[10],[17],[-8],[-10],[4],[-11],[22],[6],[-8],[3],[-14],[16],[13],[2],[-24],[15],[-7],[-11],[-8],[-11],[11],[-5],[-4],[25],[10],[-11],[-4],[-4],[26],[5],[0],[29],[12],[-10],[11],[19],[5],[-12],[-13],[-10],[-11],[-11],[20],[12],[-3],[0],[25],[12],[-4],[9],[21],[3],[3],[-6],[3],[-8],[28],[14],[-7],[16],[8],[-11],[2],[14],[-5],[0],[26],[21],[10],[8],[29],[20],[1],[10],[-7],[20],[17],[1],[17],[26],[14],[0],[13],[-5],[0],[16],[1],[-4],[0],[25],[10],[1],[29],[21],[6],[2],[32],[18],[3],[2],[30],[14],[0],[12],[0],[-4],[2],[1],[1],[-5],[23],[-3],[10],[26],[10],[1],[15],[26],[6],[1],[28],[-4],[21],[10],[-13],[28],[0],[2],[-6],[22],[6],[-4],[27],[10],[-5],[12],[1],[24],[13],[-6],[32],[19],[5],[9],[6],[5],[25],[9],[-8],[11],[21],[8],[0],[12],[27],[17],[4],[20],[29],[6],[6],[4],[16],[1],[30],[13],[4],[18],[0],[6],[33],[21],[5],[29],[12]]}}