{"protected":{"ver":"v1","alg":"HS256","iat":1740144625},"signature":"6d001a58b255699f0a5b0a376fc9ab048577a320642534f94f1ab686a077bf07","payload":{"device_name":"E6:61:78:C1:27:19:92:28","device_type":"DATA_FORWARDER","interval_ms":0.0625,"sensors":[{"name":"audio","units":"wav"}],"values":[[1],[27],[8],[29],[17],[17],[42],[13],[13],[36],[21],[1],[19],[29],[4],[12],[-6],[33],[17],[2],[8],[1],[3],[8],[37],[21],[12],[11],[21],[2],[9],[-6],[-6],[22],[6],[0],[29],[13],[1],[28],[15],[6],[37],[3],[3],[10],[31],[2],[24],[4],[2],[16],[15],[-10],[11],[20],[-8],[32],[6],[0],[28],[24],[10],[12],[37],[21],[0],[34],[15],[-4],[-4],[29],[15],[3],[1],[28],[13],[1],[34],[23],[9],[8],[33],[17],[3],[20],[26],[0],[32],[-4],[29],[13],[-3],[2],[14],[-4],[0],[26],[9],[8],[31],[11],[-5],[31],[7],[0],[14],[0],[25],[9],[-5],[-6],[-4],[0],[-13],[17],[3],[-8],[9],[-10],[22],[11],[-4],[0],[24],[14],[-10],[8],[12],[-7],[-10],[5],[-12],[-11],[18],[-4],[-7],[4],[-15],[17],[0],[4],[-15],[22],[9],[-10],[13],[-10],[18],[5],[-9],[-8],[13],[-11],[16],[-11],[-6],[-7],[20],[3],[-10],[25],[-8],[-4],[-5],[4],[-11],[-9],[13],[-7],[-3],[27],[8],[-7],[20],[9],[-11],[11],[-7],[-13],[18],[0],[-13],[-15],[-18],[20],[-7],[10],[-5],[-7],[20],[6],[-8],[21],[7],[-9],[-5],[8],[-11],[-11],[17],[-13],[-2],[-20],[0],[5],[-10],[-14],[9],[-16],[5],[-14],[-16],[8],[-20],[-18],[-15],[-28],[12],[-16],[-11],[-14],[15],[-3],[-14],[3],[10],[-4],[-26],[14],[-9],[-26],[9],[1],[-16],[-14],[-23],[-9],[3],[-15],[-16],[13],[-12],[-12],[5],[15],[-12],[-12],[-14],[16],[-15],[8],[-11],[-16],[17],[-4],[-14],[-10],[11],[-6],[-20],[2],[-16],[0],[6],[-10],[-12],[4],[-15],[-13],[9],[-9],[-14],[19],[4],[-21],[5],[7],[-8],[-12],[12],[12],[-10],[-6],[-12],[-14],[-12],[17],[2],[-15],[-12],[11],[-6],[-14],[-8],[-11],[-7],[19],[4],[-13],[3],[12],[-10],[22],[5],[-10],[0],[13],[-7],[-18],[1],[-14],[-14],[25],[9],[-6],[0],[21],[6],[-7],[26],[9],[-15],[-10],[-8],[-6],[-5],[21],[7],[-14],[5],[-12],[-10],[14],[-5],[-18],[12],[17],[3],[0],[28],[14],[-5],[26],[11],[-4],[-4],[26],[-9],[-8],[-14],[-13],[14],[-2],[-10],[-5],[-10],[12],[14],[2],[-15],[12],[14],[1],[-11],[22],[13],[-7],[-7],[19],[-6],[8],[-8],[26],[19],[9],[12],[26],[1],[4],[26],[3],[3],[32],[18],[3],[4],[1],[4],[4],[31],[19],[2],[24],[9],[6],[28],[11],[-6],[24],[22],[7],[11],[20],[9],[10],[30],[14],[8],[6],[27],[4],[1],[2],[3],[-5],[-9],[11],[-11],[11],[-7],[-8],[-4],[4],[23],[8],[4],[29],[9],[10],[32],[0],[8],[8],[-5],[16],[2],[16],[3],[1],[17],[33],[12],[8],[31],[6],[9],[5],[5],[33],[5],[31],[2],[5],[16],[3],[3],[4],[5],[8],[17],[16],[30],[14],[14],[14],[10],[38],[19],[3],[18],[29],[8],[41],[27],[11],[13],[37],[14],[15],[32],[18],[12],[40],[12],[36],[21],[3],[6],[10],[10],[12],[10],[18],[17],[39],[23],[10],[13],[37],[22],[9],[21],[4],[8],[30],[13],[2],[29],[14],[0],[24],[7],[36],[20],[-5],[32],[20],[-4],[3],[24],[6],[12],[-5],[1],[-4],[22],[21],[12],[10],[10],[23],[8],[23],[32],[9],[13],[36],[8],[5],[8],[2],[6],[32],[11],[11],[32],[18],[-5],[37],[12],[11],[28],[27],[13],[11],[38],[21],[6],[28],[14],[8],[10],[10],[1],[-6],[13],[2],[33],[22],[9],[4],[29],[14],[4],[33],[19],[1],[0],[26],[4],[5],[33],[16],[-5],[0],[25],[10],[-3],[3],[27],[11],[-4],[34],[22],[-3],[13],[-4],[6],[6],[25],[11],[-12],[28],[12],[-6],[9],[17],[1],[4],[22],[7],[6],[27],[-3],[-6],[0],[21],[2],[1],[4],[2],[17],[31],[14],[1],[17],[27],[4],[18],[18],[-3],[-10],[18],[14],[1],[-3],[25],[10],[-3],[0],[23],[13],[5],[6],[5],[9],[-10],[24],[-6],[10],[20],[3],[-9],[-6],[-7],[19],[4],[0],[25],[16],[2],[-5],[22],[-4],[-15],[20],[-10],[-9],[20],[-4],[26],[10],[-8],[-6],[-4],[13],[-7],[-8],[21],[7],[-7],[-6],[-9],[-5],[-10],[2],[-15],[5],[5],[-11],[-13],[13],[-10],[6],[-7],[-10],[10],[12],[-3],[-3],[-11],[-3],[-4],[24],[-4],[-5],[23],[11],[0],[26],[-10],[0],[-6],[-4],[16],[-3],[24],[-6],[12],[0],[32],[14],[1],[3],[27],[0],[21],[6],[0],[26],[17],[0],[25],[10],[-5],[0],[20],[6],[-7],[10],[18],[1],[0],[25],[-8],[-8],[-11],[-11],[19],[-7],[-8],[17],[3],[-10],[26],[14],[-2],[-3],[-5],[-6],[13],[-6],[-6],[22],[9],[-4],[12],[22],[5],[-9],[20],[0],[-7],[19],[2],[-8],[-7],[12],[0],[4],[2],[25],[11],[-5],[0],[23],[11],[-3],[10],[-4],[0],[21],[5],[-7],[9],[19],[7],[-14],[25],[-6],[11],[-6],[-8],[11],[-13],[-18],[-16],[-13],[17],[4],[-7],[20],[-11],[-11],[-12],[0],[4],[-11],[-10],[-8],[13],[-3],[-4],[25],[6],[-6],[18],[11],[-7],[-5],[16],[-4],[-6],[26],[11],[-10],[-10],[19],[-8],[19],[5],[-12],[12],[15],[1],[-12],[-8],[8],[17],[-8],[12],[-6],[-5],[-8],[-8],[10],[-10],[14],[0],[-16],[0],[16],[2],[2],[30],[14],[3],[2],[25],[-11],[-5],[-6],[-4],[-8],[-10],[-11],[21],[0],[2],[4],[24],[9],[-6],[0],[-5],[4],[24],[3],[4],[-7],[11],[21],[-5],[-8],[8],[15],[4],[0],[33],[5],[4],[2],[5],[35],[8],[6],[5],[30],[13],[1],[19],[6],[20],[6],[9],[33],[18],[4],[19],[30],[13],[11],[29],[13],[4],[32],[27],[13],[12],[37],[22],[6],[27],[12],[11],[35],[21],[10],[27],[11],[9],[31],[11],[0],[28],[24],[4],[4],[5],[27],[10],[7],[33],[18],[3],[5],[24],[4],[6],[33],[17],[5],[5],[2],[1],[1],[1],[23],[4],[-10],[25],[12],[-3],[16],[18],[1],[-4],[20],[-8],[8],[20],[1],[0],[4],[10],[27],[9],[3],[34],[5],[34],[18],[3],[6],[3],[32],[7],[4],[24],[8],[-4],[16],[19],[4],[1],[2],[30],[15],[6],[12],[27],[12],[9],[33],[2],[1],[-7],[32],[9],[32],[19],[2],[0],[6],[6],[25],[12],[-3],[16],[24],[0],[5],[0],[24],[4],[8],[25],[8],[5],[32],[21],[0],[32],[19],[1],[5],[8],[27],[10],[10],[34],[20],[5],[17],[28],[12],[1],[6],[19],[5],[17],[30],[9],[10],[34],[20],[2],[23],[6],[8],[37],[22],[11],[11],[33],[17],[10],[36],[24],[8],[8],[32],[17],[5],[17],[13],[-6],[20],[19],[8],[10],[12],[20],[10],[10],[8],[6],[26],[30],[9],[32],[16],[3],[26],[4],[4],[4],[29],[17],[4],[20],[34],[12],[12],[38],[24],[10],[40],[21],[5],[2],[29],[16],[2],[2],[2],[-3],[3],[5],[6],[33],[18],[1],[17],[26],[14],[0],[9],[-10],[13],[18],[3],[-10],[20],[4],[-8],[22],[6],[-4],[2],[1],[28],[16],[2],[1],[26],[11],[-5],[0],[-8],[12],[15],[-3],[-14],[-5],[-4],[-14],[-8],[-8],[-5],[10],[-6],[12],[22],[3],[-4],[20],[4],[-10],[22],[-3],[0],[21],[5],[-13],[-5],[13],[-7],[-5],[24],[6],[-13],[20],[15],[2],[-11],[9],[17],[-11],[-11],[-4],[-9],[22],[-5],[-5],[-5],[10],[-7],[-12],[18],[2],[-10],[-6],[13],[22],[3],[14],[-6],[-7],[-7],[-11],[-11],[2],[-11],[-13],[-13],[2],[-14],[7],[-7],[2],[-14],[20],[-12],[-12],[20],[-8],[18],[3],[-11],[-12],[-14],[-14],[15],[-5],[-13],[0],[-14],[-10],[20],[-3],[-3],[25],[-8],[-7],[-11],[13],[-4],[-4],[22],[8],[-8],[-3],[12],[-5],[0],[14],[-15],[6],[6],[-11],[24],[10],[-5],[-3],[22],[7],[-10],[-10],[-14],[-11],[-11],[13],[-10],[-15],[10],[-12],[20],[-6],[-6],[20],[-11],[17],[2],[-12],[24],[13],[-5],[-5],[9],[-8],[-7],[21],[-3],[-15],[8],[-10],[-11],[17],[5],[-7],[9],[17],[-5],[-4],[14],[-3],[-6],[24],[10],[-11],[-4],[-3],[25],[-12],[-12],[19],[4],[-11],[8],[12],[-17],[16],[-13],[10],[-8],[-12],[19],[3],[-16],[-16],[13],[-7],[-14],[17],[9],[-12],[6],[-11],[-8],[20],[8],[-8],[-6],[18],[3],[-15],[9],[-5],[-23],[17],[3],[-13],[2],[13],[0],[-13],[-12],[3],[-19],[19],[6],[-8],[-10],[18],[5],[-11],[10],[19],[5],[-8],[-7],[-8],[24],[1],[15],[0],[-5],[11],[22],[8],[-7],[10],[-4],[14],[-6],[-7],[-3],[11],[-4],[8],[20],[-3],[-4],[22],[-10],[13],[-3],[3],[8],[3],[33],[3],[24],[25],[8],[0],[27],[0],[-5],[11],[-5],[33],[17],[4],[9],[14],[3],[31],[12],[-7],[24],[24],[10],[8],[34],[2],[3],[4],[4],[19],[3],[3],[32],[9],[1],[34],[19],[5],[33],[17],[0],[32],[22],[9],[2],[28],[14],[2],[9],[3],[4],[2],[16],[5],[40],[23],[6],[7],[34],[20],[6],[8],[5],[1],[24],[26],[6],[5],[2],[28],[13],[1],[4],[29],[15],[3],[27],[10],[0],[36],[23],[4],[5],[22],[6],[0],[32],[1],[4],[6],[22],[4],[3],[30],[10],[-9],[27],[0],[0],[29],[4],[2],[27],[10],[0],[4],[1],[8],[-3],[11],[-7],[11],[-3],[0],[5],[6],[0],[17],[0],[4],[17],[2],[3],[27],[4],[-3],[18],[18],[0],[33],[11],[1],[2],[0],[1],[30],[13],[3],[18],[30],[13],[-3],[26],[23],[10],[4],[33],[21],[10],[9],[5],[9],[16],[35],[19],[5],[36],[24],[5],[21],[4],[19],[6],[22],[33],[17],[17],[37],[12],[11],[39],[24],[5],[10],[28],[14],[1],[8],[25],[12],[1],[18],[22],[3],[4],[14],[4],[14],[-3],[31],[16],[5],[5],[30],[1],[5],[6],[5],[34],[18],[3],[28],[17],[4],[17],[24],[6],[-11],[20],[-3],[2],[2],[2],[16],[3],[2],[28],[1],[1],[1],[14],[22],[2],[13],[0],[20],[3],[28],[7],[14],[-5],[20],[11],[-5],[19],[2],[0],[4],[13],[-4],[14],[24],[12],[4],[21],[2],[2],[8],[3],[-4],[14],[24],[13],[2],[1],[28],[1],[21],[8],[4],[27],[13],[-3],[0],[27],[13],[3],[0],[27],[3],[14],[1],[0],[-4],[-6],[-7],[0],[23],[-7],[-4],[1],[-3],[1],[25],[10],[-5],[10],[15],[1],[4],[19],[0],[1],[25],[1],[1],[31],[13],[-4],[9],[-3],[1],[36],[2],[2],[0],[-7],[10],[14],[-3],[0],[25],[10],[-4],[8],[-4],[4],[28],[9],[0],[2],[-3],[-4],[19],[-5],[1],[2],[1],[3],[4],[27],[13],[-8],[24],[9],[-8],[19],[22],[9],[-8],[27],[-3],[-7],[-8],[4],[5],[26],[13],[-8],[18],[3],[-12],[8],[-12],[-10],[-10],[-6],[-7],[19],[-5],[15],[3],[3],[28],[-10],[10],[13],[2],[-12],[26],[17],[-3],[-7],[-6],[6],[-12],[0],[-12],[-10],[-14],[23],[1],[0],[2],[-16],[1],[-11],[17],[-12],[-16],[-13],[-12],[9],[-12],[6],[-5],[20],[-5],[-8],[-8],[14],[-11],[9],[-7],[0],[14],[-10],[10],[-7],[-9],[21],[-10],[20],[-5],[-3],[10],[-5],[-5],[-4],[-4],[4],[17],[-3],[-5],[22],[6],[-11],[28],[0],[14],[-6],[-4],[22],[1],[-5],[25],[11],[-4],[2],[17],[3],[6],[1],[-5],[19],[4],[2],[32],[18],[-3],[11],[17],[-10],[7],[19],[-5],[29],[-3],[26],[13],[-4],[1],[24],[-4],[-7],[26],[21],[5],[3],[-4],[10],[-7],[0],[-7],[-8],[1],[4],[0],[0],[21],[8],[-11],[20],[9],[-4],[30],[16],[-4],[11],[-4],[14],[26],[9],[-7],[-9],[16],[17],[1],[4],[4],[13],[-3],[13],[16],[1],[16],[27],[9],[10],[34],[14],[-3],[17],[25],[9],[-4],[21],[24],[11],[1],[35],[11],[12],[35],[23],[6],[5],[33],[14],[4],[1],[2],[17],[24],[9],[1],[2],[3],[8],[10],[37],[4],[8],[21],[3],[9],[24],[1],[19],[27],[13],[3],[3],[5],[6],[29],[-3],[22],[5],[3],[29],[3],[4],[20],[4],[2],[27],[14],[3],[12],[28],[5],[4],[29],[14],[-3],[16],[17],[1],[3],[-6],[16],[-4],[3],[3],[3],[26],[13],[-5],[12],[25],[3],[26],[9],[0],[6],[5],[19],[7],[8],[2],[26],[10],[-6],[9],[21],[8],[-4],[10],[-10],[20],[20],[-3],[4],[-7],[0],[16],[-3],[6],[4],[29],[16],[2],[3],[26],[-2],[2],[26],[5],[25],[8],[5],[31],[11],[-6],[32],[20],[0],[26],[19],[5],[7],[9],[35],[20],[6],[7],[4],[5],[0],[14],[2],[4],[4],[28],[13],[-3],[31],[-5],[-5],[12],[17],[2],[8],[3],[9],[0],[2],[19],[4],[4],[31],[4],[4],[13],[2],[34],[19],[2],[0],[25],[12],[0],[4],[33],[4],[28],[7],[0],[30],[-3],[2],[-4],[28],[14],[-4],[13],[25],[9],[1],[1],[23],[2],[16],[1],[11],[21],[7],[-7],[24],[23],[10],[2],[12],[-3],[32],[26],[11],[11],[36],[22],[10],[10],[9],[5],[5],[24],[10],[0],[5],[25],[6],[13],[29],[16],[4],[0],[16],[22],[6],[0],[28],[11],[-5],[11],[20],[5],[-7],[9],[-7],[9],[21],[4],[-10],[18],[19],[8],[0],[11],[-7],[29],[-5],[-8],[-6],[-6],[-7],[19],[5],[-10],[6],[15],[2],[-11],[12],[14],[2],[-10],[-6],[-7],[1],[-11],[20],[9],[-8],[0],[0],[-6],[19],[-10],[19],[-4],[0],[14],[-5],[12],[19],[1],[1],[25],[-5],[28],[17],[-5],[12],[19],[7],[-8],[24],[14],[1],[1],[30],[14],[1],[0],[18],[-5],[2],[15],[-4],[-5],[13],[-11],[-7],[20],[2],[2],[-4],[-5],[-7],[-6],[20],[4],[-11],[7],[19],[5],[-10],[9],[-3],[-8],[13],[15],[-3],[1],[26],[4],[-13],[6],[-9],[5],[17],[1],[-13],[-6],[-4],[27],[3],[0],[25],[-5],[-9],[24],[-7],[22],[9],[-8],[0],[-7],[-6],[11],[-8],[18],[9],[-8],[-11],[-12],[14],[-4],[-14],[-6],[-5],[19],[7],[-7],[11],[-4],[0],[23],[7],[-5],[4],[-10],[10],[17],[2],[-8],[14],[-7],[-8],[12],[-7],[-8],[17],[-9],[9],[-7],[0],[20],[0],[-4],[24],[8],[-10],[0],[3],[-12],[26],[-3],[5],[-10],[-2],[22],[11],[-6],[-11],[8],[9],[-11],[-13],[14],[-12],[9],[-14],[0],[13],[-3],[-16],[2],[-14],[-14],[-13],[-14],[12],[13],[1],[-13],[20],[2],[-16],[16],[9],[-8],[18],[-10],[-8],[17],[-7],[26],[11],[-6],[0],[15],[0],[8],[19],[2],[0],[22],[14],[-3],[0],[22],[8],[-10],[10],[13],[-9],[0],[1],[26],[17],[-5],[17],[2],[2],[27],[12],[1],[2],[26],[11],[-5],[19],[4],[4],[29],[-6],[-5],[19],[-3],[13],[-5],[-4],[5],[-10],[28],[17],[-8],[20],[24],[2],[3],[25],[8],[-5],[30],[11],[-4],[30],[10],[-7],[8],[19],[4],[-11],[6],[10],[-15],[5],[-15],[-36],[-22],[-64],[-66],[-39],[-44],[-40],[5],[5],[66],[48],[67],[121],[113],[93],[101],[106],[80],[90],[76],[56],[28],[43],[27],[18],[25],[8],[-4],[-14],[7],[3],[-14],[-29],[-16],[-23],[-28],[-44],[-42],[-8],[-43],[-37],[-10],[-15],[-13],[27],[9],[17],[6],[43],[35],[17],[26],[41],[22],[3],[18],[29],[6],[-15],[4],[11],[-22],[-8],[-22],[18],[2],[-11],[-11],[19],[5],[-5],[0],[21],[-11],[25],[9],[-11],[2],[5],[-14],[3],[16],[-6],[-26],[-14],[5],[-12],[21],[2],[-13],[-14],[-9],[6],[-15],[17],[13],[1],[9],[3],[21],[8],[8],[38],[27],[17],[26],[11],[40],[26],[13],[12],[35],[13],[12],[12],[10],[35],[8],[9],[12],[10],[15],[39],[24],[11],[10],[34],[14],[14],[29],[6],[40],[28],[8],[4],[2],[6],[17],[3],[32],[6],[1],[13],[13],[9],[9],[13],[30],[8],[40],[11],[14],[38],[19],[18],[13],[37],[19],[18],[40],[19],[6],[16],[27],[6],[9],[33],[21],[5],[16],[27],[7],[16],[8],[10],[40],[17],[20],[35],[20],[5],[40],[28],[15],[17],[40],[25],[9],[21],[9],[19],[5],[18],[27],[11],[-3],[16],[18],[-6],[0],[0],[1],[15],[-3],[12],[0],[4],[35],[17],[5],[10],[31],[6],[13],[2],[29],[2],[28],[13],[9],[36],[24],[11],[2],[33],[22],[8],[8],[32],[16],[1],[-6],[25],[11],[-4],[4],[20],[3],[-8],[-7],[-8],[-4],[4],[19],[-5],[-4],[23],[0],[-11],[32],[0],[25],[10],[-4],[11],[1],[23],[9],[0],[5],[-10],[28],[18],[1],[-3],[25],[-11],[14],[3],[-13],[18],[-10],[-7],[21],[6],[-7],[10],[22],[3],[2],[25],[15],[-3],[21],[5],[2],[16],[1],[5],[2],[-3],[-4],[3],[1],[25],[4],[-12],[24],[5],[-14],[2],[11],[-15],[-7],[-8],[19],[2],[-11],[-11],[17],[6],[-12],[-7],[-3],[-4],[0],[0],[-8],[29],[19],[2],[1],[29],[2],[12],[5],[24],[-8],[11],[-5],[-8],[18],[-6],[21],[-8],[12],[18],[4],[-14],[24],[-8],[-8],[-5],[25],[9],[-8],[4],[-11],[6],[-8],[-12],[18],[13],[1],[-4],[24],[10],[-7],[-8],[17],[5],[-19],[24],[11],[-11],[9],[11],[-12],[4],[14],[0],[-13],[24],[17],[2],[2],[26],[10],[-4],[1],[24],[-8],[1],[5],[10],[-5],[26],[9],[-6],[10],[1],[22],[18],[3],[4],[28],[13],[-3],[0],[-14],[22],[2],[-11],[4],[-14],[10],[10],[-3],[14],[19],[3],[2],[1],[-6],[-4],[21],[4],[-14],[-7],[20],[3],[-11],[9],[0],[26],[3],[0],[27],[17],[3],[-3],[24],[9],[-4],[9],[-8],[8],[19],[-6],[-10],[10],[11],[-5],[-3],[-8],[-13],[-12],[19],[4],[-13],[-10],[14],[-7],[-22],[12],[-16],[-10],[10],[-13],[26],[13],[-10],[-8],[25],[8],[-10],[16],[18],[3],[0],[24],[7],[-6],[24],[8],[-9],[18],[20],[6],[8],[25],[7],[-8],[24],[16],[2],[34],[19],[4],[5],[24],[9],[-5],[33],[1],[4],[5],[25],[2],[26],[6],[9],[5],[0],[4],[4],[26],[5],[6],[31],[1],[-5],[-6],[13],[22],[10],[-4],[13],[16],[-3],[1],[27],[8],[-5],[-5],[-4],[-4],[1],[-5],[3],[4],[30],[16],[-3],[4],[22],[1],[20],[3],[2],[29],[2],[22],[6],[0],[34],[18],[5],[19],[28],[14],[6],[10],[12],[10],[32],[18],[-3],[10],[1],[21],[3],[-14],[24],[10],[-4],[14],[25],[4],[5],[27],[11],[-3],[14],[27],[11],[0],[28],[14],[-4],[11],[20],[6],[-12],[27],[-3],[5],[26],[2],[2],[27],[12],[2],[32],[18],[0],[16],[2],[6],[3],[5],[14],[25],[10],[8],[27],[4],[0],[2],[5],[28],[9],[9],[34],[18],[-3],[5],[0],[33],[14],[-3],[13],[22],[10],[-4],[17],[21],[9],[8],[35],[19],[6],[7],[6],[8],[36],[18],[3],[19],[6],[25],[8],[9],[5],[9],[2],[25],[10],[1],[30],[16],[1],[13],[24],[8],[-3],[32],[9],[2],[27],[7],[-10],[8],[17],[1],[19],[4],[-10],[16],[19],[6],[-7],[24],[23],[11],[0],[33],[18],[4],[5],[31],[1],[4],[4],[34],[13],[-4],[34],[20],[3],[6],[13],[-3],[26],[12],[-3],[12],[21],[10],[-3],[4],[0],[2],[1],[17],[4],[10],[4],[6],[37],[21],[9],[3],[34],[19],[5],[6],[27],[4],[3],[26],[10],[-6],[14],[15],[-7],[8],[23],[9],[-4],[16],[17],[-5],[-5],[-5],[13],[-4],[25],[8],[-10],[24],[10],[-6],[0],[21],[5],[-11],[-12],[-10],[20],[7],[-7],[9],[17],[-5],[0],[21],[7],[-9],[5],[16],[2],[-13],[4],[13],[3],[-12],[8],[17],[7],[-4],[26],[6],[-9],[9],[20],[1],[3],[25],[1],[5],[-13],[33],[17],[2],[3],[28],[11],[-6],[11],[20],[5],[-6],[3],[32],[14],[-3],[1],[19],[-6],[12],[19],[-6],[-6],[19],[3],[-13],[5],[21],[9],[-4],[-5],[-6],[-10],[7],[-6],[-8],[19],[1],[-13],[10],[-6],[-15],[18],[5],[-6],[-6],[13],[-4],[11],[-6],[-5],[27],[11],[-7],[10],[20],[1],[3],[17],[-4],[27],[-4],[27],[0],[26],[13],[-3],[16],[24],[11],[-3],[5],[3],[31],[11],[-4],[5],[-10],[33],[13],[-5],[18],[14],[-4],[14],[26],[11],[1],[0],[20],[6],[8],[1],[2],[3],[9],[3],[32],[18],[2],[1],[27],[8],[-11],[4],[17],[-4],[-8],[2],[-15],[-13],[11],[-10],[-4],[-10],[-10],[-12],[4],[-12],[0],[7],[-10],[-10],[10],[-14],[-12],[10],[-6],[-21],[16],[-13],[-6],[-8],[21],[8],[-10],[-8],[10],[-4],[-11],[22],[-14],[5],[16],[1],[-13],[-7],[11],[22],[7],[-6],[0],[0],[17],[-4],[-4],[25],[-4],[29],[1],[-4],[4],[-5],[-5],[9],[-10],[8],[18],[0],[-6],[26],[-6],[29],[10],[-13],[8],[-8],[9],[-5],[-8],[9],[19],[0],[9],[-11],[29],[12],[-5],[12],[19],[1],[2],[0],[27],[17],[1],[5],[29],[10],[1],[6],[10],[6],[34],[21],[8],[7],[29],[12],[-5],[13],[22],[9],[-6],[-5],[17],[-8],[-7],[0],[28],[-6],[17],[14],[3],[2],[5],[5],[33],[16],[3],[5],[0],[22],[11],[1],[36],[16],[-3],[-4],[17],[0],[6],[2],[0],[2],[19],[3],[3],[26],[11],[-3],[0],[6],[4],[22],[9],[0],[2],[-5],[-11],[10],[-13],[22],[17],[-3],[13],[23],[1],[2],[25],[8],[-5],[2],[2],[24],[-3],[-10],[28],[17],[3],[3],[2],[4],[8],[26],[1],[-3],[0],[-4],[21],[3],[0],[26],[13],[-5],[12],[2],[-3],[15],[-7],[4],[5],[26],[9],[0],[0],[4],[5],[15],[2],[19],[2],[12],[0],[-5],[-6],[-7],[-3],[-3],[-6],[11],[-3],[14],[18],[1],[19],[4],[3],[22],[2],[30],[16],[2],[4],[22],[6],[8],[31],[0],[22],[3],[27],[2],[1],[14],[26],[12],[3],[36],[22],[6],[5],[34],[3],[25],[5],[8],[24],[9],[24],[32],[8],[8],[6],[38],[16],[13],[38],[25],[8],[9],[33],[18],[3],[20],[29],[15],[3],[28],[4],[0],[32],[27],[9],[5],[27],[5],[34],[27],[11],[9],[36],[24],[11],[10],[34],[6],[1],[27],[13],[2],[20],[5],[14],[14],[6],[33],[16],[4],[10],[8],[9],[5],[33],[9],[37],[21],[5],[5],[2],[0],[18],[1],[-4],[27],[8],[-11],[20],[18],[5],[0],[29],[19],[6],[2],[4],[4],[4],[34],[13],[-4],[-6],[0],[27],[12],[3],[20],[-2],[15],[2],[-13],[26],[13],[-3],[-5],[20],[8],[-6],[4],[-8],[16],[0],[3],[19],[3],[-14],[18],[21],[3],[0],[1],[2],[19],[4],[-10],[27],[10],[-5],[14],[20],[4],[-13],[16],[-6],[16],[5],[-12],[25],[-4],[-5],[26],[13],[-5],[-4],[25],[9],[-3],[-5],[0],[-3],[26],[-5],[8],[9],[33],[2],[30],[5],[0],[24],[13],[-7],[11],[19],[4],[-11],[8],[18],[-5],[0],[17],[-5],[29],[16],[-4],[0],[2],[4],[30],[14],[-3],[5],[-11],[22],[-13],[-9],[25],[-8],[20],[-3],[4],[1],[-3],[16],[14],[1],[2],[26],[14],[3],[9],[-5],[10],[21],[5],[4],[24],[-5],[27],[24],[5],[32],[20],[10],[11],[37],[5],[28],[25],[8],[3],[29],[5],[4],[32],[19],[5],[7],[29],[11],[0],[27],[11],[-4],[14],[22],[2],[-5],[20],[-4],[17],[19],[-8],[29],[3],[1],[20],[0],[14],[21],[4],[-11],[11],[19],[9],[-5],[12],[-6],[0],[24],[-6],[29],[12],[4],[28],[9],[-8],[-3],[2],[-5],[-5],[-8],[5],[-15],[4],[10],[-5],[26],[8],[-11],[-5],[-6],[22],[-6],[5],[-11],[32],[17],[1],[1],[25],[5],[-10],[25],[10],[-3],[30],[14],[1],[-3],[25],[5],[5],[28],[-4],[-4],[0],[18],[-4],[-6],[-8],[-13],[25],[-7],[16],[-8],[22],[8],[-8],[3],[-13],[9],[17],[2],[-13],[18],[-3],[0],[22],[6],[-11],[6],[16],[2],[-15],[16],[12],[-6],[-6],[-5],[20],[-8],[16],[1],[-16],[13],[1],[-16],[2],[10],[-5],[-4],[22],[4],[-13],[8],[15],[1],[-12],[24],[14],[-3],[-3],[26],[5],[-12],[12],[19],[2],[0],[32],[20],[-3],[-3],[13],[1],[4],[31],[16],[3],[30],[-3],[6],[4],[13],[-3],[8],[24],[-3],[8],[0],[27],[14],[-3],[-5],[23],[-4],[3],[2],[28],[-3],[-7],[3],[0],[18],[8],[-11],[0],[22],[6],[-5],[27],[8],[-5],[12],[21],[7],[-8],[16],[16],[2],[2],[18],[0],[-16],[8],[-6],[0],[-7],[2],[-13],[9],[-4],[10],[-7],[5],[19],[-5],[15],[24],[0],[1],[0],[27],[-5],[-4],[2],[18],[-8],[8],[19],[2],[-12],[-8],[25],[14],[2],[6],[6],[27],[3],[0],[26],[16],[2],[2],[30],[16],[0],[17],[2],[2],[26],[10],[-5],[-6],[17],[-3],[-4],[-7],[13],[1],[-4],[15],[3],[0],[27],[-6],[11],[-8],[12],[-3],[5],[2],[33],[17],[3],[3],[1],[2],[1],[5],[6],[16],[7],[4],[4],[-3],[0],[-3],[-4],[0],[1],[-3],[14],[-3],[-5],[14],[25],[9],[-7],[30],[3],[3],[3],[6],[1],[2],[2],[4],[27],[12],[-5],[24],[20],[4],[-13],[27],[16],[5],[6],[34],[19],[1],[4],[1],[17],[27],[9],[-3],[16],[20],[8],[0],[33],[2],[0],[-4],[-5],[29],[9],[-5],[2],[3],[0],[3],[0],[5],[11],[10],[33],[17],[0],[24],[0],[21],[21],[10],[1],[-4],[0],[33],[-4],[22],[8],[-5],[29],[11],[-6],[0],[20],[6],[2],[34],[9],[-8],[29],[19],[4],[4],[-8],[28],[11],[-5],[0],[16],[-3],[-3],[24],[10],[-10],[10],[-7],[-8],[20],[5],[-7],[-12],[17],[-4],[1],[26],[9],[1],[26],[10],[-4],[21],[5],[0],[31],[18],[5],[3],[27],[16],[3],[3],[1],[0],[2],[0],[2],[-5],[14],[-4],[-3],[23],[9],[-7],[11],[-6],[1],[-6],[-11],[-10],[-3],[30],[2],[-5],[24],[-4],[2],[18],[4],[0],[3],[24],[10],[-7],[24],[8],[-7],[22],[7],[-5],[-3],[30],[16],[3],[3],[27],[6],[0],[20],[5],[-14],[18],[11],[0],[2],[-6],[-5],[-4],[11],[-6],[-5],[22],[9],[-5],[6],[-8],[6],[15],[-7],[8],[22],[3],[3],[27],[4],[4],[30],[2],[-6],[-5],[-5],[7],[-8],[28],[12],[-5],[0],[24],[10],[-5],[25],[13],[-6],[-10],[32],[21],[5],[21],[5],[34],[11],[-7],[24],[-5],[17],[-4],[13],[21],[6],[-8],[28],[17],[-5],[0],[30],[0],[14],[-8],[16],[15],[0],[-4],[-4],[-5],[20],[5],[-8],[-3],[-6],[21],[-3],[-6],[25],[10],[-14],[25],[10],[-6],[-3],[21],[6],[-6],[-10],[17],[3],[-10],[23],[5],[-8],[9],[20],[8],[-4],[24],[7],[-7],[10],[0],[3],[1],[9],[-6],[0],[-6],[-7],[-4],[-8],[-6],[28],[13],[2],[15],[28],[12],[1],[20],[22],[2],[4],[29],[11],[-3],[14],[-3],[-5],[-4],[1],[17],[0],[2],[0],[12],[-9],[11],[22],[2],[1],[25],[10],[-4],[8],[21],[3],[2],[28],[-2],[-5],[21],[1],[-6],[26],[12],[2],[3],[0],[-3],[6],[6],[33],[19],[9],[5],[30],[14],[0],[28],[14],[2],[2],[4],[5],[21],[7],[10],[33],[17],[6],[9],[33],[19],[7],[22],[32],[17],[3],[32],[28],[13],[8],[35],[19],[4],[6],[33],[8],[7],[34],[20],[0],[9],[21],[7],[8],[31],[0],[-4],[22],[-4],[-8],[32],[1],[6],[8],[22],[6],[-12],[25],[17],[-7],[22],[6],[0],[28],[9],[-9],[7],[18],[4],[-14],[27],[13],[1],[1],[27],[11],[2],[3],[29],[13],[-3],[2],[26],[10],[-5],[13],[24],[12],[2],[5],[9],[8],[33],[21],[4],[35],[18],[8],[9],[33],[16],[1],[3],[29],[14],[1],[9],[3],[27],[5],[4],[-4],[25],[10],[1],[17],[26],[3],[2],[27],[12],[2],[28],[13],[2],[6],[20],[2],[2],[28],[8],[2],[26],[13],[-5],[-4],[26],[11],[-4],[0],[26],[0],[2],[19],[22],[1],[0],[1],[23],[9],[-6],[13],[25],[2],[8],[25],[13],[0],[20],[5],[11],[9],[37],[20],[10],[11],[12],[13],[43],[10],[14],[39],[22],[10],[26],[12],[15],[4],[38],[27],[13],[14],[16],[16],[13],[24],[37],[26],[12],[16],[33],[18],[7],[40],[19],[6],[20],[30],[17],[2],[24],[27],[2],[15],[2],[16],[17],[4],[16],[31],[15],[-3],[12],[27],[5],[7],[8],[5],[2],[3],[2],[14],[25],[4],[2],[1],[3],[2],[17],[1],[14],[2],[7],[7],[32],[18],[1],[-4],[0],[25],[8],[0],[17],[-4],[16],[27],[4],[6],[31],[18],[3],[6],[14],[1],[2],[28],[2],[0],[7],[-8],[-5],[-8],[8],[-10],[-5],[-8],[25],[8],[-10],[0],[12],[-6],[-5],[23],[8],[-10],[-9],[20],[-7],[-12],[9],[-10],[-12],[12],[-7],[-7],[13],[-10],[-14],[-10],[20],[5],[-11],[8],[16],[-3],[-18],[9],[-12],[7],[-4],[-5],[-5],[11],[12],[-8],[-9],[19],[-11],[-6],[-6],[-4],[-5],[-3],[9],[-6],[0],[24],[3],[1],[24],[6],[-10],[2],[-3],[3],[33],[15],[-4],[-4],[5],[-9],[20],[12],[-4],[9],[28],[12],[-3],[10],[24],[9],[-7],[12],[19],[-5],[-4],[1],[5],[2],[-4],[6],[0],[32],[-3],[1],[0],[28],[18],[7],[0],[28],[16],[-3],[-5],[25],[12],[2],[3],[2],[0],[0],[-5],[30],[14],[2],[1],[24],[5],[6],[3],[3],[30],[16],[2],[5],[0],[25],[11],[-6],[25],[22],[4],[3],[2],[2],[0],[-2],[9],[-7],[8],[-10],[30],[0],[0],[29],[18],[4],[6],[30],[13],[1],[32],[18],[3],[2],[17],[-6],[-5],[27],[9],[-8],[-8],[-10],[5],[-10],[-12],[17],[4],[-7],[21],[11],[-5],[-5],[21],[6],[-11],[-8],[13],[-6],[-4],[22],[6],[-12],[-8],[10],[-13],[21],[15],[-4],[20],[-8],[-11],[2],[-14],[9],[14],[-6],[10],[-4],[-5],[17],[0],[0],[28],[-6],[8],[-9],[4],[-7],[0],[1],[21],[8],[-3],[1],[-9],[24],[19],[-3],[-6],[21],[-5],[19],[-5],[0],[11],[-6],[5],[-7],[6],[-10],[3],[-16],[20],[2],[-10],[-11],[-8],[-6],[26],[-5],[11],[-8],[10],[13],[-8],[30],[17],[4],[2],[24],[11],[-3],[5],[0],[-5],[-5],[16],[20],[3],[3],[27],[-4],[14],[14],[0],[21],[19],[-5],[11],[19],[9],[-6],[30],[14],[-3],[18],[5],[3],[2],[33],[17],[6],[32],[21],[6],[6],[31],[16],[3],[4],[28],[1],[28],[2],[18],[4],[5],[33],[18],[5],[17],[28],[11],[0],[31],[6],[-8],[30],[3],[4],[26],[-7],[11],[1],[4],[4],[-5],[-8],[20],[2],[0],[19],[1],[4],[29],[14],[-5],[13],[24],[9],[9],[32],[14],[-2],[3],[-4],[23],[3],[0],[27],[11],[-4],[1],[17],[-4],[2],[6],[6],[23],[9],[-6],[18],[12],[-6],[9],[17],[0],[-4],[-4],[1],[22],[1],[12],[-4],[23],[9],[-6],[13],[-6],[9],[20],[0],[14],[-5],[12],[24],[10],[-3],[32],[14],[-8],[2],[-11],[24],[8],[-9],[8],[18],[-3],[11],[20],[2],[-11],[21],[2],[4],[27],[11],[2],[16],[28],[16],[4],[21],[31],[13],[-3],[4],[2],[6],[36],[18],[8],[34],[17],[2],[17],[0],[0],[4],[4],[19],[3],[25],[28],[11],[35],[18],[5],[4],[12],[12],[35],[20],[5],[3],[27],[10],[-4],[20],[22],[6],[8],[30],[16],[5],[5],[33],[13],[-6],[11],[-5],[8],[9],[5],[20],[3],[13],[-4],[11],[0],[20],[21],[6],[4],[16],[-8],[32],[19],[3],[5],[31],[14],[2],[1],[30],[2],[2],[27],[19],[7],[9],[36],[4],[17],[1],[31],[10],[0],[32],[14],[-4],[21],[20],[2],[1],[3],[5],[6],[5],[30],[15],[-10],[32],[15],[-4],[19],[-3],[0],[23],[9],[-7],[27],[9],[-4],[0],[-3],[5],[-11],[4],[-6],[11],[-4],[-4],[-7],[6],[-11],[6],[-6],[-7],[22],[7],[-10],[-10],[-8],[-3],[1],[15],[-5],[-8],[-8],[26],[0],[-8],[10],[19],[6],[0],[29],[1],[11],[14],[-7],[-6],[-5],[17],[2],[4],[34],[20],[6],[5],[27],[0],[0],[28],[5],[0],[12],[23],[6],[8],[25],[4],[4],[4],[0],[4],[34],[8],[-7],[31],[2],[9],[-6],[18],[0],[-3],[24],[-4],[0],[3],[4],[0],[18],[1],[0],[1],[1],[-7],[28],[2],[-3],[0],[2],[21],[6],[0],[28],[19],[3],[-4],[16],[0],[18],[5],[5],[28],[0],[21],[26],[10],[2],[30],[4],[4],[2],[1],[2],[13],[1],[32],[27],[4],[9],[19],[1],[9],[6],[11],[5],[20],[8],[8],[34],[17],[3],[4],[4],[5],[25],[9],[9],[35],[17],[4],[30],[16],[4],[5],[2],[17],[0],[20],[-3],[2],[23],[9],[-7],[11],[13],[-2],[-3],[27],[10],[-7],[-5],[0],[22],[9],[-7],[11],[-3],[8],[22],[9],[-7],[10],[18],[5],[-5],[9],[12],[3],[-13],[16],[9],[-7],[26],[5],[-12],[11],[-13],[12],[-6],[1],[28],[9],[-7],[0],[0],[0],[3],[31],[10],[-7],[18],[-7],[-5],[13],[-6],[-5],[-4],[0],[7],[-6],[24],[-5],[9],[-4],[29],[13],[-4],[0],[17],[2],[2],[22],[3],[0],[24],[9],[-8],[28],[10],[-6],[17],[4],[2],[10],[-6],[8],[-2],[25],[-4],[8],[-7],[0],[-7],[8],[0],[-7],[10],[-3],[8],[-5],[2],[6],[-11],[9],[-7],[24],[-3],[6],[6],[29],[0],[29],[18],[1],[-3],[-5],[16],[0],[14],[27],[3],[3],[4],[8],[7],[13],[-3],[9],[3],[14],[20],[4],[-10],[20],[18],[3],[4],[-8],[16],[-6],[20],[3],[-12],[19],[-7],[-5],[-8],[-14],[2],[-14],[-14],[24],[4],[-10],[-11],[20],[-8],[6],[-7],[-10],[18],[4],[-8],[26],[18],[3],[1],[26],[10],[-4],[0],[29],[14],[-3],[8],[24],[12],[-3],[16],[0],[33],[16],[0],[4],[25],[6],[1],[-4],[-4],[-4],[-4],[0],[17],[1],[1],[26],[7],[-7],[26],[11],[-9],[11],[15],[-3],[-5],[25],[9],[-8],[0],[22],[5],[-10],[18],[4],[-11],[5],[16],[1],[-11],[-4],[3],[1],[24],[-3],[-16],[18],[9],[-6],[-4],[14],[1],[-13],[26],[-5],[25],[10],[-12],[20],[12],[-4],[17],[3],[32],[3],[22],[8],[-5],[1],[21],[5],[5],[3],[24],[10],[11],[32],[17],[9],[-7],[-5],[21],[8],[-7],[16],[20],[5],[-5],[30],[14],[-7],[56],[65],[136],[149],[147],[129],[60],[-37],[-46],[-91],[-108],[-96],[-69],[-43],[-23],[18],[62],[46],[17],[10],[0],[50],[35],[54],[56],[77],[28],[19],[-35],[-64],[-73],[-95],[-112],[-61],[-45],[17],[53],[50],[42],[28],[19],[-15],[-26],[-30],[-36],[5],[-22],[12],[19],[2],[-20],[-7],[-37],[-42],[-39],[14],[8],[14],[24],[45],[24],[56],[21],[-6],[-35],[-47],[-52],[-14],[-28],[23],[19],[9],[28],[19],[-4],[-8],[20],[-13],[-24],[5],[8],[40],[25],[35],[29],[-7],[-8],[2],[-16],[3],[-10],[0],[32],[27],[14],[44],[-11],[-13],[-11],[-18],[2],[21],[15],[4],[36],[31],[13],[16],[29],[4],[3],[30],[29],[24],[25],[24],[40],[15],[17],[35],[22],[3],[6],[30],[25],[20],[22],[18],[12],[37],[18],[10],[19],[2],[32],[12],[-4],[8],[18],[3],[9],[18],[3],[-4],[33],[3],[0],[-17],[11],[-24],[-18],[11],[-21],[-27],[-31],[-42],[-56],[-26],[-45],[-51],[-36],[-41],[-30],[-42],[-17],[-23],[-36],[-62],[-40],[-68],[-74],[-51],[-77],[-118],[-86],[-136],[-129],[-167],[-192],[-208],[-157],[-34],[148],[299],[338],[358],[283],[190],[99],[16],[-19],[-109],[-140],[-152],[-133],[-76],[-41],[-50],[-62],[-29],[-14],[79],[149],[193],[277],[292],[283],[273],[195],[121],[35],[-87],[-107],[-138],[-89],[-4],[32],[72],[141],[171],[173],[180],[202],[192],[161],[164],[173],[142],[113],[82],[8],[-32],[-39],[-48],[-35],[-6],[29],[104],[133],[132],[141],[107],[107],[60],[17],[-16],[-13],[-55],[-50],[-92],[-107],[-96],[-120],[-150],[-157],[-120],[-113],[-104],[-81],[-78],[-42],[-75],[-98],[-117],[-179],[-210],[-231],[-257],[-303],[-333],[-362],[-408],[-355],[-71],[245],[492],[562],[511],[462],[368],[185],[-7],[-108],[-213],[-348],[-389],[-283],[-163],[-143],[-208],[-202],[-133],[-38],[104],[228],[344],[457],[447],[453],[466],[321],[112],[-66],[-250],[-335],[-379],[-304],[-191],[-120],[-75],[37],[140],[194],[202],[249],[251],[240],[221],[254],[260],[200],[75],[-60],[-132],[-193],[-245],[-262],[-212],[-102],[-29],[52],[211],[336],[364],[393],[364],[381],[303],[211],[172],[80],[-10],[-80],[-109],[-164],[-183],[-174],[-119],[-75],[10],[99],[179],[228],[254],[229],[179],[135],[46],[-9],[-68],[-109],[-140],[-129],[-138],[-116],[-113],[-115],[-102],[-64],[-60],[-66],[-57],[-51],[-55],[-67],[-127],[-181],[-209],[-212],[-251],[-252],[-222],[-238],[-227],[-248],[-228],[-231],[-289],[-347],[-342],[-127],[204],[478],[569],[565],[494],[334],[141],[-24],[-118],[-259],[-372],[-396],[-304],[-182],[-93],[-108],[-126],[-112],[-28],[65],[177],[298],[352],[404],[398],[394],[298],[180],[-32],[-244],[-367],[-378],[-319],[-219],[-102],[-40],[78],[149],[188],[212],[250],[202],[173],[138],[168],[221],[211],[110],[2],[-40],[-110],[-157],[-149],[-85],[-5],[105],[270],[397],[502],[441],[338],[244],[132],[48],[2],[-29],[-59],[-79],[-47],[-62],[-36],[-31],[-63],[-61],[-35],[37],[155],[185],[187],[179],[118],[64],[-43],[-125],[-173],[-222],[-240],[-192],[-149],[-122],[-100],[-103],[-124],[-129],[-164],[-159],[-154],[-163],[-152],[-155],[-190],[-195],[-264],[-342],[-429],[-509],[-560],[-517],[-202],[303],[643],[739],[638],[483],[323],[137],[-41],[-171],[-312],[-415],[-398],[-244],[-106],[-58],[-101],[-174],[-211],[-152],[25],[212],[312],[410],[491],[544],[507],[372],[202],[-79],[-338],[-479],[-442],[-340],[-203],[-111],[-7],[101],[213],[224],[233],[227],[201],[162],[164],[252],[287],[240],[158],[13],[-103],[-163],[-170],[-188],[-146],[-46],[75],[244],[397],[461],[443],[418],[292],[254],[173],[70],[24],[-27],[-67],[-76],[-86],[-87],[-86],[-96],[-87],[-59],[21],[107],[156],[201],[169],[150],[90],[34],[-61],[-151],[-199],[-213],[-206],[-155],[-79],[-94],[-98],[-154],[-171],[-249],[-276],[-308],[-325],[-290],[-292],[-273],[-292],[-358],[-502],[-727],[-858],[-637],[-125],[479],[851],[979],[987],[875],[641],[344],[62],[-247],[-543],[-706],[-624],[-417],[-232],[-222],[-243],[-279],[-216],[-75],[87],[280],[404],[527],[671],[764],[743],[569],[240],[-125],[-482],[-628],[-637],[-548],[-448],[-296],[-83],[115],[271],[403],[409],[333],[262],[280],[328],[369],[322],[235],[69],[-80],[-192],[-289],[-373],[-387],[-357],[-218],[2],[226],[428],[542],[528],[493],[462],[392],[339],[230],[134],[58],[-20],[-67],[-108],[-179],[-235],[-260],[-216],[-99],[34],[151],[245],[275],[280],[268],[187],[77],[-7],[-111],[-162],[-178],[-103],[-86],[-47],[-82],[-82],[-85],[-98],[-84],[-138],[-133],[-200],[-239],[-243],[-267],[-282],[-354],[-404],[-392],[-435],[-483],[-602],[-733],[-734],[-510],[17],[511],[909],[1050],[1073],[841],[608],[286],[-6],[-334],[-582],[-683],[-615],[-441],[-317],[-247],[-267],[-287],[-196],[-71],[117],[285],[437],[600],[701],[729],[708],[496],[157],[-193],[-501],[-632],[-636],[-557],[-410],[-237],[-61],[100],[273],[340],[369],[363],[368],[349],[353],[365],[288],[142],[2],[-125],[-235],[-316],[-338],[-302],[-219],[-76],[144],[325],[444],[496],[522],[489],[446],[389],[329],[195],[83],[-23],[-111],[-167],[-207],[-216],[-239],[-221],[-125],[-4],[122],[229],[238],[225],[177],[130],[59],[-44],[-133],[-170],[-191],[-154],[-69],[-49],[-62],[-82],[-107],[-111],[-149],[-165],[-182],[-213],[-257],[-267],[-272],[-311],[-366],[-426],[-495],[-592],[-698],[-799],[-756],[-539],[-24],[511],[888],[1072],[1080],[927],[654],[356],[73],[-257],[-510],[-635],[-606],[-488],[-324],[-274],[-290],[-292],[-200],[-61],[95],[282],[479],[602],[705],[774],[731],[538],[269],[-136],[-451],[-610],[-630],[-576],[-465],[-292],[-104],[79],[251],[393],[492],[468],[369],[313],[270],[234],[179],[128],[8],[-112],[-187],[-253],[-257],[-202],[-141],[-6],[105],[296],[428],[478],[506],[500],[439],[348],[260],[133],[26],[2],[-67],[-102],[-98],[-97],[-138],[-116],[-76],[2],[53],[93],[89],[97],[110],[73],[11],[-28],[-94],[-140],[-152],[-99],[-69],[-51],[-36],[-45],[-69],[-91],[-115],[-180],[-244],[-284],[-335],[-380],[-388],[-401],[-451],[-496],[-591],[-671],[-730],[-680],[-498],[-76],[369],[831],[1052],[1103],[1001],[752],[428],[117],[-214],[-446],[-605],[-628],[-551],[-399],[-316],[-287],[-236],[-153],[-53],[83],[257],[450],[579],[677],[752],[682],[496],[240],[-55],[-363],[-559],[-615],[-587],[-491],[-312],[-111],[106],[283],[411],[467],[403],[355],[364],[324],[241],[165],[85],[-52],[-143],[-188],[-238],[-244],[-218],[-158],[5],[152],[337],[431],[480],[488],[459],[435],[339],[194],[109],[-15],[-92],[-127],[-95],[-97],[-106],[-72],[-53],[-5],[78],[82],[67],[60],[73],[36],[-18],[-52],[-109],[-152],[-191],[-156],[-119],[-99],[-83],[-69],[-33],[-38],[-69],[-107],[-153],[-260],[-342],[-392],[-382],[-430],[-466],[-520],[-592],[-622],[-720],[-722],[-576],[-259],[235],[676],[978],[1101],[1053],[913],[601],[262],[-54],[-331],[-539],[-637],[-580],[-459],[-348],[-270],[-200],[-127],[-27],[91],[271],[402],[517],[688],[730],[718],[636],[388],[62],[-263],[-490],[-587],[-620],[-516],[-382],[-168],[100],[306],[440],[462],[419],[292],[240],[206],[185],[164],[149],[66],[-5],[-68],[-91],[-162],[-201],[-160],[-97],[41],[227],[417],[492],[508],[493],[434],[296],[142],[26],[-70],[-150],[-144],[-94],[-50],[-25],[-6],[-13],[15],[8],[8],[50],[36],[44],[34],[23],[-18],[-54],[-116],[-215],[-225],[-230],[-189],[-96],[-53],[-36],[-24],[-56],[-130],[-161],[-258],[-326],[-408],[-437],[-474],[-499],[-534],[-613],[-739],[-719],[-519],[-229],[169],[492],[796],[906],[932],[826],[656],[450],[122],[-213],[-423],[-538],[-555],[-513],[-432],[-362],[-257],[-127],[-11],[139],[280],[442],[520],[576],[630],[601],[523],[334],[60],[-186],[-342],[-468],[-513],[-476],[-349],[-215],[-52],[208],[356],[456],[451],[373],[309],[218],[171],[95],[13],[-38],[-74],[-119],[-111],[-98],[-75],[-56],[25],[108],[217],[368],[451],[524],[511],[418],[286],[150],[29],[-106],[-202],[-230],[-184],[-107],[-4],[38],[62],[88],[108],[88],[93],[96],[74],[49],[-8],[-36],[-134],[-200],[-272],[-325],[-330],[-294],[-248],[-156],[-61],[-66],[-99],[-122],[-192],[-268],[-337],[-432],[-500],[-591],[-655],[-738],[-783],[-755],[-562],[-125],[391],[880],[1042],[997],[873],[657],[438],[226],[-110],[-379],[-524],[-547],[-481],[-328],[-283],[-272],[-262],[-190],[0],[241],[417],[562],[641],[708],[763],[687],[492],[220],[-115],[-407],[-563],[-579],[-500],[-364],[-236],[-63],[147],[352],[450],[453],[431],[310],[243],[227],[182],[143],[81],[-61],[-145],[-174],[-175],[-178],[-135],[-26],[84],[225],[377],[504],[571],[536],[444],[340],[213],[116],[-18],[-112],[-178],[-198],[-183],[-151],[-87],[-71],[-58],[-23],[59],[100],[132],[155],[145],[135],[67],[4],[-80],[-147],[-237],[-286],[-284],[-280],[-276],[-252],[-243],[-272],[-307],[-335],[-398],[-436],[-468],[-470],[-513],[-583],[-678],[-767],[-691],[-464],[21],[507],[893],[1096],[1065],[853],[604],[284],[9],[-296],[-480],[-581],[-571],[-466],[-298],[-198],[-176],[-156],[-74],[63],[236],[439],[565],[660],[736],[720],[627],[466],[163],[-172],[-415],[-552],[-552],[-438],[-257],[-112],[49],[232],[352],[403],[401],[396],[294],[245],[229],[212],[180],[69],[1],[-111],[-197],[-230],[-233],[-167],[-98],[5],[174],[336],[475],[524],[585],[511],[395],[269],[140],[49],[-58],[-135],[-148],[-135],[-130],[-98],[-92],[-61],[-72],[-63],[-11],[12],[28],[79],[69],[47],[49],[-8],[-71],[-101],[-147],[-178],[-172],[-205],[-279],[-324],[-335],[-395],[-457],[-513],[-564],[-587],[-624],[-639],[-683],[-742],[-734],[-522],[-203],[347],[786],[1130],[1109],[954],[697],[446],[109],[-226],[-492],[-659],[-656],[-539],[-367],[-224],[-122],[-115],[-84],[67],[212],[364],[492],[568],[624],[684],[648],[483],[244],[-43],[-348],[-513],[-524],[-438],[-278],[-108],[37],[169],[339],[416],[434],[418],[289],[210],[140],[116],[154],[101],[35],[-32],[-88],[-136],[-119],[-98],[-62],[27],[129],[288],[388],[436],[450],[386],[312],[257],[144],[106],[33],[-29],[-40],[-46],[5],[-14],[-26],[12],[-30],[6],[3],[4],[12],[13],[-35],[-62],[-70],[-119],[-159],[-142],[-143],[-139],[-94],[-84],[-116],[-175],[-236],[-320],[-422],[-541],[-621],[-699],[-753],[-819],[-906],[-976],[-899],[-573],[-74],[511],[1024],[1190],[1175],[978],[736],[454],[86],[-271],[-577],[-758],[-731],[-600],[-421],[-314],[-257],[-210],[-99],[108],[300],[458],[608],[699],[778],[789],[682],[460],[112],[-219],[-513],[-648],[-623],[-496],[-303],[-103],[130],[294],[410],[506],[494],[456],[377],[285],[233],[241],[172],[81],[2],[-128],[-220],[-237],[-207],[-164],[-68],[106],[266],[424],[545],[621],[545],[455],[345],[197],[66],[-39],[-82],[-138],[-148],[-112],[-40],[-23],[-9],[-3],[43],[98],[118],[115],[132],[78],[9],[-30],[-109],[-177],[-222],[-255],[-233],[-218],[-173],[-120],[-146],[-184],[-240],[-279],[-402],[-514],[-602],[-663],[-769],[-891],[-991],[-968],[-744],[-236],[385],[885],[1122],[1071],[910],[731],[440],[128],[-195],[-466],[-635],[-638],[-498],[-360],[-289],[-285],[-304],[-212],[12],[238],[456],[608],[701],[780],[826],[713],[459],[124],[-225],[-521],[-649],[-607],[-486],[-325],[-150],[59],[285],[460],[511],[497],[424],[334],[301],[270],[261],[242],[138],[12],[-94],[-172],[-207],[-252],[-229],[-162],[-30],[170],[376],[545],[587],[574],[558],[454],[309],[164],[42],[-88],[-103],[-110],[-102],[-46],[-47],[-48],[-29],[-23],[16],[46],[106],[89],[79],[78],[5],[-75],[-112],[-177],[-208],[-164],[-134],[-122],[-103],[-118],[-146],[-197],[-258],[-387],[-513],[-599],[-664],[-746],[-862],[-979],[-1064],[-861],[-422],[272],[829],[1207],[1182],[1036],[780],[501],[188],[-175],[-531],[-740],[-794],[-651],[-420],[-286],[-256],[-243],[-198],[-51],[189],[376],[536],[650],[780],[839],[767],[602],[285],[-169],[-540],[-769],[-784],[-650],[-469],[-228],[57],[286],[454],[564],[571],[483],[347],[260],[234],[221],[198],[170],[67],[-35],[-96],[-162],[-229],[-219],[-180],[-60],[117],[293],[512],[610],[626],[573],[479],[322],[176],[-8],[-116],[-124],[-117],[-86],[-34],[48],[60],[62],[98],[131],[126],[105],[120],[88],[35],[-29],[-82],[-184],[-242],[-266],[-257],[-221],[-155],[-109],[-121],[-140],[-136],[-188],[-282],[-379],[-462],[-594],[-683],[-842],[-984],[-1045],[-900],[-513],[168],[781],[1110],[1152],[1061],[808],[515],[214],[-132],[-453],[-670],[-719],[-632],[-459],[-302],[-285],[-302],[-243],[-98],[113],[349],[502],[632],[782],[819],[747],[576],[260],[-112],[-484],[-710],[-730],[-598],[-440],[-250],[0],[242],[379],[441],[481],[451],[355],[264],[277],[269],[244],[191],[93],[-29],[-127],[-176],[-215],[-218],[-143],[-37],[130],[350],[508],[584],[585],[533],[427],[277],[166],[14],[-60],[-106],[-108],[-83],[-59],[1],[9],[-3],[30],[53],[122],[130],[111],[97],[94],[12],[-51],[-148],[-218],[-222],[-239],[-230],[-205],[-154],[-165],[-181],[-180],[-238],[-368],[-462],[-516],[-544],[-598],[-703],[-850],[-963],[-830],[-474],[195],[768],[1115],[1081],[971],[768],[569],[233],[-141],[-482],[-684],[-762],[-645],[-446],[-303],[-252],[-268],[-202],[0],[201],[414],[508],[568],[659],[763],[686],[498],[230],[-169],[-522],[-715],[-712],[-568],[-381],[-226],[-22],[265],[488],[554],[527],[469],[304],[217],[157],[166],[192],[113],[15],[-56],[-66],[-106],[-170],[-182],[-132],[-18],[145],[346],[524],[634],[598],[493],[384],[269],[111],[-50],[-135],[-150],[-124],[-58],[33],[64],[106],[97],[80],[90],[127],[143],[116],[66],[45],[-22],[-69],[-172],[-218],[-271],[-274],[-242],[-183],[-123],[-107],[-127],[-171],[-192],[-280],[-382],[-486],[-582],[-664],[-784],[-939],[-1052],[-971],[-602],[109],[777],[1185],[1239],[1105],[891],[615],[285],[-94],[-428],[-699],[-828],[-718],[-503],[-353],[-318],[-318],[-262],[-107],[136],[400],[565],[685],[803],[912],[841],[635],[322],[-109],[-549],[-848],[-888],[-774],[-582],[-360],[-83],[254],[463],[549],[575],[554],[417],[274],[223],[264],[238],[172],[79],[-48],[-148],[-212],[-286],[-309],[-243],[-83],[116],[340],[540],[718],[717],[616],[494],[361],[178],[-13],[-108],[-174],[-179],[-119],[-100],[-47],[-15],[-8],[37],[75],[138],[217],[216],[189],[165],[132],[16],[-108],[-195],[-269],[-339],[-336],[-283],[-189],[-151],[-155],[-142],[-187],[-233],[-287],[-394],[-437],[-517],[-615],[-723],[-893],[-1010],[-976],[-636],[48],[697],[1173],[1229],[1099],[925],[675],[365],[-44],[-374],[-629],[-784],[-710],[-503],[-338],[-288],[-308],[-288],[-155],[114],[302],[483],[644],[784],[849],[796],[688],[385],[-21],[-426],[-724],[-808],[-710],[-518],[-344],[-156],[82],[344],[491],[547],[531],[437],[296],[249],[219],[237],[170],[57],[-92],[-180],[-227],[-234],[-245],[-204],[-99],[50],[265],[483],[661],[687],[620],[545],[409],[244],[77],[-36],[-141],[-192],[-183],[-136],[-78],[-7],[-15],[-16],[36],[86],[134],[162],[160],[108],[95],[34],[-29],[-107],[-172],[-241],[-232],[-191],[-149],[-132],[-117],[-174],[-205],[-216],[-287],[-387],[-452],[-511],[-556],[-581],[-651],[-785],[-977],[-1042],[-792],[-166],[591],[1186],[1295],[1178],[1018],[813],[454],[46],[-340],[-650],[-843],[-806],[-582],[-319],[-210],[-278],[-287],[-160],[43],[254],[393],[497],[630],[710],[741],[685],[511],[140],[-289],[-611],[-736],[-637],[-474],[-357],[-217],[11],[226],[396],[533],[583],[537],[393],[217],[190],[235],[165],[24],[-96],[-166],[-216],[-231],[-224],[-180],[-78],[10],[174],[456],[649],[724],[663],[570],[420],[276],[138],[12],[-96],[-151],[-147],[-82],[-37],[41],[20],[16],[-36],[10],[72],[105],[110],[126],[75],[16],[-52],[-132],[-159],[-235],[-256],[-188],[-98],[-22],[31],[-3],[-24],[-97],[-225],[-320],[-456],[-554],[-622],[-677],[-695],[-718],[-773],[-878],[-1001],[-820],[-263],[502],[1096],[1296],[1258],[1132],[883],[519],[136],[-250],[-576],[-821],[-863],[-656],[-400],[-272],[-246],[-268],[-180],[5],[227],[342],[426],[544],[669],[731],[704],[547],[269],[-104],[-484],[-667],[-638],[-545],[-454],[-293],[-61],[203],[413],[557],[582],[546],[363],[222],[177],[232],[192],[61],[-63],[-110],[-158],[-205],[-216],[-177],[-149],[-45],[121],[319],[506],[619],[588],[560],[497],[376],[239],[107],[-27],[-113],[-143],[-95],[-74],[5],[7],[-27],[10],[44],[66],[67],[86],[60],[41],[32],[13],[-55],[-104],[-138],[-184],[-179],[-77],[-18],[10],[16],[-48],[-94],[-166],[-241],[-333],[-431],[-513],[-519],[-513],[-513],[-523],[-639],[-794],[-983],[-988],[-723],[-55],[664],[1228],[1302],[1192],[1046],[831],[453],[29],[-354],[-632],[-816],[-762],[-547],[-324],[-277],[-352],[-359],[-235],[-48],[121],[241],[416],[598],[770],[878],[841],[644],[332],[-103],[-513],[-700],[-686],[-588],[-510],[-325],[-59],[195],[373],[499],[535],[528],[435],[281],[245],[260],[212],[133],[9],[-71],[-135],[-216],[-248],[-223],[-189],[-120],[49],[255],[437],[528],[588],[557],[511],[443],[329],[189],[91],[-32],[-97],[-105],[-103],[-91],[-91],[-104],[-117],[-37],[19],[56],[117],[141],[148],[139],[96],[67],[14],[-42],[-133],[-165],[-128],[-94],[-86],[-100],[-113],[-139],[-171],[-220],[-206],[-227],[-247],[-298],[-360],[-413],[-424],[-519],[-571],[-662],[-803],[-960],[-1047],[-789],[-167],[627],[1234],[1365],[1328],[1157],[904],[510],[46],[-357],[-716],[-958],[-951],[-693],[-438],[-343],[-372],[-367],[-221],[-39],[148],[348],[525],[726],[944],[1007],[993],[753],[362],[-124],[-583],[-818],[-808],[-706],[-588],[-380],[-94],[199],[372],[525],[577],[528],[433],[341],[319],[362],[318],[188],[33],[-78],[-232],[-343],[-423],[-407],[-310],[-188],[-6],[267],[493],[656],[630],[573],[540],[424],[293],[166],[29],[-41],[-144],[-204],[-211],[-206],[-221],[-207],[-123],[-15],[93],[196],[256],[316],[366],[294],[189],[88],[-65],[-188],[-254],[-293],[-271],[-166],[-104],[-76],[-21],[3],[-28],[-83],[-134],[-188],[-251],[-286],[-303],[-285],[-324],[-363],[-408],[-492],[-509],[-631],[-722],[-914],[-1003],[-784],[-222],[549],[1163],[1341],[1292],[991],[730],[369],[-15],[-341],[-592],[-775],[-759],[-521],[-245],[-140],[-173],[-269],[-262],[-108],[85],[278],[442],[594],[770],[904],[896],[768],[427],[-67],[-510],[-740],[-690],[-543],[-427],[-292],[-80],[129],[289],[393],[426],[400],[244],[143],[188],[291],[333],[241],[84],[-48],[-159],[-227],[-260],[-230],[-211],[-151],[-15],[214],[392],[512],[451],[353],[272],[210],[185],[107],[45],[9],[-15],[-30],[15],[12],[2],[-42],[-59],[7],[75],[121],[157],[201],[175],[114],[36],[-12],[-83],[-131],[-150],[-171],[-107],[5],[47],[45],[28],[29],[-39],[-106],[-144],[-138],[-157],[-179],[-176],[-152],[-181],[-220],[-288],[-350],[-387],[-389],[-406],[-435],[-444],[-481],[-573],[-750],[-758],[-539],[86],[680],[1181],[1225],[1133],[971],[708],[367],[60],[-291],[-566],[-750],[-707],[-514],[-344],[-280],[-319],[-296],[-191],[-12],[261],[442],[583],[732],[827],[852],[802],[596],[233],[-163],[-513],[-727],[-739],[-648],[-568],[-467],[-257],[-23],[221],[362],[454],[480],[395],[357],[429],[459],[393],[250],[100],[-71],[-215],[-343],[-424],[-475],[-463],[-352],[-178],[82],[356],[523],[605],[656],[597],[536],[449],[276],[102],[-16],[-114],[-203],[-269],[-298],[-326],[-341],[-270],[-150],[4],[95],[190],[237],[270],[288],[259],[178],[91],[55],[-32],[-76],[-72],[-85],[-92],[-139],[-180],[-187],[-190],[-167],[-159],[-135],[-82],[-16],[4],[21],[32],[10],[-7],[-65],[-130],[-190],[-261],[-331],[-353],[-377],[-387],[-464],[-563],[-705],[-829],[-778],[-358],[363],[994],[1225],[1183],[1061],[897],[669],[323],[-35],[-333],[-664],[-806],[-692],[-491],[-341],[-394],[-448],[-401],[-259],[-13],[232],[377],[511],[672],[865],[859],[794],[534],[130],[-304],[-614],[-687],[-636],[-597],[-517],[-400],[-171],[45],[186],[312],[348],[279],[226],[297],[427],[497],[483],[308],[131],[-4],[-123],[-257],[-358],[-370],[-308],[-195],[32],[268],[445],[432],[366],[290],[280],[228],[84],[-70],[-162],[-193],[-159],[-133],[-74],[-80],[-117],[-158],[-87],[8],[140],[218],[283],[281],[243],[200],[103],[-23],[-88],[-178],[-217],[-157],[0],[93],[157],[182],[190],[180],[172],[98],[33],[-13],[-31],[-85],[-86],[-78],[-70],[-108],[-168],[-173],[-121],[-85],[-27],[-19],[-5],[-13],[-47],[-156],[-257],[-403],[-538],[-676],[-799],[-936],[-872],[-654],[36],[678],[1102],[1104],[968],[809],[622],[369],[75],[-228],[-459],[-690],[-662],[-509],[-368],[-388],[-532],[-576],[-468],[-251],[44],[300],[516],[701],[900],[1056],[957],[712],[326],[-168],[-579],[-796],[-750],[-631],[-566],[-464],[-253],[11],[227],[308],[395],[381],[339],[347],[453],[548],[511],[386],[167],[-42],[-216],[-383],[-509],[-566],[-572],[-468],[-279],[-13],[243],[395],[454],[413],[384],[416],[366],[255],[153],[106],[33],[-23],[-45],[-75],[-156],[-231],[-240],[-144],[6],[137],[230],[281],[307],[350],[339],[305],[178],[26],[-58],[-110],[-71],[33],[94],[84],[81],[125],[144],[139],[156],[106],[76],[72],[88],[56],[28],[-80],[-225],[-318],[-321],[-317],[-278],[-191],[-138],[-38],[-14],[3],[-11],[-93],[-221],[-320],[-356],[-420],[-454],[-555],[-730],[-855],[-872],[-709],[-60],[549],[1026],[1053],[989],[873],[720],[407],[100],[-246],[-476],[-671],[-650],[-509],[-376],[-365],[-467],[-477],[-354],[-202],[75],[260],[421],[579],[804],[942],[842],[644],[349],[-80],[-464],[-699],[-738],[-676],[-651],[-571],[-376],[-104],[111],[208],[292],[361],[334],[332],[388],[492],[510],[387],[240],[133],[-27],[-179],[-302],[-419],[-424],[-314],[-176],[35],[238],[358],[424],[363],[321],[344],[330],[253],[159],[125],[115],[80],[-26],[-85],[-172],[-246],[-260],[-188],[-69],[88],[221],[305],[394],[460],[407],[292],[205],[106],[-17],[-95],[-113],[-107],[-54],[-25],[-41],[-35],[25],[39],[30],[64],[69],[90],[104],[49],[-23],[-67],[-118],[-184],[-216],[-185],[-195],[-180],[-141],[-40],[-22],[30],[43],[38],[33],[-20],[-132],[-207],[-296],[-325],[-367],[-375],[-417],[-495],[-635],[-767],[-874],[-831],[-556],[72],[632],[1042],[1041],[958],[844],[635],[287],[-27],[-342],[-578],[-744],[-643],[-488],[-399],[-380],[-434],[-414],[-291],[-141],[138],[331],[542],[707],[880],[1024],[829],[560],[224],[-162],[-536],[-743],[-692],[-586],[-517],[-389],[-164],[43],[181],[274],[332],[349],[353],[386],[469],[557],[540],[453],[253],[33],[-163],[-319],[-491],[-545],[-516],[-386],[-161],[51],[262],[458],[530],[507],[482],[408],[304],[192],[113],[22],[-34],[-88],[-118],[-192],[-221],[-258],[-249],[-203],[-83],[59],[160],[236],[316],[417],[372],[316],[195],[76],[-43],[-90],[-125],[-104],[-68],[-14],[-20],[-15],[26],[34],[25],[19],[36],[28],[17],[40],[79],[35],[-35],[-126],[-191],[-254],[-255],[-212],[-149],[-50],[12],[54],[93],[56],[29],[-73],[-188],[-247],[-305],[-303],[-254],[-247],[-194],[-207],[-257],[-325],[-417],[-546],[-691],[-703],[-622],[-211],[417],[931],[1091],[984],[792],[613],[294],[29],[-235],[-424],[-554],[-553],[-376],[-189],[-164],[-238],[-312],[-341],[-283],[-85],[152],[360],[482],[665],[831],[835],[678],[448],[115],[-257],[-504],[-531],[-476],[-398],[-378],[-298],[-139],[1],[82],[149],[169],[214],[255],[378],[538],[610],[560],[449],[227],[1],[-175],[-300],[-444],[-511],[-470],[-304],[-133],[45],[241],[314],[322],[352],[355],[373],[361],[258],[216],[141],[76],[4],[-71],[-189],[-297],[-355],[-329],[-274],[-144],[-29],[73],[169],[280],[348],[346],[292],[203],[122],[29],[-66],[-104],[-78],[-95],[-66],[-97],[-94],[-46],[1],[0],[-11],[49],[81],[81],[117],[105],[69],[38],[-43],[-80],[-58],[-74],[-93],[-74],[-21],[21],[55],[93],[57],[10],[-34],[-40],[-76],[-75],[-89],[-119],[-170],[-178],[-233],[-268],[-283],[-326],[-338],[-330],[-403],[-461],[-564],[-574],[-508],[-286],[216],[657],[921],[955],[768],[599],[377],[114],[-124],[-361],[-506],[-579],[-519],[-340],[-246],[-226],[-229],[-248],[-182],[-41],[171],[394],[521],[620],[707],[773],[673],[476],[172],[-178],[-452],[-572],[-574],[-469],[-379],[-288],[-145],[26],[182],[312],[333],[289],[249],[255],[290],[328],[368],[272],[128],[-14],[-141],[-207],[-299],[-380],[-379],[-330],[-166],[46],[188],[304],[366],[370],[388],[373],[325],[238],[132],[4],[-82],[-94],[-147],[-222],[-268],[-319],[-339],[-288],[-159],[-53],[49],[131],[218],[266],[313],[321],[229],[114],[-3],[-56],[-86],[-99],[-87],[-97],[-80],[-43],[6],[65],[70],[48],[20],[64],[98],[110],[106],[94],[36],[1],[-23],[-56],[-72],[-52],[-56],[-12],[43],[69],[65],[52],[60],[15],[-40],[-71],[-97],[-146],[-170],[-140],[-122],[-114],[-78],[-111],[-151],[-172],[-135],[-132],[-88],[-74],[-157],[-215],[-322],[-469],[-493],[-470],[-342],[-87],[262],[587],[749],[731],[625],[438],[259],[83],[-91],[-211],[-309],[-303],[-261],[-213],[-157],[-202],[-235],[-219],[-187],[-52],[186],[337],[475],[609],[662],[595],[464],[276],[24],[-209],[-358],[-412],[-374],[-277],[-182],[-101],[-14],[77],[96],[113],[110],[67],[92],[113],[184],[257],[237],[221],[115],[-13],[-122],[-187],[-259],[-295],[-271],[-161],[-71],[26],[130],[188],[188],[170],[130],[108],[92],[82],[50],[27],[52],[4],[-64],[-116],[-151],[-142],[-135],[-111],[-46],[50],[111],[168],[233],[215],[188],[162],[64],[-20],[-36],[-43],[-35],[-13],[29],[44],[61],[82],[74],[51],[65],[91],[100],[120],[146],[140],[130],[49],[35],[-28],[-23],[-55],[-76],[-79],[-55],[3],[33],[68],[108],[69],[17],[-17],[-13],[-13],[8],[17],[-4],[-6],[28],[24],[10],[-39],[-78],[-144],[-215],[-182],[-174],[-183],[-211],[-208],[-247],[-253],[-282],[-322],[-437],[-427],[-358],[-118],[276],[613],[800],[705],[536],[427],[195],[34],[-152],[-317],[-449],[-485],[-373],[-256],[-205],[-212],[-245],[-251],[-186],[-91],[97],[188],[259],[352],[436],[511],[404],[221],[0],[-223],[-388],[-460],[-420],[-319],[-257],[-152],[-75],[24],[140],[144],[117],[122],[91],[164],[188],[195],[206],[126],[48],[-13],[-83],[-126],[-157],[-141],[-147],[-88],[57],[131],[209],[232],[238],[253],[220],[235],[180],[133],[70],[-6],[-27],[-31],[-20],[-69],[-103],[-136],[-88],[-46],[5],[80],[144],[169],[221],[259],[251],[255],[169],[83],[29],[16],[33],[4],[-6],[-32],[0],[-9],[-11],[19],[28],[88],[47],[45],[75],[56],[28],[12],[18],[17],[-3],[-16],[24],[31],[52],[124],[117],[116],[106],[129],[86],[60],[28],[8],[-63],[-113],[-166],[-183],[-182],[-213],[-212],[-170],[-160],[-98],[-55],[-19],[26],[1],[-54],[-72],[-103],[-161],[-221],[-263],[-299],[-343],[-370],[-436],[-438],[-395],[-310],[-207],[50],[231],[418],[485],[438],[346],[218],[82],[-63],[-199],[-268],[-315],[-284],[-242],[-185],[-143],[-107],[-84],[-46],[4],[93],[193],[255],[307],[352],[371],[302],[185],[75],[-52],[-174],[-254],[-235],[-202],[-151],[-76],[15],[46],[99],[134],[167],[190],[174],[218],[206],[197],[195],[211],[161],[90],[17],[-13],[-54],[-56],[-18],[20],[38],[61],[120],[127],[103],[96],[62],[60],[28],[32],[72],[51],[58],[34],[40],[64],[64],[72],[66],[68],[79],[82],[95],[58],[18],[-53],[-121],[-139],[-171],[-170],[-151],[-126],[-74],[8],[88],[129],[153],[148],[137],[109],[48],[49],[34],[33],[27],[-44],[-84],[-127],[-134],[-154],[-148],[-133],[-74],[-26],[29],[89],[152],[131],[88],[75],[25],[-19],[-34],[-70],[-83],[-124],[-124],[-95],[-109],[-87],[-101],[-97],[-61],[-6],[29],[40],[43],[37],[48],[-7],[-33],[-85],[-168],[-265],[-289],[-274],[-259],[-230],[-224],[-255],[-259],[-196],[-125],[-20],[72],[126],[166],[224],[278],[257],[235],[190],[102],[36],[21],[-13],[-82],[-141],[-172],[-187],[-159],[-112],[-35],[3],[48],[137],[230],[273],[285],[304],[249],[173],[118],[101],[45],[-13],[-48],[-74],[-74],[-60],[-15],[-10],[-9],[10],[60],[67],[82],[116],[87],[93],[46],[17],[-22],[-57],[-84],[-76],[-93],[-69],[-35],[2],[68],[86],[79],[97],[93],[123],[113],[92],[80],[75],[37],[18],[10],[-10],[-13],[-63],[-99],[-100],[-63],[-50],[2],[33],[91],[89],[72],[67],[59],[44],[40],[20],[17],[60],[53],[39],[46],[68],[48],[17],[18],[20],[-23],[-43],[-14],[-12],[2],[42],[54],[37],[22],[37],[6],[-28],[-16],[-26],[-39],[-31],[17],[22],[9],[3],[-13],[-34],[-28],[4],[-21],[-18],[19],[6],[1],[1],[-37],[-55],[-82],[-93],[-78],[-42],[-42],[-29],[-52],[-45],[-43],[-46],[-55],[-65],[-60],[-74],[-79],[-56],[-50],[-87],[-141],[-118],[-119],[-102],[-63],[-67],[-50],[-19],[-10],[9],[10],[33],[-13],[-12],[-26],[2],[58],[52],[11],[-13],[-40],[-36],[-59],[-40],[-36],[-36],[0],[44],[128],[142],[116],[108],[102],[71],[53],[43],[21],[6],[1],[9],[21],[32],[31],[19],[36],[25],[22],[59],[85],[77],[61],[85],[83],[47],[52],[33],[5],[4],[-11],[30],[36],[45],[89],[76],[77],[105],[119],[85],[76],[50],[4],[19],[10],[-3],[10],[7],[15],[-9],[-16],[23],[21],[24],[68],[96],[84],[89],[89],[77],[59],[51],[63],[42],[10],[22],[-5],[-28],[-34],[-14],[-31],[-50],[-42],[-17],[-22],[13],[13],[12],[21],[12],[30],[-3],[-26],[-23],[-60],[-76],[-72],[-95],[-96],[-46],[-42],[2],[5],[33],[11],[-23],[-40],[-43],[-45],[-51],[-39],[-28],[-11],[2],[11],[17],[-3],[-26],[4],[-39],[-43],[-34],[8],[17],[10],[32],[50],[28],[1],[-6],[20],[0],[-11],[3],[6],[-12],[-37],[-43],[-43],[-58],[-52],[-77],[-97],[-63],[-73],[-43],[-7],[12],[20],[41],[49],[25],[8],[7],[22],[44],[38],[18],[26],[19],[-14],[-42],[-52],[-71],[-59],[-59],[-37],[13],[35],[70],[102],[83],[99],[69],[84],[83],[82],[96],[122],[93],[53],[32],[5],[-20],[-38],[-47],[-32],[-3],[28],[85],[85],[80],[77],[88],[64],[32],[41],[42],[36],[30],[40],[41],[34],[45],[19],[3],[34],[23],[19],[68],[52],[72],[74],[64],[37],[4],[-30],[-39],[-65],[-48],[-20],[-9],[9],[41],[71],[61],[91],[47],[26],[29],[-24],[-37],[-16],[-37],[-59],[-75],[-60],[-40],[-43],[-50],[-8],[-18],[-33],[-18],[14],[15],[19],[24],[6],[14],[14],[10],[2],[-21],[-43],[-64],[-64],[-87],[-62],[-36],[-40],[-19],[32],[35],[32],[41],[36],[38],[19],[13],[5],[9],[-18],[-33],[-26],[-39],[-40],[-13],[-32],[-42],[-40],[-33],[-26],[12],[-6],[-16],[-5],[-22],[-12],[-6],[-45],[-49],[-50],[-18],[-26],[-30],[0],[29],[30],[21],[26],[33],[49],[29],[14],[32],[-14],[-29],[-39],[-8],[10],[9],[27],[50],[82],[70],[97],[72],[60],[46],[41],[50],[29],[26],[46],[22],[37],[38],[73],[50],[21],[11],[16],[18],[59],[50],[50],[80],[63],[42],[66],[42],[19],[4],[36],[18],[16],[57],[54],[36],[26],[37],[23],[1],[9],[21],[24],[38],[51],[86],[67],[37],[16],[8],[3],[-22],[-13],[4],[-17],[-36],[-13],[-42],[-61],[-51],[-43],[-55],[-47],[-33],[-24],[1],[-13],[-7],[5],[-21],[-19],[-49],[-61],[-45],[-65],[-74],[-68],[-72],[-51],[-28],[-26],[-11],[40],[32],[4],[3],[-24],[-32],[3],[-11],[-18],[-15],[11],[-29],[-27],[-38],[-32],[-28],[13],[11],[18],[53],[73],[53],[50],[33],[15],[16],[-20],[-29],[-28],[-23],[15],[16],[19],[33],[61],[57],[52],[89],[78],[58],[76],[81],[58],[57],[70],[29],[-3],[16],[21],[16],[17],[28],[48],[19],[9],[-7],[-10],[-8],[6],[21],[65],[61],[60],[64],[68],[31],[3],[4],[24],[18],[32],[72],[63],[54],[66],[28],[-14],[-41],[-31],[-48],[-25],[19],[23],[20],[41],[37],[9],[-17],[18],[10],[-6],[8],[17],[53],[31],[20],[-10],[-28],[-62],[-112],[-90],[-76],[-58],[1],[12],[19],[47],[56],[22],[-18],[-15],[-37],[-18],[-20],[26],[24],[1],[-16],[-11],[-38],[-54],[-30],[-51],[-63],[-46],[-31],[-36],[-14],[4],[14],[26],[0],[-6],[-7],[-36],[-28],[-19],[-11],[25],[10],[-15],[14],[-26],[-16],[-34],[-22],[-19],[-5],[19],[1],[-18],[18],[3],[-7],[15],[43],[33],[58],[76],[61],[44],[56],[54],[31],[21],[0],[20],[-3],[-13],[-19],[-16],[33],[36],[40],[75],[64],[52],[59],[65],[74],[59],[64],[66],[41],[48],[30],[0],[2],[-9],[-30],[-39],[-27],[-20],[4],[30],[11],[13],[14],[27],[40],[27],[22],[52],[32],[-3],[-30],[-53],[-68],[-79],[-58],[-62],[-27],[1],[1],[6],[41],[66],[49],[40],[51],[11],[-5],[-10],[-32],[-24],[-59],[-79],[-39],[-40],[-43],[-31],[-20],[20],[24],[16],[26],[-6],[-18],[-24],[-5],[14],[3],[0],[0],[33],[19],[13],[33],[16],[8],[10],[-18],[-19],[4],[-25],[-32],[-28],[-43],[-39],[-37],[-21],[33],[56],[56],[93],[118],[101],[73],[74],[38],[26],[37],[-4],[-19],[-36],[-31],[-19],[4],[2],[-9],[44],[29],[42],[86],[84],[64],[45],[48],[10],[-23],[-29],[-63],[-64],[-80],[-61],[-52],[-43],[5],[28],[29],[42],[65],[84],[67],[60],[26],[21],[-16],[-35],[-46],[-51],[-39],[-63],[-61],[-53],[-45],[-15],[18],[18],[64],[64],[77],[76],[85],[50],[17],[13],[-34],[-28],[-55],[-73],[-64],[-45],[-47],[-15],[-6],[2],[6],[52],[43],[26],[35],[11],[0],[-11],[-37],[-50],[-62],[-30],[-43],[-51],[-20],[12],[10],[18],[52],[33],[21],[54],[34],[9],[26],[17],[-8],[-17],[1],[-19],[-29],[-14],[8],[49],[34],[66],[49],[27],[40],[25],[38],[20],[21],[57],[59],[60],[85],[70],[71],[64],[65],[57],[75],[50],[32],[36],[64],[47],[17],[20],[-27],[-40],[-12],[-15],[-12],[37],[27],[42],[71],[66],[64],[60],[12],[-5],[8],[-17],[9],[3],[-18],[-22],[-15],[-26],[-7],[-4],[-22],[-29],[-30],[-26],[-16],[18],[-10],[-29],[0],[-24],[-8],[-5],[19],[-16],[-5],[3],[-9],[-21],[2],[1],[-36],[-34],[-54],[-26],[-29],[-48],[-43],[-15],[-21],[-30],[-21],[-13],[-45],[-53],[-62],[-43],[-43],[-40],[8],[12],[9],[32],[16],[0],[-22],[-34],[-35],[1],[2],[6],[32],[44],[22],[14],[19],[-6],[0],[8],[2],[27],[21],[29],[54],[19],[8],[20],[-4],[-20],[-11],[28],[27],[22],[37],[46],[22],[43],[10],[0],[-6],[1],[8],[32],[34],[36],[41],[9],[-17],[-9],[-40],[-36],[3],[-8],[33],[25],[57],[36],[12],[40],[2],[-20],[-4],[-20],[-8],[37],[36],[28],[28],[38],[16],[13],[-4],[20],[-8],[-7],[-3],[-4],[13],[-6],[-16],[5],[-22],[-28],[-31],[-28],[-7],[-17],[-14],[17],[10],[8],[32],[52],[44],[38],[21],[18],[-7],[-10],[-13],[-19],[0],[-22],[-35],[-14],[-22],[-18],[-34],[0],[-13],[0],[40],[33],[19],[25],[26],[41],[33],[27],[2],[-22],[-36],[-40],[-32],[-3],[13],[0],[17],[28],[17],[22],[19],[18],[12],[8],[14],[-10],[-7],[-11],[-28],[-42],[1],[4],[-5],[0],[-6],[0],[-3],[-6],[-6],[-12],[22],[12],[12],[25],[58],[41],[20],[26],[22],[-11],[-24],[-32],[-8],[-15],[-15],[30],[4],[22],[10],[16],[16],[36],[33],[37],[34],[36],[39],[35],[51],[28],[17],[33],[1],[4],[6],[18],[21],[4],[12],[26],[54],[38],[14],[32],[19],[-6],[-14],[12],[-13],[-11],[25],[21],[20],[32],[51],[27],[30],[58],[34],[11],[16],[17],[1],[-14],[22],[5],[-31],[-20],[-23],[-39],[-22],[-14],[-30],[-19],[28],[35],[36],[66],[45],[54],[49],[25],[15],[9],[-14],[-10],[-7],[32],[3],[12],[-5],[-20],[-35],[-42],[-41],[-37],[-23],[-23],[0],[29],[24],[16],[36],[43],[21],[4],[0],[-7],[17],[-14],[-14],[-20],[0],[-16],[-24],[6],[-12],[-26],[-23],[12],[2],[0],[21],[2],[-5],[26],[23],[10],[32],[18],[20],[38],[19],[1],[-14],[-22],[-47],[-32],[-35],[-29],[-6],[-12],[17],[19],[45],[29],[24],[42],[9],[16],[4],[-6],[-15],[-23],[8],[-22],[11],[-5],[-26],[8],[-11],[17],[38],[76],[72],[56],[51],[68],[44],[13],[8],[-3],[26],[-8],[4],[10],[2],[21],[-3],[-19],[-7],[2],[38],[22],[25],[53],[42],[27],[48],[22],[-7],[-18],[5],[-15],[-24],[-6],[-19],[1],[11],[5],[20],[38],[30],[34],[24],[17],[37],[11],[-14],[-15],[-42],[-34],[-20],[-29],[-30],[-18],[-15],[5],[-7],[2],[9],[17],[26],[27],[31],[45],[22],[1],[-13],[-32],[-35],[-53],[-46],[-21],[-31],[-20],[9],[-12],[8],[-5],[12],[2],[2],[32],[21],[8],[10],[24],[5],[12],[-13],[0],[-7],[-20],[-21],[-14],[-23],[-16],[-11],[0],[12],[21],[16],[25],[4],[16],[19],[11],[20],[49],[14],[33],[26],[35],[60],[29],[20],[38],[19],[3],[8],[-4],[-7],[-26],[4],[-8],[13],[18],[4],[0],[14],[0],[32],[18],[20],[14],[11],[29],[-8],[-3],[-22],[-13],[1],[-15],[28],[24],[8],[24],[30],[13],[0],[28],[17],[1],[1],[-7],[21],[0],[-26],[-26],[-24],[-14],[-14],[-5],[22],[3],[7],[-12],[24],[-4],[3],[9],[40],[19],[5],[8],[17],[1],[27],[2],[-18],[16],[17],[1],[15],[-4],[0],[24],[8],[-4],[18],[32],[25],[18],[60],[42],[14],[40],[20],[3],[3],[25],[12],[0],[27],[8],[-8],[-6],[20],[-14],[-10],[12],[3],[17],[11],[28],[15],[24],[26],[27],[16],[36],[11],[-9],[-4],[0],[37],[22],[4],[36],[27],[14],[14],[6],[14],[19],[42],[30],[62],[42],[23],[21],[19],[25],[-3],[-14],[5],[-31],[-12],[9],[0],[3],[33],[21],[1],[38],[28],[11],[13],[40],[27],[10],[2],[9],[-23],[-42],[-27],[-19],[-29],[-31],[9],[-12],[-7],[25],[13],[0],[18],[1],[-23],[-10],[-12],[-22],[-20],[6],[-10],[-26],[-12],[-12],[-34],[-44],[-45],[-36],[-8],[-19],[11],[-7],[-7],[25],[9],[-10],[-10],[-13],[-18],[11],[-4],[-10],[28],[19],[3],[3],[-4],[5],[27],[19],[27],[26],[60],[56],[36],[34],[57],[34],[19],[16],[28],[37],[29],[24],[59],[27],[41],[19],[8],[13],[10],[8],[32],[25],[29],[57],[41],[17],[9],[18],[-7],[-16],[-10],[18],[4],[6],[29],[19],[33],[35],[15],[10],[33],[13],[-10],[3],[4],[-13],[-13],[9],[-8],[-13],[9],[-6],[8],[2],[-5],[24],[9],[-4],[19],[13],[-16],[-12],[-11],[-28],[4],[-10],[-26],[-21],[16],[10],[-3],[-7],[-10],[-11],[4],[-7],[26],[12],[-11],[29],[10],[-22],[-13],[-16],[-36],[-35],[-11],[-20],[13],[8],[10],[35],[4],[1],[8],[21],[5],[-21],[12],[-4],[-17],[-16],[-23],[-26],[-32],[-37],[-38],[-24],[1],[-3],[-3],[32],[57],[50],[37],[52],[36],[4],[-11],[17],[-3],[-20],[-11],[9],[34],[22],[21],[25],[28],[40],[27],[39],[64],[53],[42],[65],[56],[32],[20],[37],[21],[2],[21],[16],[20],[28],[50],[37],[33],[59],[40],[22],[34],[24],[21],[49],[14],[4],[16],[18],[1],[-13],[-6],[25],[11],[8],[32],[1],[21],[-12],[-17],[-29],[-25],[-28],[-7],[-28],[-22],[7],[-16],[-16],[-16],[18],[10],[3],[16],[25],[-3],[-7],[11],[-15],[-40],[-44],[-65],[-36],[-33],[-35],[-5],[20],[9],[44],[31],[18],[34],[32],[4],[24],[8],[-5],[13],[17],[-15],[-28],[-8],[-40],[-12],[6],[-5],[37],[34],[30],[40],[63],[40],[5],[18],[12],[-8],[-8],[20],[9],[14],[42],[16],[42],[5],[6],[13],[44],[28],[29],[45],[16],[0],[22],[-8],[-9],[-11],[17],[-12],[9],[3],[39],[18],[19],[44],[26],[11],[32],[36],[19],[2],[28],[18],[-5],[8],[15],[0],[33],[24],[15],[19],[45],[20],[-4],[-11],[19],[-6],[-13],[7],[19],[3],[3],[0],[12],[-11],[4],[14],[1],[7],[42],[33],[26],[23],[39],[14],[-15],[-30],[-14],[-42],[-37],[-9],[-12],[-6],[30],[19],[9],[8],[29],[6],[-10],[-5],[23],[13],[17],[45],[9],[-12],[0],[-14],[-34],[-51],[-8],[-13],[-18],[0],[27],[19],[9],[9],[20],[-10],[-18],[-26],[-20],[5],[-4],[-11],[29],[19],[9],[12],[24],[5],[6],[2],[19],[34],[22],[12],[45],[11],[4],[2],[-14],[-8],[6],[39],[27],[44],[58],[32],[31],[24],[39],[14],[-8],[20],[16],[11],[35],[43],[14],[10],[28],[7],[-10],[5],[-4],[1],[37],[27],[13],[17],[-7],[8],[2],[-21],[-19],[0],[12],[1],[-7],[34],[13],[-3],[20],[19],[4],[9],[42],[27],[17],[44],[21],[-5],[-17],[3],[-18],[-36],[4],[-22],[23],[18],[6],[5],[24],[-5],[-17],[-25],[1],[-22],[-30],[-20],[8],[0],[20],[-4],[-16],[-24],[3],[-16],[-26],[-8],[-13],[27],[32],[25],[51],[29],[11],[18],[12],[-7],[-4],[26],[11],[2],[26],[41],[25],[22],[13],[12],[14],[18],[20],[48],[37],[24],[21],[38],[9],[-4],[13],[-6],[-18],[-7],[33],[19],[10],[45],[12],[19],[10],[27],[-3],[-22],[-12],[1],[-25],[2],[3],[-18],[-36],[8],[-4],[-10],[-5],[32],[26],[17],[22],[55],[26],[48],[32],[14],[11],[24],[-7],[-28],[0],[-3],[-8],[1],[37],[12],[15],[45],[33],[19],[30],[27],[2],[0],[19],[1],[9],[4],[1],[29],[1],[-20],[14],[5],[-7],[0],[17],[5],[16],[39],[24],[7],[17],[22],[-5],[-11],[13],[-7],[-24],[-21],[-5],[-20],[16],[-11],[0],[4],[21],[11],[12],[8],[5],[-6],[-11],[5],[11],[-13],[-12],[11],[-16],[11],[-16],[-15],[-7],[1],[4],[33],[6],[25],[13],[7],[18],[-7],[-6],[16],[-9],[18],[22],[12],[0],[29],[21],[2],[-6],[27],[18],[9],[14],[36],[11],[33],[14],[-8],[-16],[8],[-11],[-21],[9],[3],[6],[33],[23],[11],[30],[16],[9],[29],[11],[0],[18],[23],[0],[8],[-14],[-7],[1],[-19],[-31],[2],[6],[1],[0],[37],[29],[17],[11],[31],[-5],[13],[-6],[-10],[16],[-3],[-18],[-8],[4],[-22],[4],[-11],[-20],[20],[2],[8],[12],[36],[16],[10],[8],[16],[0],[25],[8],[-8],[8],[17],[1],[-10],[25],[13],[7],[20],[29],[10],[0],[11],[35],[23],[22],[52],[37],[18],[9],[-6],[-18],[-24],[-15],[-25],[-16],[13],[2],[5],[33],[12],[0],[24],[10],[-16],[-17],[-18],[-9],[-19],[-8],[-11],[-12],[-11],[17],[-7],[-20],[14],[3],[-12],[10],[2],[21],[4],[1],[2],[24],[3],[-15],[-12],[14],[1],[10],[16],[24],[24],[34],[11],[2],[19],[-11],[-12],[19],[4],[-6],[32],[31],[16],[11],[30],[9],[-8],[13],[9],[15],[24],[25],[41],[18],[9],[5],[-21],[16],[3],[-5],[8],[6],[6],[1],[0],[-12],[1],[-16],[0],[-13],[2],[18],[10],[6],[38],[17],[2],[-5],[21],[4],[-19],[19],[-10],[6],[-10],[32],[16],[-8],[16],[-8],[-12],[-20],[-18],[-18],[-16],[-16],[-14],[-4],[31],[11],[-9],[0],[26],[15],[4],[15],[-3],[20],[3],[-19],[-21],[-3],[-18],[-17],[-6],[-12],[1],[0],[1],[-7],[14],[-3],[-16],[-7],[20],[-8],[21],[11],[3],[19],[29],[17],[0],[13],[21],[-6],[12],[21],[2],[5],[3],[5],[11],[-10],[12],[4],[-18],[-16],[-5],[30],[22],[16],[33],[49],[29],[11],[8],[0],[14],[2],[39],[30],[17],[20],[17],[14],[11],[8],[6],[2],[8],[8],[15],[16],[18],[20],[11],[0],[-13],[-3],[2],[-21],[-11],[3],[16],[19],[20],[42],[39],[19],[13],[35],[14],[-6],[-6],[-8],[13],[-6],[-8],[17],[1],[-14],[6],[-12],[-6],[-8],[14],[-6],[-6],[12],[-16],[1],[-21],[-33],[2],[-23],[-6],[-16],[-11],[10],[-11],[6],[13],[-7],[-25],[-10],[-20],[-14],[20],[1],[-20],[-20],[-21],[-19],[5],[-7],[15],[19],[6],[11],[40],[21],[6],[12],[-6],[-6],[-4],[1],[5],[4],[33],[19],[3],[2],[25],[-8],[16],[14],[1],[0],[-7],[-8],[-9],[0],[1],[30],[13],[-7],[-11],[20],[14],[5],[20],[22],[4],[2],[27],[11],[4],[7],[8],[33],[19],[19],[39],[4],[4],[5],[5],[29],[16],[8],[36],[22],[8],[2],[28],[1],[32],[11],[0],[38],[27],[14],[11],[38],[17],[-10],[22],[14],[3],[3],[30],[19],[3],[8],[0],[21],[1],[-24],[16],[8],[-7],[21],[10],[-2],[12],[19],[0],[25],[3],[-14],[20],[8],[-7],[8],[17],[-10],[11],[17],[-5],[-18],[16],[5],[-8],[-5],[26],[9],[-3],[20],[1],[1],[14],[-6],[-7],[24],[12],[0],[27],[9],[0],[26],[10],[-10],[-9],[-11],[-18],[-11],[-7],[18],[10],[2],[36],[8],[8],[14],[27],[10],[10],[32],[15],[0],[-10],[12],[-5],[-16],[20],[13],[-3],[4],[5],[27],[16],[14],[55],[48],[38],[37],[32],[22],[40],[10],[2],[-4],[-10],[3],[-10],[29],[16],[0],[4],[5],[8],[46],[34],[20],[32],[48],[18],[43],[9],[9],[-15],[-20],[1],[-16],[-16],[-19],[-9],[-10],[19],[9],[-7],[24],[3],[-13],[16],[11],[-7],[24],[6],[4],[29],[6],[-20],[-24],[6],[-23],[-20],[-15],[-5],[2],[8],[5],[-3],[-7],[21],[3],[-16],[-17],[1],[15],[10],[8],[16],[14],[18],[29],[13],[-3],[30],[16],[4],[20],[30],[14],[-4],[-8],[-11],[-14],[13],[2],[-5],[32],[17],[18],[16],[9],[26],[31],[5],[29],[8],[-7],[-5],[0],[14],[0],[2],[5],[5],[9],[10],[10],[34],[16],[2],[26],[3],[25],[11],[-10],[-7],[-5],[-7],[-7],[-5],[1],[5],[6],[20],[4],[13],[22],[4],[-7],[9],[-5],[-11],[-10],[-8],[0],[9],[20],[5],[34],[2],[-5],[18],[-3],[-18],[12],[2],[-11],[-4],[25],[7],[-12],[6],[19],[2],[33],[21],[14],[28],[45],[21],[20],[31],[1],[0],[12],[-7],[-26],[-10],[-10],[-22],[6],[-7],[-13],[22],[11],[5],[6],[17],[25],[9],[8],[9],[2],[-8],[19],[1],[-14],[-14],[-16],[8],[-7],[-10],[21],[8],[-10],[25],[19],[1],[-4],[16],[25],[17],[3],[10],[11],[16],[11],[34],[12],[4],[27],[15],[6],[41],[27],[12],[10],[34],[20],[0],[34],[33],[19],[8],[42],[22],[11],[32],[26],[4],[1],[26],[8],[0],[2],[-3],[24],[-11],[8],[14],[1],[-14],[29],[13],[5],[32],[11],[11],[4],[25],[1],[-20],[-19],[-20],[-18],[-3],[-15],[14],[-15],[-11],[17],[3],[-6],[4],[8],[18],[29],[13],[26],[20],[2],[8],[10],[-17],[2],[-15],[-2],[-8],[4],[5],[6],[36],[22],[5],[5],[19],[23],[10],[24],[32],[9],[4],[-6],[-15],[-20],[-5],[-16],[0],[17],[-4],[2],[5],[20],[0],[17],[1],[14],[-3],[24],[8],[4],[27],[9],[-7],[-8],[-13],[-14],[12],[-4],[-13],[11],[25],[4],[3],[0],[2],[2],[2],[11],[-7],[8],[17],[5],[-9],[28],[16],[1],[0],[21],[9],[-5],[10],[13],[-12],[19],[5],[-12],[-8],[20],[5],[-9],[10],[20],[8],[0],[12],[12],[37],[9],[9],[6],[18],[-7],[15],[-4],[-14],[0],[12],[1],[-8],[13],[24],[14],[4],[23],[11],[11],[10],[22],[18],[-5],[28],[5],[-12],[-10],[5],[-19],[-4],[-12],[7],[19],[5],[10],[38],[25],[8],[14],[28],[37],[24],[4],[32],[11],[-11],[-12],[11],[-5],[-18],[-7],[10],[1],[0],[38],[14],[15],[29],[29],[11],[7],[8],[36],[19],[0],[13],[-5],[-7],[18],[1],[0],[-6],[15],[31],[25],[14],[33],[41],[26],[9],[30],[5],[-10],[1],[-10],[24],[20],[5],[3],[2],[3],[23],[6],[5],[4],[25],[6],[4],[7],[8],[5],[5],[19],[0],[28],[-7],[20],[6],[-6],[29],[19],[5],[29],[15],[5],[40],[19],[4],[37],[22],[9],[7],[32],[15],[-9],[27],[11],[-6],[12],[29],[18],[9],[43],[32],[15],[27],[11],[13],[29],[13],[8],[15],[2],[14],[23],[11],[1],[16],[26],[8],[0],[18],[3],[33],[-5],[24],[20],[3],[20],[27],[11],[-7],[20],[-3],[-12],[-9],[-9],[18],[3],[-7],[13],[27],[15],[0],[34],[25],[8],[7],[-7],[3],[1],[26],[11],[-6],[-10],[-11],[21],[6],[-7],[15],[10],[4],[34],[17],[2],[37],[28],[12],[37],[20],[-4],[-8],[17],[1],[-13],[0],[1],[29],[2],[4],[16],[20],[19],[41],[16],[14],[12],[5],[26],[12],[-3],[18],[2],[11],[0],[32],[17],[4],[3],[34],[22],[11],[12],[11],[26],[9],[22],[30],[3],[-4],[17],[-3],[5],[13],[6],[36],[24],[9],[8],[0],[14],[1],[27],[7],[-6],[10],[2],[21],[-6],[24],[18],[0],[-8],[22],[-3],[0],[19],[-15],[-15],[17],[9],[-5],[0],[-6],[-4],[-4],[25],[10],[0],[12],[23],[8],[-7],[26],[12],[-7],[-10],[10],[-16],[-10],[26],[21],[11],[14],[32],[11],[14],[30],[4],[3],[0],[9],[-15],[19],[8],[-7],[-5],[24],[9],[0],[38],[25],[11],[10],[31],[9],[10],[33],[11],[4],[29],[6],[-23],[18],[0],[-15],[17],[2],[-14],[8],[21],[9],[-3],[32],[21],[4],[28],[14],[-5],[10],[7],[-8],[24],[-5],[-4],[13],[29],[10],[11],[11],[17],[0],[37],[15],[0],[30],[12],[-3],[10],[19],[2],[3],[30],[12],[8],[40],[30],[19],[10],[34],[30],[12],[21],[4],[1],[0],[20],[6],[-7],[2],[3],[9],[34],[19],[18],[40],[20],[1],[3],[-5],[11],[17],[1],[-16],[-6],[-11],[20],[15],[-11],[8],[10],[-7],[19],[5],[16],[18],[1],[1],[27],[3],[0],[9],[-20],[0],[-13],[-14],[16],[-6],[-19],[5],[19],[5],[0],[26],[18],[5],[8],[29],[6],[5],[14],[-7],[9],[-7],[10],[22],[6],[-4],[26],[10],[1],[30],[14],[-8],[17],[1],[2],[34],[20],[6],[3],[28],[11],[-5],[11],[21],[0],[26],[-4],[-7],[11],[-10],[-10],[-5],[-4],[20],[4],[-10],[-10],[-7],[21],[-5],[5],[3],[-3],[1],[22],[1],[0],[-10],[6],[13],[-8],[-10],[15],[-4],[-21],[0],[15],[8],[-5],[20],[5],[6],[3],[22],[3],[-16],[0],[13],[-3],[-10],[17],[2],[13],[25],[5],[28],[9],[-12],[-14],[17],[6],[0],[5],[31],[5],[1],[3],[-3],[19],[4],[2],[22],[11],[5],[8],[5],[2],[-5],[8],[4],[-15],[20],[14],[-11],[4],[20],[-3],[-6],[-8],[4],[-11],[23],[8],[-8],[-3],[5],[0],[32],[20],[6],[3],[30],[16],[0],[35],[2],[20],[5],[28],[-3],[1],[13],[-4],[11],[25],[5],[8],[8],[10],[40],[27],[13],[8],[34],[18],[4],[8],[5],[30],[13],[2],[28],[3],[21],[3],[-8],[-4],[-7],[12],[10],[1],[20],[31],[18],[5],[26],[19],[3],[1],[24],[-14],[-6],[-20],[1],[-14],[-12],[19],[8],[-4],[11],[-5],[22],[21],[8],[6],[38],[5],[5],[20],[-8],[22],[10],[-13],[1],[5],[-11],[-11],[22],[-4],[18],[4],[8],[25],[9],[20],[3],[0],[18],[0],[1],[-8],[11],[-9],[-11],[16],[2],[-13],[-11],[18],[6],[-4],[34],[22],[13],[12],[35],[3],[10],[-8],[20],[20],[4],[3],[0],[16],[1],[-6],[19],[-3],[-16],[3],[13],[-4],[-12],[22],[7],[1],[8],[8],[5],[13],[0],[26],[8],[-10],[2],[14],[-3],[-14],[4],[16],[-11],[12],[-8],[-8],[0],[26],[13],[16],[38],[18],[16],[6],[27],[8],[-10],[-7],[11],[-8],[-6],[25],[10],[-4],[-6],[-6],[1],[-12],[16],[1],[-13],[10],[16],[5],[20],[2],[16],[0],[10],[-10],[0],[-10],[-19],[-21],[-11],[-21],[-6],[-19],[0],[8],[-18],[9],[-6],[-12],[21],[-3],[29],[14],[-4],[0],[15],[-3],[0],[17],[-5],[-15],[21],[3],[-24],[12],[10],[-3],[-13],[-3],[-8],[27],[1],[12],[13],[35],[16],[-7],[2],[-18],[13],[-12],[-14],[20],[6],[-8],[1],[-8],[-11],[2],[5],[0],[1],[21],[8],[5],[2],[26],[0],[-8],[4],[-18],[-18],[-20],[-15],[-9],[-6],[25],[17],[5],[6],[16],[10],[8],[13],[0],[26],[9],[-7],[0],[15],[2],[-15],[0],[-15],[-19],[-14],[22],[10],[2],[8],[35],[20],[10],[37],[2],[-4],[0],[-5],[-7],[-5],[-6],[-8],[5],[-11],[23],[-5],[0],[-6],[27],[8],[13],[13],[15],[12],[10],[21],[28],[7],[-13],[-12],[-15],[8],[-5],[0],[-6],[-8],[-6],[1],[4],[32],[18],[5],[16],[26],[4],[13],[9],[38],[18],[5],[7],[1],[0],[24],[14],[3],[0],[32],[8],[9],[33],[-5],[29],[19],[0],[9],[-3],[30],[12],[9],[33],[14],[0],[29],[3],[7],[9],[33],[17],[2],[9],[25],[5],[22],[1],[1],[28],[11],[-5],[1],[1],[3],[3],[0],[0],[33],[2],[0],[-3],[0],[24],[8],[32],[17],[1],[4],[22],[7],[-7],[27],[15],[5],[6],[5],[12],[30],[13],[-3],[10],[-6],[26],[10],[-9],[10],[17],[3],[0],[25],[8],[-16],[2],[12],[2],[-6],[0],[32],[5],[3],[17],[-5],[8],[0],[-6],[11],[-6],[-11],[-19],[4],[-14],[-8],[-11],[20],[4],[-12],[4],[5],[36],[3],[22],[8],[24],[2],[-4],[-7],[22],[3],[-14],[16],[17],[5],[0],[30],[14],[-5],[-7],[18],[3],[-6],[3],[26],[14],[0],[37],[22],[3],[4],[1],[7],[-10],[25],[16],[8],[10],[37],[8],[10],[8],[29],[2],[-8],[16],[-4],[11],[2],[26],[4],[1],[6],[8],[31],[17],[0],[16],[2],[17],[8],[2],[2],[0],[19],[3],[-11],[28],[-6],[-4],[2],[6],[5],[36],[23],[8],[8],[7],[3],[12],[24],[8],[-6],[3],[5],[34],[18],[1],[-3],[-5],[13],[4],[39],[22],[9],[9],[34],[16],[1],[27],[22],[2],[5],[1],[0],[-5],[29],[13],[1],[31],[11],[8],[2],[3],[2],[29],[2],[26],[9],[0],[2],[3],[27],[8],[-10],[11],[18],[-7],[22],[25],[5],[6],[29],[14],[3],[-4],[-8],[-6],[27],[3],[6],[21],[7],[0],[26],[11],[-4],[29],[-7],[9],[19],[8],[-3],[4],[4],[32],[18],[3],[6],[26],[1],[8],[36],[19],[7],[20],[30],[13],[-4],[13],[22],[-7],[20],[16],[1],[-3],[16],[5],[20],[31],[16],[2],[24],[30],[16],[8],[30],[15],[0],[24],[11],[-6],[-9],[20],[9],[-4],[4],[27],[6],[8],[33],[18],[1],[16],[22],[4],[1],[-5],[-7],[21],[10],[-8],[19],[1],[0],[29],[12],[-4],[0],[4],[2],[12],[2],[30],[17],[-3],[4],[1],[1],[1],[26],[10],[-8],[-7],[25],[15],[3],[16],[2],[-5],[-7],[-7],[-6],[-12],[24],[13],[1],[18],[6],[3],[21],[4],[-12],[-8],[17],[9],[-10],[33],[18],[4],[3],[31],[16],[1],[1],[21],[6],[9],[0],[16],[1],[-3],[-12],[-8],[-8],[-5],[-6],[26],[19],[8],[11],[37],[10],[6],[16],[25],[10],[-10],[26],[5],[-9],[10],[0],[-3],[8],[17],[-5],[-5],[20],[28],[10],[14],[17],[12],[16],[26],[1],[-4],[-6],[9],[-10],[4],[24],[-5],[-4],[2],[27],[4],[4],[29],[14],[-4],[16],[24],[0],[-4],[-8],[0],[-19],[4],[2],[-17],[-16],[-11],[27],[2],[7],[7],[20],[29],[11],[-3],[-6],[0],[18],[4],[-11],[22],[12],[-5],[13],[1],[1],[1],[13],[28],[16],[3],[19],[30],[8],[9],[28],[13],[1],[27],[0],[3],[5],[9],[5],[21],[4],[2],[32],[2],[7],[9],[6],[18],[3],[34],[20],[3],[19],[20],[3],[14],[1],[13],[22],[0],[-8],[24],[-3],[2],[15],[0],[-6],[1],[2],[14],[0],[21],[9],[-3],[5],[23],[-3],[8],[14],[-5],[-21],[4],[3],[-11],[0],[19],[-11],[-8],[-7],[14],[1],[1],[29],[11],[2],[2],[26],[11],[-4],[-7],[18],[-10],[16],[1],[-11],[-11],[8],[-12],[26],[14],[-4],[-5],[0],[16],[24],[10],[-3],[32],[15],[0],[22],[12],[-7],[-7],[21],[4],[-11],[25],[7],[-7],[10],[14],[-4],[-5],[21],[-12],[-4],[-11],[8],[15],[3],[-13],[22],[-11],[-16],[19],[1],[-15],[0],[-10],[0],[13],[-4],[-7],[-7],[26],[12],[-8],[-7],[-7],[18],[-5],[-7],[21],[7],[-5],[2],[23],[6],[-11],[32],[20],[3],[4],[32],[3],[1],[33],[-3],[13],[23],[10],[0],[35],[11],[4],[32],[18],[5],[3],[7],[-7],[14],[4],[9],[9],[-3],[13],[-7],[24],[5],[0],[0],[21],[5],[21],[4],[1],[27],[12],[-10],[-7],[-7],[19],[4],[-12],[8],[19],[2],[4],[29],[-5],[15],[26],[14],[1],[24],[19],[4],[25],[7],[1],[17],[20],[10],[1],[7],[0],[24],[9],[-5],[5],[8],[28],[11],[0],[33],[13],[-4],[15],[26],[1],[1],[21],[4],[0],[30],[13],[1],[32],[15],[-7],[32],[7],[18],[6],[36],[22],[6],[13],[22],[-4],[1],[2],[0],[1],[0],[27],[12],[-5],[12],[14],[0],[3],[4],[27],[12],[-5],[13],[21],[7],[-10],[-4],[-6],[-7],[-7],[-11],[-8],[-4],[29],[14],[-5],[-3],[-4],[2],[30],[0],[9],[0],[5],[29],[-10],[9],[18],[-7],[2],[0],[20],[19],[3],[3],[29],[0],[8],[-7],[30],[17],[3],[9],[31],[15],[1],[26],[27],[15],[13],[9],[6],[10],[8],[29],[12],[-3],[-5],[12],[-5],[12],[1],[4],[15],[3],[30],[17],[1],[18],[26],[1],[15],[-3],[2],[1],[17],[3],[25],[1],[-9],[-6],[-14],[4],[-8],[29],[22],[5],[26],[36],[16],[1],[13],[21],[-3],[1],[25],[4],[0],[28],[14],[1],[2],[28],[8],[0],[37],[26],[11],[10],[34],[12],[-6],[0],[25],[-8],[14],[-10],[-4],[-7],[-10],[0],[32],[11],[12],[38],[25],[8],[8],[31],[3],[2],[21],[-5],[9],[19],[6],[-7],[4],[19],[6],[-9],[10],[19],[2],[1],[27],[12],[0],[0],[24],[-5],[0],[30],[5],[-13],[25],[11],[-5],[-4],[24],[13],[-11],[16],[14],[-8],[-8],[5],[-6],[19],[5],[10],[32],[14],[3],[34],[11],[-8],[34],[21],[2],[3],[4],[31],[2],[0],[4],[5],[3],[0],[29],[18],[4],[33],[19],[5],[3],[20],[2],[0],[30],[17],[-4],[27],[0],[-6],[5],[9],[0],[-4],[4],[2],[9],[9],[20],[6],[4],[31],[18],[-3],[10],[4],[4],[34],[2],[13],[-4],[-4],[-10],[-5],[23],[4],[5],[3],[3],[25],[11],[6],[35],[13],[-3],[0],[24],[0],[26],[0],[0],[5],[28],[15],[-2],[16],[5],[2],[27],[14],[4],[5],[26],[10],[5],[28],[7],[0],[26],[10],[-4],[17],[3],[16],[1],[3],[8],[9],[10],[12],[12],[22],[4],[4],[6],[0],[12],[-8],[-8],[-6],[-5],[-4],[-11],[-5],[-4],[-10],[-8],[0],[-7],[13],[-3],[16],[2],[18],[-4],[-7],[6],[-19],[0],[-16],[-16],[-15],[11],[-12],[9],[18],[5],[-11],[21],[22],[1],[34],[17],[0],[0],[22],[7],[-8],[20],[3],[-13],[20],[-5],[-5],[10],[-4],[0],[3],[11],[0],[33],[19],[1],[1],[-3],[-4],[21],[9],[-5],[18],[1],[-14],[3],[13],[3],[-6],[20],[11],[20],[31],[9],[4],[23],[5],[-11],[-8],[-12],[-13],[9],[17],[-5],[-6],[0],[24],[9],[-6],[-6],[2],[33],[3],[4],[-4],[13],[24],[-4],[-6],[0],[28],[0],[30],[8],[2],[-3],[16],[-4],[-3],[20],[4],[9],[23],[8],[6],[35],[19],[0],[-3],[14],[24],[4],[24],[9],[9],[29],[9],[8],[32],[2],[3],[8],[29],[16],[5],[2],[16],[27],[2],[-3],[19],[-3],[1],[0],[0],[0],[32],[18],[4],[0],[1],[-3],[2],[14],[-8],[-8],[-10],[-7],[2],[-5],[16],[19],[4],[2],[12],[-6],[11],[0],[31],[20],[3],[3],[29],[13],[-5],[-7],[-5],[5],[0],[32],[22],[9],[0],[26],[8],[-6],[22],[10],[-4],[14],[25],[10],[0],[28],[12],[-5],[11],[25],[-5],[12],[21],[-6],[12],[19],[3],[3],[30],[17],[0],[1],[28],[5],[35],[5],[19],[4],[9],[29],[13],[-4],[24],[19],[-6],[0],[22],[8],[-7],[8],[22],[10],[-5],[30],[2],[2],[29],[18],[3],[4],[19],[-11],[16],[0],[-13],[8],[-3],[-5],[21],[7],[-11],[0],[19],[-5],[-6],[13],[22],[9],[0],[30],[17],[2],[3],[-13],[1],[11],[-4],[-11],[28],[18],[8],[2],[33],[14],[-4],[16],[5],[10],[-10],[20],[14],[-6],[8],[19],[3],[-15],[2],[18],[3],[-6],[2],[10],[-10],[16],[17],[5],[3],[28],[-3],[1],[20],[0],[25],[4],[-9],[16],[18],[-3],[16],[25],[3],[2],[0],[19],[-3],[-19],[28],[2],[3],[29],[16],[-5],[2],[1],[1],[10],[4],[27],[10],[-3],[27],[11],[-8],[-6],[1],[-16],[16],[6],[-6],[-6],[27],[0],[0],[16],[1],[0],[28],[12],[-4],[1],[-10],[-14],[5],[-12],[4],[-7],[22],[-6],[26],[-5],[-7],[10],[-7],[26],[22],[1],[14],[-3],[0],[24],[2],[1],[16],[-4],[-16],[22],[-5],[19],[1],[-3],[-8],[17],[0],[-14],[30],[0],[25],[11],[-5],[-3],[-4],[-5],[0],[-7],[-6],[0],[20],[3],[-10],[-7],[-7],[-4],[-3],[8],[0],[30],[13],[3],[36],[5],[6],[6],[29],[15],[4],[8],[26],[10],[-3],[19],[4],[6],[8],[7],[9],[33],[18],[-3],[13],[4],[26],[7],[5],[11],[-7],[10],[20],[3],[4],[28],[16],[2],[2],[27],[-7],[0],[-6],[-5],[22],[0],[-4],[-6],[14],[-7],[10],[19],[5],[-6],[-7],[-7],[-5],[14],[20],[-5],[-4],[19],[5],[5],[25],[8],[-4],[29],[-3],[18],[5],[-8],[28],[17],[3],[-13],[25],[9],[-3],[30],[17],[2],[5],[2],[20],[5],[0],[25],[10],[-5],[13],[0],[-4],[25],[9],[-6],[12],[22],[3],[-9],[-7],[-8],[13],[-5],[-6],[24],[9],[0],[12],[25],[11],[-4],[17],[-3],[0],[29],[11],[-7],[-8],[19],[6],[-9],[11],[19],[4],[-12],[25],[17],[3],[3],[26],[8],[-11],[-7],[-6],[-7],[11],[9],[-6],[0],[20],[8],[0],[30],[2],[32],[11],[9],[34],[20],[1],[16],[25],[12],[0],[30],[19],[-3],[16],[20],[2],[0],[28],[4],[6],[3],[4],[28],[6],[8],[8],[5],[20],[26],[-3],[13],[7],[20],[2],[14],[2],[26],[27],[15],[2],[4],[5],[5],[21],[3],[4],[3],[9],[8],[30],[-5],[1],[-3],[0],[-4],[0],[12],[-5],[16],[24],[9],[6],[33],[18],[3],[6],[3],[5],[7],[10],[10],[5],[8],[5],[4],[6],[23],[8],[9],[14],[12],[11],[10],[20],[5],[17],[2],[32],[24],[10],[4],[21],[10],[6],[30],[13],[0],[26],[5],[8],[34],[20],[3],[8],[29],[14],[1],[24],[21],[9],[9],[35],[17],[2],[18],[28],[6],[3],[18],[25],[6],[0],[24],[19],[3],[3],[31],[16],[5],[17],[20],[2],[31],[17],[-6],[1],[4],[26],[6],[38],[24],[6],[8],[32],[11],[11],[32],[17],[6],[6],[31],[17],[5],[4],[6],[30],[8],[10],[8],[1],[26],[26],[6],[18],[27],[12],[-5],[28],[12],[-4],[0],[25],[11],[1],[3],[3],[29],[10],[9],[33],[18],[2],[2],[28],[14],[3],[2],[2],[17],[2],[17],[3],[33],[19],[5],[4],[25],[2],[4],[2],[18],[6],[4],[30],[13],[2],[16],[27],[4],[4],[39],[18],[-7],[16],[17],[2],[36],[17],[0],[25],[22],[3],[1],[25],[12],[2],[2],[0],[14],[7],[-10],[18],[22],[10],[-4],[16],[17],[5],[-7],[28],[10],[-11],[8],[20],[1],[29],[14],[-5],[-4],[24],[-6],[10],[17],[2],[-12],[12],[-5],[-6],[14],[-11],[3],[13],[3],[-13],[15],[-3],[-3],[25],[-10],[-7],[21],[-11],[13],[-8],[25],[17],[2],[3],[0],[11],[-7],[13],[18],[-3],[3],[0],[5],[9],[32],[18],[-5],[24],[16],[0],[34],[0],[19],[5],[2],[26],[1],[35],[15],[0],[19],[15],[1],[-3],[25],[11],[-3],[9],[19],[0],[18],[1],[0],[25],[11],[-4],[16],[-8],[5],[-11],[10],[-6],[-6],[-7],[-8],[-5],[-8],[-8],[-10],[16],[-13],[10],[-5],[-3],[26],[-5],[0],[-3],[3],[0],[21],[8],[-7],[20],[20],[6],[0],[10],[-10],[10],[13],[-5],[0],[13],[-3],[-4],[-5],[-6],[-5],[0],[3],[18],[2],[20],[9],[22],[-4],[21],[22],[5],[13],[-6],[33],[21],[4],[3],[27],[21],[6],[5],[34],[19],[3],[5],[-7],[36],[25],[12],[9],[10],[8],[30],[13],[2],[19],[23],[5],[8],[24],[-4],[1],[-8],[-8],[0],[-5],[0],[0],[26],[9],[-8],[9],[16],[-4],[-16],[20],[12],[-6],[-5],[5],[-11],[18],[2],[-14],[16],[10],[-12],[0],[21],[3],[-7],[-3],[0],[17],[-8],[8],[16],[-6],[-5],[9],[-7],[-5],[22],[-6],[4],[-13],[20],[4],[-13],[-12],[-10],[18],[2],[-3],[4],[0],[22],[-7],[15],[0],[-15],[1],[7],[-11],[-11],[16],[-14],[-18],[8],[-11],[-13],[8],[12],[-6],[-5],[19],[6],[-12],[-5],[-7],[24],[7],[-12],[28],[17],[3],[4],[13],[-4],[-5],[25],[12],[-9],[10],[23],[9],[-8],[12],[23],[4],[-3],[-4],[22],[4],[-12],[11],[15],[2],[1],[-8],[12],[22],[4],[-8],[26],[-3],[-5],[-5],[-7],[1],[11],[19],[0],[-5],[18],[1],[-13],[-7],[-11],[8],[-10],[-11],[16],[2],[-13],[12],[-15],[3],[-12],[0],[-11],[-13],[-11],[5],[-13],[-12],[-10],[-4],[-18],[24],[-10],[-10],[-8],[9],[15],[-6],[-6],[20],[5],[-6],[-5],[25],[5],[0],[-3],[16],[-6],[12],[-9],[-3],[1],[7],[0],[-4],[1],[1],[5],[6],[31],[6],[2],[5],[3],[3],[-3],[0],[25],[12],[0],[27],[14],[2],[34],[0],[4],[2],[24],[14],[3],[14],[24],[0],[-3],[4],[31],[13],[2],[32],[0],[-6],[10],[18],[-6],[20],[9],[-10],[12],[19],[7],[-8],[-4],[-4],[24],[8],[-7],[8],[18],[10],[-5],[28],[6],[1],[3],[37],[19],[3],[8],[23],[9],[0],[4],[9],[-9],[30],[17],[-8],[16],[21],[8],[6],[34],[23]]}}