{"protected":{"ver":"v1","alg":"HS256","iat":1740144625},"signature":"6d001a58b255699f0a5b0a376fc9ab048577a320642534f94f1ab686a077bf07","payload":{"device_name":"E6:61:78:C1:27:19:92:28","device_type":"DATA_FORWARDER","interval_ms":0.0625,"sensors":[{"name":"audio","units":"wav"}],"values":[[-24],[-23],[-16],[-26],[-14],[27],[4],[27],[9],[0],[24],[18],[-3],[-6],[0],[2],[1],[28],[11],[-6],[11],[2],[0],[24],[9],[-4],[0],[22],[16],[1],[2],[26],[8],[4],[27],[10],[-5],[13],[3],[7],[6],[5],[19],[3],[4],[28],[8],[5],[20],[3],[-13],[8],[12],[0],[5],[18],[1],[3],[28],[3],[19],[2],[12],[24],[-3],[27],[14],[-3],[1],[29],[14],[3],[29],[-4],[-8],[-6],[8],[24],[15],[-5],[12],[19],[6],[-8],[20],[19],[-5],[12],[22],[-4],[28],[14],[-9],[9],[15],[1],[1],[3],[13],[4],[14],[1],[15],[1],[5],[0],[28],[14],[-3],[3],[7],[-7],[9],[17],[-8],[-11],[18],[13],[-4],[0],[25],[9],[-7],[0],[19],[6],[-11],[4],[12],[1],[-11],[7],[17],[-11],[26],[-6],[0],[19],[-3],[-5],[26],[0],[-4],[10],[20],[8],[-6],[9],[4],[0],[15],[-7],[8],[-10],[-7],[-6],[16],[-8],[0],[1],[3],[10],[-4],[17],[18],[2],[3],[22],[5],[3],[26],[13],[-7],[8],[-10],[5],[-8],[10],[12],[0],[32],[18],[-6],[-7],[18],[-4],[1],[27],[16],[1],[11],[-8],[0],[19],[4],[-6],[26],[8],[-6],[8],[15],[2],[1],[22],[2],[4],[22],[0],[-9],[12],[-10],[2],[1],[23],[5],[-9],[10],[19],[9],[-5],[20],[18],[3],[2],[-9],[28],[0],[26],[8],[-17],[22],[18],[-3],[2],[29],[3],[6],[0],[3],[4],[30],[14],[1],[8],[0],[29],[2],[-3],[24],[9],[-6],[8],[10],[-10],[8],[-10],[12],[9],[-6],[9],[-8],[14],[3],[27],[13],[0],[9],[-6],[0],[-10],[10],[24],[5],[5],[37],[21],[4],[26],[9],[-8],[11],[16],[0],[17],[1],[4],[2],[-3],[4],[4],[22],[4],[6],[33],[18],[3],[3],[22],[1],[4],[0],[21],[17],[-3],[-5],[-7],[27],[3],[7],[8],[10],[33],[16],[3],[4],[22],[4],[5],[29],[14],[4],[18],[1],[1],[19],[-4],[1],[24],[4],[10],[10],[4],[8],[4],[10],[0],[27],[6],[-11],[20],[20],[2],[3],[12],[1],[6],[28],[14],[0],[14],[21],[4],[2],[19],[-3],[18],[26],[13],[2],[33],[18],[5],[3],[28],[14],[1],[4],[28],[5],[2],[28],[25],[4],[3],[4],[2],[15],[1],[5],[26],[8],[37],[19],[4],[21],[3],[8],[27],[5],[5],[0],[-5],[0],[2],[25],[3],[2],[33],[19],[8],[6],[2],[8],[5],[9],[10],[5],[30],[5],[3],[2],[33],[2],[34],[22],[4],[14],[1],[20],[22],[5],[4],[5],[29],[15],[10],[35],[18],[9],[12],[6],[8],[29],[8],[6],[16],[25],[10],[9],[36],[25],[11],[13],[32],[13],[0],[32],[3],[38],[9],[11],[10],[9],[27],[10],[0],[28],[9],[5],[30],[14],[5],[34],[8],[0],[29],[12],[-3],[13],[0],[34],[21],[3],[22],[29],[8],[5],[29],[6],[29],[12],[-8],[12],[18],[5],[-13],[29],[-4],[1],[28],[12],[-4],[16],[0],[0],[26],[17],[0],[12],[22],[4],[21],[6],[8],[2],[17],[0],[32],[19],[3],[5],[27],[12],[2],[0],[28],[19],[0],[1],[-5],[-3],[1],[27],[9],[8],[30],[2],[1],[-7],[-5],[-7],[2],[27],[11],[3],[32],[17],[2],[1],[27],[13],[1],[0],[24],[1],[1],[6],[37],[9],[4],[2],[0],[12],[-7],[0],[21],[6],[-11],[11],[-6],[11],[14],[-4],[1],[1],[-3],[17],[18],[2],[13],[21],[1],[28],[1],[0],[26],[6],[-6],[12],[-4],[-3],[2],[2],[26],[3],[18],[1],[0],[27],[13],[-4],[12],[26],[10],[-3],[12],[20],[4],[0],[25],[4],[6],[0],[-3],[2],[28],[16],[4],[17],[25],[9],[-3],[29],[11],[-6],[11],[20],[7],[8],[25],[4],[3],[3],[0],[32],[14],[2],[1],[30],[5],[25],[9],[10],[32],[17],[0],[8],[25],[10],[-5],[16],[24],[8],[-10],[32],[3],[1],[1],[2],[26],[5],[5],[31],[16],[3],[6],[28],[-3],[-5],[18],[3],[2],[1],[17],[1],[4],[5],[-7],[7],[-8],[18],[-5],[-6],[14],[-12],[29],[14],[1],[8],[25],[7],[-7],[-6],[-4],[23],[1],[4],[2],[-3],[-4],[17],[1],[0],[32],[3],[-3],[13],[-5],[8],[24],[2],[2],[2],[1],[-3],[26],[2],[29],[14],[2],[1],[27],[12],[-6],[22],[-6],[18],[19],[9],[0],[1],[2],[31],[16],[-3],[0],[24],[-3],[24],[1],[5],[25],[2],[2],[27],[14],[3],[-4],[1],[18],[0],[3],[21],[6],[-10],[8],[19],[0],[-4],[-3],[1],[4],[27],[13],[2],[5],[28],[13],[1],[3],[24],[5],[0],[31],[14],[0],[0],[-5],[12],[2],[29],[-6],[6],[-13],[13],[19],[5],[8],[34],[20],[5],[4],[3],[2],[22],[-7],[-10],[20],[2],[4],[4],[20],[2],[-11],[20],[5],[-13],[6],[21],[8],[-11],[23],[9],[-4],[8],[19],[2],[0],[28],[17],[0],[-7],[16],[20],[3],[0],[0],[0],[-6],[-5],[1],[2],[0],[2],[-3],[26],[11],[-5],[-5],[28],[0],[25],[5],[-8],[24],[8],[-10],[18],[-4],[18],[-10],[-7],[-7],[0],[0],[24],[13],[1],[10],[24],[9],[-8],[8],[16],[-5],[0],[-3],[5],[0],[33],[20],[5],[4],[28],[-3],[27],[0],[-5],[-3],[-4],[10],[-3],[25],[4],[3],[29],[12],[-5],[4],[21],[-6],[29],[8],[-10],[24],[21],[6],[0],[10],[-5],[4],[24],[-7],[12],[15],[2],[3],[28],[10],[6],[34],[16],[-4],[-9],[19],[-4],[-4],[25],[2],[0],[17],[-5],[-5],[-6],[0],[22],[-4],[3],[27],[10],[-3],[-7],[2],[-16],[20],[12],[-6],[-8],[8],[-6],[-8],[-6],[12],[-7],[10],[10],[-3],[31],[17],[-3],[-4],[22],[1],[-14],[21],[13],[0],[0],[-4],[10],[-5],[16],[2],[0],[25],[10],[-3],[29],[-4],[17],[2],[-14],[10],[11],[-5],[-8],[-10],[14],[-10],[21],[-6],[-5],[6],[4],[30],[14],[-7],[-6],[-6],[-6],[16],[1],[-15],[6],[13],[4],[-12],[16],[17],[5],[0],[27],[13],[3],[0],[25],[2],[4],[19],[-3],[-6],[20],[-4],[4],[5],[28],[11],[-4],[9],[-6],[7],[-7],[2],[0],[-5],[-8],[19],[-4],[0],[25],[13],[-5],[-6],[-6],[-6],[16],[-4],[23],[5],[4],[0],[-7],[-5],[10],[-8],[-8],[13],[-10],[21],[6],[-9],[26],[8],[0],[28],[14],[1],[0],[-3],[19],[2],[2],[29],[14],[-8],[16],[11],[-7],[0],[19],[5],[-8],[12],[1],[15],[3],[31],[17],[2],[1],[26],[11],[-4],[9],[24],[9],[-8],[12],[-3],[0],[21],[9],[-5],[10],[3],[0],[2],[19],[0],[1],[12],[-7],[0],[0],[-7],[19],[5],[-12],[29],[-3],[1],[3],[-5],[24],[17],[0],[4],[27],[13],[0],[15],[18],[3],[5],[28],[1],[-4],[11],[-5],[-5],[9],[17],[7],[-7],[16],[21],[9],[0],[25],[20],[1],[-5],[27],[8],[-5],[12],[14],[-4],[-5],[21],[-8],[-10],[12],[-5],[2],[-6],[20],[20],[9],[10],[5],[29],[13],[-3],[10],[15],[3],[7],[8],[0],[33],[17],[-5],[-5],[-7],[12],[-6],[10],[22],[10],[10],[5],[30],[16],[-5],[24],[-4],[1],[30],[0],[28],[11],[-5],[0],[-4],[8],[14],[-3],[13],[1],[6],[10],[8],[31],[19],[3],[5],[30],[16],[1],[11],[22],[5],[-11],[10],[20],[8],[0],[33],[20],[4],[-3],[25],[11],[0],[31],[18],[3],[0],[26],[11],[-5],[2],[24],[5],[-10],[12],[14],[-4],[-5],[-5],[9],[-7],[11],[1],[2],[-4],[-6],[-3],[1],[1],[0],[1],[-2],[25],[-7],[-5],[13],[0],[1],[28],[4],[3],[8],[-14],[22],[3],[-10],[12],[18],[0],[-3],[19],[0],[12],[22],[10],[-6],[9],[18],[-5],[-5],[14],[-5],[24],[3],[5],[1],[-5],[-4],[25],[8],[1],[35],[22],[3],[2],[27],[14],[3],[13],[-3],[14],[22],[10],[-4],[31],[14],[2],[2],[27],[14],[2],[13],[-6],[10],[16],[2],[1],[14],[27],[13],[-5],[26],[24],[6],[0],[24],[18],[4],[4],[30],[3],[5],[18],[1],[0],[23],[3],[2],[30],[2],[32],[18],[4],[1],[28],[-5],[-5],[10],[24],[11],[-4],[11],[20],[9],[-2],[4],[2],[-7],[26],[0],[17],[-3],[21],[8],[-4],[3],[3],[28],[12],[-4],[-6],[26],[10],[2],[30],[11],[-3],[31],[18],[6],[6],[3],[26],[-4],[13],[1],[14],[-6],[19],[25],[14],[-3],[16],[23],[12],[0],[32],[19],[5],[6],[34],[20],[2],[1],[0],[2],[6],[8],[12],[9],[21],[5],[24],[5],[11],[0],[34],[21],[4],[8],[6],[29],[16],[8],[15],[0],[20],[23],[12],[1],[33],[18],[7],[5],[25],[6],[40],[23],[4],[16],[2],[13],[-3],[20],[27],[5],[24],[20],[6],[5],[32],[18],[3],[8],[1],[30],[11],[3],[28],[22],[9],[9],[33],[2],[3],[22],[9],[9],[6],[21],[3],[16],[27],[14],[2],[32],[17],[3],[19],[26],[14],[4],[15],[-3],[-7],[28],[21],[-4],[28],[17],[2],[2],[30],[-3],[-5],[11],[-6],[16],[19],[4],[-8],[13],[1],[0],[25],[-7],[12],[22],[0],[24],[10],[-7],[-7],[-6],[23],[9],[-6],[16],[2],[8],[4],[27],[-7],[0],[3],[0],[1],[3],[32],[10],[-7],[25],[2],[5],[-8],[9],[21],[-3],[0],[22],[1],[-5],[-4],[24],[5],[3],[-7],[18],[-8],[8],[-6],[0],[25],[0],[23],[8],[-10],[4],[8],[-6],[9],[19],[9],[-4],[4],[13],[-8],[20],[5],[-18],[25],[10],[-3],[1],[26],[9],[-3],[29],[12],[-7],[0],[21],[2],[2],[4],[5],[30],[1],[1],[32],[15],[2],[3],[2],[33],[17],[2],[1],[22],[2],[33],[16],[2],[1],[5],[-7],[29],[20],[-5],[16],[0],[2],[1],[-4],[0],[1],[2],[0],[4],[4],[30],[3],[35],[21],[3],[6],[27],[12],[0],[1],[-4],[13],[2],[2],[-7],[11],[18],[-6],[1],[1],[27],[6],[0],[26],[13],[-6],[0],[29],[-7],[16],[19],[5],[-8],[-8],[22],[7],[-10],[20],[21],[0],[30],[19],[4],[2],[28],[-4],[1],[3],[27],[16],[0],[13],[25],[10],[1],[-3],[14],[0],[6],[6],[33],[13],[-6],[-3],[1],[1],[25],[10],[-5],[0],[25],[12],[-4],[12],[1],[22],[9],[-5],[31],[13],[-3],[2],[0],[-7],[0],[-6],[31],[-4],[8],[-7],[10],[16],[7],[0],[25],[-8],[26],[19],[4],[0],[-7],[-4],[29],[14],[1],[0],[26],[6],[-10],[28],[18],[2],[1],[24],[-3],[-3],[6],[-8],[6],[8],[29],[15],[4],[-16],[22],[-6],[-5],[15],[2],[-3],[-7],[8],[21],[10],[-5],[10],[11],[-3],[1],[14],[-3],[4],[27],[5],[3],[6],[-12],[9],[16],[4],[1],[29],[17],[2],[-3],[27],[6],[8],[30],[16],[-6],[8],[20],[8],[-6],[13],[20],[3],[-11],[-3],[0],[28],[-4],[2],[0],[22],[-5],[1],[4],[2],[2],[-4],[9],[20],[5],[-8],[-5],[1],[31],[2],[5],[2],[18],[8],[-4],[4],[4],[30],[11],[-8],[8],[18],[4],[-8],[-5],[-8],[-5],[-5],[-7],[-4],[0],[15],[-5],[-5],[21],[2],[-12],[24],[-5],[0],[26],[0],[20],[7],[5],[28],[0],[-5],[-5],[-5],[1],[1],[-6],[11],[-6],[8],[21],[-4],[-4],[-3],[25],[9],[-6],[12],[21],[8],[-6],[9],[17],[5],[-6],[-10],[19],[4],[-6],[24],[3],[3],[21],[-6],[21],[5],[5],[35],[14],[-3],[0],[16],[-6],[24],[10],[-7],[12],[18],[5],[-9],[-4],[0],[22],[6],[3],[28],[0],[16],[1],[1],[-5],[0],[16],[2],[11],[19],[6],[0],[6],[33],[1],[-5],[12],[22],[1],[1],[27],[4],[-11],[-3],[-3],[2],[-11],[22],[2],[0],[11],[-4],[29],[14],[-6],[15],[3],[3],[26],[-5],[-7],[18],[16],[3],[0],[-5],[27],[4],[0],[-4],[-7],[12],[16],[1],[-15],[28],[14],[3],[-3],[22],[11],[-5],[3],[30],[16],[4],[2],[2],[25],[12],[-3],[2],[27],[11],[-3],[11],[17],[-5],[22],[-5],[4],[2],[5],[32],[16],[1],[12],[25],[10],[-6],[11],[19],[0],[0],[6],[-7],[26],[2],[5],[3],[25],[10],[-5],[0],[23],[-3],[4],[22],[10],[-9],[16],[-9],[12],[15],[8],[-9],[24],[21],[6],[0],[33],[18],[1],[30],[3],[0],[17],[1],[4],[24],[12],[0],[14],[17],[2],[32],[19],[5],[2],[26],[5],[-9],[19],[13],[-5],[14],[26],[12],[2],[1],[-3],[5],[5],[0],[0],[1],[22],[6],[0],[32],[21],[9],[8],[32],[19],[2],[20],[2],[3],[18],[6],[3],[29],[15],[2],[11],[-6],[19],[22],[4],[3],[28],[14],[1],[1],[-4],[25],[6],[-5],[25],[12],[1],[11],[-5],[-3],[27],[6],[4],[10],[-5],[34],[3],[22],[6],[0],[30],[19],[-5],[4],[2],[31],[17],[-6],[16],[21],[0],[6],[0],[1],[4],[25],[5],[2],[3],[26],[9],[0],[29],[22],[6],[6],[25],[11],[0],[31],[2],[26],[9],[-7],[11],[2],[3],[-5],[0],[22],[3],[10],[25],[0],[-5],[-4],[5],[-11],[8],[15],[1],[3],[17],[-4],[-4],[26],[6],[-11],[24],[16],[1],[9],[-7],[33],[0],[26],[18],[6],[-8],[1],[20],[4],[-2],[27],[-8],[-3],[13],[27],[1],[3],[33],[1],[-5],[-3],[-5],[13],[-4],[-6],[8],[23],[1],[4],[2],[-4],[2],[1],[1],[3],[4],[2],[8],[-5],[27],[-7],[16],[17],[-5],[9],[17],[1],[2],[19],[2],[22],[3],[10],[27],[-3],[-6],[-8],[15],[1],[2],[4],[0],[25],[10],[-3],[18],[5],[7],[15],[-4],[14],[22],[9],[0],[32],[18],[0],[30],[12],[-5],[13],[25],[9],[-6],[20],[5],[1],[0],[32],[17],[4],[5],[30],[14],[0],[15],[25],[9],[-8],[16],[22],[5],[6],[33],[22],[3],[16],[3],[27],[16],[4],[10],[26],[10],[-7],[12],[21],[7],[-7],[27],[17],[0],[28],[16],[2],[2],[9],[0],[32],[14],[1],[15],[28],[3],[2],[28],[14],[1],[2],[3],[0],[28],[-3],[15],[21],[-6],[0],[0],[2],[2],[25],[5],[-10],[24],[18],[-3],[8],[20],[0],[1],[-10],[30],[18],[-4],[-3],[13],[-3],[2],[24],[9],[-8],[10],[17],[6],[3],[-5],[-5],[-6],[20],[-5],[17],[-4],[6],[-7],[10],[-7],[12],[21],[1],[15],[3],[3],[30],[14],[-6],[-4],[-5],[-6],[12],[20],[9],[-8],[16],[20],[4],[0],[-4],[-4],[14],[-4],[8],[2],[29],[1],[-3],[16],[19],[4],[4],[22],[9],[-11],[27],[17],[5],[3],[30],[16],[2],[1],[27],[11],[-5],[13],[22],[-5],[-6],[11],[-8],[12],[22],[7],[-17],[22],[-5],[-4],[11],[-3],[-7],[-6],[8],[-8],[12],[15],[0],[19],[5],[-8],[18],[16],[4],[2],[-6],[17],[3],[3],[29],[12],[-5],[-5],[-6],[-6],[28],[9],[-7],[-6],[-4],[0],[29],[10],[-7],[10],[19],[3],[-8],[10],[17],[-7],[-9],[-6],[-6],[-10],[19],[-8],[-4],[-5],[-6],[9],[-6],[-5],[-3],[12],[-4],[0],[24],[9],[-4],[0],[20],[-6],[-10],[-4],[23],[11],[2],[-4],[-8],[-10],[-9],[-5],[10],[-9],[2],[18],[-8],[25],[11],[-11],[14],[-3],[-12],[26],[14],[1],[1],[5],[-11],[12],[17],[3],[-11],[26],[16],[3],[4],[33],[17],[-6],[12],[17],[-6],[0],[29],[13],[-5],[31],[14],[0],[-3],[28],[14],[-5],[-4],[13],[-5],[-6],[22],[7],[-7],[-4],[-2],[27],[9],[-5],[-7],[22],[-5],[-6],[12],[-5],[10],[18],[1],[-8],[25],[10],[-6],[-4],[-3],[12],[-4],[19],[8],[6],[28],[17],[2],[-3],[27],[-6],[13],[21],[5],[-8],[16],[14],[-8],[8],[11],[-4],[-3],[22],[-6],[0],[8],[21],[8],[-10],[9],[1],[28],[18],[-5],[16],[21],[2],[-6],[12],[0],[3],[4],[-3],[18],[3],[-5],[25],[9],[-12],[24],[14],[-5],[2],[1],[2],[2],[24],[1],[3],[27],[13],[-6],[-11],[20],[-4],[24],[15],[-7],[11],[21],[9],[-5],[26],[1],[2],[27],[12],[-5],[0],[28],[11],[-3],[3],[12],[-6],[11],[16],[-3],[-5],[22],[6],[0],[27],[-4],[-3],[19],[0],[4],[23],[11],[-3],[31],[0],[29],[18],[2],[1],[27],[13],[0],[30],[15],[1],[-3],[27],[4],[-11],[26],[0],[-5],[15],[-6],[18],[-4],[9],[-5],[12],[20],[4],[-8],[25],[8],[-8],[18],[2],[0],[-10],[10],[21],[8],[-8],[28],[13],[1],[3],[27],[15],[2],[4],[-6],[3],[4],[6],[-11],[29],[21],[1],[24],[5],[-11],[24],[14],[-4],[-6],[4],[-8],[20],[19],[-4],[-6],[-10],[14],[-4],[4],[22],[5],[0],[29],[3],[4],[-3],[16],[3],[2],[24],[0],[2],[31],[4],[-7],[-5],[10],[19],[9],[-3],[29],[15],[6],[10],[31],[5],[5],[30],[16],[-6],[17],[-4],[3],[6],[-11],[27],[-6],[24],[16],[2],[4],[22],[8],[0],[10],[-3],[4],[3],[26],[4],[8],[33],[17],[3],[9],[-5],[14],[27],[11],[-6],[27],[-4],[21],[7],[6],[22],[4],[0],[27],[-7],[20],[18],[4],[3],[29],[3],[32],[2],[4],[26],[7],[1],[7],[4],[30],[8],[9],[4],[34],[13],[8],[33],[21],[6],[3],[3],[22],[6],[20],[6],[5],[6],[4],[17],[22],[8],[-7],[24],[3],[3],[27],[12],[-7],[13],[21],[10],[0],[24],[27],[11],[6],[0],[0],[2],[17],[1],[9],[6],[28],[14],[1],[3],[29],[14],[0],[5],[24],[4],[5],[3],[2],[5],[8],[4],[30],[3],[3],[2],[4],[-4],[21],[0],[2],[13],[2],[3],[2],[33],[8],[9],[31],[17],[-6],[0],[5],[4],[33],[14],[-14],[24],[19],[5],[8],[35],[20],[4],[5],[16],[27],[8],[4],[29],[14],[-10],[29],[18],[3],[7],[1],[20],[3],[-3],[22],[-3],[16],[22],[11],[-6],[32],[22],[4],[2],[7],[-7],[24],[23],[0],[13],[22],[8],[-5],[14],[24],[10],[-6],[13],[-3],[-6],[13],[-3],[11],[21],[1],[27],[13],[-4],[16],[25],[8],[0],[-3],[16],[20],[-5],[12],[20],[8],[1],[18],[3],[5],[4],[24],[10],[-6],[24],[12],[-6],[4],[24],[10],[-3],[0],[1],[16],[26],[6],[3],[27],[14],[2],[0],[-4],[-6],[-6],[2],[26],[0],[21],[9],[-8],[30],[12],[-5],[11],[20],[8],[-5],[29],[16],[3],[5],[20],[4],[3],[11],[-3],[9],[6],[2],[17],[0],[-3],[24],[8],[-6],[12],[21],[8],[-5],[28],[14],[2],[31],[2],[13],[0],[-4],[27],[13],[2],[1],[-6],[28],[0],[32],[0],[0],[-7],[2],[3],[10],[-8],[20],[12],[-3],[2],[20],[2],[3],[28],[11],[1],[35],[4],[17],[-3],[0],[15],[25],[8],[-8],[28],[0],[12],[-5],[12],[23],[10],[2],[29],[13],[-3],[26],[3],[2],[3],[32],[13],[-3],[12],[0],[5],[33],[12],[-6],[12],[21],[8],[-6],[25],[11],[1],[29],[15],[1],[0],[26],[-4],[1],[10],[-7],[1],[2],[5],[-7],[20],[22],[0],[1],[0],[29],[-4],[12],[20],[-5],[-13],[20],[16],[2],[0],[0],[29],[9],[-3],[30],[15],[2],[5],[31],[-7],[16],[18],[5],[4],[-3],[3],[2],[0],[28],[14],[-3],[0],[22],[6],[-6],[26],[9],[-6],[20],[-6],[-4],[29],[13],[2],[0],[24],[14],[4],[16],[-2],[14],[2],[2],[-5],[13],[1],[28],[14],[-3],[-5],[28],[7],[0],[27],[12],[-7],[24],[2],[19],[5],[2],[-3],[10],[24],[-3],[25],[8],[-6],[24],[21],[9],[0],[10],[-8],[18],[25],[4],[31],[2],[5],[8],[25],[5],[2],[35],[19],[4],[5],[5],[2],[12],[-3],[6],[19],[-3],[-5],[31],[17],[5],[5],[2],[0],[20],[3],[2],[28],[14],[0],[1],[29],[17],[1],[13],[20],[3],[3],[22],[4],[-6],[15],[1],[1],[1],[9],[0],[28],[-5],[-4],[1],[0],[13],[1],[2],[25],[10],[1],[32],[13],[-4],[19],[4],[2],[-3],[-5],[16],[1],[3],[21],[8],[0],[0],[-4],[6],[-8],[27],[-6],[17],[5],[-5],[0],[19],[3],[0],[-3],[16],[17],[-8],[32],[20],[9],[9],[34],[18],[3],[2],[27],[12],[-4],[0],[19],[-4],[9],[21],[0],[-7],[24],[12],[-7],[0],[19],[-3],[-7],[-5],[0],[-6],[7],[-7],[0],[1],[14],[-3],[4],[1],[13],[-4],[-4],[13],[-6],[4],[25],[11],[-5],[9],[-5],[-7],[20],[9],[-5],[10],[20],[5],[-11],[16],[11],[-5],[0],[-10],[-12],[13],[-5],[6],[17],[2],[3],[28],[-4],[11],[-6],[-3],[22],[3],[2],[25],[12],[-4],[-9],[18],[6],[-10],[0],[-6],[24],[9],[-7],[8],[12],[-4],[-3],[19],[8],[0],[26],[14],[1],[0],[19],[5],[-11],[21],[15],[-5],[6],[-7],[26],[13],[-11],[16],[2],[3],[28],[14],[1],[-7],[18],[2],[-12],[9],[20],[1],[0],[26],[9],[-5],[14],[-2],[15],[-3],[-5],[23],[11],[-5],[-4],[22],[9],[-6],[11],[2],[3],[3],[24],[6],[-10],[24],[9],[-7],[12],[21],[-6],[-4],[25],[2],[1],[24],[5],[0],[22],[12],[-3],[1],[28],[14],[2],[3],[2],[-6],[4],[17],[8],[-5],[14],[21],[1],[12],[24],[4],[-11],[9],[19],[3],[0],[-3],[22],[2],[20],[6],[0],[28],[18],[-4],[0],[-4],[14],[0],[13],[17],[2],[3],[1],[1],[0],[1],[31],[14],[-7],[20],[17],[1],[5],[2],[17],[1],[1],[26],[14],[0],[10],[25],[10],[-6],[11],[23],[0],[-5],[9],[-7],[14],[25],[12],[-5],[11],[17],[5],[-8],[1],[-5],[30],[4],[12],[-6],[12],[15],[0],[21],[6],[0],[13],[-6],[19],[19],[9],[-7],[29],[12],[1],[11],[21],[-5],[9],[-8],[13],[14],[-4],[1],[-5],[11],[-3],[30],[13],[0],[-5],[18],[1],[0],[-4],[-4],[2],[-5],[33],[13],[-5],[12],[12],[-6],[12],[18],[1],[5],[2],[29],[13],[5],[4],[24],[10],[-3],[8],[19],[-3],[-7],[-6],[-4],[0],[19],[3],[2],[27],[5],[0],[-3],[0],[18],[-3],[14],[23],[5],[-8],[28],[19],[-6],[8],[18],[4],[5],[0],[30],[16],[-8],[20],[4],[-9],[24],[4],[5],[7],[-3],[-4],[0],[25],[10],[-7],[16],[12],[-3],[1],[2],[2],[19],[-9],[32],[-3],[30],[14],[-7],[6],[-13],[26],[17],[2],[3],[29],[14],[3],[2],[29],[2],[1],[12],[-6],[15],[-7],[2],[12],[-5],[2],[3],[29],[15],[2],[2],[27],[14],[1],[0],[-8],[12],[18],[5],[0],[0],[0],[2],[20],[3],[3],[21],[5],[-10],[24],[19],[6],[4],[25],[11],[-3],[17],[1],[28],[-5],[0],[24],[9],[-4],[0],[-5],[28],[20],[2],[3],[18],[2],[0],[25],[13],[-8],[20],[4],[-11],[26],[3],[-8],[28],[16],[0],[2],[26],[13],[-3],[-3],[28],[5],[0],[26],[17],[3],[4],[31],[11],[-3],[3],[21],[7],[5],[31],[17],[1],[2],[2],[1],[12],[27],[11],[-5],[12],[13],[4],[29],[19],[3],[3],[27],[11],[-6],[26],[9],[-6],[10],[24],[11],[-7],[24],[20],[1],[24],[9],[-6],[0],[1],[-4],[18],[24],[1],[15],[-10],[26],[-7],[4],[5],[28],[13],[-5],[24],[10],[-6],[24],[22],[8],[4],[28],[0],[-5],[-5],[11],[-6],[22],[-4],[25],[10],[-5],[8],[-9],[16],[-5],[11],[-5],[-8],[27],[14],[-4],[24],[6],[-9],[11],[-5],[14],[21],[9],[-4],[21],[5],[-6],[3],[-4],[11],[15],[-6],[8],[22],[0],[0],[22],[4],[4],[27],[10],[-4],[29],[13],[3],[4],[28],[2],[0],[1],[0],[0],[2],[0],[30],[-7],[16],[18],[2],[-3],[26],[11],[-4],[-5],[-3],[22],[2],[-5],[12],[17],[-3],[5],[3],[20],[2],[1],[29],[9],[0],[32],[22],[11],[0],[20],[19],[4],[0],[29],[16],[0],[28],[24],[5],[1],[29],[0],[1],[17],[1],[1],[28],[18],[-3],[18],[0],[1],[27],[11],[-3],[16],[20],[-5],[29],[15],[1],[4],[27],[2],[25],[9],[0],[16],[4],[5],[28],[14],[0],[12],[2],[0],[16],[2],[-3],[26],[12],[0],[30],[-6],[29],[10],[-8],[33],[3],[32],[12],[-4],[4],[27],[11],[-3],[11],[6],[6],[17],[0],[16],[3],[10],[1],[3],[26],[10],[-6],[27],[11],[-8],[20],[19],[8],[8],[11],[-5],[16],[23],[3],[-3],[12],[25],[8],[-5],[24],[20],[5],[0],[29],[9],[-7],[-6],[13],[-6],[2],[25],[1],[0],[2],[2],[0],[14],[-6],[14],[17],[5],[2],[0],[-3],[-6],[9],[-6],[14],[1],[0],[29],[10],[-10],[-8],[21],[10],[-3],[31],[11],[-6],[24],[20],[2],[24],[8],[-8],[25],[10],[-3],[29],[15],[1],[2],[28],[10],[-6],[8],[2],[0],[6],[7],[3],[6],[24],[0],[16],[5],[5],[-4],[0],[-5],[-6],[-7],[-3],[28],[11],[-3],[-4],[25],[-3],[-3],[3],[3],[26],[11],[-5],[-7],[16],[2],[2],[26],[1],[-12],[16],[-6],[-7],[29],[11],[-7],[-9],[-8],[12],[21],[-4],[-4],[30],[0],[25],[8],[-5],[13],[25],[1],[-6],[20],[17],[0],[-4],[-3],[-7],[10],[21],[0],[-5],[12],[-4],[12],[17],[0],[13],[21],[6],[-11],[22],[14],[0],[-3],[28],[17],[1],[2],[31],[13],[3],[-3],[24],[9],[-6],[-5],[23],[12],[-4],[1],[10],[-4],[-5],[-9],[-4],[24],[9],[-6],[11],[23],[10],[-11],[26],[13],[-4],[4],[0],[-12],[26],[14],[-5],[21],[1],[-6],[18],[-10],[26],[-3],[-5],[22],[9],[-4],[12],[13],[1],[-3],[-5],[2],[4],[30],[13],[-3],[8],[0],[2],[-3],[13],[0],[5],[2],[28],[13],[-6],[29],[19],[1],[31],[16],[1],[5],[1],[1],[35],[20],[7],[2],[26],[12],[-4],[-8],[-10],[0],[2],[5],[5],[1],[3],[3],[23],[0],[1],[-3],[14],[-3],[4],[28],[5],[12],[-11],[-6],[-7],[0],[25],[2],[3],[30],[9],[0],[29],[3],[16],[5],[1],[-3],[-5],[12],[-4],[20],[7],[0],[3],[0],[0],[0],[26],[9],[-5],[4],[26],[0],[13],[2],[3],[0],[26],[18],[5],[20],[30],[13],[1],[12],[25],[12],[-4],[36],[18],[2],[20],[4],[10],[8],[-5],[0],[0],[33],[15],[0],[2],[29],[9],[10],[4],[5],[28],[5],[5],[38],[6],[1],[14],[1],[5],[27],[12],[0],[9],[21],[8],[5],[29],[5],[-10],[26],[-8],[26],[19],[1],[16],[-6],[-3],[25],[14],[-3],[-4],[22],[10],[-5],[9],[20],[6],[2],[28],[-4],[-5],[-5],[17],[3],[2],[-4],[24],[6],[-6],[10],[16],[2],[-3],[8],[-5],[14],[22],[-4],[-4],[1],[2],[27],[12],[-4],[2],[0],[13],[20],[5],[9],[6],[0],[28],[13],[-8],[-5],[2],[11],[-4],[-4],[0],[25],[0],[27],[12],[-3],[0],[9],[-4],[-6],[17],[-8],[12],[19],[5],[4],[-5],[-5],[3],[4],[-5],[-5],[6],[5],[29],[13],[-5],[-3],[1],[0],[0],[-5],[-6],[12],[0],[2],[28],[13],[-3],[11],[-8],[9],[17],[-5],[0],[0],[2],[19],[-2],[30],[19],[4],[5],[5],[29],[0],[26],[14],[-6],[-5],[14],[-7],[25],[10],[2],[4],[0],[-3],[-3],[24],[5],[-9],[-6],[-4],[-4],[-5],[11],[6],[-7],[13],[22],[5],[0],[21],[5],[-11],[18],[21],[9],[-11],[28],[11],[-5],[0],[26],[13],[1],[30],[15],[2],[-2],[26],[9],[-4],[8],[24],[2],[1],[17],[-5],[18],[3],[4],[32],[17],[-7],[19],[21],[9],[3],[10],[0],[0],[3],[10],[-7],[9],[20],[3],[0],[21],[5],[-9],[10],[21],[12],[-5],[32],[20],[4],[11],[-7],[29],[14],[2],[17],[0],[-3],[-4],[-5],[10],[27],[13],[-4],[12],[22],[9],[-3],[5],[18],[0],[-5],[1],[5],[5],[0],[17],[1],[3],[31],[7],[5],[27],[11],[-6],[28],[14],[4],[2],[3],[2],[0],[2],[2],[1],[0],[-6],[12],[24],[4],[0],[3],[4],[1],[-4],[-5],[2],[1],[27],[11],[-4],[0],[25],[12],[3],[19],[1],[3],[0],[24],[15],[1],[1],[28],[0],[0],[2],[29],[13],[2],[3],[28],[14],[0],[-5],[-7],[-5],[-10],[19],[3],[5],[-3],[-7],[-3],[2],[2],[-6],[-7],[0],[20],[1],[12],[21],[6],[-8],[8],[20],[5],[-11],[30],[0],[-5],[0],[28],[20],[5],[1],[27],[-5],[22],[-3],[4],[4],[33],[0],[1],[1],[14],[0],[0],[27],[3],[30],[15],[1],[3],[27],[3],[2],[3],[4],[0],[-6],[-4],[23],[9],[-7],[0],[0],[4],[-4],[24],[19],[8],[6],[26],[9],[-7],[29],[17],[1],[1],[32],[19],[4],[7],[0],[13],[-6],[11],[0],[27],[0],[1],[12],[-3],[14],[18],[-5],[2],[25],[4],[4],[28],[10],[-6],[-3],[0],[16],[0],[1],[-5],[0],[1],[0],[2],[29],[14],[0],[15],[6],[2],[1],[8],[-7],[17],[1],[2],[25],[-3],[18],[1],[10],[0],[24],[18],[4],[4],[26],[13],[2],[19],[26],[4],[5],[26],[6],[5],[29],[14],[-3],[12],[25],[11],[4],[30],[10],[-4],[-4],[19],[5],[7],[26],[4],[33],[13],[-3],[15],[23],[12],[3],[32],[19],[3],[2],[24],[1],[13],[24],[2],[8],[18],[-4],[-6],[-5],[3],[3],[29],[0],[17],[24],[10],[-6],[24],[4],[2],[25],[3],[2],[26],[12],[1],[29],[9],[-5],[1],[31],[10],[-7],[10],[-5],[-7],[18],[0],[2],[3],[3],[29],[0],[-4],[18],[2],[4],[31],[0],[12],[-3],[8],[-8],[-8],[-4],[-7],[-8],[7],[16],[4],[-9],[19],[5],[-10],[-7],[20],[-11],[16],[14],[-7],[-4],[26],[14],[-4],[1],[26],[8],[-7],[-8],[-7],[-5],[-3],[21],[8],[-6],[-6],[27],[14],[-4],[-8],[19],[5],[-10],[-6],[-8],[-6],[27],[-6],[-7],[-12],[-11],[-7],[-14],[21],[13],[1],[0],[-7],[-10],[1],[-3],[-10],[8],[11],[-6],[-6],[-6],[-13],[8],[17],[1],[-14],[22],[8],[-6],[0],[-4],[2],[34],[17],[1],[0],[28],[13],[0],[-5],[24],[6],[-9],[11],[17],[-5],[-5],[25],[12],[2],[29],[0],[10],[-5],[1],[4],[19],[-8],[31],[1],[-4],[24],[0],[-8],[11],[18],[-4],[-8],[28],[11],[-3],[19],[4],[7],[3],[-6],[-5],[-6],[0],[12],[0],[29],[17],[3],[3],[19],[4],[2],[-10],[10],[19],[-7],[8],[18],[0],[1],[26],[12],[3],[29],[1],[6],[-11],[28],[1],[14],[-9],[14],[16],[4],[0],[-6],[-3],[-5],[-6],[-8],[2],[-12],[24],[13],[-5],[-8],[20],[1],[1],[16],[-6],[-7],[-6],[0],[10],[-8],[22],[18],[0],[20],[3],[3],[-3],[0],[-5],[19],[2],[-11],[16],[-4],[-5],[13],[-3],[3],[0],[26],[13],[-4],[-3],[0],[13],[0],[-10],[18],[6],[0],[-3],[-4],[25],[10],[-5],[-5],[21],[8],[-5],[-7],[-6],[-3],[-6],[-5],[-4],[2],[1],[14],[-3],[-6],[25],[11],[-4],[-3],[-5],[-6],[11],[1],[-8],[25],[16],[-5],[14],[25],[10],[-3],[-7],[10],[17],[3],[0],[25],[12],[-3],[12],[0],[17],[17],[0],[1],[-9],[18],[21],[4],[-8],[16],[21],[7],[0],[25],[12],[-7],[-9],[-11],[20],[13],[1],[0],[21],[7],[-7],[16],[-5],[2],[-13],[20],[18],[3],[2],[22],[-3],[-4],[14],[20],[-5],[8],[27],[14],[2],[8],[18],[-6],[1],[3],[27],[10],[-8],[10],[20],[5],[-7],[26],[10],[-4],[8],[-7],[9],[-5],[20],[-6],[1],[-12],[26],[-8],[18],[3],[-13],[16],[25],[9],[0],[11],[-5],[24],[-3],[1],[30],[7],[-10],[21],[20],[7],[2],[-8],[21],[7],[-11],[24],[15],[3],[1],[29],[16],[-5],[-3],[-4],[-7],[24],[20],[6],[6],[33],[18],[3],[2],[0],[-3],[13],[-3],[26],[5],[3],[29],[14],[0],[28],[6],[0],[24],[17],[1],[2],[22],[9],[-11],[10],[21],[8],[36],[20],[0],[-4],[-5],[2],[14],[-3],[0],[25],[6],[-12],[27],[12],[-4],[-5],[8],[-9],[8],[10],[-5],[0],[26],[2],[5],[27],[14],[-4],[0],[-3],[2],[19],[-5],[26],[5],[-10],[21],[5],[-15],[25],[2],[24],[11],[-5],[-4],[26],[14],[-8],[9],[-4],[-8],[23],[12],[-10],[-6],[-7],[-10],[-7],[-10],[-9],[-9],[15],[2],[-11],[-10],[24],[-11],[-12],[-12],[4],[-12],[24],[13],[1],[0],[27],[16],[1],[-4],[21],[-10],[-11],[-8],[26],[12],[-5],[0],[12],[-4],[-3],[22],[4],[-11],[5],[11],[-3],[-4],[-8],[10],[20],[-3],[-2],[4],[28],[0],[-7],[16],[20],[2],[-7],[1],[-4],[21],[8],[-8],[17],[2],[-12],[21],[-11],[16],[-4],[-6],[27],[11],[-10],[9],[20],[-5],[-3],[0],[26],[0],[11],[-7],[-6],[11],[-7],[10],[16],[-3],[-3],[-6],[-3],[-5],[1],[0],[25],[11],[-5],[8],[-4],[26],[2],[2],[28],[0],[28],[18],[-7],[11],[21],[0],[32],[17],[-6],[-4],[-4],[-3],[4],[0],[29],[20],[-3],[-5],[17],[-5],[-8],[-6],[-6],[16],[1],[2],[28],[12],[-5],[0],[19],[0],[26],[11],[-6],[-7],[21],[-10],[-4],[3],[4],[-6],[-3],[-5],[24],[1],[1],[28],[13],[0],[1],[8],[-11],[11],[-7],[4],[20],[7],[-7],[0],[-5],[0],[23],[11],[-7],[-6],[-5],[-5],[10],[-6],[-6],[20],[-4],[-7],[-11],[13],[13],[-5],[26],[-6],[22],[11],[-6],[0],[10],[-7],[-12],[-14],[5],[10],[-7],[-7],[-12],[-12],[-8],[10],[-11],[26],[6],[-5],[27],[11],[0],[16],[-3],[8],[-6],[9],[-6],[-7],[-6],[-7],[-5],[21],[6],[-8],[9],[21],[0],[14],[-4],[-5],[29],[-5],[13],[19],[1],[22],[3],[8],[-6],[14],[1],[4],[28],[10],[9],[1],[19],[2],[3],[8],[-3],[33],[12],[-4],[14],[26],[6],[7],[31],[2],[1],[0],[1],[-4],[12],[0],[0],[-7],[13],[24],[9],[-5],[16],[-3],[16],[27],[4],[-5],[1],[11],[1],[8],[23],[5],[2],[-4],[1],[2],[-4],[1],[22],[11],[10],[25],[22],[3],[11],[0],[24],[21],[9],[-6],[3],[0],[1],[34],[20],[2],[30],[16],[3],[6],[5],[15],[3],[25],[11],[2],[33],[20],[6],[4],[4],[4],[4],[17],[2],[5],[29],[14],[0],[8],[28],[26],[4],[4],[32],[8],[9],[8],[3],[6],[6],[9],[32],[2],[3],[4],[5],[20],[30],[17],[4],[33],[18],[0],[32],[5],[5],[8],[3],[31],[8],[6],[11],[29],[0],[26],[11],[1],[4],[29],[11],[4],[2],[1],[4],[9],[2],[28],[13],[2],[20],[29],[4],[4],[33],[19],[0],[24],[26],[4],[27],[6],[16],[6],[5],[35],[5],[33],[2],[8],[6],[1],[35],[1],[16],[25],[6],[0],[25],[12],[1],[1],[3],[5],[0],[18],[5],[5],[28],[9],[-6],[31],[6],[-9],[16],[21],[5],[-8],[35],[4],[4],[29],[14],[7],[6],[9],[5],[22],[9],[0],[31],[15],[-3],[-2],[-5],[0],[23],[8],[-3],[3],[3],[29],[1],[0],[24],[13],[-3],[8],[27],[1],[13],[21],[0],[-4],[-3],[28],[16],[1],[20],[6],[-5],[13],[27],[8],[15],[0],[29],[1],[11],[-7],[24],[22],[6],[-4],[0],[6],[6],[35],[22],[4],[33],[16],[3],[5],[3],[6],[2],[19],[4],[9],[27],[3],[13],[1],[4],[36],[8],[15],[13],[40],[18],[11],[1],[33],[8],[-9],[-8],[32],[4],[5],[3],[5],[-7],[3],[7],[20],[31],[2],[5],[40],[31],[9],[20],[32],[-14],[24],[18],[-16],[2],[-10],[0],[21],[-15],[-12],[-10],[16],[22],[12],[0],[28],[25],[5],[8],[30],[-11],[18],[6],[-16],[9],[22],[1],[-10],[2],[25],[2],[10],[9],[0],[19],[19],[3],[9],[35],[15],[-4],[12],[-9],[4],[0],[10],[16],[0],[-19],[20],[10],[1],[4],[27],[11],[5],[10],[29],[-6],[2],[-3],[3],[38],[23],[0],[25],[2],[5],[2],[33],[12],[24],[44],[26],[7],[29],[14],[-13],[-5],[-7],[-24],[-22],[2],[-3],[-8],[-3],[-21],[3],[17],[1],[-5],[34],[41],[8],[33],[10],[-11],[3],[-3],[-22],[-12],[-16],[-27],[4],[-7],[-14],[-17],[-16],[13],[-12],[-11],[16],[13],[14],[4],[25],[0],[14],[-13],[-12],[11],[-13],[-19],[-16],[5],[-11],[-11],[5],[-17],[-45],[-38],[-54],[-59],[-48],[-85],[-107],[-79],[-41],[18],[114],[179],[147],[181],[177],[152],[139],[101],[12],[-101],[-132],[-132],[-149],[-101],[-126],[-145],[-127],[-55],[-9],[50],[109],[151],[154],[172],[184],[177],[172],[64],[11],[-46],[-84],[-102],[-113],[-111],[-140],[-120],[-87],[-37],[24],[32],[69],[82],[144],[133],[163],[147],[102],[48],[33],[45],[2],[-43],[-37],[-63],[-75],[-52],[3],[0],[9],[47],[51],[67],[75],[106],[65],[37],[21],[5],[20],[-15],[-8],[-34],[-39],[-32],[16],[4],[15],[27],[17],[20],[40],[2],[-14],[-44],[-63],[-76],[-92],[-95],[-95],[-107],[-86],[-70],[-67],[-35],[-43],[-42],[-19],[-31],[-54],[-87],[-111],[-165],[-156],[31],[176],[241],[219],[229],[240],[192],[212],[130],[1],[-127],[-288],[-297],[-157],[-178],[-227],[-177],[-192],[-186],[-27],[122],[148],[203],[193],[216],[296],[286],[186],[102],[-5],[-119],[-143],[-161],[-170],[-180],[-229],[-214],[-144],[-72],[8],[94],[96],[121],[153],[198],[274],[219],[129],[104],[47],[-13],[-13],[-74],[-141],[-174],[-200],[-154],[-101],[-60],[-39],[26],[56],[144],[156],[170],[161],[143],[66],[42],[37],[-17],[-58],[-102],[-159],[-164],[-144],[-115],[-84],[-70],[-37],[0],[63],[127],[123],[114],[120],[68],[43],[-4],[-33],[-80],[-115],[-134],[-98],[-87],[-70],[-49],[-17],[13],[75],[115],[156],[220],[192],[171],[168],[133],[66],[33],[-45],[-119],[-153],[-146],[-151],[-100],[-39],[-35],[43],[88],[117],[187],[157],[149],[126],[83],[59],[-11],[-71],[-119],[-135],[-141],[-135],[-99],[-47],[12],[29],[44],[85],[51],[32],[34],[-35],[-88],[-118],[-130],[-168],[-202],[-206],[-205],[-195],[-160],[-114],[-110],[-86],[0],[235],[384],[427],[378],[377],[262],[228],[218],[59],[-126],[-268],[-484],[-463],[-287],[-333],[-334],[-196],[-208],[-152],[134],[268],[330],[381],[322],[343],[377],[292],[125],[31],[-125],[-267],[-284],[-287],[-262],[-275],[-304],[-226],[-93],[4],[121],[227],[241],[268],[289],[300],[318],[246],[83],[-6],[-98],[-156],[-166],[-219],[-230],[-200],[-204],[-117],[-20],[69],[114],[138],[171],[244],[242],[237],[186],[136],[11],[-30],[-56],[-106],[-164],[-199],[-205],[-193],[-152],[-67],[11],[41],[72],[146],[186],[225],[224],[226],[182],[113],[42],[24],[-46],[-143],[-184],[-148],[-170],[-144],[-15],[1],[35],[158],[158],[186],[250],[199],[151],[123],[68],[1],[-68],[-85],[-136],[-120],[-109],[-95],[-38],[20],[9],[12],[62],[48],[20],[-12],[-20],[-81],[-137],[-156],[-156],[-196],[-203],[-227],[-208],[-250],[-278],[-219],[138],[428],[482],[456],[489],[428],[349],[367],[164],[-93],[-264],[-552],[-570],[-283],[-326],[-447],[-293],[-293],[-271],[54],[256],[366],[484],[444],[376],[562],[569],[301],[145],[1],[-175],[-284],[-325],[-293],[-318],[-437],[-398],[-248],[-104],[34],[132],[212],[337],[363],[368],[470],[432],[229],[75],[15],[-75],[-107],[-228],[-320],[-303],[-318],[-302],[-164],[-74],[0],[53],[107],[212],[341],[340],[292],[270],[169],[88],[46],[-46],[-119],[-208],[-315],[-262],[-210],[-171],[-87],[-31],[-13],[61],[150],[212],[305],[297],[227],[232],[144],[39],[-10],[-117],[-232],[-275],[-239],[-172],[-134],[-45],[75],[141],[192],[229],[259],[242],[186],[113],[100],[41],[-53],[-98],[-135],[-120],[-138],[-120],[-60],[-23],[17],[48],[81],[94],[66],[11],[-58],[-96],[-137],[-198],[-229],[-230],[-264],[-270],[-282],[-262],[-47],[357],[501],[488],[532],[531],[357],[404],[344],[-8],[-240],[-479],[-757],[-513],[-332],[-513],[-430],[-279],[-338],[-138],[199],[268],[440],[502],[341],[504],[635],[486],[255],[118],[-93],[-251],[-318],[-357],[-336],[-364],[-444],[-360],[-171],[-28],[91],[144],[255],[350],[365],[412],[471],[381],[161],[28],[-32],[-78],[-124],[-222],[-290],[-294],[-254],[-211],[-91],[-3],[58],[93],[129],[240],[321],[312],[228],[169],[92],[32],[-12],[-84],[-147],[-207],[-260],[-253],[-172],[-83],[-32],[-4],[42],[146],[242],[304],[358],[299],[220],[152],[22],[-28],[-96],[-228],[-310],[-276],[-189],[-133],[24],[133],[153],[177],[189],[188],[213],[158],[53],[8],[-38],[-66],[-137],[-141],[-131],[-175],[-142],[-46],[37],[89],[95],[94],[66],[38],[-36],[-149],[-214],[-296],[-336],[-330],[-284],[-323],[-340],[5],[399],[477],[469],[560],[566],[430],[511],[384],[98],[-101],[-491],[-740],[-469],[-412],[-618],[-480],[-389],[-458],[-147],[187],[313],[533],[518],[392],[537],[621],[377],[213],[55],[-171],[-288],[-338],[-365],[-288],[-340],[-453],[-366],[-160],[25],[133],[152],[270],[356],[332],[389],[473],[367],[119],[-15],[-92],[-165],[-219],[-343],[-355],[-308],[-236],[-123],[31],[138],[224],[236],[236],[306],[361],[277],[162],[49],[-4],[-88],[-166],[-152],[-205],[-292],[-302],[-253],[-164],[-36],[48],[128],[219],[281],[337],[440],[390],[235],[121],[-52],[-208],[-227],[-275],[-387],[-411],[-292],[-152],[-21],[159],[286],[335],[348],[315],[328],[299],[204],[23],[-116],[-184],[-265],[-331],[-326],[-269],[-216],[-137],[-26],[125],[250],[248],[216],[138],[42],[-85],[-176],[-250],[-299],[-403],[-502],[-550],[-289],[207],[341],[334],[477],[537],[438],[580],[604],[369],[117],[-220],[-561],[-382],[-267],[-589],[-626],[-517],[-630],[-428],[-74],[48],[294],[409],[321],[509],[805],[697],[454],[320],[93],[-150],[-279],[-405],[-403],[-448],[-559],[-507],[-312],[-76],[62],[85],[173],[264],[311],[428],[511],[460],[316],[169],[15],[-29],[-111],[-305],[-451],[-484],[-492],[-418],[-257],[-87],[56],[187],[288],[429],[497],[488],[378],[226],[90],[-24],[-104],[-235],[-307],[-357],[-416],[-391],[-283],[-194],[-67],[-26],[73],[336],[494],[556],[581],[492],[273],[106],[-31],[-218],[-326],[-415],[-576],[-483],[-251],[-123],[32],[197],[252],[315],[372],[384],[419],[338],[130],[-46],[-62],[-138],[-273],[-324],[-318],[-346],[-301],[-192],[-47],[70],[139],[133],[156],[157],[79],[-58],[-140],[-232],[-386],[-532],[-513],[-11],[290],[336],[394],[448],[390],[385],[511],[316],[99],[-88],[-549],[-533],[-118],[-222],[-461],[-310],[-393],[-472],[-136],[12],[86],[333],[223],[171],[499],[589],[406],[282],[140],[-69],[-164],[-282],[-281],[-244],[-365],[-451],[-353],[-157],[11],[62],[37],[121],[220],[252],[417],[491],[370],[250],[149],[25],[-35],[-139],[-272],[-336],[-376],[-396],[-269],[-160],[-53],[40],[106],[226],[347],[424],[442],[397],[282],[205],[99],[-31],[-139],[-257],[-383],[-439],[-396],[-339],[-239],[-155],[-32],[193],[357],[461],[557],[549],[342],[201],[93],[-82],[-213],[-321],[-491],[-467],[-315],[-230],[-96],[90],[202],[220],[297],[384],[355],[281],[157],[-10],[-83],[-110],[-234],[-308],[-242],[-239],[-242],[-147],[-42],[29],[45],[61],[41],[96],[74],[-79],[-144],[-207],[-357],[-489],[-286],[220],[358],[307],[429],[524],[460],[543],[532],[293],[77],[-308],[-763],[-461],[-214],[-501],[-503],[-363],[-477],[-285],[81],[131],[418],[511],[260],[428],[729],[575],[379],[305],[44],[-182],[-293],[-433],[-394],[-400],[-558],[-528],[-300],[-26],[154],[204],[256],[317],[272],[331],[464],[411],[242],[177],[43],[-37],[-67],[-207],[-341],[-358],[-479],[-494],[-294],[-111],[2],[136],[183],[281],[418],[440],[400],[337],[158],[32],[-59],[-77],[-103],[-205],[-311],[-333],[-278],[-213],[-160],[-113],[17],[141],[251],[397],[497],[451],[350],[192],[26],[-160],[-241],[-378],[-507],[-383],[-202],[-170],[12],[163],[241],[324],[348],[337],[397],[318],[99],[-52],[-93],[-144],[-253],[-318],[-267],[-186],[-209],[-179],[-38],[33],[21],[6],[39],[104],[89],[-52],[-131],[-203],[-387],[-502],[-99],[241],[309],[277],[397],[440],[450],[606],[476],[248],[108],[-416],[-632],[-231],[-201],[-499],[-423],[-432],[-528],[-193],[-11],[70],[368],[340],[170],[468],[748],[588],[497],[347],[63],[-67],[-221],[-343],[-341],[-448],[-628],[-583],[-327],[-44],[114],[154],[236],[312],[294],[381],[511],[428],[269],[163],[31],[-32],[-85],[-251],[-352],[-364],[-460],[-440],[-246],[-115],[-26],[88],[193],[309],[443],[507],[433],[394],[242],[41],[-65],[-85],[-184],[-280],[-374],[-413],[-360],[-221],[-155],[-84],[148],[255],[292],[446],[511],[436],[274],[168],[-16],[-163],[-212],[-400],[-474],[-302],[-243],[-168],[14],[129],[164],[227],[288],[320],[365],[310],[128],[27],[-18],[-129],[-239],[-161],[-202],[-220],[-159],[-103],[-68],[-36],[-52],[-67],[-19],[22],[-20],[-35],[-94],[-174],[-358],[-463],[-80],[282],[363],[308],[428],[454],[399],[556],[480],[257],[41],[-484],[-653],[-238],[-230],[-493],[-394],[-444],[-513],[-205],[-31],[67],[404],[349],[154],[511],[722],[540],[473],[336],[121],[-101],[-285],[-356],[-326],[-445],[-623],[-555],[-298],[-48],[104],[166],[330],[372],[274],[365],[526],[442],[304],[203],[43],[-36],[-131],[-309],[-355],[-379],[-491],[-458],[-260],[-86],[27],[91],[164],[346],[443],[446],[440],[352],[262],[66],[-118],[-126],[-149],[-274],[-359],[-340],[-318],[-250],[-191],[-117],[92],[218],[250],[392],[511],[464],[349],[181],[-5],[-156],[-285],[-475],[-482],[-346],[-257],[-155],[-26],[115],[221],[236],[274],[356],[341],[260],[117],[28],[-21],[-128],[-254],[-234],[-171],[-180],[-153],[-102],[-80],[-16],[-42],[-109],[-32],[4],[-94],[-83],[-88],[-160],[-287],[-442],[-168],[253],[347],[344],[467],[485],[378],[554],[480],[255],[116],[-293],[-664],[-324],[-159],[-471],[-431],[-400],[-534],[-282],[-32],[67],[347],[396],[166],[353],[679],[571],[489],[413],[152],[-40],[-227],[-325],[-272],[-379],[-582],[-608],[-424],[-189],[12],[130],[250],[338],[308],[394],[549],[517],[348],[214],[42],[-63],[-158],[-292],[-358],[-331],[-438],[-448],[-316],[-141],[-41],[-23],[63],[248],[394],[470],[496],[465],[338],[161],[-39],[-117],[-164],[-293],[-395],[-424],[-369],[-257],[-183],[-88],[46],[189],[304],[385],[476],[494],[331],[151],[11],[-74],[-229],[-357],[-420],[-409],[-326],[-230],[-156],[29],[202],[204],[223],[354],[399],[326],[204],[123],[62],[-81],[-242],[-251],[-179],[-180],[-167],[-130],[-62],[2],[-12],[-50],[-11],[-5],[-125],[-150],[-115],[-121],[-230],[-333],[-428],[-195],[194],[386],[392],[511],[510],[436],[531],[548],[283],[49],[-303],[-703],[-513],[-314],[-506],[-484],[-336],[-464],[-292],[17],[138],[297],[409],[267],[350],[614],[644],[531],[397],[86],[-128],[-274],[-416],[-412],[-423],[-520],[-540],[-373],[-127],[133],[216],[276],[345],[317],[386],[484],[460],[356],[159],[-42],[-138],[-166],[-245],[-310],[-336],[-417],[-414],[-257],[-109],[14],[113],[161],[261],[412],[457],[453],[379],[197],[43],[-87],[-142],[-202],[-261],[-384],[-390],[-302],[-232],[-137],[-54],[30],[156],[301],[413],[553],[553],[350],[99],[-40],[-197],[-332],[-398],[-426],[-417],[-393],[-263],[-49],[157],[272],[267],[261],[364],[324],[275],[219],[140],[4],[-162],[-274],[-261],[-189],[-209],[-254],[-197],[-71],[-37],[42],[147],[172],[113],[-42],[-107],[-71],[-139],[-257],[-356],[-456],[-496],[-233],[216],[460],[431],[500],[512],[458],[610],[560],[259],[76],[-320],[-733],[-522],[-309],[-479],[-480],[-459],[-527],[-291],[-36],[27],[356],[529],[316],[437],[759],[691],[492],[325],[22],[-200],[-336],[-507],[-476],[-412],[-485],[-513],[-363],[-81],[147],[206],[230],[356],[387],[399],[479],[486],[322],[95],[-56],[-144],[-163],[-247],[-392],[-396],[-395],[-437],[-352],[-108],[96],[175],[263],[351],[509],[506],[388],[277],[182],[1],[-214],[-243],[-243],[-291],[-342],[-382],[-282],[-128],[-104],[-46],[154],[276],[313],[372],[472],[492],[336],[112],[-71],[-184],[-281],[-405],[-484],[-470],[-404],[-302],[-95],[187],[343],[404],[454],[401],[382],[334],[177],[97],[-26],[-207],[-278],[-288],[-279],[-275],[-288],[-254],[-122],[21],[150],[269],[307],[227],[135],[37],[-3],[-82],[-247],[-360],[-407],[-467],[-528],[-498],[-80],[329],[499],[511],[586],[632],[577],[660],[470],[203],[18],[-468],[-718],[-419],[-352],[-611],[-536],[-526],[-613],[-287],[-23],[145],[511],[594],[434],[631],[815],[649],[410],[189],[-139],[-325],[-465],[-510],[-384],[-392],[-515],[-513],[-259],[2],[101],[158],[308],[380],[337],[441],[579],[511],[343],[101],[-69],[-127],[-264],[-472],[-506],[-445],[-485],[-454],[-219],[65],[266],[289],[293],[429],[511],[411],[294],[248],[114],[-70],[-205],[-198],[-167],[-276],[-393],[-390],[-304],[-170],[-110],[78],[214],[323],[344],[387],[520],[506],[266],[40],[-146],[-260],[-404],[-493],[-461],[-347],[-276],[-128],[121],[347],[492],[432],[358],[379],[319],[177],[125],[46],[-110],[-274],[-398],[-420],[-326],[-278],[-289],[-141],[102],[249],[331],[355],[380],[284],[45],[-112],[-118],[-215],[-389],[-466],[-435],[-422],[-418],[-460],[-102],[345],[508],[517],[634],[694],[640],[705],[531],[282],[78],[-462],[-892],[-621],[-489],[-712],[-603],[-508],[-513],[-183],[58],[180],[634],[753],[490],[565],[767],[550],[317],[136],[-102],[-253],[-407],[-574],[-413],[-348],[-514],[-510],[-304],[-78],[94],[160],[306],[507],[529],[504],[568],[530],[300],[23],[-230],[-301],[-366],[-495],[-511],[-389],[-336],[-216],[-67],[94],[288],[321],[271],[381],[485],[394],[291],[210],[78],[-55],[-195],[-322],[-320],[-328],[-444],[-396],[-246],[-95],[75],[182],[252],[386],[400],[337],[378],[413],[185],[-63],[-226],[-304],[-346],[-365],[-304],[-211],[-119],[-34],[116],[316],[448],[431],[365],[317],[275],[169],[-22],[-128],[-187],[-349],[-427],[-351],[-252],[-71],[27],[79],[233],[365],[344],[297],[283],[177],[-21],[-215],[-343],[-354],[-375],[-434],[-416],[-302],[-272],[-271],[-291],[-102],[384],[706],[731],[749],[764],[622],[515],[418],[104],[-191],[-557],[-1070],[-944],[-527],[-559],[-536],[-350],[-360],[-136],[275],[381],[575],[824],[546],[357],[601],[556],[283],[136],[-135],[-392],[-506],[-600],[-552],[-383],[-406],[-480],[-289],[31],[309],[461],[499],[524],[483],[316],[296],[275],[92],[-134],[-303],[-386],[-338],[-318],[-367],[-276],[-171],[-160],[-39],[236],[434],[482],[403],[371],[401],[331],[133],[-41],[-170],[-329],[-426],[-424],[-331],[-239],[-229],[-237],[-59],[159],[242],[278],[342],[308],[197],[128],[97],[128],[129],[-57],[-183],[-165],[-158],[-246],[-225],[-127],[-64],[-28],[104],[244],[392],[377],[200],[168],[153],[3],[-119],[-126],[-128],[-164],[-250],[-178],[-7],[103],[44],[74],[179],[227],[185],[120],[107],[56],[-119],[-287],[-278],[-227],[-258],[-291],[-233],[-178],[-122],[-108],[-147],[-116],[-95],[222],[468],[527],[552],[551],[415],[292],[368],[100],[-189],[-329],[-740],[-834],[-439],[-379],[-478],[-307],[-290],[-230],[154],[255],[350],[727],[588],[289],[424],[481],[277],[98],[-146],[-332],[-341],[-482],[-484],[-267],[-239],[-315],[-230],[-86],[204],[299],[175],[254],[359],[291],[262],[293],[203],[47],[-177],[-339],[-224],[-165],[-261],[-133],[-7],[-32],[44],[149],[219],[273],[197],[3],[47],[132],[62],[-48],[-63],[-34],[-100],[-175],[-122],[-16],[-54],[-175],[-158],[-47],[43],[73],[60],[124],[196],[157],[97],[158],[205],[77],[-48],[-84],[-88],[-107],[-163],[-140],[-39],[-61],[-36],[17],[49],[110],[100],[116],[181],[142],[65],[89],[56],[-6],[-46],[-55],[-92],[-45],[-16],[-76],[9],[57],[12],[9],[28],[12],[-12],[-73],[-66],[-15],[-32],[-84],[-96],[-76],[-149],[-214],[-323],[-343],[-314],[-381],[-197],[270],[517],[568],[587],[590],[493],[475],[299],[-32],[-214],[-538],[-916],[-726],[-404],[-444],[-355],[-209],[-258],[-31],[234],[245],[454],[624],[394],[358],[518],[467],[275],[106],[-121],[-315],[-425],[-552],[-513],[-383],[-399],[-435],[-258],[65],[270],[331],[393],[452],[417],[371],[309],[224],[154],[-23],[-226],[-210],[-138],[-195],[-204],[-149],[-179],[-176],[-118],[-23],[123],[170],[113],[149],[256],[281],[218],[126],[31],[-46],[-168],[-238],[-185],[-168],[-163],[-166],[-110],[54],[103],[67],[136],[217],[156],[99],[120],[159],[163],[34],[-72],[-44],[-60],[-184],[-205],[-135],[-92],[-85],[-72],[46],[256],[258],[243],[242],[220],[116],[21],[-64],[-82],[-101],[-206],[-229],[-112],[56],[56],[40],[121],[185],[164],[151],[144],[149],[45],[-107],[-210],[-214],[-247],[-318],[-316],[-263],[-256],[-238],[-176],[-125],[-33],[18],[-11],[364],[619],[554],[400],[371],[283],[120],[144],[-76],[-284],[-391],[-690],[-751],[-315],[-178],[-256],[-130],[-100],[-102],[212],[270],[314],[589],[461],[185],[338],[421],[212],[24],[-124],[-330],[-369],[-375],[-392],[-270],[-211],[-237],[-183],[66],[305],[432],[337],[293],[276],[201],[139],[120],[70],[-31],[-91],[-120],[-35],[47],[-46],[-109],[-121],[-200],[-168],[-122],[-98],[16],[51],[37],[178],[313],[270],[183],[124],[3],[-40],[-46],[-118],[-140],[-120],[-150],[-120],[-37],[59],[72],[42],[26],[56],[79],[67],[118],[75],[21],[16],[-25],[28],[84],[28],[-51],[-7],[27],[-3],[-6],[59],[37],[-22],[-29],[-6],[8],[52],[18],[-18],[64],[112],[132],[172],[206],[154],[76],[40],[18],[-26],[-40],[-118],[-166],[-214],[-240],[-182],[-155],[-143],[-85],[-84],[-83],[-14],[37],[80],[113],[26],[-31],[-80],[-142],[43],[298],[275],[186],[212],[177],[132],[232],[79],[-77],[-152],[-439],[-500],[-215],[-180],[-276],[-196],[-240],[-192],[121],[161],[222],[498],[356],[214],[372],[411],[260],[153],[-36],[-174],[-167],[-279],[-304],[-216],[-290],[-344],[-224],[-98],[116],[260],[228],[297],[315],[221],[256],[300],[202],[142],[65],[-91],[-99],[-92],[-221],[-260],[-240],[-309],[-268],[-133],[19],[118],[156],[198],[274],[318],[320],[261],[164],[89],[-35],[-124],[-165],[-147],[-162],[-178],[-157],[-102],[-12],[-27],[-22],[44],[112],[57],[86],[196],[259],[185],[106],[75],[76],[-27],[-160],[-158],[-88],[-144],[-124],[-58],[51],[163],[105],[108],[212],[255],[161],[137],[81],[50],[-13],[-80],[-33],[56],[4],[-67],[-26],[-5],[0],[-27],[-107],[-110],[-74],[-117],[-83],[31],[90],[88],[37],[-6],[2],[14],[-45],[-72],[-119],[-140],[-174],[-152],[-124],[-17],[195],[226],[217],[251],[220],[186],[209],[174],[23],[-38],[-253],[-422],[-303],[-271],[-367],[-349],[-267],[-152],[68],[256],[360],[473],[468],[322],[261],[331],[201],[43],[-64],[-152],[-163],[-215],[-272],[-251],[-236],[-269],[-257],[-172],[26],[155],[152],[267],[306],[361],[440],[369],[248],[148],[-5],[-156],[-196],[-222],[-287],[-313],[-327],[-254],[-112],[-40],[14],[112],[124],[154],[226],[332],[360],[314],[207],[67],[19],[-52],[-142],[-192],[-251],[-292],[-259],[-182],[-94],[-18],[9],[51],[74],[114],[171],[208],[165],[121],[118],[123],[108],[101],[9],[-91],[-124],[-143],[-116],[-103],[-11],[20],[58],[156],[187],[200],[189],[104],[36],[11],[-50],[-15],[-11],[6],[11],[-11],[-41],[28],[10],[-72],[-69],[-102],[-130],[-46],[34],[49],[82],[64],[29],[36],[-3],[-51],[-95],[-154],[-207],[-232],[-239],[-194],[-53],[61],[180],[258],[306],[327],[338],[268],[208],[149],[-15],[-195],[-326],[-391],[-381],[-379],[-374],[-278],[-174],[-46],[140],[312],[400],[429],[379],[316],[371],[310],[134],[-5],[-95],[-194],[-270],[-348],[-403],[-368],[-336],[-274],[-167],[44],[197],[253],[285],[355],[377],[346],[283],[173],[73],[-20],[-148],[-223],[-222],[-256],[-338],[-341],[-267],[-164],[-50],[-27],[98],[256],[283],[292],[402],[391],[308],[206],[18],[-83],[-180],[-304],[-346],[-337],[-311],[-276],[-232],[-120],[8],[78],[139],[237],[297],[273],[255],[236],[186],[108],[24],[-29],[-87],[-148],[-198],[-181],[-183],[-150],[-96],[-75],[25],[105],[152],[212],[254],[257],[179],[90],[30],[-20],[-67],[-78],[-99],[-117],[-97],[-116],[-79],[-65],[-47],[-37],[-59],[-30],[36],[62],[91],[99],[116],[65],[-27],[-67],[-108],[-197],[-230],[-267],[-276],[-227],[-173],[-67],[129],[339],[356],[377],[326],[284],[278],[178],[31],[-72],[-236],[-396],[-413],[-319],[-300],[-326],[-255],[-190],[-92],[44],[190],[290],[373],[387],[366],[379],[362],[188],[33],[-125],[-257],[-376],[-448],[-424],[-365],[-296],[-220],[-110],[76],[230],[263],[270],[313],[334],[259],[225],[171],[82],[-28],[-160],[-190],[-195],[-238],[-291],[-240],[-207],[-160],[-75],[26],[182],[249],[234],[259],[254],[240],[196],[80],[-29],[-98],[-178],[-255],[-231],[-184],[-179],[-119],[-76],[-18],[42],[79],[117],[194],[185],[176],[188],[166],[94],[44],[-22],[-82],[-84],[-181],[-219],[-162],[-99],[-90],[-16],[44],[110],[189],[195],[217],[210],[160],[43],[-3],[3],[-35],[-74],[-98],[-112],[-92],[-99],[-93],[-45],[-43],[-24],[19],[20],[67],[90],[38],[34],[54],[2],[-37],[-64],[-115],[-117],[-148],[-182],[-160],[-110],[-141],[-163],[-26],[139],[290],[315],[285],[275],[248],[205],[181],[33],[-112],[-269],[-458],[-437],[-316],[-272],[-262],[-213],[-144],[8],[166],[281],[395],[410],[285],[205],[198],[180],[50],[-116],[-228],[-254],[-291],[-304],[-191],[-122],[-183],[-197],[-92],[65],[190],[216],[211],[248],[285],[238],[219],[186],[114],[-49],[-194],[-210],[-189],[-225],[-210],[-213],[-174],[-66],[19],[95],[220],[223],[134],[173],[198],[181],[176],[83],[-15],[-60],[-113],[-159],[-100],[-77],[-126],[-119],[-55],[16],[40],[47],[77],[96],[107],[73],[81],[128],[91],[1],[-59],[-54],[-61],[-76],[-86],[-60],[-5],[-10],[22],[75],[130],[161],[109],[100],[153],[123],[45],[-13],[-8],[6],[-16],[-79],[-46],[-17],[-91],[-133],[-80],[4],[28],[34],[27],[76],[66],[15],[-12],[33],[40],[-36],[-62],[-15],[-14],[-42],[-94],[-70],[-72],[-156],[-251],[-214],[-79],[88],[194],[207],[277],[306],[255],[249],[273],[134],[-75],[-248],[-397],[-321],[-312],[-367],[-326],[-220],[-123],[-3],[179],[280],[338],[282],[218],[238],[260],[200],[88],[-19],[-110],[-170],[-214],[-257],[-232],[-244],[-295],[-238],[-62],[97],[209],[272],[301],[337],[313],[268],[218],[122],[53],[-85],[-200],[-183],[-142],[-193],[-195],[-139],[-122],[-54],[24],[59],[141],[172],[147],[185],[251],[283],[214],[107],[45],[-23],[-79],[-177],[-180],[-136],[-139],[-123],[-76],[-23],[14],[10],[77],[93],[116],[150],[144],[131],[108],[80],[-4],[-48],[-86],[-107],[-95],[-70],[-59],[-32],[24],[69],[131],[132],[187],[189],[139],[68],[35],[-14],[-4],[-29],[-61],[-61],[-76],[-106],[-69],[-32],[26],[70],[71],[14],[36],[63],[57],[103],[99],[72],[54],[-42],[-108],[-110],[-157],[-186],[-187],[-175],[-135],[-124],[-144],[-4],[195],[270],[275],[313],[289],[258],[253],[157],[41],[-66],[-306],[-437],[-333],[-307],[-349],[-288],[-233],[-132],[36],[192],[305],[421],[379],[258],[282],[300],[205],[43],[-115],[-185],[-235],[-303],[-302],[-240],[-207],[-235],[-192],[-23],[136],[246],[273],[256],[344],[353],[295],[230],[184],[56],[-117],[-235],[-203],[-215],[-250],[-259],[-196],[-115],[4],[92],[162],[216],[197],[161],[164],[203],[203],[144],[76],[16],[9],[-70],[-135],[-134],[-168],[-219],[-214],[-116],[-60],[-18],[66],[133],[162],[172],[217],[193],[178],[92],[-8],[-17],[-14],[-44],[-77],[-68],[-43],[-50],[-75],[-8],[19],[45],[100],[89],[112],[157],[140],[96],[137],[95],[11],[-42],[-76],[-81],[-75],[-43],[-36],[16],[65],[44],[13],[7],[30],[-27],[-49],[-13],[9],[26],[-16],[-16],[37],[-14],[-87],[-111],[-97],[-160],[-214],[-237],[-127],[59],[242],[281],[269],[266],[230],[207],[158],[85],[-10],[-189],[-373],[-368],[-264],[-272],[-263],[-226],[-168],[-18],[122],[203],[315],[373],[255],[213],[260],[264],[109],[-38],[-140],[-182],[-225],[-293],[-248],[-222],[-222],[-186],[-107],[68],[235],[229],[280],[329],[314],[289],[260],[187],[89],[-41],[-165],[-176],[-179],[-256],[-279],[-251],[-181],[-88],[-10],[35],[152],[222],[171],[202],[272],[264],[237],[114],[48],[-13],[-128],[-216],[-208],[-224],[-250],[-219],[-151],[-48],[27],[99],[153],[212],[248],[252],[197],[166],[122],[33],[-58],[-77],[-85],[-163],[-196],[-154],[-127],[-100],[-59],[30],[117],[162],[184],[218],[277],[227],[120],[70],[-17],[-59],[-103],[-152],[-164],[-147],[-128],[-120],[-51],[53],[63],[34],[20],[61],[48],[43],[43],[76],[56],[1],[-7],[-40],[-66],[-100],[-196],[-232],[-177],[-209],[-262],[-98],[124],[232],[250],[246],[289],[281],[297],[179],[79],[11],[-211],[-426],[-344],[-266],[-332],[-308],[-262],[-198],[-23],[82],[163],[363],[398],[268],[291],[329],[270],[105],[-62],[-170],[-230],[-320],[-370],[-300],[-259],[-271],[-175],[-42],[170],[275],[280],[298],[356],[324],[246],[196],[106],[-30],[-160],[-218],[-221],[-186],[-226],[-257],[-197],[-119],[-45],[-21],[97],[162],[142],[139],[198],[239],[217],[133],[61],[1],[-7],[-120],[-183],[-174],[-195],[-171],[-143],[-76],[2],[35],[22],[70],[160],[170],[143],[156],[161],[82],[13],[-29],[-13],[-61],[-142],[-134],[-98],[-80],[-28],[15],[72],[83],[128],[115],[132],[162],[131],[45],[60],[-7],[-55],[-38],[-54],[-87],[-100],[-116],[-112],[-24],[5],[15],[36],[43],[43],[58],[39],[49],[58],[-19],[-66],[-74],[-91],[-88],[-147],[-173],[-167],[-138],[-161],[-160],[-50],[130],[225],[256],[239],[235],[201],[224],[117],[30],[-62],[-279],[-400],[-324],[-257],[-314],[-292],[-204],[-127],[68],[165],[235],[353],[367],[235],[235],[236],[112],[8],[-114],[-224],[-202],[-232],[-262],[-227],[-211],[-203],[-109],[21],[138],[272],[269],[246],[264],[273],[277],[157],[30],[-47],[-122],[-193],[-218],[-214],[-214],[-256],[-214],[-127],[-12],[19],[91],[150],[205],[253],[244],[272],[309],[172],[43],[-20],[-76],[-143],[-247],[-285],[-248],[-204],[-168],[-87],[13],[81],[141],[169],[237],[288],[269],[204],[149],[96],[3],[-95],[-144],[-163],[-188],[-191],[-161],[-83],[-27],[16],[48],[132],[217],[233],[202],[180],[180],[131],[34],[-48],[-56],[-96],[-136],[-151],[-122],[-92],[-94],[-25],[-7],[20],[34],[26],[17],[30],[26],[17],[65],[101],[68],[13],[-30],[-67],[-126],[-165],[-214],[-225],[-190],[-32],[147],[201],[202],[200],[163],[168],[144],[54],[-11],[-126],[-243],[-224],[-116],[-150],[-186],[-202],[-239],[-140],[26],[113],[209],[272],[240],[264],[276],[205],[98],[-24],[-122],[-217],[-263],[-218],[-190],[-193],[-153],[-86],[-21],[99],[176],[232],[226],[236],[211],[209],[148],[29],[-36],[-102],[-162],[-158],[-124],[-155],[-147],[-120],[-58],[6],[60],[152],[181],[184],[173],[179],[151],[120],[15],[-60],[-76],[-45],[-74],[-91],[-56],[-77],[-59],[-18],[27],[102],[129],[113],[128],[142],[105],[48],[59],[-28],[-85],[-100],[-159],[-155],[-88],[-52],[-39],[21],[107],[154],[138],[122],[111],[76],[32],[52],[62],[51],[42],[54],[21],[-20],[-71],[-93],[-112],[-115],[-118],[-119],[-69],[-18],[12],[37],[58],[33],[11],[-10],[-45],[-19],[17],[-8],[-42],[-23],[19],[122],[144],[137],[104],[101],[107],[102],[104],[11],[-170],[-239],[-259],[-259],[-207],[-124],[-116],[-84],[0],[98],[240],[269],[228],[224],[154],[98],[88],[56],[-20],[-91],[-137],[-150],[-93],[-112],[-122],[-93],[-97],[-66],[9],[90],[125],[186],[157],[152],[200],[182],[97],[42],[-33],[-79],[-81],[-115],[-125],[-64],[-22],[-4],[69],[158],[175],[154],[136],[83],[76],[-4],[-61],[-62],[-52],[-90],[-99],[-63],[-29],[29],[12],[14],[85],[140],[161],[205],[189],[133],[92],[52],[-29],[-93],[-148],[-199],[-167],[-148],[-117],[-85],[-20],[67],[84],[99],[115],[114],[101],[80],[49],[36],[22],[17],[-30],[-80],[-120],[-146],[-151],[-159],[-90],[-8],[16],[60],[99],[102],[21],[-18],[21],[6],[-23],[-28],[-29],[65],[76],[81],[128],[110],[53],[1],[-63],[-21],[-37],[-74],[-40],[-23],[30],[20],[33],[58],[28],[-26],[-31],[-15],[24],[-8],[-42],[-6],[-10],[3],[17],[49],[46],[42],[37],[29],[88],[74],[45],[37],[12],[33],[-22],[-36],[-36],[-3],[-13],[-31],[24],[61],[40],[34],[64],[81],[75],[72],[22],[14],[-10],[-13],[-60],[-48],[-11],[-43],[-36],[20],[41],[54],[57],[50],[90],[69],[63],[52],[76],[32],[-41],[-91],[-96],[-133],[-176],[-194],[-145],[-78],[18],[59],[87],[121],[141],[83],[39],[80],[59],[6],[-38],[-35],[-64],[-93],[-107],[-115],[-102],[-85],[-112],[-79],[-63],[-31],[6],[48],[120],[159],[144],[115],[92],[75],[68],[-13],[-70],[-60],[-53],[-85],[-64],[-19],[-14],[-26],[-17],[60],[135],[136],[106],[131],[110],[81],[20],[-17],[-52],[-53],[-113],[-110],[-73],[0],[27],[33],[62],[156],[150],[160],[125],[160],[104],[57],[53],[54],[12],[-43],[-62],[-63],[-78],[-94],[-48],[-30],[-12],[24],[47],[100],[104],[105],[91],[76],[51],[29],[-7],[-23],[-35],[-69],[-80],[-40],[-59],[-59],[-18],[3],[24],[58],[60],[25],[6],[-23],[-53],[-66],[-86],[-72],[-70],[-101],[-102],[-39],[-50],[-95],[-82],[-53],[-8],[10],[28],[60],[90],[44],[34],[10],[-44],[-82],[-94],[-121],[-107],[-27],[-21],[-6],[46],[34],[63],[74],[56],[66],[62],[18],[5],[34],[-12],[-44],[-24],[-9],[-36],[-32],[4],[-15],[-11],[21],[78],[89],[80],[111],[86],[102],[75],[47],[46],[12],[-9],[1],[-14],[-16],[14],[-14],[-12],[-8],[31],[35],[41],[77],[54],[32],[37],[73],[63],[59],[53],[53],[28],[15],[35],[14],[-26],[-33],[0],[-28],[-55],[-58],[-50],[-56],[-63],[-38],[-8],[45],[31],[21],[30],[10],[19],[18],[-30],[-48],[-54],[-87],[-87],[-84],[-59],[-66],[-61],[-35],[-17],[-38],[-52],[-28],[-7],[-35],[-30],[-40],[9],[14],[6],[13],[41],[9],[-22],[-32],[-18],[-4],[-5],[-17],[1],[2],[49],[59],[66],[65],[36],[13],[3],[-16],[-22],[-75],[-72],[-59],[-61],[8],[26],[36],[64],[75],[96],[102],[105],[84],[66],[28],[3],[-10],[-15],[-13],[-13],[-38],[-47],[-63],[-44],[-30],[0],[43],[47],[74],[122],[104],[98],[85],[64],[10],[0],[-15],[-10],[-62],[-99],[-68],[-47],[-44],[-16],[15],[38],[51],[33],[41],[72],[16],[2],[-55],[-70],[-39],[-50],[-66],[-47],[-26],[-47],[-44],[23],[9],[-19],[-35],[-29],[-43],[-43],[-19],[0],[51],[42],[21],[22],[14],[-6],[-33],[-24],[-50],[-69],[-34],[-29],[-21],[15],[39],[38],[94],[77],[80],[78],[43],[72],[48],[25],[28],[6],[-7],[-18],[0],[-22],[-25],[-18],[21],[26],[27],[37],[59],[58],[80],[78],[46],[9],[29],[16],[15],[45],[41],[16],[36],[-12],[-16],[-22],[-23],[-16],[-32],[-13],[20],[25],[32],[50],[19],[-10],[-22],[-53],[-30],[-51],[-75],[-23],[-21],[-34],[5],[15],[28],[32],[59],[26],[3],[-23],[-20],[-37],[-40],[-26],[-18],[-32],[-35],[-36],[-52],[-59],[-25],[-34],[-46],[-23],[35],[67],[87],[54],[29],[25],[-14],[-58],[-54],[-22],[-35],[-38],[13],[50],[50],[52],[59],[50],[64],[18],[10],[31],[2],[-16],[0],[43],[36],[16],[0],[-6],[28],[9],[-13],[20],[41],[44],[51],[52],[79],[64],[68],[65],[43],[49],[48],[31],[4],[24],[-11],[-43],[-46],[-60],[-39],[-58],[-35],[12],[73],[68],[56],[89],[60],[32],[25],[-10],[-5],[-9],[-7],[17],[30],[50],[21],[-15],[-35],[-68],[-62],[-48],[-77],[-35],[-45],[-33],[19],[33],[14],[22],[7],[9],[4],[10],[2],[41],[21],[-8],[1],[9],[-40],[-48],[-32],[-81],[-61],[-55],[-68],[-22],[-12],[5],[55],[36],[33],[29],[36],[0],[-7],[-27],[-28],[-29],[-10],[9],[20],[38],[50],[52],[85],[69],[50],[62],[47],[40],[42],[48],[37],[11],[27],[0],[-25],[-10],[9],[7],[10],[57],[48],[41],[53],[94],[85],[76],[95],[52],[61],[32],[-5],[-14],[-18],[-44],[-15],[-27],[-3],[9],[32],[72],[57],[83],[63],[83],[47],[-5],[-26],[4],[-28],[-50],[-44],[-15],[-45],[-33],[2],[-18],[-24],[10],[-4],[5],[36],[85],[66],[65],[47],[29],[29],[-3],[-65],[-112],[-126],[-147],[-108],[-65],[-49],[10],[22],[86],[109],[96],[85],[107],[78],[62],[80],[35],[-27],[-28],[-70],[-117],[-125],[-120],[-108],[-45],[-34],[-13],[64],[111],[112],[118],[141],[112],[83],[73],[37],[36],[28],[-11],[-30],[-12],[3],[-16],[-35],[-11],[-24],[-27],[9],[0],[9],[49],[43],[57],[58],[66],[65],[30],[5],[4],[-57],[-75],[-46],[-36],[16],[63],[70],[74],[97],[75],[41],[34],[-6],[-59],[-55],[-40],[-59],[-45],[-26],[-10],[12],[47],[36],[29],[33],[46],[20],[52],[50],[37],[30],[44],[10],[-14],[10],[-30],[-43],[-39],[-53],[-45],[-35],[-18],[14],[22],[39],[24],[73],[78],[60],[52],[15],[-15],[-33],[-70],[-84],[-59],[-71],[-51],[-43],[-16],[57],[59],[31],[37],[45],[38],[26],[60],[71],[52],[34],[10],[-5],[-11],[-35],[-44],[-79],[-79],[-43],[13],[25],[51],[83],[74],[61],[98],[84],[47],[17],[-10],[-14],[-6],[-5],[-29],[-52],[-46],[-46],[-67],[-58],[4],[-6],[6],[43],[36],[58],[44],[54],[41],[6],[-27],[-20],[-18],[8],[0],[9],[-10],[-15],[16],[-23],[-39],[-23],[-21],[-32],[3],[53],[42],[32],[43],[12],[2],[29],[-20],[-19],[0],[-30],[-29],[-4],[44],[61],[52],[46],[90],[53],[29],[18],[10],[-16],[-15],[-6],[4],[3],[10],[26],[11],[26],[11],[9],[-12],[-6],[12],[15],[9],[46],[27],[31],[52],[20],[11],[7],[-6],[-32],[-30],[-29],[-21],[16],[9],[14],[26],[36],[18],[4],[25],[27],[-7],[-12],[2],[-37],[-60],[-28],[-17],[-24],[-15],[21],[8],[7],[18],[12],[-4],[-10],[-39],[-37],[-23],[-8],[10],[51],[46],[33],[46],[45],[6],[-39],[-52],[-56],[-70],[-48],[-50],[-22],[16],[16],[44],[40],[57],[40],[56],[24],[26],[14],[15],[-3],[-5],[14],[-16],[-43],[-27],[-33],[-42],[2],[8],[26],[58],[57],[43],[62],[77],[34],[10],[12],[10],[-7],[-3],[-15],[16],[-13],[-26],[13],[1],[-5],[0],[24],[23],[20],[38],[24],[10],[42],[-4],[12],[17],[-21],[-14],[-20],[-33],[-22],[31],[17],[16],[69],[45],[25],[21],[18],[-7],[-34],[-36],[-34],[-34],[-14],[-24],[2],[11],[7],[24],[12],[9],[13],[-5],[-15],[9],[29],[17],[-12],[12],[-28],[-39],[-27],[-54],[-68],[-38],[-53],[-46],[-27],[20],[-7],[-4],[20],[32],[25],[34],[32],[20],[32],[-16],[-39],[-6],[-26],[-45],[-32],[-32],[4],[18],[26],[33],[28],[21],[40],[66],[56],[37],[74],[74],[48],[33],[15],[3],[2],[-45],[-57],[-32],[-43],[-30],[1],[32],[57],[80],[48],[82],[69],[38],[26],[12],[30],[14],[-5],[17],[24],[-15],[-43],[-64],[-62],[-49],[-20],[-22],[-5],[35],[38],[37],[44],[64],[20],[-6],[-27],[-27],[-23],[-21],[-41],[-46],[-5],[-19],[-10],[28],[12],[-10],[10],[-5],[-23],[2],[-26],[-46],[-34],[10],[-8],[14],[51],[35],[6],[-14],[-4],[-19],[-39],[-30],[-26],[2],[43],[35],[42],[46],[6],[-8],[-24],[-43],[-46],[-8],[-19],[-7],[25],[37],[42],[42],[42],[11],[35],[25],[16],[24],[19],[18],[16],[3],[18],[4],[-19],[-36],[-23],[-39],[13],[23],[26],[41],[75],[68],[60],[56],[53],[34],[11],[17],[-18],[-31],[-19],[-35],[6],[4],[8],[17],[47],[25],[24],[41],[12],[5],[43],[36],[19],[13],[33],[33],[3],[-13],[-13],[-38],[-31],[-29],[-46],[-35],[-17],[8],[51],[33],[41],[11],[-13],[18],[-10],[5],[-14],[-15],[10],[5],[-4],[0],[-14],[-30],[-37],[-43],[6],[11],[-6],[-6],[9],[16],[46],[18],[38],[4],[-24],[-36],[-22],[31],[22],[6],[32],[46],[28],[20],[18],[34],[15],[-26],[-23],[18],[11],[-13],[6],[30],[25],[37],[37],[17],[35],[48],[-6],[25],[22],[22],[19],[3],[29],[5],[12],[-22],[-17],[2],[3],[-13],[12],[62],[48],[39],[59],[49],[24],[32],[16],[-10],[-19],[-27],[-12],[-16],[2],[-3],[-16],[8],[-16],[-21],[-19],[0],[16],[13],[30],[32],[49],[48],[16],[8],[8],[-5],[-24],[-32],[-10],[13],[-19],[-28],[11],[-23],[0],[19],[10],[56],[32],[29],[64],[47],[20],[9],[25],[-8],[-7],[-11],[24],[22],[17],[29],[30],[13],[7],[9],[30],[5],[-21],[-19],[24],[21],[19],[46],[29],[22],[53],[35],[19],[19],[20],[10],[2],[2],[34],[8],[-21],[-12],[-3],[-20],[2],[12],[4],[37],[26],[12],[49],[37],[11],[4],[-15],[0],[9],[0],[-16],[20],[-18],[3],[12],[-6],[-19],[12],[-14],[-10],[-8],[-7],[3],[9],[28],[40],[14],[1],[15],[-8],[-11],[15],[-19],[11],[0],[-21],[1],[-21],[5],[13],[-7],[4],[40],[41],[30],[29],[30],[29],[21],[25],[22],[10],[11],[-27],[0],[-15],[-21],[-7],[-10],[19],[19],[35],[15],[21],[53],[23],[-11],[-6],[16],[5],[4],[12],[3],[14],[38],[11],[6],[43],[21],[12],[26],[48],[21],[14],[5],[-10],[4],[-4],[19],[13],[4],[11],[29],[44],[38],[19],[36],[23],[12],[44],[24],[5],[35],[17],[-5],[-14],[-17],[3],[-21],[-28],[-8],[-8],[19],[26],[5],[-13],[22],[8],[-5],[8],[3],[11],[-6],[-3],[31],[14],[-20],[-32],[-27],[-51],[-55],[0],[2],[1],[0],[7],[25],[33],[33],[15],[38],[5],[-20],[-14],[11],[-17],[-23],[-12],[-13],[3],[10],[-15],[-7],[-12],[20],[4],[-10],[13],[26],[9],[36],[30],[21],[48],[23],[28],[19],[1],[-6],[-10],[0],[-12],[-6],[28],[13],[-7],[1],[34],[11],[20],[29],[29],[26],[48],[34],[25],[28],[18],[-4],[9],[25],[-12],[1],[-12],[-15],[8],[1],[-6],[34],[12],[-7],[33],[32],[13],[12],[15],[18],[-5],[-7],[-4],[-11],[-8],[-31],[-4],[-13],[-22],[-16],[1],[10],[20],[10],[47],[26],[14],[35],[9],[-5],[19],[-17],[-39],[-24],[-14],[-27],[-36],[-14],[11],[7],[0],[44],[47],[28],[19],[37],[14],[1],[-11],[-21],[-26],[-30],[-38],[-33],[10],[8],[0],[-5],[24],[15],[12],[20],[44],[29],[23],[18],[-3],[4],[18],[-10],[-28],[-7],[-8],[8],[25],[6],[9],[2],[2],[34],[21],[11],[1],[21],[11],[14],[10],[6],[5],[-16],[-10],[-12],[8],[-3],[-12],[20],[22],[26],[32],[53],[29],[17],[40],[20],[-4],[-29],[-18],[-21],[-39],[-23],[24],[8],[21],[23],[22],[28],[51],[28],[22],[21],[17],[44],[24],[22],[12],[9],[1],[-17],[-34],[-22],[-8],[-6],[0],[44],[44],[37],[42],[28],[42],[5],[-7],[-10],[-28],[2],[-3],[-19],[3],[-19],[0],[25],[14],[-5],[20],[32],[11],[-15],[4],[11],[-14],[-4],[-11],[-15],[-10],[11],[-13],[-28],[-12],[1],[-8],[-25],[-11],[-13],[8],[-6],[16],[5],[24],[12],[-18],[-15],[10],[-12],[-24],[-10],[16],[-5],[-8],[-8],[-6],[10],[-16],[-19],[2],[-12],[8],[6],[-4],[25],[25],[7],[4],[-10],[-15],[-7],[-10],[27],[19],[10],[27],[33],[14],[-8],[21],[-8],[-18],[-24],[1],[-11],[-14],[13],[2],[33],[38],[20],[9],[44],[6],[2],[-6],[4],[-15],[11],[-15],[-26],[-24],[1],[-13],[7],[16],[-14],[-16],[-21],[3],[-15],[-20],[29],[21],[5],[3],[13],[1],[32],[31],[17],[8],[41],[25],[6],[33],[25],[-10],[-14],[-18],[-19],[-14],[-28],[-36],[-28],[-20],[-5],[31],[22],[13],[17],[22],[48],[14],[2],[27],[6],[-15],[-14],[15],[-5],[-23],[-28],[-28],[-13],[2],[3],[32],[41],[13],[25],[8],[36],[25],[5],[0],[24],[-8],[-16],[-4],[-20],[-7],[-20],[-14],[-5],[0],[27],[22],[16],[48],[49],[43],[36],[59],[37],[13],[27],[-11],[-45],[-15],[-31],[-51],[-29],[-26],[5],[23],[17],[30],[69],[42],[33],[25],[30],[3],[4],[11],[-13],[-27],[2],[1],[-10],[0],[-3],[26],[13],[-7],[-5],[26],[18],[5],[21],[9],[6],[9],[6],[27],[-17],[-15],[-7],[-27],[-27],[3],[1],[-12],[0],[5],[12],[32],[25],[2],[0],[13],[-20],[1],[-15],[-19],[4],[-5],[5],[6],[8],[16],[13],[50],[42],[25],[27],[20],[42],[21],[2],[-7],[-13],[-16],[-24],[-22],[-8],[26],[13],[12],[44],[15],[34],[18],[4],[11],[11],[0],[-4],[26],[9],[-9],[-9],[14],[-4],[-12],[18],[11],[-15],[22],[14],[4],[17],[17],[42],[20],[8],[28],[0],[-15],[-22],[-24],[1],[-35],[-35],[-13],[-22],[-16],[25],[20],[6],[11],[47],[38],[24],[33],[7],[-8],[16],[1],[-27],[-19],[-34],[-21],[-9],[-17],[-3],[24],[10],[9],[38],[22],[35],[25],[32],[19],[10],[-4],[20],[-20],[-11],[-5],[-5],[-5],[28],[46],[41],[32],[50],[22],[0],[-8],[8],[-18],[-24],[-21],[-10],[-3],[4],[8],[8],[8],[4],[5],[11],[16],[11],[48],[17],[23],[0],[6],[3],[-24],[-29],[-15],[-24],[-5],[22],[19],[22],[48],[52],[28],[24],[36],[0],[-10],[-9],[3],[-7],[-5],[25],[14],[1],[4],[15],[-3],[-11],[-19],[-5],[-11],[13],[6],[25],[13],[33],[16],[2],[-15],[-18],[-27],[-32],[3],[-6],[-20],[-10],[-6],[12],[10],[36],[10],[-11],[28],[-5],[2],[17],[24],[19],[5],[-7],[14],[-8],[-31],[-15],[-7],[-10],[2],[17],[25],[24],[52],[10],[33],[26],[11],[16],[-3],[-12],[27],[8],[2],[30],[18],[13],[4],[5],[10],[-6],[0],[7],[-3],[0],[32],[32],[23],[19],[43],[25],[20],[54],[13],[4],[3],[-14],[1],[-12],[9],[17],[2],[-8],[35],[28],[12],[0],[24],[6],[-7],[28],[13],[-4],[0],[12],[3],[-7],[-6],[-8],[9],[-14],[6],[-12],[2],[-11],[24],[8],[-11],[-4],[35],[24],[3],[0],[21],[1],[-19],[1],[19],[5],[-13],[16],[19],[8],[13],[27],[9],[34],[6],[28],[30],[11],[5],[17],[-11],[20],[10],[-5],[29],[19],[8],[12],[19],[32],[12],[24],[19],[-5],[-8],[16],[-14],[-12],[18],[5],[12],[49],[29],[28],[23],[27],[7],[24],[23],[8],[0],[18],[22],[-3],[16],[15],[-14],[16],[-15],[-4],[17],[17],[13],[36],[43],[18],[42],[28],[9],[-11],[21],[6],[-12],[-13],[-14],[-5],[6],[22],[-10],[4],[29],[13],[0],[34],[8],[43],[17],[-3],[19],[16],[-6],[8],[17],[-3],[-22],[-15],[4],[0],[-28],[12],[4],[-4],[24],[12],[44],[32],[9],[3],[21],[2],[-7],[7],[-24],[-44],[-10],[-23],[-16],[27],[17],[4],[8],[37],[26],[5],[24],[24],[8],[-11],[24],[19],[3],[-3],[18],[2],[-4],[4],[26],[4],[11],[27],[18],[19],[45],[30],[14],[20],[4],[20],[11],[6],[40],[25],[8],[17],[25],[29],[52],[33],[17],[12],[31],[9],[4],[28],[10],[-7],[2],[6],[8],[5],[33],[20],[11],[18],[51],[41],[28],[56],[41],[24],[14],[18],[-7],[-12],[6],[-5],[3],[32],[33],[15],[13],[17],[-4],[12],[21],[2],[0],[4],[6],[3],[10],[-12],[2],[-4],[-17],[-16],[-12],[19],[14],[12],[19],[37],[45],[29],[13],[42],[18],[-9],[-11],[-31],[-20],[-13],[-24],[-21],[18],[5],[43],[32],[17],[36],[44],[24],[2],[18],[14],[-12],[3],[6],[-10],[4],[12],[-5],[0],[-5],[-5],[17],[1],[-9],[12],[27],[17],[-2],[21],[17],[-8],[0],[6],[-12],[-11],[20],[8],[0],[19],[23],[11],[10],[37],[15],[0],[16],[13],[-4],[-10],[-8],[0],[0],[26],[11],[-5],[20],[20],[1],[13],[12],[47],[34],[19],[26],[49],[26],[3],[-12],[-12],[-20],[1],[-15],[-20],[3],[15],[2],[8],[25],[5],[27],[26],[8],[18],[21],[5],[-10],[3],[9],[-7],[-21],[-13],[-28],[-19],[11],[0],[-4],[25],[27],[53],[30],[12],[33],[5],[-20],[-26],[11],[-18],[-22],[-7],[-9],[4],[28],[11],[-10],[28],[-4],[-6],[0],[6],[13],[36],[15],[-5],[8],[17],[-15],[-19],[-20],[-17],[12],[-7],[24],[12],[0],[36],[25],[13],[35],[9],[21],[9],[10],[21],[0],[-3],[13],[-3],[1],[33],[23],[10],[6],[39],[17],[33],[18],[-4],[26],[1],[-19],[5],[2],[-14],[-8],[16],[-3],[8],[41],[27],[16],[12],[33],[19],[6],[17],[0],[13],[-8],[0],[16],[-5],[-20],[-20],[-25],[9],[-5],[8],[19],[10],[48],[33],[15],[27],[35],[16],[-5],[8],[17],[4],[0],[25],[7],[-10],[-18],[9],[-19],[-19],[-19],[0],[29],[22],[13],[24],[21],[-11],[-7],[-20],[16],[3],[-15],[16],[21],[9],[1],[30],[5],[-16],[6],[-11],[-24],[0],[5],[-5],[0],[22],[13],[8],[2],[-4],[-13],[-11],[28],[15],[-3],[1],[31],[5],[-14],[8],[17],[-5],[17],[-10],[10],[3],[8],[36],[28],[15],[20],[34],[20],[5],[5],[3],[-27],[-24],[-20],[12],[4],[-4],[13],[10],[44],[20],[37],[37],[11],[4],[32],[-3],[0],[-7],[8],[-14],[-12],[-29],[0],[-7],[-19],[-20],[11],[2],[0],[29],[18],[2],[5],[33],[16],[1],[8],[-13],[-14],[10],[-17],[-22],[0],[6],[-4],[-15],[24],[27],[15],[8],[0],[25],[0],[29],[6],[-8],[4],[22],[-6],[-4],[0],[-3],[-7],[-7],[29],[11],[11],[36],[24],[12],[13],[28],[1],[8],[12],[-13],[-21],[21],[0],[-15],[20],[-3],[-4],[1],[25],[12],[13],[34],[13],[-4],[26],[4],[-14],[0],[10],[-21],[-24],[-15],[-11],[-7],[24],[16],[13],[20],[41],[20],[10],[28],[-5],[-6],[31],[-5],[-16],[-5],[8],[-15],[10],[-6],[-16],[12],[29],[12],[1],[26],[25],[0],[17],[20],[0],[20],[17],[-3],[0],[-12],[-16],[-15],[-8],[-12],[-21],[-15],[0],[36],[25],[20],[26],[17],[35],[4],[-6],[12],[6],[-8],[-17],[6],[15],[-3],[19],[5],[-11],[24],[20],[5],[2],[30],[21],[11],[6],[31],[19],[4],[-6],[9],[-15],[-16],[11],[-3],[-7],[9],[37],[15],[25],[44],[27],[1],[20],[13],[-8],[-8],[13],[-3],[-7],[9],[-10],[13],[-3],[2],[4],[37],[27],[16],[16],[42],[27],[13],[33],[-13],[0],[-15],[-34],[-22],[-8],[-16],[4],[-5],[20],[37],[24],[11],[31],[13],[3],[0],[16],[4],[-12],[4],[12],[1],[-15],[0],[1],[-12],[-16],[-5],[4],[37],[12],[20],[21],[14],[11],[6],[-7],[-10],[-16],[15],[-22],[-11],[6],[-4],[-7],[14],[19],[2],[30],[14],[3],[26],[36],[18],[13],[37],[13],[9],[2],[21],[2],[0],[-4],[-20],[-4],[10],[-4],[-13],[24],[30],[18],[18],[48],[34],[20],[14],[33],[0],[22],[19],[4],[2],[24],[-3],[-7],[13],[6],[-6],[4],[13],[4],[10],[4],[26],[36],[8],[1],[11],[12],[1],[-18],[12],[-14],[-12],[11],[1],[8],[33],[23],[12],[15],[44],[16],[25],[5],[2],[22],[-6],[-12],[18],[4],[-15],[-13],[21],[0],[23],[9],[21],[33],[12],[8],[37],[8],[29],[-7],[-12],[-8],[-25],[-8],[-22],[-12],[-12],[-3],[-8],[27],[27],[12],[13],[31],[16],[-3],[9],[21],[7],[0],[35],[16],[2],[2],[24],[1],[-11],[-4],[26],[18],[11],[33],[20],[20],[25],[9],[4],[23],[9],[-3],[28],[2],[27],[16],[16],[19],[0],[26],[17],[0],[21],[4],[2],[29],[9],[7],[35],[15],[-4],[3],[33],[17],[6],[12],[21],[-5],[-5],[21],[14],[5],[12],[32],[22],[10],[20],[27],[-6],[22],[-5],[17],[2],[4],[31],[5],[-10],[2],[29],[-3],[-3],[29],[17],[3],[10],[1],[-5],[-8],[18],[-6],[27],[11],[-5],[16],[18],[-4],[25],[4],[0],[-4],[-4],[28],[11],[2],[8],[10],[7],[9],[15],[0],[-8],[0],[19],[6],[-4],[5],[14],[12],[8],[13],[12],[32],[4],[0],[9],[-9],[5],[10],[-6],[-12],[-14],[-16],[-12],[6],[-3],[21],[5],[21],[40],[23],[7],[20],[11],[-11],[-6],[8],[-4],[-14],[18],[5],[0],[13],[-5],[11],[20],[4],[-7],[28],[22],[12],[14],[38],[6],[8],[6],[-3],[17],[1],[-16],[15],[3],[-7],[10],[-6],[32],[20],[6],[9],[32],[17],[3],[4],[25],[2],[5],[32],[6],[0],[22],[-3],[-6],[19],[5],[-10],[-8],[24],[11],[5],[24],[34],[21],[8],[19],[19],[3],[38],[21],[-4],[-10],[-8],[18],[0],[-16],[16],[-20],[-5],[14],[5],[-4],[32],[25],[9],[13],[21],[4],[3],[16],[-6],[-11],[17],[3],[-16],[1],[5],[-5],[-13],[16],[13],[3],[2],[32],[18],[1],[-5],[-2],[-5],[29],[22],[8],[5],[33],[19],[2],[28],[12],[4],[4],[8],[8],[25],[1],[-7],[1],[-18],[2],[5],[-13],[1],[-11],[34],[24],[12],[20],[19],[16],[42],[27],[7],[4],[-5],[-12],[6],[-14],[5],[-7],[2],[11],[-6],[32],[26],[13],[6],[2],[8],[8],[8],[5],[18],[13],[-12],[-6],[-25],[-28],[-30],[-26],[-20],[-7],[3],[9],[4],[38],[9],[0],[19],[-8],[-17],[16],[2],[-13],[-10],[17],[4],[-11],[-11],[-7],[21],[9],[-7],[-5],[25],[9],[-3],[28],[30],[15],[8],[26],[5],[-14],[-16],[10],[-6],[-20],[5],[20],[3],[-7],[2],[-3],[21],[-12],[-15],[0],[18],[-8],[14],[4],[4],[-3],[0],[0],[2],[30],[13],[1],[8],[23],[11],[3],[35],[19],[0],[4],[17],[-7],[-10],[14],[5],[-8],[32],[21],[5],[20],[6],[12],[8],[26],[18],[3],[4],[11],[-13],[16],[5],[-11],[0],[5],[-16],[-15],[18],[7],[-4],[7],[16],[22],[19],[37],[14],[-10],[-11],[-14],[-18],[16],[-21],[5],[-12],[-11],[6],[-7],[7],[-6],[0],[2],[-5],[8],[9],[24],[0],[-4],[-7],[-11],[-14],[13],[-20],[-7],[4],[-6],[-13],[-12],[17],[3],[0],[0],[1],[22],[-3],[5],[-15],[16],[13],[-3],[-16],[19],[-5],[1],[-6],[-12],[28],[4],[31],[7],[-7],[-8],[18],[13],[-4],[-12],[30],[4],[18],[6],[21],[27],[9],[-7],[20],[0],[0],[1],[3],[4],[13],[-6],[12],[18],[-5],[-4],[20],[5],[9],[24],[4],[25],[7],[30],[16],[1],[8],[20],[-6],[10],[-4],[-6],[-9],[-9],[18],[4],[-8],[15],[2],[9],[40],[10],[13],[30],[12],[13],[25],[8],[-11],[8],[16],[3],[-9],[-5],[-5],[24],[3],[16],[5],[24],[26],[13],[8],[9],[12],[-4],[28],[29],[11],[36],[15],[2],[26],[-8],[21],[-13],[21],[7],[0],[0],[29],[19],[12],[18],[38],[18],[4],[19],[16],[-4],[0],[6],[0],[32],[15],[4],[20],[16],[-3],[0],[6],[-8],[1],[17],[6],[8],[6],[25],[13],[38],[14],[-3],[26],[11],[-11],[24],[17],[8],[8],[29],[12],[3],[30],[13],[-7],[1],[18],[-5],[16],[19],[9],[22],[37],[24],[5],[14],[16],[2],[-12],[24],[-4],[30],[16],[-6],[14],[22],[6],[-11],[16],[1],[0],[28],[21],[5],[36],[22],[10],[0],[28],[13],[-5],[-4],[28],[12],[0],[6],[29],[3],[0],[25],[13],[4],[16],[21],[5],[5],[24],[4],[-10],[22],[8],[-8],[1],[10],[11],[36],[24],[12],[42],[9],[6],[27],[1],[10],[12],[-8],[-7],[20],[5],[-13],[18],[9],[-5],[27],[15],[2],[3],[30],[16],[-2],[-4],[12],[-8],[-7],[0],[16],[-6],[-11],[15],[-4],[-15],[30],[14],[-6],[16],[19],[8],[26],[18],[-3],[16],[17],[-8],[-5],[-11],[-11],[-13],[-13],[10],[3],[20],[35],[26],[12],[13],[12],[9],[26],[7],[-6],[38],[10],[5],[6],[32],[8],[5],[29],[13],[-4],[4],[21],[8],[22],[37],[15],[35],[20],[4],[35],[25],[6],[3],[30],[17],[4],[13],[22],[2],[8],[34],[17],[6],[16],[26],[8],[5],[29],[3],[2],[25],[12],[1],[2],[1],[10],[31],[14],[-3],[26],[11],[1],[2],[21],[5],[4],[34],[18],[-3],[14],[-4],[4],[18],[4],[6],[28],[13],[1],[36],[10],[6],[8],[25],[1],[0],[-6],[0],[18],[-12],[-11],[0],[-6],[11],[21],[3],[10],[11],[8],[6],[18],[24],[3],[12],[26],[-3],[17],[-4],[-13],[-9],[19],[3],[4],[5],[38],[17],[1],[33],[11],[-7],[14],[27],[10],[-6],[14],[20],[-3],[-7],[16],[2],[-14],[1],[-13],[3],[0],[33],[5],[8],[8],[22],[-4],[13],[-4],[-7],[17],[2],[-10],[4],[10],[-8],[20],[11],[-12],[-13],[19],[6],[-10],[-12],[20],[12],[1],[16],[28],[18],[0],[17],[-11],[-15],[-6],[-13],[15],[5],[-10],[5],[17],[5],[-3],[3],[30],[21],[9],[6],[33],[17],[7],[8],[29],[14],[-3],[2],[-8],[-8],[-7],[11],[15],[-12],[27],[16],[6],[42],[29],[20],[19],[37],[19],[8],[9],[6],[6],[22],[1],[2],[25],[1],[-4],[10],[-11],[11],[-3],[32],[13],[2],[22],[35],[18],[8],[21],[3],[0],[19],[-7],[-5],[-6],[2],[34],[2],[32],[15],[-4],[13],[23],[8],[0],[31],[17],[4],[9],[5],[6],[2],[28],[14],[0],[-5],[20],[10],[2],[33],[2],[27],[6],[8],[22],[4],[-11],[6],[10],[-5],[4],[27],[5],[20],[1],[0],[18],[-3],[1],[27],[11],[-7],[-7],[27],[1],[22],[3],[14],[-4],[0],[-7],[-5],[10],[20],[1],[-6],[20],[27],[6],[12],[27],[2],[-6],[-11],[-8],[-9],[-9],[19],[8],[-6],[10],[22],[8],[5],[2],[30],[18],[7],[4],[29],[0],[27],[8],[-8],[19],[5],[-10],[-8],[19],[10],[-5],[12],[18],[6],[16],[12],[8],[35],[19],[-3],[-8],[19],[0],[-17],[22],[-15],[4],[13],[-8],[-11],[-11],[21],[7],[-10],[12],[23],[4],[6],[31],[19],[5],[10],[16],[-11],[-10],[-16],[-18],[0],[-12],[-7],[25],[14],[3],[20],[29],[9],[9],[1],[6],[5],[0],[22],[-4],[-8],[28],[10],[-5],[16],[17],[-3],[-5],[25],[13],[0],[28],[18],[3],[36],[21],[6],[32],[1],[-6],[-6],[0],[-6],[29],[19],[9],[8],[32],[10],[-6],[17],[19],[6],[-7],[26],[26],[8],[6],[5],[5],[2],[28],[5],[-14],[-11],[-13],[-8],[19],[4],[22],[32],[17],[1],[36],[15],[-6],[10],[18],[1],[-12],[22],[9],[-10],[2],[17],[2],[-12],[6],[-7],[-6],[-4],[29],[14],[3],[4],[22],[3],[-4],[22],[8],[-15],[10],[16],[4],[0],[28],[6],[16],[0],[18],[13],[-7],[6],[9],[-10],[-10],[23],[9],[-4],[26],[-8],[22],[5],[-9],[1],[29],[17],[8],[8],[27],[11],[-6],[24],[4],[-13],[2],[10],[-15],[-17],[12],[2],[-8],[28],[17],[3],[29],[12],[2],[9],[25],[5],[-12],[22],[8],[-11],[-13],[-3],[-18],[-3],[0],[-19],[-13],[6],[17],[3],[-6],[0],[0],[0],[4],[28],[-11],[9],[-16],[-30],[4],[-12],[-21],[15],[3],[-13],[10],[18],[-4],[-5],[20],[5],[-8],[2],[-11],[19],[5],[-13],[1],[-17],[0],[-14],[-13],[-15],[14],[1],[0],[0],[24],[4],[14],[-3],[0],[2],[20],[4],[-13],[19],[2],[-11],[10],[1],[-3],[0],[22],[13],[2],[12],[29],[16],[8],[2],[28],[22],[6],[-6],[20],[-14],[-15],[-12],[-6],[0],[31],[6],[29],[-3],[30],[18],[4],[20],[26],[0],[0],[29],[16],[-3],[-8],[-2],[1],[31],[15],[-5],[20],[-3],[20],[4],[2],[37],[20],[2],[16],[23],[12],[9],[33],[17],[2],[0],[-12],[6],[-5],[25],[9],[1],[21],[34],[12],[11],[27],[6],[18],[21],[3],[0],[18],[15],[6],[-8],[30],[17],[5],[9],[37],[25],[14],[43],[29],[11],[27],[12],[25],[-5],[17],[15],[1],[-16],[25],[9],[-5],[2],[1],[16],[4],[16],[1],[2],[4],[3],[-3],[0],[3],[1],[8],[2],[2],[1],[27],[7],[-11],[6],[12],[-6],[-4],[28],[16],[8],[26],[6],[10],[4],[3],[12],[-6],[12],[21],[-5],[1],[21],[9],[-6],[14],[-6],[8],[-6],[29],[14],[3],[17],[26],[5],[0],[26],[-6],[11],[-6],[-7],[21],[10],[-5],[12],[22],[2],[19],[29],[13],[11],[5],[18],[2],[15],[19],[1],[-18],[12],[13],[-5],[0],[11],[1],[1],[25],[13],[4],[33],[2],[0],[4],[10],[37],[-4],[9],[15],[-5],[-20],[16],[5],[-5],[13],[26],[17],[6],[32],[21],[10],[6],[-4],[-7],[-7],[21],[-4],[-12],[28],[21],[4],[0],[30],[18],[3],[2],[30],[21],[9],[21],[33],[10],[5],[22],[-10],[-13],[12],[-12],[0],[17],[9],[0],[3],[11],[9],[9],[5],[31],[16],[1],[13],[15],[2],[17],[22],[6],[-8],[19],[19],[1],[4],[8],[27],[13],[3],[10],[5],[33],[10],[9],[14],[-7],[24],[17],[3],[1],[10],[2],[20],[8],[22],[6],[8],[26],[4],[-8],[13],[31],[18],[6],[28],[14],[14],[26],[8],[-10],[26],[18],[9],[4],[36],[25],[12],[14],[42],[27],[5],[5],[35],[20],[3],[20],[4],[4],[24],[-5],[14],[0],[16],[21],[9],[11],[8],[36],[20],[4],[1],[25],[11],[3],[32],[11],[5],[33],[18],[5],[2],[27],[17],[2],[31],[13],[-10],[8],[21],[3],[4],[30],[19],[0],[20],[18],[-3],[22],[3],[10],[19],[6],[9],[2],[3],[5],[8],[10],[34],[9],[21],[2],[16],[24],[2],[2],[13],[-3],[0],[18],[27],[12],[2],[35],[21],[5],[5],[31],[0],[20],[20],[1],[-5],[3],[4],[32],[12],[-6],[11],[20],[-3],[-2],[25],[4],[-10],[29],[19],[3],[4],[-6],[-4],[-10],[2],[-11],[18],[5],[-10],[18],[20],[6],[-11],[-3],[-12],[-8],[22],[9],[-6],[-4],[27],[-6],[1],[2],[27],[8],[-10],[-11],[17],[4],[-11],[-8],[15],[-3],[2],[18],[3],[17],[26],[8],[4],[27],[13],[-7],[19],[0],[-5],[17],[1],[-3],[27],[10],[0],[-5],[28],[12],[2],[9],[38],[26],[10],[8],[3],[-12],[12],[7],[-7],[-6],[23],[11],[2],[19],[24],[9],[40],[7],[34],[5],[32],[16],[-3],[14],[21],[1],[3],[-7],[-6],[-4],[-4],[27],[4],[31],[15],[4],[18],[2],[5],[3],[-5],[19],[-10],[16],[0],[-13],[13],[-5],[-4],[-12],[13],[-10],[9],[14],[2],[-12],[24],[6],[-11],[-14],[12],[-7],[-16],[5],[15],[-4],[-12],[-7],[13],[-7],[-6],[21],[7],[-11],[6],[-6],[-7],[-5],[0],[19],[7],[-11],[3],[9],[-14],[-6],[-5],[22],[11],[1],[0],[19],[-6],[19],[8],[-7],[0],[-5],[9],[-8],[20],[4],[0],[8],[27],[14],[3],[3],[3],[31],[11],[0],[8],[8],[12],[10],[34],[6],[2],[2],[9],[-5],[10],[-5],[0],[-10],[10],[19],[4],[-11],[11],[0],[22],[-3],[10],[-10],[10],[15],[-5],[-17],[16],[5],[-13],[0],[8],[-10],[-8],[-10],[-10],[-4],[17],[-5],[21],[-4],[-7],[10],[-8],[-5],[-4],[0],[2],[-4],[-8],[2],[-18],[-15],[4],[16],[-6],[-5],[21],[-5],[2],[16],[-9],[10],[-7],[-5],[6],[-14],[18],[-12],[-10],[-10],[4],[-14],[21],[-7],[0],[0],[25],[10],[-7],[0],[19],[4],[-6],[-5],[1],[9],[9],[1],[-5],[-3],[26],[4],[0],[18],[-5],[-3],[3],[0],[2],[-4],[-6],[14],[-9],[13],[-7],[-3],[28],[-3],[-5],[-6],[-7],[0],[18],[0],[11],[-7],[-9],[19],[6],[-6],[13],[-7],[29],[-6],[0],[1],[25],[-6],[-3],[-8],[19],[2],[-12],[6],[19],[6],[-6],[12],[16],[-4],[2],[22],[6],[-10],[9],[12],[-10],[-6],[0],[8],[-7],[24],[10],[-8],[12],[24],[5],[2],[2],[31],[4],[-4],[27],[-6],[-8],[-6],[7],[-8],[22],[11],[-3],[16],[28],[12],[-4],[6],[26],[9],[0],[30],[14],[-7],[10],[19],[2],[-5],[20],[5],[-7],[4],[24],[13],[3],[33],[17],[4],[9],[28],[3],[28],[13],[-7],[-5],[-5],[0],[22],[5],[-9],[28],[4],[5],[1],[25],[9],[-5],[0],[25],[9],[2],[4],[22],[4],[1],[-5],[-3],[25],[11],[-11],[20],[9],[-4],[31],[4],[5],[3],[0],[-11],[5],[-18],[8],[-6],[-9],[3],[32],[4],[3],[22],[5],[0],[0],[19],[3],[6],[21],[6],[7],[24],[6],[3],[21],[-15],[2],[18],[9],[-4],[13],[28],[15],[-3],[16],[23],[2],[6],[4],[2],[8],[11],[36],[16],[-8],[6],[9],[-6],[6],[20],[-4],[18],[3],[9],[35],[9],[30],[14],[8],[36],[24],[5],[9],[3],[29],[16],[-5],[14],[-6],[6],[18],[3],[-6],[17],[8],[8],[37],[15],[0],[25],[9],[-6],[8],[-12],[-9],[-4],[0],[0],[3],[1],[20],[6],[9],[38],[25],[10],[6],[32],[10],[-10],[11],[16],[-11],[1],[13],[4],[-5],[4],[29],[17],[7],[19],[27],[11],[-4],[20],[22],[8],[5],[36],[26],[11],[40],[26],[8],[2],[27],[17],[4],[4],[9],[12],[38],[6],[21],[19],[5],[0],[1],[-10],[32],[21],[8],[9],[6],[29],[2],[17],[26],[2],[2],[2],[27],[11],[-4],[14],[27],[13],[1],[-5],[0],[29],[14],[-7],[34],[21],[13],[13],[40],[15],[18],[13],[4],[4],[24],[26],[7],[0],[29],[12],[-4],[1],[4],[30],[4],[1],[2],[1],[20],[3],[3],[33],[8],[7],[31],[14],[-8],[22],[0],[26],[11],[-4],[27],[6],[-7],[17],[20],[1],[24],[2],[0],[14],[24],[9],[-6],[17],[18],[-5],[8],[-10],[24],[-3],[6],[4],[22],[1],[28],[15],[4],[16],[5],[6],[13],[-7],[26],[17],[4],[5],[29],[-4],[0],[20],[5],[5],[31],[15],[-6],[16],[5],[9],[34],[17],[-3],[2],[25],[9],[-10],[5],[17],[-9],[13],[19],[4],[-7],[27],[8],[-4],[2],[17],[26],[6],[3],[27],[11],[-8],[12],[16],[3],[6],[5],[5],[-5],[16],[-9],[10],[11],[-8],[11],[22],[5],[0],[5],[6],[28],[11],[-9],[-7],[-4],[-5],[27],[12],[-4],[-6],[14],[2],[-8],[-4],[14],[24],[-3],[4],[5],[32],[10],[9],[33],[12],[-5],[12],[11],[-5],[-4],[26],[14],[5],[5],[8],[4],[16],[25],[11],[2],[34],[18],[-4],[27],[9],[-5],[0],[2],[32],[20],[2],[0],[8],[0],[31],[17],[1],[2],[5],[5],[-4],[20],[5],[-8],[-6],[21],[7],[-6],[12],[0],[6],[6],[32],[12],[1],[16],[1],[8],[-11],[16],[18],[3],[0],[25],[1],[29],[20],[7],[4],[33],[22],[3],[0],[4],[2],[30],[9],[-6],[28],[-6],[-7],[-8],[24],[16],[4],[0],[28],[10],[0],[15],[25],[12],[-3],[-8],[27],[16],[3],[-8],[2],[0],[-6],[2],[-3],[-4],[-6],[19],[5],[-16],[24],[10],[1],[4],[25],[10],[-7],[10],[17],[1],[-12],[22],[1],[0],[-7],[-8],[28],[15],[2],[1],[29],[1],[-5],[22],[6],[-8],[24],[8],[-10],[-11],[17],[6],[-6],[13],[18],[4],[-14],[10],[12],[2],[0],[26],[-7],[10],[-5],[0],[18],[1],[-13],[10],[-8],[-8],[19],[6],[-8],[10],[-7],[0],[30],[16],[1],[-3],[2],[15],[0],[-3],[-4],[1],[1],[18],[3],[0],[21],[10],[0],[29],[19],[3],[1],[31],[18],[2],[1],[13],[-8],[-7],[-4],[-4],[-3],[0],[0],[2],[2],[2],[28],[13],[-7],[8],[13],[1],[-3],[23],[-4],[3],[-3],[25],[4],[-6],[-6],[-4],[10],[-7],[13],[15],[-5],[5],[1],[2],[17],[-10],[5],[-8],[-7],[-7],[10],[-6],[0],[-4],[18],[22],[3],[0],[-4],[-6],[19],[1],[-14],[-10],[13],[-4],[28],[10],[2],[1],[12],[-11],[-5],[-7],[20],[3],[1],[2],[0],[27],[9],[-7],[6],[13],[-4],[9],[-6],[11],[20],[0],[4],[0],[29],[3],[27],[0],[25],[9],[-5],[5],[19],[5],[4],[3],[-3],[18],[22],[8],[-9],[-6],[-4],[2],[-11],[28],[2],[26],[11],[-5],[10],[-10],[25],[5],[-6],[22],[15],[1],[0],[25],[-13],[8],[14],[2],[-10],[-6],[-4],[0],[11],[-7],[-6],[-5],[-5],[9],[-11],[0],[-8],[-4],[2],[1],[27],[10],[-6],[21],[14],[0],[-3],[27],[13],[-3],[0],[26],[9],[-6],[9],[17],[7],[-7],[16],[-3],[0],[29],[9],[-7],[24],[5],[-12],[24],[-8],[5],[-9],[32],[-3],[-4],[12],[-6],[16],[2],[11],[-5],[0],[23],[2],[6],[10],[27],[10],[-5],[26],[5],[5],[31],[2],[14],[22],[3],[1],[-4],[0],[0],[10],[17],[3],[1],[28],[13],[-7],[1],[29],[11],[-3],[12],[-6],[18],[14],[1],[18],[14],[-5],[28],[-3],[3],[2],[26],[-5],[11],[-3],[12],[-4],[0]]}}