{"protected":{"ver":"v1","alg":"HS256","iat":1740144625},"signature":"6d001a58b255699f0a5b0a376fc9ab048577a320642534f94f1ab686a077bf07","payload":{"device_name":"E6:61:78:C1:27:19:92:28","device_type":"DATA_FORWARDER","interval_ms":0.0625,"sensors":[{"name":"audio","units":"wav"}],"values":[[13],[0],[30],[17],[4],[5],[24],[9],[-4],[2],[1],[0],[19],[3],[1],[27],[1],[30],[13],[0],[2],[21],[-4],[18],[13],[1],[4],[13],[1],[30],[6],[30],[3],[-4],[13],[18],[4],[-7],[-5],[-4],[28],[12],[-4],[14],[2],[29],[10],[-6],[10],[16],[2],[5],[31],[17],[1],[13],[25],[10],[0],[4],[32],[21],[9],[5],[21],[7],[6],[33],[17],[0],[25],[9],[-6],[32],[20],[3],[2],[2],[0],[29],[13],[0],[26],[23],[6],[14],[-3],[13],[26],[4],[4],[27],[0],[0],[-8],[32],[0],[10],[2],[-5],[-7],[-5],[0],[1],[-5],[17],[-10],[27],[-5],[0],[-4],[24],[1],[2],[1],[3],[0],[-6],[9],[19],[-6],[16],[5],[2],[2],[2],[24],[-4],[9],[18],[0],[1],[1],[1],[-8],[-7],[9],[-7],[16],[21],[8],[0],[-5],[9],[20],[3],[0],[28],[17],[0],[0],[-3],[22],[-6],[-12],[29],[-5],[-3],[26],[10],[-7],[9],[13],[-3],[2],[-4],[-4],[30],[0],[22],[1],[8],[2],[2],[4],[19],[-4],[0],[1],[18],[3],[-8],[27],[2],[26],[10],[-6],[28],[23],[-4],[13],[2],[1],[29],[14],[-3],[14],[24],[9],[-8],[32],[20],[1],[5],[34],[19],[2],[5],[10],[9],[34],[19],[6],[6],[30],[17],[0],[24],[17],[6],[8],[26],[6],[6],[27],[7],[3],[8],[27],[12],[1],[8],[17],[3],[2],[22],[10],[-5],[26],[20],[1],[1],[-4],[-6],[29],[18],[3],[8],[36],[21],[10],[8],[34],[21],[9],[8],[34],[19],[10],[1],[1],[3],[37],[21],[3],[5],[1],[27],[13],[2],[24],[28],[12],[3],[10],[3],[5],[4],[2],[2],[5],[19],[4],[3],[28],[9],[-3],[26],[13],[-7],[13],[24],[10],[-3],[2],[27],[2],[-3],[25],[13],[1],[0],[0],[24],[5],[-3],[16],[21],[-6],[11],[-5],[5],[0],[13],[-4],[16],[0],[11],[-8],[30],[0],[29],[14],[1],[14],[2],[33],[11],[3],[33],[0],[0],[36],[17],[1],[2],[28],[13],[2],[19],[3],[3],[31],[17],[3],[4],[25],[-3],[8],[-7],[18],[24],[11],[2],[29],[14],[1],[10],[24],[9],[3],[27],[12],[-4],[32],[17],[-4],[30],[14],[-3],[16],[3],[18],[1],[11],[0],[29],[3],[3],[0],[11],[-6],[12],[21],[6],[0],[2],[4],[0],[25],[4],[23],[9],[-6],[11],[-3],[13],[22],[11],[-5],[8],[16],[1],[0],[26],[12],[2],[27],[4],[4],[29],[7],[7],[30],[18],[3],[3],[29],[9],[-10],[12],[17],[3],[0],[28],[17],[-4],[0],[1],[7],[7],[29],[-3],[20],[-5],[8],[-7],[8],[11],[-7],[0],[1],[0],[0],[-3],[0],[-8],[26],[11],[-6],[-6],[19],[3],[4],[31],[14],[-3],[1],[1],[-6],[25],[0],[0],[-5],[19],[3],[8],[4],[8],[4],[1],[3],[30],[-4],[23],[9],[-4],[3],[7],[31],[13],[0],[-5],[24],[10],[-6],[11],[1],[1],[-4],[4],[2],[29],[-3],[-3],[1],[-3],[-6],[27],[0],[31],[16],[-10],[28],[-8],[8],[-8],[18],[12],[-3],[21],[2],[4],[28],[3],[1],[33],[4],[2],[12],[29],[6],[1],[2],[3],[-3],[15],[24],[9],[-5],[12],[17],[0],[4],[23],[6],[5],[33],[20],[3],[4],[8],[5],[27],[2],[4],[3],[28],[2],[14],[-4],[11],[0],[-5],[0],[31],[15],[-7],[-12],[18],[0],[3],[0],[21],[5],[0],[17],[1],[0],[23],[8],[-7],[11],[-3],[0],[22],[11],[-5],[32],[14],[1],[1],[28],[15],[2],[8],[26],[9],[-5],[16],[21],[7],[-5],[9],[-8],[-6],[10],[-6],[8],[21],[9],[-4],[3],[21],[4],[4],[29],[13],[1],[0],[26],[9],[-7],[8],[21],[-5],[-6],[7],[-11],[28],[15],[-5],[13],[2],[13],[-7],[18],[18],[1],[0],[26],[-3],[-3],[26],[11],[-4],[0],[-5],[26],[0],[1],[10],[-11],[16],[-4],[-5],[24],[9],[-6],[11],[19],[-4],[9],[21],[6],[-8],[12],[-3],[1],[21],[3],[-8],[9],[22],[7],[-8],[20],[14],[-3],[-3],[-5],[9],[-6],[13],[0],[28],[14],[-5],[18],[20],[3],[4],[1],[5],[25],[12],[-4],[12],[22],[10],[-5],[16],[3],[0],[32],[21],[2],[1],[0],[10],[-7],[29],[15],[-4],[15],[26],[1],[13],[0],[16],[8],[2],[33],[11],[3],[8],[21],[3],[4],[28],[7],[0],[29],[12],[-4],[4],[22],[1],[-5],[24],[9],[-6],[-3],[24],[1],[2],[29],[9],[-7],[26],[4],[-9],[-3],[16],[0],[0],[22],[9],[-7],[12],[3],[32],[0],[-7],[13],[24],[2],[1],[-6],[-8],[-7],[25],[10],[-6],[29],[16],[0],[-3],[27],[0],[18],[-5],[-4],[-9],[0],[1],[0],[4],[-12],[11],[-4],[11],[3],[1],[24],[-5],[-5],[-8],[25],[9],[-5],[26],[10],[-10],[-13],[5],[-14],[-5],[27],[-4],[17],[2],[2],[13],[-4],[12],[-5],[0],[19],[4],[-8],[10],[0],[-5],[-7],[-6],[14],[-8],[8],[18],[4],[-14],[22],[14],[1],[3],[9],[-4],[16],[1],[0],[-5],[-7],[-7],[17],[-10],[-5],[-4],[-7],[8],[-5],[10],[-8],[10],[-11],[25],[12],[-8],[2],[3],[28],[16],[-4],[0],[27],[9],[-5],[21],[20],[5],[0],[-5],[16],[-7],[5],[-8],[10],[20],[2],[-6],[10],[-4],[5],[6],[2],[1],[0],[0],[27],[8],[8],[5],[8],[27],[6],[5],[26],[12],[2],[18],[21],[2],[11],[0],[13],[27],[3],[3],[19],[26],[2],[2],[37],[19],[5],[4],[31],[18],[3],[4],[27],[2],[10],[-7],[11],[13],[1],[2],[27],[12],[0],[-4],[16],[19],[7],[-8],[32],[12],[-7],[6],[14],[2],[2],[28],[12],[-4],[8],[-5],[-8],[-6],[10],[-6],[11],[24],[0],[0],[12],[-7],[-5],[26],[11],[-5],[0],[25],[9],[-5],[30],[18],[-10],[32],[0],[0],[32],[12],[-9],[30],[5],[6],[29],[13],[-3],[-4],[24],[12],[1],[28],[12],[-5],[18],[22],[6],[-13],[28],[17],[4],[3],[28],[12],[-10],[29],[1],[1],[13],[21],[-7],[0],[-3],[-8],[28],[11],[-5],[30],[4],[3],[27],[12],[-3],[1],[28],[2],[-4],[25],[22],[1],[2],[33],[19],[-3],[33],[22],[8],[6],[32],[1],[22],[4],[1],[1],[27],[16],[5],[6],[25],[0],[16],[26],[1],[0],[22],[9],[9],[26],[3],[5],[27],[1],[17],[-8],[34],[4],[3],[32],[3],[0],[1],[14],[1],[28],[17],[3],[1],[20],[-4],[18],[0],[27],[22],[8],[0],[29],[15],[-5],[14],[12],[-6],[28],[17],[3],[2],[1],[24],[12],[0],[32],[20],[9],[8],[31],[3],[11],[-6],[25],[20],[6],[3],[30],[10],[-4],[29],[11],[0],[34],[2],[0],[28],[14],[0],[-3],[-3],[30],[17],[3],[2],[0],[-6],[13],[-8],[-7],[-8],[20],[13],[-4],[-5],[22],[8],[-4],[2],[22],[-3],[1],[-5],[-6],[19],[4],[-8],[28],[13],[-3],[-4],[27],[0],[11],[-4],[30],[7],[-8],[27],[-7],[9],[-5],[-10],[-6],[-4],[-5],[-4],[0],[-6],[-8],[17],[1],[0],[25],[9],[-13],[24],[13],[-5],[-5],[27],[12],[1],[19],[6],[0],[28],[20],[3],[1],[29],[1],[0],[28],[-5],[3],[4],[29],[14],[-4],[25],[1],[2],[30],[1],[18],[4],[0],[15],[2],[2],[17],[1],[-4],[-6],[-6],[1],[1],[26],[1],[1],[26],[14],[-3],[8],[25],[13],[-3],[10],[17],[-6],[-7],[11],[19],[5],[-11],[20],[5],[-5],[8],[18],[1],[-5],[0],[5],[0],[27],[-7],[27],[-4],[29],[17],[3],[2],[2],[-8],[27],[11],[-5],[-5],[25],[10],[-3],[20],[19],[-5],[-4],[26],[13],[1],[4],[0],[10],[-5],[12],[20],[6],[0],[27],[0],[-3],[-6],[-9],[23],[8],[-6],[29],[11],[-4],[2],[26],[10],[-5],[14],[18],[2],[-4],[25],[11],[1],[-3],[25],[10],[-4],[29],[13],[0],[-3],[24],[11],[-6],[-5],[18],[1],[2],[0],[-4],[14],[0],[-5],[17],[1],[0],[27],[11],[-10],[-12],[-8],[-4],[0],[-5],[14],[-3],[-5],[19],[5],[-9],[-11],[7],[-8],[8],[18],[3],[0],[5],[-9],[6],[-10],[18],[19],[2],[5],[0],[15],[0],[-5],[20],[0],[18],[-5],[15],[-3],[24],[1],[-7],[0],[-5],[-3],[-6],[-4],[12],[24],[2],[11],[-5],[26],[22],[8],[8],[2],[3],[15],[22],[4],[4],[32],[19],[4],[5],[29],[17],[1],[1],[21],[7],[-8],[25],[19],[2],[1],[29],[14],[0],[4],[31],[0],[3],[3],[8],[30],[15],[0],[2],[25],[10],[-4],[20],[22],[3],[0],[32],[17],[2],[18],[25],[10],[-3],[1],[2],[0],[11],[1],[34],[16],[4],[3],[24],[4],[0],[29],[16],[-5],[12],[1],[4],[8],[24],[11],[-5],[11],[25],[-5],[19],[2],[3],[28],[11],[-5],[-3],[-6],[8],[21],[6],[-8],[16],[-4],[4],[0],[9],[-7],[12],[13],[0],[27],[-5],[2],[2],[27],[12],[1],[27],[10],[-10],[6],[25],[0],[-3],[0],[25],[10],[-5],[4],[25],[9],[-4],[5],[0],[27],[12],[-4],[-3],[-11],[26],[17],[1],[19],[2],[6],[22],[9],[-8],[29],[16],[3],[1],[-4],[-7],[-4],[-7],[10],[14],[-8],[9],[19],[4],[-13],[25],[13],[-8],[11],[8],[-10],[17],[3],[0],[27],[-3],[14],[-7],[8],[18],[2],[2],[27],[0],[14],[22],[2],[19],[8],[0],[28],[17],[4],[-5],[21],[8],[0],[32],[19],[7],[8],[20],[-7],[16],[19],[2],[11],[-6],[32],[0],[20],[21],[8],[0],[30],[19],[-5],[1],[25],[13],[0],[12],[22],[6],[6],[14],[3],[3],[33],[14],[3],[8],[5],[5],[21],[5],[0],[29],[10],[-6],[14],[2],[3],[28],[-4],[2],[1],[25],[11],[-6],[8],[24],[0],[13],[-4],[0],[26],[11],[-5],[8],[23],[2],[3],[20],[0],[2],[2],[27],[0],[10],[-5],[20],[14],[0],[-3],[-3],[2],[-6],[24],[13],[-5],[1],[2],[1],[22],[5],[-7],[9],[6],[-10],[16],[16],[3],[-11],[28],[-3],[2],[19],[3],[-12],[16],[18],[7],[0],[30],[1],[9],[25],[11],[-7],[8],[6],[-6],[15],[25],[2],[0],[8],[4],[26],[11],[-8],[0],[24],[-5],[0],[12],[2],[34],[18],[3],[4],[26],[13],[3],[-3],[-5],[14],[13],[-4],[0],[25],[11],[-5],[16],[-3],[0],[22],[7],[-7],[6],[-11],[30],[17],[-4],[7],[0],[22],[15],[3],[2],[33],[5],[-4],[0],[20],[1],[1],[27],[10],[0],[0],[24],[11],[-4],[-5],[23],[5],[-7],[20],[20],[7],[-7],[24],[18],[3],[0],[24],[-8],[24],[1],[25],[8],[-4],[-6],[-5],[2],[22],[11],[0],[2],[17],[-3],[0],[27],[11],[0],[1],[19],[4],[3],[28],[-3],[-5],[-5],[6],[0],[21],[17],[3],[1],[-8],[-10],[-4],[4],[-11],[12],[-3],[1],[21],[0],[-5],[-6],[28],[21],[1],[17],[4],[11],[-5],[24],[18],[4],[1],[27],[7],[-5],[21],[3],[0],[30],[20],[6],[6],[5],[3],[11],[-7],[13],[22],[5],[5],[28],[-4],[1],[-4],[26],[18],[4],[18],[28],[4],[0],[0],[-5],[-7],[15],[19],[2],[4],[18],[4],[0],[8],[-7],[26],[1],[27],[2],[0],[33],[22],[6],[8],[34],[20],[1],[11],[19],[2],[2],[3],[4],[0],[2],[6],[-10],[24],[19],[4],[3],[29],[13],[1],[8],[29],[3],[0],[2],[5],[4],[31],[13],[1],[15],[19],[5],[5],[1],[9],[8],[1],[5],[4],[24],[5],[-8],[-3],[4],[4],[30],[18],[-3],[0],[0],[0],[8],[26],[14],[-3],[18],[21],[6],[0],[32],[22],[7],[10],[32],[16],[0],[0],[29],[15],[4],[1],[27],[3],[1],[30],[13],[-3],[4],[17],[-5],[-9],[8],[17],[-3],[1],[-3],[21],[-3],[10],[20],[9],[8],[33],[19],[1],[17],[-3],[3],[28],[15],[-4],[-4],[25],[10],[-4],[20],[4],[-11],[10],[20],[11],[-5],[16],[11],[-7],[8],[-4],[-3],[27],[7],[-10],[9],[17],[3],[5],[4],[1],[0],[7],[-8],[24],[19],[4],[4],[22],[3],[1],[2],[1],[27],[-7],[12],[20],[1],[-2],[30],[13],[2],[3],[27],[4],[0],[26],[21],[2],[28],[4],[-5],[24],[-7],[16],[0],[1],[26],[-4],[1],[1],[3],[33],[10],[2],[35],[20],[5],[4],[30],[16],[2],[-4],[-6],[8],[19],[1],[9],[-7],[14],[15],[3],[33],[19],[3],[2],[27],[11],[-5],[24],[13],[-4],[13],[24],[3],[3],[28],[12],[1],[8],[24],[9],[-5],[0],[30],[15],[1],[0],[26],[9],[0],[30],[18],[-3],[4],[-4],[12],[1],[16],[0],[2],[27],[13],[-3],[2],[-4],[3],[1],[2],[2],[1],[21],[1],[10],[3],[2],[0],[21],[15],[-4],[-3],[0],[24],[12],[-4],[2],[15],[-4],[-5],[17],[-3],[7],[0],[27],[1],[19],[5],[4],[24],[8],[-10],[14],[20],[-5],[14],[0],[-3],[29],[0],[4],[3],[28],[18],[1],[25],[0],[8],[-5],[25],[10],[-5],[-6],[0],[20],[-5],[18],[11],[0],[12],[21],[6],[-6],[16],[22],[6],[-7],[28],[-3],[16],[25],[11],[-3],[4],[25],[1],[19],[2],[4],[28],[17],[-3],[2],[17],[1],[2],[30],[15],[-5],[11],[22],[3],[4],[27],[11],[-7],[22],[9],[-4],[15],[0],[2],[4],[30],[5],[4],[14],[3],[19],[27],[1],[7],[4],[32],[-6],[29],[20],[8],[-6],[22],[-4],[4],[28],[10],[1],[29],[16],[4],[22],[6],[5],[24],[5],[-8],[29],[12],[-4],[29],[3],[4],[3],[16],[26],[1],[18],[0],[1],[1],[0],[2],[2],[18],[25],[-4],[28],[21],[3],[3],[29],[21],[6],[6],[33],[4],[32],[20],[-4],[20],[23],[3],[14],[2],[-7],[16],[22],[4],[9],[8],[32],[12],[-3],[11],[-4],[-8],[30],[19],[3],[0],[26],[16],[2],[3],[6],[5],[27],[3],[32],[0],[2],[33],[11],[-4],[3],[10],[18],[-5],[-11],[6],[12],[-6],[24],[13],[-5],[7],[-11],[27],[12],[-7],[24],[-8],[27],[12],[-4],[0],[21],[9],[-4],[32],[3],[10],[-6],[-12],[8],[18],[5],[-10],[17],[20],[1],[1],[1],[28],[16],[0],[26],[2],[-3],[22],[0],[1],[2],[28],[14],[-6],[-5],[-10],[18],[14],[1],[3],[3],[0],[-5],[0],[28],[12],[-5],[0],[-3],[0],[11],[-5],[0],[29],[4],[2],[17],[-4],[-7],[2],[-12],[25],[13],[3],[2],[30],[14],[2],[2],[29],[14],[1],[2],[24],[3],[0],[8],[3],[28],[14],[-4],[13],[2],[1],[2],[3],[31],[17],[5],[8],[8],[7],[33],[17],[-7],[28],[14],[0],[5],[24],[6],[6],[29],[17],[4],[12],[8],[30],[12],[-5],[24],[21],[2],[6],[6],[34],[16],[5],[4],[4],[27],[12],[-5],[14],[-5],[31],[8],[-5],[30],[17],[2],[16],[26],[13],[0],[32],[3],[32],[18],[3],[5],[30],[16],[2],[16],[27],[9],[7],[25],[10],[-3],[30],[14],[1],[1],[27],[11],[0],[12],[-4],[0],[14],[24],[9],[-5],[0],[18],[3],[5],[28],[12],[-3],[0],[24],[8],[-3],[-5],[16],[5],[6],[30],[15],[-6],[-3],[4],[3],[17],[20],[3],[4],[21],[3],[0],[30],[17],[2],[0],[0],[23],[5],[0],[26],[10],[-7],[16],[19],[-3],[1],[26],[3],[4],[-5],[24],[19],[3],[4],[-2],[27],[13],[2],[14],[18],[1],[2],[22],[5],[9],[26],[9],[-6],[26],[9],[-5],[13],[24],[10],[0],[3],[28],[15],[3],[2],[30],[12],[1],[4],[5],[32],[18],[3],[2],[1],[2],[-5],[22],[-6],[-3],[1],[25],[8],[-5],[2],[32],[12],[-3],[19],[6],[7],[35],[12],[-3],[14],[22],[6],[-5],[-2],[24],[5],[0],[33],[2],[21],[6],[4],[22],[8],[-5],[25],[20],[6],[5],[4],[7],[5],[32],[-4],[14],[22],[5],[4],[4],[-3],[23],[7],[8],[3],[4],[3],[1],[0],[33],[0],[-3],[1],[11],[0],[28],[8],[-6],[0],[1],[8],[17],[-10],[12],[21],[8],[-6],[24],[6],[2],[-6],[13],[14],[2],[-4],[25],[11],[2],[32],[17],[2],[-5],[8],[22],[-4],[14],[-5],[12],[26],[11],[-7],[11],[0],[-6],[-4],[8],[24],[6],[-8],[10],[1],[2],[4],[-5],[30],[0],[0],[9],[-5],[8],[25],[-3],[-9],[9],[17],[1],[-12],[-6],[12],[22],[13],[0],[22],[4],[-12],[-6],[0],[0],[6],[3],[29],[0],[0],[5],[0],[20],[0],[8],[-5],[0],[26],[12],[4],[5],[24],[3],[20],[6],[0],[0],[-3],[8],[0],[24],[-7],[24],[10],[-5],[-5],[21],[1],[0],[28],[16],[1],[1],[-3],[24],[8],[-6],[16],[4],[1],[26],[0],[9],[-6],[3],[0],[29],[21],[6],[6],[28],[11],[-6],[10],[-5],[12],[20],[5],[0],[1],[1],[2],[-4],[-6],[12],[20],[4],[4],[26],[11],[-6],[-6],[-3],[-3],[2],[3],[3],[10],[-6],[0],[28],[5],[-11],[26],[-5],[0],[-3],[-5],[-6],[12],[-6],[-8],[14],[-8],[24],[6],[-8],[29],[17],[5],[5],[2],[29],[11],[-5],[-7],[-7],[-6],[21],[10],[-3],[27],[10],[-3],[12],[-6],[-12],[25],[-6],[-4],[2],[28],[17],[-5],[10],[16],[2],[-10],[-7],[2],[19],[-7],[-7],[-5],[22],[-4],[15],[-5],[-6],[26],[12],[-4],[-5],[18],[-7],[-4],[-4],[-5],[-4],[-12],[28],[14],[3],[5],[-4],[13],[-8],[27],[15],[0],[-4],[22],[10],[-5],[-6],[22],[5],[-8],[11],[21],[6],[-6],[10],[-6],[11],[17],[4],[2],[31],[14],[0],[2],[0],[-6],[10],[19],[5],[-7],[20],[9],[-5],[0],[22],[8],[4],[5],[0],[27],[3],[2],[32],[19],[6],[2],[30],[17],[1],[2],[0],[17],[-8],[28],[18],[4],[5],[30],[17],[1],[3],[1],[2],[32],[6],[3],[28],[14],[4],[-3],[16],[22],[3],[4],[20],[2],[3],[32],[12],[-4],[-6],[12],[21],[-6],[11],[20],[2],[1],[-3],[32],[19],[4],[3],[29],[13],[-7],[20],[2],[5],[33],[19],[3],[5],[29],[8],[0],[16],[1],[12],[19],[-5],[28],[4],[18],[3],[0],[28],[17],[1],[-3],[19],[3],[3],[30],[-4],[16],[23],[9],[-5],[29],[9],[5],[29],[11],[1],[15],[1],[4],[20],[7],[8],[21],[3],[5],[4],[34],[9],[0],[32],[20],[3],[2],[25],[3],[28],[4],[29],[15],[1],[35],[11],[-7],[26],[23],[10],[8],[32],[18],[-4],[24],[22],[9],[8],[33],[12],[-4],[28],[19],[2],[5],[6],[0],[29],[13],[-3],[16],[20],[4],[4],[20],[5],[-6],[1],[28],[16],[3],[5],[0],[21],[22],[8],[8],[34],[21],[6],[7],[8],[6],[11],[0],[-3],[10],[0],[33],[14],[-4],[16],[18],[1],[5],[25],[4],[14],[27],[13],[0],[0],[1],[0],[14],[25],[13],[-11],[32],[15],[0],[3],[-6],[0],[11],[-5],[16],[25],[2],[2],[-3],[0],[-6],[-3],[1],[0],[25],[9],[-5],[10],[20],[-5],[27],[17],[2],[-4],[28],[-3],[29],[1],[9],[0],[33],[16],[3],[32],[8],[-12],[24],[11],[-3],[2],[27],[11],[-7],[-4],[7],[-11],[30],[17],[3],[1],[0],[-8],[-9],[0],[-6],[-6],[1],[-7],[-6],[11],[19],[8],[-8],[10],[18],[-3],[8],[5],[0],[2],[19],[-4],[14],[-3],[0],[25],[2],[4],[29],[15],[2],[2],[28],[13],[1],[8],[26],[11],[-8],[26],[17],[3],[8],[28],[15],[4],[24],[6],[2],[27],[9],[-4],[20],[22],[6],[0],[13],[1],[3],[3],[28],[14],[3],[0],[3],[3],[-6],[24],[10],[0],[4],[3],[30],[-3],[-3],[0],[29],[4],[0],[24],[16],[2],[2],[28],[0],[25],[14],[0],[1],[26],[-4],[-3],[18],[5],[-7],[0],[21],[1],[0],[29],[13],[-4],[-5],[22],[4],[-10],[10],[21],[1],[-4],[25],[9],[-7],[-4],[20],[8],[-5],[-4],[1],[28],[8],[-11],[20],[11],[-3],[-4],[24],[9],[-5],[-3],[26],[10],[-4],[-3],[-4],[-5],[0],[20],[-8],[0],[0],[26],[8],[-5],[26],[13],[-4],[-5],[24],[11],[-5],[-4],[-5],[-6],[22],[8],[-8],[10],[17],[-4],[3],[20],[-3],[10],[22],[-5],[-10],[-11],[8],[-8],[26],[12],[-4],[-6],[24],[3],[-11],[-7],[19],[-10],[14],[3],[-10],[27],[-8],[18],[6],[-10],[13],[-4],[1],[18],[2],[-10],[13],[16],[-3],[0],[-3],[-7],[-4],[-4],[-5],[23],[8],[-6],[4],[2],[2],[-4],[22],[6],[-6],[27],[-3],[30],[2],[0],[12],[21],[10],[-6],[9],[16],[-4],[25],[3],[0],[-6],[-10],[18],[-10],[16],[17],[2],[2],[2],[2],[-7],[-10],[28],[15],[-3],[-11],[16],[20],[2],[0],[-4],[1],[1],[26],[-3],[10],[13],[1],[1],[5],[6],[8],[9],[35],[0],[0],[-5],[12],[20],[10],[-3],[30],[16],[5],[34],[16],[-5],[15],[17],[0],[1],[18],[-5],[14],[25],[10],[-4],[12],[21],[10],[-6],[24],[6],[-7],[2],[3],[25],[2],[4],[17],[4],[6],[28],[11],[-6],[30],[17],[-6],[11],[14],[-6],[-4],[22],[11],[-8],[31],[0],[27],[16],[1],[4],[28],[4],[1],[16],[4],[0],[-3],[13],[24],[10],[-4],[14],[3],[-4],[29],[0],[30],[18],[-4],[14],[-3],[13],[0],[4],[5],[20],[-6],[11],[-9],[9],[20],[6],[-11],[26],[-7],[1],[-4],[23],[2],[-13],[20],[21],[9],[1],[26],[11],[1],[12],[0],[2],[25],[1],[1],[13],[2],[-6],[10],[17],[5],[-7],[9],[17],[-5],[22],[0],[0],[25],[13],[-4],[0],[21],[4],[0],[26],[16],[5],[4],[29],[13],[-3],[1],[22],[11],[-5],[28],[16],[2],[4],[16],[-4],[0],[22],[0],[1],[4],[-4],[18],[19],[-3],[5],[5],[22],[1],[5],[24],[8],[-7],[-5],[-5],[30],[13],[-3],[19],[-3],[20],[3],[18],[2],[1],[22],[10],[-3],[26],[4],[3],[28],[18],[3],[4],[3],[16],[-3],[12],[24],[0],[-3],[12],[20],[-4],[8],[1],[11],[-4],[10],[24],[-4],[2],[0],[26],[1],[0],[0],[11],[-3],[16],[4],[4],[26],[11],[-8],[11],[19],[-7],[8],[24],[11],[-3],[2],[22],[9],[-5],[2],[6],[6],[33],[3],[-3],[24],[11],[-10],[20],[8],[-5],[27],[-9],[10],[11],[-3],[17],[-6],[0],[0],[-6],[-6],[-4],[-4],[25],[13],[-8],[0],[28],[8],[-7],[24],[12],[-5],[8],[-10],[21],[6],[-8],[8],[17],[2],[-8],[-7],[-7],[-7],[-5],[0],[-6],[22],[7],[-9],[-8],[-8],[-3],[9],[2],[27],[11],[-8],[17],[14],[0],[-5],[12],[21],[0],[14],[-3],[2],[27],[13],[3],[33],[9],[-10],[28],[13],[-2],[32],[17],[5],[3],[28],[13],[-10],[12],[22],[4],[2],[18],[3],[1],[27],[15],[2],[4],[28],[14],[2],[17],[17],[3],[3],[27],[3],[2],[31],[13],[1],[2],[27],[5],[0],[32],[4],[22],[7],[4],[28],[16],[-5],[24],[21],[4],[3],[27],[14],[3],[9],[35],[1],[6],[0],[26],[16],[2],[1],[0],[0],[13],[-5],[12],[-7],[5],[-10],[22],[13],[-7],[11],[17],[2],[4],[0],[24],[6],[-8],[20],[0],[2],[4],[14],[-6],[29],[5],[4],[-8],[-7],[0],[5],[4],[-4],[-7],[16],[6],[-10],[13],[17],[3],[0],[-6],[-7],[10],[-5],[-5],[0],[26],[-5],[9],[-7],[-4],[0],[-4],[25],[8],[-4],[1],[15],[2],[2],[3],[2],[28],[13],[-6],[16],[8],[-4],[29],[-7],[10],[16],[-7],[9],[-5],[15],[-7],[-4],[22],[-10],[17],[-3],[-2],[-7],[-3],[-4],[4],[24],[9],[-8],[11],[20],[5],[-10],[24],[-6],[2],[1],[4],[5],[28],[13],[-5],[-5],[-4],[21],[5],[-11],[12],[1],[0],[24],[8],[-5],[-3],[-6],[20],[-7],[0],[-5],[-6],[4],[-12],[29],[0],[20],[3],[3],[-6],[-6],[1],[3],[24],[10],[-7],[25],[20],[5],[5],[29],[-4],[0],[17],[-4],[19],[3],[-13],[28],[16],[3],[3],[31],[16],[-4],[3],[5],[0],[26],[12],[0],[28],[12],[-3],[7],[21],[0],[16],[1],[2],[23],[10],[-4],[22],[2],[8],[4],[26],[10],[2],[0],[21],[-3],[14],[12],[3],[18],[6],[4],[3],[-5],[-6],[22],[1],[0],[3],[4],[2],[14],[-3],[16],[28],[13],[1],[32],[15],[-5],[4],[2],[28],[14],[0],[0],[1],[0],[1],[1],[1],[-6],[3],[5],[30],[1],[22],[9],[-6],[3],[24],[29],[12],[-4],[16],[2],[2],[6],[1],[33],[1],[2],[3],[15],[-3],[25],[19],[3],[1],[32],[17],[2],[17],[0],[2],[22],[0],[29],[2],[31],[18],[2],[2],[19],[-5],[16],[21],[7],[-10],[29],[20],[5],[6],[35],[5],[29],[13],[2],[10],[0],[29],[2],[0],[28],[12],[-5],[16],[4],[4],[15],[-3],[14],[4],[28],[11],[-4],[34],[2],[18],[3],[19],[30],[16],[7],[31],[18],[6],[10],[13],[8],[33],[16],[2],[24],[27],[13],[0],[32],[21],[8],[8],[33],[12],[1],[24],[27],[8],[-5],[29],[1],[27],[5],[8],[4],[5],[1],[12],[-8],[35],[18],[3],[20],[28],[13],[0],[1],[0],[19],[-5],[0],[21],[1],[3],[0],[0],[0],[1],[1],[1],[28],[13],[2],[3],[2],[2],[28],[11],[-5],[5],[-10],[17],[19],[3],[24],[6],[-8],[30],[18],[3],[4],[30],[16],[0],[20],[8],[6],[0],[5],[32],[19],[5],[5],[31],[18],[5],[3],[31],[17],[0],[32],[20],[2],[3],[1],[1],[-3],[1],[9],[22],[10],[-5],[12],[17],[3],[3],[9],[0],[30],[16],[2],[-4],[-4],[2],[29],[9],[6],[0],[-4],[6],[-7],[26],[9],[-6],[18],[25],[2],[3],[28],[6],[6],[4],[29],[17],[4],[6],[31],[8],[-8],[18],[19],[5],[3],[17],[3],[3],[3],[2],[26],[12],[0],[2],[25],[12],[1],[-3],[-3],[-6],[23],[8],[0],[28],[19],[1],[2],[0],[3],[3],[21],[6],[0],[0],[1],[2],[26],[-5],[2],[1],[16],[21],[-5],[-5],[-7],[-3],[30],[1],[19],[-5],[10],[18],[-3],[4],[-6],[-3],[29],[14],[2],[1],[27],[1],[4],[34],[16],[-5],[13],[14],[-5],[12],[13],[-5],[1],[0],[10],[21],[-5],[-4],[-4],[-3],[27],[11],[-9],[10],[21],[8],[-9],[0],[-4],[-4],[4],[-11],[9],[18],[-5],[-7],[-3],[27],[8],[-8],[-6],[-6],[-7],[-6],[18],[2],[-4],[-5],[-5],[26],[4],[-10],[8],[-8],[2],[15],[1],[-3],[-2],[26],[13],[1],[1],[29],[10],[-6],[10],[1],[2],[27],[11],[-5],[27],[13],[4],[4],[27],[-4],[0],[2],[2],[31],[16],[1],[5],[-3],[-5],[-7],[3],[17],[4],[0],[21],[22],[6],[-10],[28],[9],[-7],[0],[-7],[14],[1],[0],[18],[1],[2],[21],[0],[3],[30],[6],[-10],[12],[-5],[-10],[10],[16],[2],[4],[28],[0],[-4],[6],[-7],[-8],[19],[-3],[9],[-5],[0],[0],[1],[2],[-5],[2],[31],[16],[1],[19],[-4],[2],[21],[11],[2],[2],[3],[2],[28],[10],[-6],[12],[23],[-4],[-3],[5],[0],[18],[-6],[13],[16],[-7],[0],[-3],[-4],[-11],[18],[-7],[-8],[28],[-7],[-7],[11],[22],[7],[-10],[9],[6],[-10],[12],[-6],[22],[4],[-12],[16],[12],[-5],[-5],[23],[13],[0],[29],[10],[-8],[-8],[-7],[-7],[-5],[2],[0],[17],[-5],[-5],[14],[0],[-4],[24],[4],[-8],[28],[-5],[-4],[-3],[24],[-5],[2],[-3],[-5],[15],[18],[3],[3],[29],[8],[-7],[13],[15],[-6],[0],[30],[13],[1],[4],[29],[14],[-10],[20],[18],[4],[-8],[20],[-3],[-6],[0],[17],[-3],[3],[5],[9],[8],[33],[0],[20],[6],[-8],[17],[21],[6],[-8],[9],[14],[-5],[13],[24],[3],[4],[24],[9],[-6],[17],[27],[10],[0],[21],[24],[3],[19],[5],[2],[2],[2],[0],[3],[3],[28],[1],[1],[4],[1],[0],[10],[8],[1],[-4],[2],[5],[24],[7],[-7],[13],[0],[8],[-8],[29],[16],[1],[3],[30],[3],[3],[-6],[-5],[0],[0],[27],[-4],[-4],[11],[0],[29],[19],[-5],[15],[26],[13],[3],[17],[-4],[16],[27],[16],[4],[3],[35],[17],[3],[6],[33],[2],[3],[4],[0],[26],[14],[4],[1],[29],[4],[24],[5],[2],[28],[6],[7],[8],[27],[13],[3],[14],[-7],[12],[1],[-5],[15],[4],[2],[0],[33],[10],[-5],[27],[-3],[22],[11],[-4],[5],[1],[3],[22],[1],[1],[24],[11],[-4],[0],[24],[3],[-8],[22],[-12],[-8],[13],[-5],[29],[14],[0],[22],[0],[-4],[-4],[-5],[1],[0],[13],[-7],[13],[18],[2],[13],[-4],[14],[-3],[17],[0],[3],[1],[3],[5],[32],[1],[25],[10],[-6],[-3],[5],[4],[28],[10],[3],[32],[17],[0],[-6],[24],[23],[12],[-3],[4],[5],[2],[4],[6],[28],[4],[5],[29],[13],[-3],[0],[0],[17],[5],[5],[32],[4],[4],[35],[16],[1],[-4],[1],[2],[3],[28],[-3],[12],[-3],[4],[22],[14],[1],[2],[4],[0],[2],[-5],[12],[14],[-7],[19],[4],[4],[24],[12],[1],[32],[12],[-3],[-6],[-7],[0],[-3],[1],[35],[18],[-2],[14],[-6],[-3],[1],[29],[17],[3],[8],[26],[18],[2],[5],[30],[-6],[-7],[1],[35],[5],[4],[28],[4],[2],[21],[2],[22],[3],[21],[5],[17],[26],[3],[1],[29],[11],[0],[20],[24],[14],[5],[29],[4],[2],[27],[15],[1],[3],[1],[24],[12],[3],[0],[18],[25],[1],[6],[-8],[11],[2],[0],[-3],[23],[4],[28],[14],[0],[18],[20],[-5],[32],[18],[5],[1],[28],[18],[-5],[29],[16],[-5],[29],[10],[-4],[1],[18],[3],[-8],[1],[25],[0],[16],[14],[-3],[33],[17],[-5],[14],[25],[11],[-5],[11],[0],[0],[26],[19],[7],[8],[30],[9],[-5],[16],[24],[6],[5],[-6],[17],[20],[4],[-10],[1],[4],[33],[20],[2],[15],[23],[-5],[18],[1],[5],[26],[9],[0],[19],[1],[3],[6],[20],[8],[-5],[24],[22],[8],[-11],[29],[1],[4],[19],[1],[15],[17],[0],[24],[2],[-5],[-4],[20],[3],[-11],[20],[15],[0],[3],[27],[-5],[20],[-4],[0],[25],[1],[-6],[-2],[1],[5],[0],[1],[0],[30],[15],[-8],[16],[3],[28],[0],[-7],[19],[26],[17],[2],[19],[26],[5],[3],[11],[0],[2],[3],[3],[15],[2],[0],[12],[-3],[14],[4],[25],[11],[-2],[0],[20],[24],[8],[0],[32],[1],[16],[27],[3],[4],[1],[3],[-5],[16],[2],[2],[34],[0],[10],[-3],[-3],[0],[5],[6],[26],[1],[1],[32],[9],[-7],[-3],[0],[19],[3],[0],[28],[19],[7],[-7],[24],[0],[2],[31],[14],[-10],[18],[20],[7],[-7],[20],[-4],[7],[-5],[10],[-5],[11],[0],[16],[-7],[-5],[27],[11],[-11],[19],[17],[-3],[-5],[0],[31],[-3],[4],[28],[3],[5],[27],[14],[-3],[1],[1],[3],[23],[5],[32],[9],[1],[0],[0],[1],[25],[10],[-5],[26],[15],[0],[34],[21],[8],[11],[27],[11],[2],[6],[27],[9],[5],[4],[24],[8],[-7],[-3],[2],[25],[1],[27],[15],[2],[2],[2],[7],[4],[30],[19],[3],[6],[17],[-3],[9],[-6],[20],[2],[3],[16],[-6],[-5],[-6],[-4],[1],[2],[33],[6],[0],[1],[2],[19],[4],[-10],[30],[12],[-7],[11],[16],[-4],[16],[25],[5],[5],[31],[2],[0],[8],[18],[-5],[1],[31],[15],[4],[3],[0],[16],[2],[0],[20],[9],[5],[34],[18],[4],[4],[5],[30],[20],[6],[0],[27],[19],[2],[18],[25],[9],[-7],[16],[20],[9],[0],[29],[13],[3],[34],[21],[6],[6],[35],[17],[2],[2],[1],[18],[3],[3],[34],[4],[19],[0],[3],[20],[-3],[13],[3],[26],[-4],[17],[2],[4],[1],[-3],[8],[0],[9],[-8],[16],[2],[2],[26],[13],[-8],[0],[5],[18],[1],[-5],[25],[-4],[11],[-5],[-3],[2],[22],[1],[3],[4],[21],[8],[-5],[13],[21],[-4],[2],[-5],[8],[21],[-4],[-10],[21],[11],[-4],[30],[17],[-4],[16],[22],[2],[-4],[14],[25],[9],[-5],[11],[22],[-6],[0],[2],[3],[-3],[14],[3],[5],[8],[-8],[0],[-5],[1],[28],[9],[0],[24],[0],[28],[12],[-3],[30],[0],[-3],[4],[21],[1],[4],[1],[0],[-5],[-5],[16],[2],[-14],[-4],[18],[-8],[-10],[9],[9],[-9],[0],[20],[9],[-4],[28],[-5],[0],[-10],[26],[1],[2],[5],[5],[1],[21],[-4],[-6],[28],[-4],[28],[13],[0],[1],[29],[15],[-5],[-5],[-5],[13],[20],[3],[-8],[0],[3],[29],[14],[1],[29],[8],[-7],[0],[26],[12],[-3],[0],[14],[1],[0],[23],[3],[-12],[13],[0],[17],[0],[32],[18],[4],[4],[33],[2],[34],[9],[-7],[18],[2],[8],[0],[26],[6],[-6],[13],[4],[2],[19],[-3],[4],[20],[-4],[0],[22],[6],[0],[28],[16],[1],[0],[17],[-3],[-8],[29],[13],[-3],[1],[-5],[10],[-5],[-6],[5],[-7],[24],[10],[-6],[26],[-5],[14],[2],[-3],[29],[3],[-13],[26],[-7],[-5],[10],[-10],[-8],[22],[7],[-4],[21],[9],[-4],[-6],[0],[10],[-7],[19],[1],[4],[27],[7],[-8],[29],[16],[-3],[1],[21],[-4],[1],[-7],[11],[21],[10],[-4],[3],[0],[20],[-3],[14],[2],[3],[30],[2],[32],[19],[4],[2],[3],[16],[0],[18],[3],[-4],[26],[15],[1],[4],[29],[12],[-4],[-6],[27],[12],[-3],[4],[16],[2],[1],[28],[15],[-6],[-4],[24],[9],[-8],[9],[-4],[-3],[8],[-7],[24],[9],[-5],[12],[-3],[1],[24],[10],[-5],[0],[-7],[-5],[-4],[-4],[0],[26],[11],[0],[32],[17],[0],[2],[-6],[0],[31],[17],[3],[3],[28],[-3],[3],[-4],[24],[22],[8],[-5],[0],[34],[21],[5],[5],[0],[2],[3],[3],[2],[20],[24],[6],[5],[34],[15],[4],[5],[22],[-4],[0],[17],[27],[12],[0],[16],[19],[2],[5],[29],[12],[-3],[16],[0],[2],[0],[3],[0],[-5],[20],[19],[-6],[-11],[28],[13],[-3],[4],[0],[-3],[16],[-4],[-7],[16],[16],[1],[1],[29],[-5],[14],[0],[0],[-4],[0],[25],[9],[-7],[4],[16],[0],[2],[26],[2],[2],[-5],[-4],[2],[23],[9],[-8],[9],[19],[5],[0],[27],[-5],[-3],[3],[0],[2],[1],[25],[8],[-4],[4],[1],[13],[24],[10],[-4],[14],[2],[-5],[13],[17],[-8],[16],[21],[2],[13],[21],[-3],[-4],[8],[-5],[27],[10],[-4],[14],[0],[-4],[-7],[-10],[18],[0],[0],[15],[0],[1],[27],[12],[-6],[10],[19],[0],[23],[8],[-3],[2],[25],[-3],[13],[18],[3],[3],[17],[-3],[-5],[24],[0],[-4],[-3],[-3],[26],[12],[-3],[0],[21],[5],[-6],[26],[11],[-4],[10],[28],[6],[5],[22],[0],[0],[0],[-10],[21],[8],[-7],[26],[17],[2],[0],[21],[-4],[1],[-6],[12],[19],[3],[0],[29],[-4],[11],[3],[-4],[2],[1],[-3],[24],[9],[-6],[26],[9],[-7],[8],[19],[-5],[1],[22],[10],[-7],[16],[22],[8],[0],[26],[11],[-4],[1],[25],[12],[3],[2],[6],[8],[29],[11],[-5],[16],[20],[9],[2],[22],[9],[5],[5],[13],[27],[14],[5],[18],[2],[17],[5],[1],[2],[1],[10],[-3],[6],[-8],[29],[16],[2],[-4],[-6],[6],[-5],[29],[3],[1],[-3],[-3],[14],[4],[19],[3],[10],[19],[-4],[1],[1],[27],[14],[2],[9],[24],[9],[0],[30],[18],[6],[7],[20],[3],[2],[13],[-8],[9],[13],[-5],[-3],[-6],[13],[-6],[-7],[12],[-3],[4],[25],[9],[1],[25],[9],[-6],[8],[-8],[-7],[20],[8],[-5],[24],[13],[-7],[21],[0],[-7],[1],[7],[9],[2],[0],[-7],[-6],[20],[0],[-6],[22],[-7],[23],[11],[-8],[-6],[20],[1],[1],[8],[-6],[10],[-4],[11],[-3],[28],[-5],[26],[9],[-9],[-6],[-6],[-12],[26],[13],[-4],[-3],[25],[11],[-3],[-7],[1],[1],[4],[-13],[32],[5],[-3],[5],[26],[8],[-8],[10],[15],[-3],[-13],[15],[-5],[28],[-6],[17],[1],[8],[21],[3],[-12],[3],[10],[-7],[-11],[20],[8],[-8],[-6],[-4],[0],[-10],[-11],[-6],[17],[-3],[13],[22],[0],[24],[-4],[-13],[16],[13],[-4],[-5],[-11],[19],[3],[-10],[9],[21],[6],[-11],[26],[-6],[26],[6],[-11],[10],[18],[-5],[-4],[-13],[8],[12],[-5],[-3],[12],[2],[-4],[-6],[0],[3],[-5],[21],[7],[-7],[18],[21],[3],[17],[5],[6],[-7],[8],[-12],[12],[14],[2],[1],[26],[12],[-8],[-7],[-11],[-13],[21],[0],[-5],[7],[1],[24],[4],[3],[1],[-12],[18],[-6],[-14],[26],[4],[-5],[27],[-5],[10],[-10],[-4],[9],[-16],[29],[-3],[32],[-10],[28],[9],[-13],[10],[-15],[25],[9],[-11],[9],[19],[9],[0],[24],[21],[-4],[0],[-7],[-16],[-10],[-8],[-3],[27],[1],[11],[-7],[-5],[-5],[31],[14],[-6],[0],[15],[5],[5],[21],[1],[-15],[22],[3],[-10],[16],[13],[-7],[22],[-13],[-9],[8],[31],[6],[9],[14],[-4],[-13],[26],[10],[-2],[3],[6],[-10],[-10],[29],[11],[13],[26],[14],[-5],[5],[0],[0],[18],[4],[-7],[21],[9],[4],[36],[5],[-11],[6],[-10],[5],[39],[24],[7],[-6],[-8],[15],[1],[5],[34],[19],[-11],[-7],[-13],[-13],[-2],[17],[34],[31],[14],[4],[16],[40],[4],[-8],[9],[-7],[-12],[37],[34],[13],[20],[20],[-5],[-11],[9],[0],[36],[2],[9],[-11],[0],[31],[12],[16],[6],[27],[0],[-11],[14],[27],[13],[12],[36],[20],[5],[-7],[0],[-19],[-16],[-13],[-8],[12],[20],[28],[31],[9],[7],[-20],[13],[6],[-12],[8],[0],[-10],[16],[30],[32],[8],[38],[21],[-16],[0],[21],[11],[4],[32],[22],[4],[2],[17],[3],[34],[20],[-5],[-14],[14],[-6],[33],[34],[11],[22],[35],[9],[-9],[0],[-23],[-27],[-27],[-14],[5],[14],[50],[12],[0],[-5],[10],[6],[12],[42],[26],[2],[2],[-6],[0],[13],[-19],[-27],[-30],[-10],[8],[16],[22],[36],[19],[6],[-15],[16],[18],[-16],[-22],[-34],[-11],[-10],[21],[27],[64],[45],[12],[-12],[12],[8],[-6],[-13],[25],[6],[15],[29],[40],[28],[28],[33],[3],[-18],[-12],[10],[-13],[-6],[30],[8],[34],[26],[10],[26],[9],[0],[-14],[8],[35],[26],[14],[17],[-13],[-14],[-24],[-43],[-6],[-30],[-17],[25],[0],[12],[46],[26],[11],[23],[16],[4],[20],[10],[14],[19],[6],[-6],[12],[-13],[4],[-16],[-13],[-7],[25],[21],[33],[69],[59],[49],[43],[65],[28],[12],[9],[-5],[-5],[-5],[13],[12],[4],[3],[9],[8],[7],[22],[10],[46],[29],[15],[15],[12],[17],[-28],[-48],[-22],[-53],[-60],[-40],[-39],[-50],[-53],[-37],[-14],[-27],[-44],[-39],[-65],[-86],[-60],[-79],[-76],[-94],[-72],[-85],[-136],[-184],[-196],[-263],[-337],[-469],[-416],[107],[408],[496],[607],[725],[689],[329],[-4],[60],[69],[-316],[-572],[-434],[-317],[-388],[-300],[-4],[148],[-4],[-57],[187],[317],[260],[372],[549],[489],[252],[150],[161],[-11],[-257],[-387],[-422],[-514],[-513],[-271],[14],[130],[177],[259],[366],[365],[326],[325],[254],[166],[80],[3],[-68],[-87],[-94],[-181],[-267],[-285],[-215],[-136],[-24],[138],[275],[362],[421],[436],[433],[330],[220],[118],[-72],[-184],[-227],[-252],[-251],[-192],[-136],[-116],[-47],[56],[129],[195],[249],[285],[261],[243],[236],[172],[52],[-69],[-141],[-227],[-288],[-279],[-213],[-151],[-80],[24],[85],[122],[192],[152],[110],[27],[-11],[-85],[-159],[-199],[-196],[-205],[-215],[-206],[-173],[-168],[-158],[-135],[-143],[-110],[-117],[-122],[-117],[-93],[-110],[-104],[-93],[32],[260],[373],[440],[405],[365],[268],[44],[-120],[-136],[-157],[-330],[-430],[-330],[-233],[-210],[-119],[88],[181],[118],[125],[286],[362],[308],[271],[285],[247],[57],[-76],[-83],[-176],[-328],[-365],[-320],[-293],[-240],[-85],[125],[230],[235],[271],[334],[351],[256],[187],[150],[68],[-54],[-95],[-101],[-147],[-173],[-176],[-171],[-153],[-83],[-19],[68],[138],[216],[278],[281],[261],[269],[229],[117],[5],[-64],[-125],[-164],[-163],[-108],[-61],[-17],[30],[115],[136],[181],[214],[187],[183],[116],[110],[69],[36],[-25],[-69],[-108],[-103],[-92],[-77],[8],[34],[38],[81],[99],[89],[64],[61],[10],[-48],[-92],[-157],[-188],[-189],[-180],[-173],[-151],[-102],[-99],[-109],[-94],[-122],[-171],[-206],[-223],[-304],[-350],[-354],[-447],[-546],[-458],[41],[427],[640],[816],[901],[892],[591],[213],[41],[-77],[-362],[-701],[-739],[-653],[-615],[-521],[-222],[111],[125],[34],[216],[511],[565],[529],[616],[614],[460],[234],[90],[-56],[-346],[-583],[-677],[-670],[-661],[-540],[-200],[153],[295],[366],[511],[618],[566],[453],[396],[278],[92],[-85],[-119],[-149],[-242],[-347],[-389],[-382],[-397],[-321],[-172],[49],[224],[400],[544],[590],[588],[552],[441],[249],[2],[-174],[-250],[-275],[-293],[-284],[-193],[-188],[-91],[29],[112],[218],[325],[364],[373],[403],[354],[259],[194],[56],[-107],[-223],[-319],[-354],[-280],[-179],[-96],[-31],[48],[128],[195],[162],[116],[64],[-36],[-139],[-234],[-284],[-295],[-348],[-379],[-351],[-354],[-313],[-301],[-306],[-288],[-357],[-446],[-540],[-406],[141],[578],[823],[1048],[1085],[1001],[650],[178],[-40],[-215],[-584],[-886],[-869],[-763],[-695],[-528],[-165],[202],[192],[93],[254],[516],[594],[568],[654],[636],[462],[232],[98],[-67],[-416],[-711],[-800],[-755],[-733],[-573],[-213],[166],[369],[497],[635],[702],[630],[507],[465],[286],[2],[-205],[-240],[-261],[-372],[-463],[-448],[-415],[-359],[-209],[-10],[198],[384],[512],[650],[725],[632],[564],[452],[254],[98],[-67],[-239],[-311],[-406],[-421],[-347],[-283],[-217],[-21],[227],[330],[406],[500],[505],[491],[404],[248],[119],[-64],[-275],[-378],[-391],[-422],[-371],[-246],[-123],[-32],[99],[207],[190],[171],[126],[36],[-92],[-207],[-326],[-431],[-460],[-525],[-565],[-532],[-524],[-533],[-583],[-684],[-588],[-100],[460],[834],[1117],[1266],[1318],[1036],[590],[199],[-33],[-467],[-923],[-1067],[-1006],[-994],[-853],[-452],[41],[221],[190],[350],[609],[723],[678],[616],[649],[517],[249],[85],[34],[-262],[-644],[-807],[-815],[-799],[-699],[-445],[-15],[304],[478],[665],[820],[778],[619],[533],[374],[89],[-182],[-305],[-315],[-368],[-461],[-444],[-408],[-381],[-292],[-125],[128],[293],[461],[687],[814],[817],[770],[696],[415],[181],[-107],[-402],[-530],[-660],[-602],[-443],[-251],[-66],[143],[368],[485],[490],[500],[452],[377],[299],[144],[52],[-61],[-252],[-369],[-394],[-415],[-424],[-344],[-176],[-45],[99],[250],[338],[323],[245],[132],[-55],[-303],[-504],[-635],[-755],[-787],[-759],[-670],[-546],[-500],[-506],[-302],[235],[628],[884],[1155],[1277],[1248],[915],[406],[147],[-143],[-638],[-1034],[-1078],[-1032],[-1018],[-853],[-389],[110],[276],[300],[556],[824],[877],[811],[781],[735],[477],[127],[-112],[-269],[-635],[-938],[-1010],[-903],[-779],[-610],[-224],[257],[514],[718],[907],[977],[851],[621],[458],[269],[-103],[-370],[-470],[-497],[-572],[-612],[-509],[-442],[-347],[-197],[83],[385],[540],[706],[885],[1010],[945],[836],[636],[334],[-31],[-439],[-685],[-852],[-938],[-798],[-513],[-234],[42],[365],[643],[755],[833],[761],[633],[451],[217],[-38],[-184],[-304],[-492],[-598],[-571],[-523],[-422],[-232],[-33],[138],[277],[377],[393],[334],[211],[42],[-188],[-410],[-609],[-766],[-848],[-844],[-795],[-789],[-770],[-653],[-220],[432],[893],[1181],[1364],[1446],[1298],[873],[446],[70],[-351],[-875],[-1167],[-1190],[-1187],[-1111],[-759],[-268],[112],[281],[410],[668],[881],[892],[837],[828],[701],[373],[123],[-27],[-293],[-736],[-1024],[-1060],[-983],[-863],[-587],[-138],[266],[538],[790],[1034],[1017],[840],[632],[454],[171],[-202],[-441],[-503],[-542],[-609],[-600],[-523],[-453],[-319],[-91],[245],[452],[638],[804],[981],[1131],[1103],[846],[524],[124],[-312],[-653],[-870],[-982],[-910],[-697],[-426],[-95],[264],[500],[645],[802],[842],[698],[507],[322],[86],[-86],[-257],[-488],[-622],[-653],[-607],[-495],[-296],[-67],[114],[273],[424],[461],[398],[284],[52],[-153],[-426],[-658],[-817],[-933],[-898],[-875],[-865],[-760],[-554],[-40],[605],[1118],[1369],[1438],[1450],[1187],[748],[319],[-68],[-504],[-950],[-1202],[-1216],[-1168],[-1022],[-700],[-257],[115],[332],[477],[738],[942],[970],[918],[820],[571],[234],[-77],[-322],[-588],[-915],[-1107],[-1087],[-934],[-665],[-315],[77],[434],[691],[841],[942],[929],[735],[549],[378],[54],[-259],[-485],[-582],[-673],[-740],[-708],[-567],[-443],[-246],[104],[469],[731],[944],[1046],[1184],[1248],[1106],[708],[346],[-187],[-614],[-914],[-1058],[-1036],[-852],[-565],[-248],[142],[488],[643],[784],[884],[811],[582],[379],[129],[-54],[-218],[-410],[-568],[-670],[-696],[-596],[-382],[-154],[38],[246],[408],[491],[464],[325],[102],[-131],[-406],[-645],[-829],[-930],[-929],[-852],[-778],[-700],[-602],[-175],[461],[1046],[1428],[1479],[1455],[1330],[895],[402],[4],[-383],[-835],[-1183],[-1271],[-1167],[-1010],[-763],[-304],[123],[398],[507],[683],[909],[988],[904],[781],[642],[336],[-48],[-306],[-509],[-818],[-1116],[-1175],[-1019],[-788],[-504],[-46],[409],[686],[889],[1008],[1045],[892],[598],[365],[51],[-320],[-596],[-730],[-733],[-720],[-699],[-586],[-398],[-214],[35],[340],[614],[795],[993],[1146],[1277],[1199],[837],[444],[4],[-488],[-840],[-1037],[-1036],[-892],[-600],[-211],[169],[481],[730],[839],[818],[694],[497],[235],[24],[-167],[-314],[-424],[-513],[-576],[-557],[-456],[-293],[-123],[45],[224],[345],[383],[341],[272],[36],[-180],[-439],[-708],[-878],[-959],[-1027],[-1000],[-890],[-715],[-191],[501],[1089],[1468],[1535],[1481],[1333],[867],[333],[-30],[-411],[-856],[-1076],[-1096],[-1031],[-892],[-680],[-264],[139],[301],[394],[676],[927],[998],[970],[917],[736],[404],[-19],[-339],[-595],[-951],[-1250],[-1269],[-1027],[-730],[-406],[37],[520],[795],[928],[1071],[1027],[826],[567],[353],[83],[-256],[-536],[-699],[-769],[-832],[-821],[-719],[-544],[-285],[10],[433],[725],[933],[1141],[1309],[1243],[1040],[652],[181],[-234],[-614],[-922],[-997],[-958],[-800],[-551],[-190],[174],[488],[713],[854],[880],[801],[569],[308],[109],[-151],[-425],[-592],[-720],[-777],[-731],[-549],[-346],[-116],[113],[265],[373],[429],[304],[155],[-55],[-335],[-582],[-748],[-869],[-1037],[-1079],[-1033],[-760],[-100],[554],[1094],[1422],[1545],[1492],[1256],[851],[317],[-120],[-534],[-959],[-1166],[-1150],[-967],[-767],[-501],[-117],[252],[393],[511],[736],[905],[924],[885],[766],[625],[331],[-22],[-290],[-599],[-960],[-1180],[-1175],[-1003],[-708],[-376],[76],[507],[814],[974],[1052],[1024],[837],[554],[268],[-30],[-348],[-546],[-637],[-703],[-766],[-755],[-649],[-458],[-210],[86],[442],[766],[1017],[1203],[1266],[1163],[821],[347],[-61],[-433],[-743],[-908],[-912],[-804],[-615],[-352],[-78],[235],[463],[603],[728],[743],[654],[509],[335],[105],[-150],[-406],[-651],[-783],[-822],[-729],[-534],[-284],[-5],[203],[307],[352],[350],[170],[-86],[-355],[-629],[-800],[-938],[-1036],[-1010],[-965],[-513],[268],[881],[1215],[1358],[1368],[1282],[1012],[511],[128],[-171],[-603],[-950],[-1026],[-933],[-893],[-784],[-456],[6],[248],[323],[613],[951],[1091],[1050],[982],[885],[634],[129],[-246],[-480],[-819],[-1163],[-1247],[-1061],[-797],[-543],[-160],[336],[675],[813],[933],[995],[850],[672],[444],[240],[-85],[-404],[-580],[-632],[-702],[-760],[-692],[-572],[-387],[-87],[255],[587],[849],[1099],[1269],[1255],[1088],[704],[250],[-177],[-573],[-884],[-980],[-924],[-760],[-507],[-186],[138],[373],[533],[626],[691],[659],[544],[416],[233],[3],[-226],[-443],[-619],[-767],[-786],[-679],[-527],[-306],[-53],[152],[254],[278],[219],[72],[-148],[-405],[-598],[-805],[-1040],[-1111],[-1095],[-725],[44],[718],[1193],[1422],[1435],[1350],[1088],[576],[149],[-188],[-594],[-938],[-1004],[-883],[-754],[-679],[-440],[-69],[197],[228],[393],[732],[925],[996],[987],[970],[796],[444],[56],[-256],[-638],[-1080],[-1279],[-1167],[-903],[-629],[-238],[273],[674],[900],[960],[1014],[891],[597],[355],[179],[-60],[-335],[-511],[-530],[-625],[-722],[-729],[-627],[-476],[-222],[109],[484],[790],[1127],[1301],[1323],[1200],[829],[365],[-82],[-509],[-813],[-946],[-926],[-810],[-568],[-245],[24],[280],[458],[533],[618],[598],[497],[424],[308],[93],[-96],[-260],[-462],[-648],[-720],[-659],[-546],[-419],[-230],[-74],[29],[92],[52],[-27],[-222],[-432],[-639],[-798],[-923],[-1038],[-1038],[-629],[131],[856],[1267],[1366],[1376],[1316],[929],[404],[-12],[-276],[-664],[-971],[-972],[-764],[-668],[-574],[-307],[74],[265],[266],[392],[708],[896],[850],[873],[873],[642],[255],[-102],[-327],[-648],[-1045],[-1176],[-975],[-703],[-453],[-92],[392],[729],[900],[966],[976],[826],[545],[284],[120],[-94],[-392],[-533],[-532],[-580],[-669],[-661],[-539],[-396],[-195],[94],[458],[792],[1087],[1245],[1292],[1183],[713],[334],[-86],[-498],[-719],[-825],[-783],[-643],[-420],[-163],[97],[259],[391],[478],[507],[469],[382],[338],[202],[42],[-117],[-270],[-450],[-573],[-595],[-513],[-398],[-254],[-116],[18],[96],[85],[-77],[-252],[-448],[-676],[-860],[-986],[-1090],[-1082],[-1022],[-473],[430],[1141],[1410],[1478],[1499],[1282],[818],[244],[-199],[-514],[-976],[-1194],[-1006],[-780],[-690],[-504],[-143],[236],[363],[346],[592],[872],[933],[854],[896],[817],[476],[40],[-221],[-462],[-835],[-1175],[-1186],[-932],[-635],[-335],[156],[698],[931],[971],[1060],[1047],[746],[379],[145],[-57],[-334],[-534],[-524],[-471],[-520],[-559],[-471],[-296],[-194],[0],[258],[546],[831],[1001],[1148],[1135],[869],[460],[57],[-315],[-641],[-830],[-806],[-645],[-437],[-132],[135],[361],[552],[547],[492],[442],[347],[199],[85],[-16],[-114],[-190],[-327],[-482],[-547],[-515],[-394],[-275],[-143],[3],[103],[119],[63],[-32],[-243],[-540],[-820],[-1004],[-1195],[-1328],[-1316],[-942],[-122],[709],[1264],[1537],[1618],[1624],[1249],[678],[92],[-366],[-813],[-1218],[-1268],[-1053],[-865],[-708],[-390],[-9],[271],[313],[413],[721],[889],[938],[948],[986],[837],[421],[-4],[-296],[-695],[-1170],[-1378],[-1248],[-970],[-648],[-168],[429],[865],[1046],[1163],[1181],[1016],[696],[333],[53],[-194],[-492],[-605],[-550],[-561],[-629],[-620],[-454],[-241],[-92],[143],[469],[686],[906],[1250],[1318],[1131],[790],[340],[-22],[-440],[-797],[-951],[-879],[-704],[-444],[-77],[218],[428],[569],[603],[586],[471],[293],[200],[113],[48],[-102],[-239],[-357],[-513],[-563],[-488],[-372],[-263],[-122],[2],[128],[166],[99],[-65],[-286],[-559],[-850],[-1034],[-1136],[-1213],[-1167],[-671],[194],[937],[1267],[1392],[1454],[1332],[865],[294],[-89],[-378],[-839],[-1116],[-989],[-786],[-732],[-613],[-220],[169],[226],[238],[470],[777],[873],[774],[816],[864],[584],[109],[-170],[-348],[-764],[-1157],[-1194],[-930],[-718],[-484],[13],[633],[927],[984],[1070],[1092],[852],[491],[180],[-58],[-352],[-595],[-618],[-530],[-540],[-590],[-503],[-291],[-116],[19],[261],[546],[767],[945],[1204],[1250],[980],[571],[178],[-162],[-513],[-797],[-852],[-741],[-550],[-291],[58],[307],[444],[530],[602],[509],[405],[238],[128],[98],[16],[-112],[-235],[-333],[-455],[-486],[-400],[-308],[-240],[-112],[11],[117],[110],[17],[-119],[-339],[-626],[-829],[-923],[-1036],[-1103],[-1039],[-646],[125],[866],[1305],[1532],[1535],[1347],[906],[330],[-179],[-540],[-924],[-1190],[-1171],[-964],[-742],[-547],[-215],[200],[397],[361],[471],[782],[904],[912],[930],[845],[561],[153],[-216],[-507],[-864],[-1244],[-1326],[-1107],[-774],[-414],[83],[611],[939],[1096],[1154],[1122],[876],[548],[239],[-21],[-292],[-574],[-646],[-597],[-630],[-687],[-601],[-400],[-192],[-24],[259],[610],[799],[911],[1070],[1235],[1100],[771],[353],[-65],[-400],[-734],[-918],[-840],[-655],[-430],[-128],[213],[417],[511],[600],[643],[537],[372],[208],[107],[49],[-22],[-182],[-349],[-438],[-459],[-400],[-256],[-155],[-46],[81],[187],[161],[132],[-45],[-296],[-528],[-700],[-836],[-910],[-936],[-887],[-789],[-672],[-227],[531],[1076],[1363],[1392],[1383],[1213],[748],[156],[-214],[-516],[-974],[-1253],[-1221],[-1072],[-925],[-679],[-164],[297],[402],[455],[777],[1070],[1088],[937],[790],[614],[271],[-123],[-359],[-592],[-986],[-1269],[-1165],[-864],[-586],[-312],[179],[711],[957],[1049],[1134],[1021],[743],[472],[200],[-91],[-431],[-669],[-714],[-703],[-708],[-679],[-549],[-334],[-156],[137],[511],[729],[833],[982],[1209],[1193],[940],[569],[195],[-214],[-588],[-854],[-923],[-836],[-691],[-440],[-123],[190],[361],[502],[665],[699],[616],[451],[302],[198],[85],[-144],[-367],[-475],[-513],[-513],[-416],[-255],[-135],[24],[166],[224],[145],[1],[-188],[-343],[-454],[-608],[-701],[-728],[-709],[-717],[-673],[-632],[-335],[328],[853],[1208],[1288],[1253],[1165],[784],[273],[-68],[-396],[-844],[-1180],[-1221],[-1096],[-906],[-637],[-236],[216],[429],[555],[792],[1060],[1051],[889],[684],[530],[197],[-178],[-398],[-577],[-864],[-1079],[-1023],[-758],[-516],[-244],[209],[633],[880],[961],[1009],[982],[833],[511],[218],[-74],[-427],[-724],[-779],[-741],[-777],[-805],[-646],[-320],[-27],[228],[544],[831],[926],[1001],[1081],[1053],[844],[517],[155],[-164],[-468],[-734],[-868],[-835],[-698],[-517],[-297],[-24],[271],[458],[650],[802],[767],[642],[517],[318],[88],[-152],[-387],[-579],[-664],[-627],[-530],[-357],[-169],[21],[109],[189],[198],[121],[50],[-100],[-277],[-410],[-538],[-570],[-555],[-584],[-583],[-677],[-716],[-605],[-108],[521],[999],[1157],[1234],[1293],[1045],[530],[80],[-257],[-628],[-1051],[-1231],[-1091],[-860],[-640],[-239],[283],[498],[447],[467],[700],[808],[690],[511],[480],[376],[85],[-115],[-196],[-466],[-822],[-951],[-786],[-570],[-404],[-53],[394],[748],[864],[910],[987],[822],[511],[216],[-48],[-344],[-613],[-700],[-631],[-596],[-604],[-511],[-280],[-68],[152],[364],[590],[743],[792],[893],[990],[849],[582],[305],[21],[-341],[-651],[-787],[-810],[-735],[-583],[-335],[-10],[331],[555],[732],[844],[721],[564],[397],[233],[-8],[-221],[-375],[-513],[-543],[-529],[-427],[-357],[-283],[-156],[48],[161],[190],[178],[182],[112],[-31],[-170],[-279],[-378],[-480],[-536],[-605],[-675],[-752],[-834],[-864],[-544],[146],[772],[1159],[1312],[1359],[1293],[893],[313],[-60],[-316],[-694],[-1012],[-1052],[-885],[-731],[-536],[-139],[267],[318],[195],[396],[781],[843],[676],[629],[644],[458],[95],[-88],[-214],[-605],[-1000],[-1005],[-740],[-581],[-447],[26],[523],[795],[798],[886],[927],[682],[364],[124],[-44],[-378],[-610],[-571],[-476],[-518],[-590],[-484],[-244],[-35],[123],[415],[626],[779],[856],[960],[905],[603],[333],[150],[-151],[-493],[-717],[-764],[-677],[-526],[-320],[-31],[218],[432],[576],[674],[637],[502],[358],[248],[107],[-107],[-317],[-444],[-533],[-605],[-577],[-468],[-344],[-209],[-13],[217],[327],[368],[341],[272],[173],[-37],[-220],[-343],[-482],[-609],[-675],[-671],[-726],[-684],[-672],[-672],[-652],[-513],[72],[841],[1300],[1392],[1465],[1413],[1144],[501],[-54],[-294],[-703],[-1226],[-1392],[-1165],[-899],[-688],[-237],[373],[576],[446],[565],[969],[1069],[815],[664],[629],[435],[34],[-230],[-334],[-676],[-1110],[-1186],[-915],[-651],[-436],[-3],[558],[867],[954],[987],[997],[789],[481],[171],[-104],[-439],[-681],[-656],[-549],[-551],[-588],[-396],[-154],[18],[154],[398],[584],[669],[705],[842],[874],[679],[452],[217],[-11],[-388],[-669],[-707],[-629],[-543],[-359],[-90],[208],[439],[568],[641],[558],[392],[176],[22],[-95],[-213],[-356],[-427],[-419],[-405],[-339],[-252],[-144],[-21],[146],[236],[273],[288],[259],[201],[103],[-104],[-329],[-486],[-604],[-711],[-727],[-648],[-557],[-408],[-249],[-119],[-76],[-164],[-238],[-98],[243],[728],[984],[1045],[1032],[912],[620],[98],[-319],[-496],[-722],[-1030],[-1021],[-747],[-467],[-128],[255],[598],[642],[470],[474],[627],[596],[334],[220],[172],[99],[-104],[-259],[-333],[-494],[-691],[-667],[-496],[-357],[-162],[166],[529],[760],[735],[722],[700],[477],[182],[-44],[-291],[-534],[-570],[-418],[-286],[-288],[-241],[-102],[14],[97],[187],[338],[457],[571],[679],[783],[768],[564],[298],[88],[-162],[-454],[-616],[-592],[-486],[-344],[-227],[5],[171],[269],[329],[330],[308],[193],[99],[25],[-4],[-48],[-116],[-149],[-186],[-183],[-210],[-164],[-94],[-39],[12],[52],[78],[95],[99],[35],[-93],[-180],[-270],[-280],[-311],[-333],[-296],[-258],[-205],[-142],[-110],[-98],[-218],[-339],[-476],[-549],[-475],[-22],[604],[932],[1050],[1076],[1028],[764],[225],[-104],[-223],[-560],[-922],[-941],[-718],[-543],[-382],[-52],[344],[315],[137],[282],[590],[580],[444],[467],[511],[332],[55],[-39],[-102],[-454],[-784],[-779],[-599],[-513],[-357],[53],[399],[539],[548],[655],[705],[564],[350],[213],[68],[-192],[-344],[-335],[-373],[-436],[-408],[-212],[-75],[24],[220],[483],[572],[609],[616],[600],[496],[303],[144],[-47],[-275],[-496],[-560],[-513],[-454],[-426],[-332],[-134],[67],[241],[369],[469],[467],[373],[302],[248],[70],[-115],[-237],[-341],[-397],[-398],[-364],[-258],[-109],[36],[151],[213],[265],[257],[242],[158],[24],[-98],[-173],[-258],[-320],[-310],[-351],[-388],[-334],[-270],[-242],[-207],[-193],[-154],[-181],[-275],[-246],[-5],[268],[656],[798],[777],[760],[512],[258],[-43],[-301],[-416],[-522],[-654],[-648],[-545],[-392],[-194],[16],[196],[245],[246],[386],[529],[577],[485],[360],[292],[189],[-39],[-220],[-341],[-513],[-595],[-607],[-469],[-287],[-80],[173],[416],[544],[575],[560],[541],[422],[277],[53],[-120],[-255],[-246],[-213],[-208],[-196],[-199],[-152],[-72],[36],[109],[193],[256],[360],[413],[420],[404],[261],[88],[-98],[-298],[-450],[-480],[-405],[-284],[-122],[36],[172],[274],[373],[355],[272],[179],[77],[-10],[-57],[-82],[-90],[-60],[-51],[-55],[-27],[-28],[-35],[-73],[-60],[-6],[68],[84],[128],[161],[110],[39],[-10],[-99],[-195],[-250],[-286],[-287],[-249],[-203],[-190],[-172],[-125],[-111],[-194],[-238],[-340],[-449],[-469],[-356],[-142],[252],[595],[832],[884],[762],[590],[323],[-18],[-256],[-466],[-630],[-716],[-665],[-516],[-304],[-118],[53],[181],[219],[290],[376],[500],[561],[511],[440],[358],[182],[0],[-152],[-355],[-513],[-604],[-574],[-413],[-228],[9],[228],[393],[440],[451],[462],[445],[308],[178],[108],[-16],[-133],[-205],[-230],[-288],[-327],[-307],[-241],[-116],[6],[153],[315],[484],[485],[420],[333],[233],[68],[-86],[-206],[-279],[-301],[-272],[-166],[-59],[49],[80],[120],[160],[157],[134],[154],[204],[204],[173],[155],[122],[19],[-114],[-172],[-199],[-203],[-164],[-67],[12],[100],[180],[218],[185],[117],[-6],[-87],[-168],[-202],[-182],[-211],[-194],[-125],[-91],[-76],[-63],[-116],[-171],[-228],[-290],[-301],[-295],[-349],[-369],[-428],[-424],[-372],[-226],[140],[556],[755],[828],[801],[654],[424],[101],[-166],[-347],[-574],[-757],[-736],[-566],[-363],[-150],[86],[282],[266],[273],[394],[496],[509],[467],[387],[324],[204],[72],[-110],[-284],[-499],[-654],[-696],[-626],[-490],[-225],[88],[331],[495],[581],[637],[587],[438],[284],[144],[-39],[-147],[-211],[-224],[-284],[-293],[-250],[-178],[-155],[-78],[69],[206],[285],[322],[380],[385],[344],[261],[139],[32],[-61],[-151],[-157],[-91],[-97],[-88],[-43],[29],[37],[90],[150],[178],[202],[245],[216],[150],[116],[95],[20],[-76],[-110],[-156],[-122],[-119],[-87],[-4],[59],[65],[98],[144],[190],[128],[62],[22],[3],[-107],[-155],[-207],[-245],[-267],[-227],[-194],[-119],[-99],[-72],[-30],[-56],[-120],[-160],[-224],[-270],[-348],[-407],[-435],[-412],[-259],[-56],[116],[366],[562],[691],[629],[520],[434],[206],[-60],[-176],[-279],[-396],[-510],[-528],[-488],[-437],[-331],[-187],[-59],[86],[243],[400],[530],[568],[529],[469],[324],[108],[-84],[-282],[-391],[-472],[-466],[-366],[-254],[-149],[12],[152],[235],[283],[317],[371],[331],[296],[253],[214],[101],[24],[-60],[-143],[-224],[-244],[-249],[-203],[-122],[18],[133],[219],[303],[366],[381],[352],[347],[239],[114],[4],[-70],[-160],[-186],[-216],[-230],[-186],[-136],[-41],[62],[159],[222],[256],[272],[229],[221],[191],[116],[26],[-17],[-55],[-69],[-65],[-70],[-45],[13],[26],[14],[54],[81],[88],[107],[91],[80],[22],[-54],[-92],[-112],[-207],[-248],[-223],[-204],[-189],[-148],[-98],[-98],[-85],[-78],[-95],[-100],[-140],[-128],[-153],[-205],[-240],[-277],[-300],[-248],[-182],[-79],[73],[281],[466],[486],[456],[368],[230],[-7],[-166],[-280],[-346],[-415],[-362],[-284],[-226],[-131],[29],[119],[179],[256],[259],[267],[260],[280],[242],[194],[148],[48],[-60],[-107],[-153],[-235],[-275],[-239],[-164],[-36],[76],[191],[289],[314],[288],[261],[210],[124],[11],[-50],[-87],[-110],[-93],[-80],[-8],[-7],[9],[38],[75],[120],[121],[147],[208],[218],[187],[173],[140],[99],[5],[-77],[-96],[-130],[-120],[-61],[10],[100],[111],[158],[222],[217],[220],[234],[208],[140],[69],[33],[32],[-23],[-64],[-66],[-47],[-56],[-37],[20],[52],[72],[50],[28],[10],[-30],[-39],[-79],[-100],[-120],[-135],[-163],[-157],[-141],[-145],[-154],[-126],[-93],[-47],[-71],[-84],[-19],[-25],[-48],[-26],[-39],[-68],[-115],[-148],[-219],[-267],[-347],[-350],[-302],[-200],[-101],[-45],[19],[99],[116],[143],[179],[164],[130],[112],[70],[27],[-24],[-48],[-99],[-124],[-119],[-97],[-114],[-53],[44],[88],[156],[161],[160],[137],[110],[56],[50],[9],[-10],[16],[22],[13],[1],[-10],[-12],[19],[-10],[-6],[49],[54],[81],[95],[136],[117],[72],[80],[134],[130],[107],[114],[118],[78],[35],[69],[62],[98],[67],[74],[96],[113],[148],[130],[138],[171],[152],[116],[100],[82],[30],[30],[-5],[-8],[44],[37],[40],[56],[29],[21],[34],[26],[18],[8],[10],[-11],[-21],[0],[13],[28],[77],[86],[93],[71],[23],[16],[-54],[-94],[-142],[-143],[-123],[-170],[-156],[-138],[-126],[-104],[-108],[-79],[-50],[-73],[-57],[-15],[13],[-29],[-20],[-8],[-8],[-55],[-146],[-187],[-174],[-214],[-236],[-228],[-179],[-150],[-117],[-118],[-114],[-92],[-75],[-60],[-29],[19],[9],[1],[26],[43],[25],[16],[40],[-7],[-38],[-32],[-14],[-23],[-25],[21],[52],[80],[78],[83],[96],[91],[80],[69],[33],[-21],[3],[14],[4],[4],[30],[48],[96],[145],[130],[123],[148],[150],[130],[149],[161],[148],[153],[147],[101],[46],[32],[23],[4],[2],[-7],[20],[54],[93],[74],[82],[145],[141],[138],[136],[144],[74],[-4],[4],[59],[66],[98],[83],[89],[102],[82],[79],[59],[70],[1],[-56],[-33],[-19],[-19],[-11],[41],[29],[-35],[-37],[-36],[-22],[-8],[27],[24],[48],[35],[57],[26],[6],[-62],[-128],[-176],[-183],[-185],[-154],[-149],[-123],[-78],[-80],[-72],[-58],[-74],[-88],[-103],[-106],[-114],[-104],[-73],[-90],[-83],[-54],[-71],[-102],[-60],[-42],[-37],[-16],[7],[-14],[3],[-68],[-107],[-86],[-106],[-139],[-124],[-102],[-33],[-69],[-60],[16],[31],[17],[37],[89],[74],[81],[80],[118],[97],[74],[138],[99],[67],[41],[43],[20],[2],[-12],[-23],[-38],[-19],[42],[53],[120],[148],[171],[182],[182],[148],[114],[110],[56],[37],[26],[2],[31],[35],[52],[94],[100],[94],[118],[109],[120],[120],[109],[98],[80],[51],[18],[23],[-5],[-38],[-51],[-14],[-5],[25],[43],[52],[106],[126],[125],[139],[185],[151],[94],[50],[5],[-79],[-100],[-165],[-193],[-180],[-187],[-167],[-100],[-51],[-28],[20],[55],[40],[24],[6],[21],[-26],[-64],[-56],[-84],[-132],[-135],[-135],[-168],[-187],[-153],[-98],[-46],[3],[53],[91],[99],[111],[48],[16],[-38],[-112],[-148],[-118],[-127],[-98],[-56],[-19],[-42],[-13],[-19],[5],[8],[32],[27],[3],[10],[-7],[-20],[-20],[-62],[-101],[-117],[-110],[-121],[-90],[-67],[-38],[-43],[14],[41],[22],[37],[99],[94],[75],[48],[90],[93],[57],[64],[45],[28],[32],[21],[16],[-6],[-5],[16],[75],[92],[92],[110],[153],[106],[89],[49],[51],[60],[11],[-8],[49],[67],[75],[92],[144],[131],[97],[90],[105],[97],[91],[49],[16],[2],[-20],[-53],[-36],[-52],[-81],[-69],[-62],[-17],[27],[33],[38],[66],[28],[-3],[26],[13],[-9],[24],[10],[-8],[14],[-11],[-27],[-23],[-50],[-43],[-28],[-39],[-41],[-39],[-5],[8],[-12],[-16],[10],[1],[-23],[9],[10],[11],[31],[50],[92],[77],[43],[11],[12],[-13],[-44],[-41],[-56],[-12],[-5],[-4],[37],[22],[0],[12],[-47],[-69],[-76],[-68],[-63],[-14],[-13],[-24],[-24],[-7],[-25],[-15],[-47],[-65],[-34],[-10],[-3],[0],[36],[27],[-3],[14],[48],[42],[-11],[-28],[-40],[-21],[-40],[-60],[-48],[-34],[-73],[-74],[-27],[31],[26],[44],[83],[72],[69],[58],[82],[122],[118],[89],[82],[73],[40],[-4],[-19],[-57],[-94],[-75],[-22],[-26],[24],[26],[14],[-7],[40],[49],[40],[41],[64],[57],[42],[36],[20],[-6],[2],[-41],[-50],[2],[40],[37],[61],[34],[-3],[0],[-21],[2],[37],[17],[4],[11],[33],[6],[-9],[-11],[-46],[-82],[-52],[-38],[-22],[44],[77],[89],[100],[69],[58],[44],[32],[21],[-9],[-23],[27],[27],[36],[72],[33],[-5],[-9],[-36],[-60],[-64],[-61],[-51],[-21],[-37],[-21],[-28],[-24],[-42],[-49],[0],[25],[35],[50],[66],[73],[52],[26],[11],[-25],[-55],[-84],[-107],[-96],[-44],[-58],[-40],[-11],[19],[6],[12],[25],[24],[-8],[-19],[-14],[-12],[-13],[-20],[-26],[-52],[-94],[-78],[-96],[-93],[-42],[-27],[4],[46],[66],[127],[114],[85],[36],[8],[-51],[-60],[-59],[-7],[-17],[-22],[-15],[-26],[-10],[-27],[-36],[-19],[-23],[4],[88],[118],[139],[164],[177],[133],[89],[46],[24],[-17],[-34],[-57],[-89],[-74],[-48],[-43],[-44],[-47],[-58],[-51],[-51],[-29],[25],[36],[52],[133],[154],[169],[188],[130],[107],[12],[-51],[-75],[-98],[-107],[-115],[-74],[-19],[-5],[29],[24],[73],[53],[14],[15],[30],[76],[93],[73],[78],[81],[19],[-9],[-53],[-81],[-116],[-116],[-76],[-45],[-11],[45],[99],[153],[120],[99],[108],[35],[-7],[-40],[-71],[-70],[-47],[-29],[-7],[-8],[-34],[-38],[-39],[-28],[-4],[0],[13],[42],[17],[10],[-15],[-11],[-72],[-87],[-70],[-63],[0],[13],[35],[60],[64],[60],[45],[20],[14],[-25],[-46],[-54],[-78],[-68],[-50],[-22],[4],[56],[109],[102],[86],[108],[94],[77],[96],[80],[61],[53],[40],[33],[-18],[-37],[-60],[-47],[-5],[16],[9],[50],[26],[48],[83],[58],[51],[58],[30],[29],[16],[57],[29],[20],[-11],[-37],[-28],[-56],[-61],[-18],[-15],[-27],[-6],[23],[32],[25],[48],[45],[28],[12],[36],[30],[18],[25],[-14],[-26],[-12],[1],[-18],[4],[44],[2],[-7],[8],[58],[53],[31],[35],[78],[50],[34],[30],[45],[18],[0],[-8],[-31],[-30],[-45],[-22],[-28],[-53],[-16],[-14],[27],[45],[24],[5],[15],[17],[22],[-11],[0],[-6],[-28],[-34],[-31],[-22],[-16],[20],[-5],[-40],[-55],[-60],[-48],[-32],[0],[-3],[8],[4],[43],[23],[7],[10],[-48],[-40],[-51],[-56],[-8],[24],[11],[0],[33],[33],[19],[11],[25],[8],[-8],[-10],[9],[-18],[-31],[-22],[-40],[-16],[3],[26],[72],[66],[54],[52],[22],[11],[-21],[-26],[-41],[-63],[-56],[0],[16],[8],[16],[51],[39],[29],[40],[54],[22],[10],[11],[31],[-5],[-4],[35],[43],[12],[7],[58],[68],[69],[75],[82],[103],[84],[73],[92],[53],[16],[-5],[10],[-8],[14],[25],[12],[-11],[1],[-29],[-28],[0],[22],[27],[80],[96],[112],[140],[101],[53],[19],[22],[1],[20],[-27],[-63],[-63],[-75],[-36],[-47],[-16],[17],[19],[21],[68],[71],[69],[89],[40],[16],[-21],[-43],[-41],[-29],[-37],[-40],[-38],[-45],[-48],[-11],[13],[10],[-11],[-11],[-25],[19],[19],[-3],[-7],[13],[-21],[-26],[-23],[13],[-21],[-68],[-79],[-68],[-68],[-67],[-33],[19],[38],[29],[52],[33],[11],[11],[-47],[-75],[-64],[-47],[-30],[8],[-23],[-40],[-56],[-32],[-43],[-42],[-18],[21],[26],[61],[82],[73],[43],[16],[3],[-23],[-18],[-27],[24],[54],[43],[22],[48],[38],[18],[2],[27],[8],[-18],[-5],[54],[53],[76],[76],[83],[68],[74],[47],[25],[10],[-13],[11],[-4],[8],[54],[52],[65],[68],[77],[37],[36],[38],[24],[17],[24],[35],[54],[66],[105],[68],[49],[10],[-35],[-33],[-47],[-59],[-44],[-15],[4],[12],[22],[34],[44],[41],[28],[53],[51],[50],[38],[10],[32],[3],[-28],[-29],[-53],[-50],[-82],[-90],[-32],[-20],[-27],[-5],[16],[23],[58],[44],[15],[20],[-29],[-72],[-68],[-70],[-76],[-58],[-15],[-29],[-22],[-17],[-27],[-46],[-66],[-72],[-96],[-49],[-31],[-19],[1],[43],[21],[25],[-12],[-32],[-26],[-62],[-66],[-33],[-24],[1],[37],[33],[40],[-10],[-14],[-15],[-41],[-50],[0],[13],[0],[16],[56],[48],[49],[12],[8],[39],[11],[-28],[20],[37],[32],[54],[47],[57],[77],[27],[40],[6],[-26],[-31],[-8],[41],[66],[79],[110],[106],[92],[90],[54],[16],[0],[-5],[12],[55],[49],[64],[73],[55],[12],[-14],[4],[11],[26],[54],[49],[56],[65],[83],[40],[21],[-6],[-39],[-29],[-14],[13],[46],[34],[21],[14],[0],[-6],[9],[17],[0],[-24],[-13],[15],[25],[25],[58],[13],[-42],[-46],[-60],[-56],[-70],[-43],[-24],[-36],[-45],[0],[26],[7],[-19],[4],[-23],[-43],[-28],[-38],[3],[-15],[-29],[-10],[-43],[-45],[-45],[-60],[-32],[-36],[-52],[-64],[-29],[-43],[-53],[-36],[-24],[-36],[-52],[-20],[-19],[-47],[-47],[-19],[-31],[-46],[-42],[-26],[24],[8],[8],[16],[29],[55],[43],[21],[29],[-9],[-22],[-18],[20],[6],[9],[41],[34],[51],[72],[52],[33],[71],[57],[48],[48],[81],[61],[66],[86],[58],[39],[35],[36],[46],[21],[18],[34],[35],[58],[70],[43],[22],[22],[-15],[-23],[10],[-13],[-18],[12],[41],[42],[91],[80],[77],[53],[17],[21],[-12],[-33],[-8],[17],[9],[1],[21],[-7],[-35],[-35],[-78],[-38],[-17],[10],[43],[100],[107],[109],[84],[64],[17],[-28],[-63],[-112],[-122],[-111],[-51],[-28],[-27],[-18],[18],[10],[34],[6],[-22],[-15],[-34],[-58],[-37],[-11],[-5],[-18],[-8],[-37],[-45],[-58],[-43],[-51],[-45],[2],[16],[18],[24],[42],[17],[-3],[-21],[-28],[1],[-11],[0],[17],[6],[13],[10],[22],[6],[1],[16],[-13],[-19],[-8],[21],[10],[17],[48],[73],[70],[69],[87],[90],[57],[22],[31],[2],[12],[25],[54],[81],[68],[75],[41],[27],[21],[22],[29],[32],[21],[42],[13],[-4],[14],[14],[4],[26],[37],[25],[42],[59],[33],[32],[49],[21],[-4],[3],[17],[13],[16],[33],[2],[10],[-12],[9],[-15],[-23],[18],[13],[30],[42],[59],[32],[21],[36],[1],[-30],[2],[-21],[-16],[-27],[-22],[-47],[-29],[-11],[-19],[-16],[3],[-15],[-14],[8],[-14],[-24],[-34],[-36],[-17],[-37],[-35],[-20],[20],[-13],[-39],[-37],[-46],[-31],[-3],[-6],[0],[-4],[20],[1],[-8],[-3],[-46],[-64],[-47],[-50],[-15],[-7],[-5],[28],[19],[20],[49],[21],[29],[32],[18],[5],[17],[24],[11],[-3],[6],[17],[2],[2],[5],[-4],[7],[16],[19],[19],[27],[32],[28],[34],[25],[51],[59],[27],[9],[40],[18],[18],[29],[9],[-19],[-24],[-23],[8],[1],[3],[25],[1],[0],[45],[51],[45],[38],[54],[36],[17],[5],[24],[0],[-32],[-18],[-23],[-27],[-17],[17],[5],[-15],[-30],[-21],[-24],[-16],[36],[12],[41],[41],[14],[0],[22],[-19],[-12],[-37],[-43],[-41],[-13],[-27],[24],[35],[10],[-8],[22],[-17],[-53],[-34],[-3],[-12],[-24],[25],[29],[14],[16],[30],[11],[-29],[-40],[-41],[-58],[-52],[-19],[-24],[-18],[-7],[23],[23],[35],[59],[33],[30],[51],[20],[12],[31],[2],[-31],[-48],[-27],[-38],[-50],[-29],[-38],[-21],[28],[42],[55],[97],[96],[51],[20],[11],[-8],[10],[18],[12],[11],[52],[30],[12],[6],[-19],[-43],[-45],[-21],[2],[13],[43],[59],[73],[85],[63],[45],[52],[30],[-15],[-41],[8],[5],[-7],[22],[59],[40],[30],[26],[32],[4],[6],[3],[-12],[12],[3],[28],[13],[5],[6],[-21],[-31],[-18],[-7],[25],[21],[49],[62],[43],[22],[45],[21],[0],[17],[-33],[-13],[7],[-5],[-7],[28],[32],[1],[-14],[-18],[12],[-10],[-42],[-47],[-48],[-30],[-38],[-29],[25],[5],[1],[16],[6],[7],[-5],[2],[9],[27],[21],[21],[64],[52],[26],[12],[-8],[-21],[-36],[-51],[-35],[-47],[-52],[-19],[-6],[-21],[-8],[-22],[-22],[-3],[17],[42],[18],[0],[31],[8],[11],[9],[24],[-13],[-34],[20],[29],[26],[38],[17],[19],[28],[33],[72],[63],[33],[5],[5],[-9],[-11],[-8],[-8],[-11],[18],[9],[9],[29],[73],[54],[32],[56],[64],[47],[34],[20],[-16],[3],[-29],[-45],[-38],[-39],[-35],[-26],[-19],[-5],[44],[33],[68],[80],[66],[44],[33],[34],[26],[-4],[-28],[18],[17],[-6],[12],[8],[-11],[-24],[2],[-14],[-8],[33],[24],[3],[1],[19],[-32],[-47],[-42],[-29],[-41],[-41],[-8],[1],[12],[21],[56],[51],[22],[5],[-5],[-4],[-18],[-22],[10],[-12],[-23],[1],[-7],[-11],[-12],[8],[-7],[-14],[6],[5],[-11],[-4],[24],[-15],[14],[-11],[4],[-21],[-51],[-39],[-27],[-28],[6],[37],[32],[38],[51],[63],[52],[28],[8],[-18],[4],[-11],[-25],[-20],[-15],[-4],[29],[17],[12],[33],[33],[16],[4],[33],[50],[45],[44],[65],[35],[1],[-12],[-28],[-31],[-10],[-30],[-31],[25],[20],[16],[44],[58],[44],[29],[52],[48],[20],[2],[-18],[-7],[5],[-16],[-14],[9],[-8],[-14],[34],[29],[11],[8],[33],[20],[5],[24],[54],[42],[27],[32],[4],[-24],[-29],[-26],[-38],[-22],[-35],[-12],[30],[37],[32],[45],[32],[14],[10],[28],[7],[-20],[0],[-31],[-40],[-8],[-19],[-28],[-22],[5],[-17],[-7],[2],[5],[39],[25],[3],[13],[8],[-17],[-8],[3],[-9],[0],[-5],[-12],[11],[3],[3],[4],[-5],[32],[14],[12],[1],[12],[14],[-11],[-32],[-7],[-21],[-25],[-12],[31],[30],[25],[35],[68],[54],[39],[37],[30],[35],[22],[-13],[-26],[-36],[-21],[-7],[-12],[12],[37],[21],[34],[44],[26],[29],[40],[53],[54],[51],[75],[56],[38],[22],[25],[-26],[-36],[-39],[-32],[-19],[-8],[12],[28],[70],[72],[52],[60],[59],[30],[9],[32],[-17],[-11],[-20],[6],[-12],[25],[12],[0],[0],[-14],[-10],[26],[19],[17],[25],[11],[48],[38],[15],[9],[-4],[9],[-40],[-48],[-36],[-32],[-6],[-16],[-22],[5],[-5],[20],[13],[26],[5],[-27],[-10],[-5],[-22],[0],[4],[-7],[9],[-8],[0],[0],[-21],[-15],[-34],[-42],[-16],[5],[-8],[5],[29],[9],[6],[3],[4],[-26],[-14],[-4],[-20],[-15],[8],[-7],[0],[31],[18],[6],[4],[8],[2],[32],[27],[19],[21],[20],[21],[37],[1],[-7],[-5],[-7],[-13],[9],[9],[17],[34],[46],[50],[53],[40],[33],[28],[27],[-12],[-22],[3],[0],[-3],[28],[45],[41],[46],[66],[47],[37],[56],[29],[58],[46],[22],[9],[29],[4],[-20],[-31],[-10],[-35],[-23],[-6],[13],[21],[60],[40],[33],[52],[21],[14],[-6],[1],[-23],[-46],[-44],[-27],[-33],[-27],[-22],[-18],[9],[28],[18],[32],[53],[22],[16],[5],[-8],[1],[1],[-16],[-32],[-18],[-37],[-33],[-23],[17],[11],[3],[14],[19],[38],[17],[1],[-5],[16],[-14],[-34],[0],[-8],[-31],[-39],[-4],[-26],[-22],[14],[16],[16],[67],[50],[42],[53],[27],[13],[12],[-17],[-26],[-27],[-23],[-13],[1],[14],[20],[48],[36],[19],[45],[15],[-8],[4],[20],[15],[11],[20],[17],[25],[1],[1],[-20],[-19],[6],[15],[37],[48],[66],[54],[69],[52],[17],[-8],[-16],[-24],[-34],[-29],[4],[-13],[-21],[-4],[18],[20],[17],[24],[0],[24],[11],[-20],[-12],[20],[-5],[-10],[20],[3],[-21],[-11],[-32],[-26],[-16],[8],[6],[22],[26],[20],[31],[3],[-19],[-9],[-37],[-54],[-47],[-7],[-19],[18],[8],[17],[31],[17],[9],[40],[27],[-8],[-21],[0],[3],[-13],[-19],[19],[13],[-13],[-13],[4],[4],[-21],[-21],[-14],[21],[12],[20],[31],[49],[49],[19],[40],[17],[-5],[0],[27],[13],[4],[17],[59],[43],[43],[35],[54],[34],[13],[8],[22],[4],[-8],[28],[5],[33],[49],[28],[34],[65],[37],[58],[59],[37],[32],[28],[53],[37],[22],[17],[33],[12],[-7],[-4],[-5],[28],[17],[10],[20],[29],[72],[56],[33],[19],[30],[7],[-14],[0],[10],[2],[-13],[16],[21],[19],[17],[10],[9],[4],[11],[-15],[-18],[-20],[2],[-22],[-24],[7],[4],[-6],[4],[34],[16],[12],[9],[-6],[12],[10],[-14],[-16],[-19],[-18],[-3],[-22],[-22],[-36],[-28],[-12],[-31],[-16],[0],[1],[11],[44],[33],[19],[16],[27],[6],[-13],[0],[1],[-29],[-26],[-20],[21],[-13],[-14],[-12],[-8],[0],[-4],[28],[10],[-6],[17],[38],[26],[26],[45],[29],[33],[16],[26],[3],[-14],[9],[-3],[0],[48],[38],[26],[52],[51],[23],[24],[47],[31],[17],[28],[10],[24],[34],[5],[14],[-12],[-4],[-18],[-2],[-21],[-19],[13],[3],[-4],[32],[3],[16],[33],[19],[50],[37],[20],[30],[33],[5],[-9],[4],[-19],[-38],[-37],[-40],[-5],[-10],[-15],[5],[16],[3],[-8],[10],[-7],[-4],[36],[13],[-10],[10],[12],[-14],[-16],[-12],[-43],[-18],[-37],[-52],[-49],[-14],[-18],[-15],[33],[17],[48],[21],[1],[6],[9],[-16],[-31],[4],[2],[-18],[-12],[-11],[18],[-6],[-24],[-19],[-18],[-17],[-15],[8],[-4],[1],[-14],[16],[2],[-19],[-12],[10],[0],[-14],[-5],[9],[40],[16],[17],[44],[24],[0],[20],[13],[-10],[-5],[6],[15],[32],[53],[41],[34],[59],[22],[14],[13],[34],[11],[33],[17],[0],[-5],[-12],[12],[-6],[-24],[12],[13],[5],[17],[24],[31],[65],[51],[35],[36],[20],[2],[23],[-19],[-11],[-31],[0],[-29],[5],[0],[-11],[-8],[-5],[5],[31],[17],[28],[35],[16],[6],[22],[-16],[-20],[-30],[-13],[-31],[-47],[-48],[-36],[-42],[0],[10],[5],[8],[40],[24],[4],[12],[15],[-5],[-15],[-9],[-25],[-32],[0],[-38],[-30],[-8],[-20],[-4],[-11],[16],[28],[12],[0],[28],[13],[-6],[-19],[10],[3],[-19],[7],[-7],[-13],[8],[-5],[-5],[12],[19],[-5],[0],[28],[12],[38],[26],[11],[40],[2],[-8],[3],[18],[3],[4],[8],[35],[10],[12],[12],[13],[34],[9],[-12],[-14],[13],[2],[-11],[-3],[4],[11],[21],[34],[47],[25],[25],[8],[26],[10],[-13],[9],[21],[5],[-6],[32],[29],[5],[-3],[-10],[-4],[1],[33],[46],[36],[36],[26],[44],[18],[3],[2],[-20],[0],[-26],[-51],[-20],[-21],[-7],[30],[22],[12],[9],[27],[0],[2],[21],[1],[-16],[2],[13],[-11],[-5],[-30],[-22],[-19],[-30],[-38],[2],[-16],[-6],[9],[25],[10],[36],[25],[3],[-7],[17],[-5],[-16],[-13],[22],[1],[-3],[-6],[21],[6],[-12],[18],[2],[-14],[2],[7],[16],[18],[20],[17],[7],[28],[21],[5],[-12],[18],[-10],[18],[-3],[-18],[-16],[8],[-11],[-23],[2],[12],[2],[-5],[34],[14],[12],[18],[21],[44],[21],[1],[-12],[10],[-8],[-14],[-7],[21],[13],[-3],[37],[11],[8],[34],[27],[13],[18],[16],[19],[49],[33],[19],[32],[7],[-10],[-7],[-17],[-8],[20],[14],[1],[36],[19],[8],[8],[37],[26],[11],[16],[41],[25],[37],[46],[28],[10],[28],[-19],[-12],[3],[-22],[4],[-8],[-16],[0],[13],[3],[-11],[24],[-8],[-5],[42],[38],[21],[16],[5],[16],[8],[-12],[-15],[-24],[-31],[-28],[5],[-6],[-13],[10],[24],[3],[5],[11],[42],[12],[13],[11],[12],[7],[18],[-6],[14],[-13],[-30],[-24],[-19],[-19],[-18],[6],[-4],[3],[31],[21],[11],[26],[33],[9],[16],[24],[0],[8],[-4],[2],[19],[-6],[13],[0],[10],[-6],[10],[1],[0],[34],[28],[13],[14],[29],[16],[10],[38],[16],[18],[47],[33],[19],[30],[11],[22],[8],[1],[-4],[9],[0],[5],[3],[29],[8],[12],[15],[20],[28],[25],[33],[30],[44],[27],[51],[29],[6],[16],[18],[2],[-18],[-18],[1],[-14],[-8],[27],[21],[12],[30],[28],[12],[48],[24],[54],[38],[15],[38],[4],[-7],[0],[-15],[-9],[-26],[0],[-19],[-12],[22],[7],[2],[42],[25],[9],[8],[25],[5],[-10],[6],[-15],[-28],[-27],[1],[-27],[-20],[-19],[-23],[-22],[10],[1],[-8],[28],[17],[8],[20],[5],[2],[19],[-14],[0],[1],[-16],[-11],[-22],[20],[7],[-5],[18],[31],[22],[4],[36],[0],[16],[24],[1],[-13],[20],[14],[1],[5],[29],[19],[7],[21],[2],[6],[5],[-4],[-4],[17],[-12],[-10],[26],[2],[6],[8],[37],[23],[5],[2],[31],[19],[4],[18],[34],[19],[9],[36],[17],[4],[15],[-4],[-3],[10],[10],[24],[3],[22],[10],[19],[8],[10],[11],[-14],[19],[-6],[1],[-8],[25],[1],[4],[6],[5],[12],[11],[31],[11],[1],[4],[22],[8],[-8],[-12],[-19],[-27],[-22],[-28],[-7],[-20],[-31],[-27],[-21],[-10],[10],[21],[49],[34],[16],[16],[22],[18],[-6],[-30],[-18],[-21],[-30],[-25],[5],[-7],[-19],[-12],[14],[-2],[3],[28],[18],[4],[20],[27],[3],[-7],[15],[-10],[-27],[-20],[-24],[-10],[-14],[-5],[17],[11],[34],[24],[45],[17],[11],[2],[21],[1],[-16],[-9],[-28],[-13],[6],[-4],[-11],[17],[37],[26],[10],[47],[33],[9],[16],[34],[23],[10],[24],[10],[10],[10],[10],[-8],[-7],[25],[14],[9],[32],[35],[13],[41],[35],[9],[-4],[19],[-11],[-15],[12],[4],[-7],[-3],[24],[9],[1],[6],[5],[-3],[16],[30],[14],[-5],[11],[12],[-12],[-29],[-29],[-14],[-33],[-23],[-19],[12],[20],[3],[16],[31],[13],[-10],[0],[-19],[-21],[-3],[-10],[-7],[14],[4],[-7],[31],[6],[4],[27],[14],[-4],[4],[35],[19],[2],[28],[8],[-18],[-22],[-3],[-23],[-5],[-16],[-12],[27],[19],[5],[11],[17],[14],[17],[8],[41],[14],[12],[11],[12],[-13],[12],[6],[-19],[-20],[4],[-22],[-22],[24],[20],[8],[26],[16],[38],[29],[18],[25],[29],[14],[1],[18],[26],[9],[10],[12],[0],[37],[30],[13],[41],[27],[16],[40],[37],[25],[13],[11],[3],[17],[-7],[-11],[8],[-19],[-20],[-14],[21],[12],[3],[24],[7],[16],[24],[4],[22],[28],[11],[-7],[16],[0],[1],[26],[11],[-7],[-12],[13],[-21],[4],[16],[8],[0],[32],[17],[-4],[12],[21],[2],[-14],[3],[13],[-3],[-10],[16],[-4],[3],[0],[25],[-11],[18],[1],[-15],[-15],[5],[-19],[2],[-10],[14],[22],[12],[8],[28],[13],[1],[13],[16],[-7],[-5],[27],[10],[-7],[0],[29],[9],[-11],[-6],[20],[-7],[-8],[12],[5],[26],[30],[17],[3],[30],[17],[2],[1],[-10],[0],[19],[11],[-7],[4],[-12],[-14],[22],[-7],[33],[29],[15],[15],[37],[25],[10],[32],[22],[2],[-6],[18],[-14],[-12],[5],[0],[15],[-4],[-14],[17],[-3],[-13],[2],[19],[8],[17],[52],[36],[6],[14],[18],[-7],[-11],[-24],[6],[-12],[-23],[-23],[11],[-16],[-13],[19],[8],[-8],[-5],[10],[24],[2],[20],[3],[20],[-4],[6],[-20],[-30],[-16],[-15],[-32],[2],[-11],[-17],[5],[19],[11],[0],[33],[20],[7],[1],[25],[15],[2],[2],[28],[13],[2],[-5],[18],[4],[-11],[8],[14],[-5],[2],[16],[2],[28],[24],[3],[18],[27],[4],[6],[34],[19],[10],[9],[21],[18],[2],[13],[-5],[-6],[1],[0],[27],[13],[10],[42],[22],[8],[10],[33],[14],[-3],[0],[33],[2],[26],[-4],[-13],[18],[3],[-13],[-6],[29],[15],[5],[46],[34],[18],[24],[38],[18],[0],[20],[-6],[10],[20],[-6],[-12],[26],[6],[-14],[5],[-9],[-3],[21],[31],[18],[17],[13],[30],[12],[-11],[4],[3],[-15],[-13],[-10],[-3],[34],[20],[5],[2],[19],[5],[2],[28],[-11],[8],[16],[-6],[0],[11],[-13],[0],[2],[-12],[-22],[9],[13],[1],[29],[16],[9],[30],[9],[10],[10],[10],[4],[-3],[27],[16],[0],[-6],[19],[4],[-11],[11],[27],[17],[5],[34],[36],[27],[12],[40],[20],[2],[1],[9],[-8],[28],[18],[1],[6],[21],[5],[24],[27],[12],[0],[32],[24],[13],[10],[35],[3],[26],[3],[-12],[18],[11],[-7],[13],[31],[15],[12],[38],[28],[12],[11],[36],[22],[1],[20],[12],[-4],[27],[9],[-5],[5],[2],[1],[3],[22],[29],[4],[3],[27],[11],[-3],[17],[19],[0],[-14],[8],[-8],[21],[13],[-7],[12],[3],[16],[3],[21],[25],[0],[25],[-8],[28],[-5],[29],[10],[-13],[4],[-3],[-17],[18],[4],[-13],[-7],[15],[0],[8],[40],[26],[5],[4],[27],[16],[0],[1],[16],[-15],[22],[1],[-15],[-9],[-14],[14],[2],[3],[24],[13],[8],[38],[22],[2],[17],[-7],[-10],[17],[4],[4],[-5],[14],[16],[3],[20],[22],[5],[2],[14],[3],[6],[8],[19],[2],[0],[19],[-5],[-5],[5],[0],[31],[17],[8],[27],[40],[21],[17],[35],[-4],[16],[19],[-3],[-4],[-3],[1],[6],[-6],[32],[26],[9],[8],[2],[25],[8],[4],[27],[12],[-5],[36],[16],[0],[18],[3],[6],[32],[19],[5],[5],[14],[1],[12],[15],[3],[-11],[19],[20],[8],[0],[24],[12],[-4],[4],[-7],[-4],[4],[3],[27],[10],[8],[32],[13],[-3],[34],[2],[6],[4],[-8],[-5],[22],[3],[-10],[11],[20],[-5],[-4],[30],[2],[3],[13],[-4],[28],[1],[-8],[24],[11],[-8],[-8],[19],[-12],[17],[3],[0],[-3],[8],[28],[13],[4],[10],[17],[11],[33],[6],[-13],[26],[0],[12],[-5],[1],[1],[28],[6],[9],[13],[14],[40],[30],[14],[46],[31],[16],[8],[29],[-5],[13],[-4],[9],[1],[1],[43],[2],[2],[32],[8],[8],[27],[5],[-4],[34],[24],[5],[19],[26],[6],[-11],[10],[-7],[-5],[26],[15],[5],[12],[15],[8],[34],[21],[3],[-7],[16],[1],[-17],[10],[9],[-4],[0],[32],[28],[11],[29],[9],[17],[24],[9],[-4],[13],[24],[5],[6],[11],[12],[40],[24],[0],[-8],[5],[-17],[-5],[-16],[27],[3],[2],[25],[9],[-7],[2],[-5],[26],[11],[0],[2],[21],[9],[10],[29],[10],[-9],[-12],[15],[2],[-13],[-10],[16],[-5],[5],[6],[21],[4],[10],[-3],[-5],[13],[1],[16],[26],[6],[28],[16],[8],[36],[10],[-10],[12],[0],[10],[1],[27],[13],[30],[35],[18],[17],[9],[18],[4],[17],[5],[6],[8],[5],[2],[2],[16],[-5],[-8],[24],[10],[2],[18],[25],[8],[-3],[24],[4],[2],[-5],[24],[-4],[-12],[12],[-5],[-6],[21],[9],[-3],[0],[25],[9],[-6],[11],[26],[4],[3],[25],[-5],[-3],[3],[25],[2],[12],[-5],[24],[6],[-9],[11],[-13],[-16],[5],[-8],[-15],[14],[14],[-6],[-7],[8],[-11],[-11],[14],[-18],[4],[-7],[0],[27],[11],[-4],[11],[-10],[-11],[-10],[21],[12],[2],[2],[29],[17],[3],[3],[-11],[-7],[-16],[21],[12],[1],[3],[26],[6],[5],[8],[8],[24],[2],[-8],[-8],[-11],[4],[-9],[3],[21],[9],[10],[38],[15],[14],[40],[18],[2],[20],[16],[-9],[0],[-14],[-18],[8],[-10],[-19],[-18],[-16],[9],[-8],[-4],[1],[-3],[17],[6],[4],[24],[9],[-7],[21],[-3],[-13],[22],[3],[-13],[8],[-6],[24],[-5],[13],[27],[8],[8],[10],[8],[32],[0],[2],[-14],[-6],[-20],[-14],[6],[-12],[-12],[-11],[5],[-10],[8],[22],[-2],[0],[28],[13],[2],[2],[24],[-12],[-18],[-22],[-23],[-20],[-4],[-14],[-16],[17],[6],[-6],[-3],[28],[15],[4],[28],[11],[-5],[1],[-4],[-3],[0],[26],[8],[8],[11],[20],[-4],[32],[19],[3],[2],[28],[14],[1],[1],[28],[4],[5],[29],[0],[4],[20],[3],[17],[21],[10],[11],[38],[22],[0],[18],[19],[-4],[8],[19],[1],[-11],[26],[3],[0],[12],[-4],[16],[29],[9],[11],[32],[10],[11],[38],[17],[-3],[5],[20],[6],[0],[40],[31],[10],[41],[25],[10],[10],[6],[8],[29],[16],[3],[12],[19],[-3],[0],[21],[-5],[-5],[-4],[-4],[27],[15],[1],[1],[27],[10],[-10],[18],[18],[1],[26],[13],[2],[2],[28],[9],[-5],[-11],[-5],[-6],[16],[-6],[24],[4],[0],[30],[15],[-3],[-5],[22],[9],[-6],[1],[33],[19],[5],[20],[29],[5],[1],[25],[10],[-8],[-6],[24],[10],[-4],[12],[22],[9],[-6],[26],[11],[0],[4],[10],[11],[37],[18],[-8],[4],[-11],[-10],[-11],[-14],[-12],[-11],[16],[0],[24],[27],[6],[18],[6],[4],[18],[1],[1],[27],[6],[4],[30],[11],[-11],[-13],[-15],[5],[-8],[10],[27],[11],[-3],[13],[1],[18],[1],[27],[-7],[0],[27],[17],[-7],[0],[16],[2],[-13],[-12],[12],[-4],[-12],[9],[18],[6],[0],[10],[-6],[24],[3],[28],[9],[-15],[21],[5],[-11],[-12],[2],[-11],[-7],[20],[13],[-4],[17],[-7],[10],[0],[-5],[3],[5],[10],[-10],[23],[6],[-10],[0],[22],[10],[-4],[12],[22],[4],[1],[28],[1],[0],[14],[22],[9],[-6],[27],[9],[-12],[0],[4],[-18],[8],[-8],[-6],[-2],[3],[6],[5],[2],[-7],[5],[11],[-11],[19],[6],[-8],[25],[23],[8],[9],[0],[35],[20],[1],[16],[26],[7],[22],[4],[20],[28],[4],[1],[25],[13],[3],[8],[24],[8],[8],[34],[19],[9],[21],[31],[17],[3],[15],[19],[-3],[-4],[21],[-10],[0],[-6],[-4],[-3],[24],[28],[8],[22],[28],[5],[27],[8],[2],[24],[8],[-9],[-10],[18],[10],[-5],[18],[23],[13],[15],[41],[9],[28],[21],[3],[40],[26],[8],[3],[27],[11],[-4],[-3],[-6],[3],[6],[4],[10],[19],[17],[41],[26],[2],[26],[5],[4],[15],[-3],[-4],[-8],[19],[2],[-14],[-5],[-8],[-8],[0],[0],[32],[19],[5],[35],[19],[5],[5],[33],[19],[2],[14],[28],[18],[10],[16],[32],[17],[6],[4],[30],[17],[2],[1],[32],[12],[14],[28],[14],[4],[9],[37],[26],[13],[10],[38],[19],[5],[19],[27],[5],[10],[18],[27],[3],[3],[22],[4],[3],[27],[14],[1],[0],[24],[10],[-7],[6],[-10],[-11],[-13],[-6],[-4],[28],[14],[3],[1],[28],[12],[-11],[-6],[27],[-5],[-5],[12],[-4],[29],[11],[-6],[12],[21],[5],[-7],[20],[3],[-13],[-12],[17],[1],[-13],[2],[4],[-13],[24],[-11],[-5],[-5],[4],[-15],[8],[16],[-3],[-21],[12],[3],[-15],[-16],[8],[-22],[-24],[-21],[-19],[-18],[-13],[19],[1],[-14],[20],[8],[-16],[17],[-11],[-7],[2],[8],[-13],[6],[-4],[21],[3],[-14],[-12],[11],[-5],[-6],[22],[8],[-11],[11],[14],[1],[1],[24],[-7],[11],[-6],[-8],[8],[-6],[-11],[9],[17],[2],[-8],[-6],[-6],[12],[0],[-5],[-8],[-7],[0],[-10],[-8],[1],[29],[0],[-6],[13],[-7],[-7],[6],[-9],[10],[19],[-7],[-3],[-6],[21],[-8],[7],[-5],[0],[22],[8],[-6],[13],[19],[4],[-8],[29],[0],[26],[20],[6],[0],[8],[-10],[5],[16],[-3],[-19],[20],[4],[-12],[-12],[19],[11],[0],[19],[-6],[-7],[20],[8],[-7],[-7],[22],[12],[3],[12],[22],[4],[1],[24],[10],[-3],[-4],[25],[1],[3],[35],[17],[7],[10],[10],[7],[8],[8],[9],[9],[29],[13],[13],[8],[5],[2],[11],[-3],[19],[5],[5],[32],[5],[10],[17],[17],[41],[14],[26],[10],[6],[29],[4],[32],[21],[-2],[17],[29],[14],[3],[9],[5],[38],[30],[20],[21],[17],[16],[12],[14],[9],[36],[19],[3],[3],[5],[28],[13],[2],[38],[26],[9],[14],[21],[8],[42],[26],[9],[23],[9],[29],[13],[-3],[14],[23],[7],[10],[12],[13],[32],[3],[14],[3],[1],[18],[16],[2],[14],[30],[14],[2],[26],[6],[-6],[0],[27],[4],[5],[16],[1],[3],[28],[14],[11],[6],[19],[3],[11],[-6],[12],[26],[6],[3],[32],[19],[6],[34],[18],[3],[2],[27],[13],[-4],[4],[29],[14],[-3],[11],[26],[2],[4],[4],[19],[3],[3],[28],[15],[8],[27],[5],[21],[3],[5],[4],[27],[13],[4],[2],[23],[6],[6],[1],[34],[21],[0],[20],[23],[8],[-4],[20],[0],[29],[-4],[-3],[0],[13],[-6],[24],[1],[-7],[13],[26],[13],[2],[37],[19],[4],[1],[22],[6],[-12],[0],[11],[-5],[-13],[21],[11],[-6],[14],[19],[1],[-3],[25],[-5],[4],[-14],[0],[13],[-15],[2],[-12],[20],[6],[-12],[6],[18],[-7],[0],[0],[1],[5],[26],[13],[-8],[8],[17],[-3],[22],[6],[-6],[0],[-3],[0],[-4],[10],[20],[7],[-6],[-3],[-4],[0],[-8],[-8],[17],[-7],[13],[-7],[11],[1],[1],[31],[16],[4],[9],[0],[11],[17],[2],[-14],[10],[-9],[-8],[20],[8],[-7],[0],[21],[6],[2],[16],[4],[6],[32],[9],[18],[4],[1],[-5],[-8],[26],[9],[-7],[2],[7],[10],[32],[21],[9],[20],[11],[36],[21],[9],[6],[33],[10],[-8],[4],[15],[-11],[-11],[4],[18],[4],[-10],[10],[26],[18],[6],[32],[13],[21],[5],[16],[26],[0],[-5],[-7],[-5],[-6],[-7],[-3],[22],[11],[4],[33],[9],[29],[14],[8],[28],[14],[3],[3],[16],[0],[13],[-5],[21],[-6],[-8],[-10],[28],[11],[0],[4],[33],[14],[2],[10],[26],[1],[8],[0],[22],[8],[-8],[19],[19],[2],[-6],[26],[9],[-11],[17],[-6],[-8],[24],[5],[-12],[27],[5],[-13],[6],[10],[-13],[12],[15],[1],[3],[25],[3],[3],[27],[6],[0],[0],[-5],[11],[-7],[-3],[2],[13],[-7],[2],[3],[0],[14],[-3],[3],[0],[-3],[-4],[-4],[0],[3],[5],[0],[24],[13],[-6],[-6],[22],[6],[-8],[12],[-8],[-8],[-6],[-4],[0],[26],[1],[13],[-4],[-4],[12],[-3],[-6],[24],[-10],[-4],[24],[-4],[26],[11],[-5],[-3],[27],[11],[-5],[13],[-8],[5],[18],[5],[-8],[14],[-7],[-4],[26],[-3],[-4],[-4],[0],[23],[10],[-6],[1],[-4],[24],[10],[-5],[20],[1],[0],[2],[5],[2],[18],[4],[-6],[3],[1],[-3],[3],[-3],[20],[6],[-8],[0],[5],[-10],[-7],[19],[-4],[2],[30],[18],[5],[4],[30],[-5],[5],[19],[5],[6],[33],[14],[-6],[-9],[18],[1],[-11],[4],[14],[-5],[-4],[28],[6],[9],[5],[2],[21],[3],[0],[27],[-6],[18],[1],[-8],[24],[-13],[20],[9],[-6],[1],[-5],[-4],[-5],[0],[27],[6],[-11],[-3],[-4],[20],[11],[-5],[-6],[23],[-8],[-11],[-7],[-10],[21],[4],[5],[31],[18],[-10],[25],[10],[-11],[-8],[-8],[21],[2],[0],[25],[10],[-12],[-10],[-13],[17],[1],[-16],[16],[18],[6],[0],[30],[17],[3],[1],[-11],[15],[1],[-12],[-11],[-7],[11],[13],[1],[1],[8],[-10],[-7],[4],[-16],[8],[11],[-8],[0],[21],[6],[-7],[12],[14],[-8],[-5],[0],[27],[13],[-5],[8],[27],[12],[-7],[9],[10],[-7],[4],[20],[-6],[1],[-16],[24],[11],[2],[36],[11],[9],[33],[17],[-3],[-7],[14],[-10],[19],[-5],[-4],[2],[5],[3],[28],[1],[1],[25],[9],[-4],[3],[29],[16],[5],[13],[-7],[16],[16],[-6],[-10],[-6],[2],[26],[14],[4],[25],[32],[16],[3],[28],[3],[20],[6],[6],[33],[9],[-7],[10],[-5],[0],[22],[5],[-6],[10],[21],[10],[0],[25],[23],[10],[0],[35],[0],[14],[24],[10],[2],[29],[12],[-7],[-7],[26],[11],[-7],[12],[21],[2],[28],[23],[0],[26],[21],[-4],[18],[-3],[-4],[27],[5],[9],[35],[21],[9],[8],[30],[3],[-4],[-6],[15],[-3],[0],[26],[15],[4],[9],[35],[15],[3],[1],[0],[25],[4],[6],[6],[34],[18],[4],[36],[-4],[0],[24],[10],[-6],[28],[9],[12],[30],[14],[12],[34],[19],[7],[6],[33],[9],[9],[10],[8],[3],[26],[1],[25],[4],[7],[35],[22],[9],[12],[37],[21],[9],[24],[26],[6],[1],[1],[0],[18],[22],[9],[4],[32],[19],[1],[19],[27],[12],[0],[36],[8],[6],[37],[8],[35],[17],[2],[0],[21],[-4],[11],[19],[-5],[14],[-5],[-12],[19],[5],[-6],[0],[26],[14],[2],[26],[22],[5],[3],[29],[-3],[-6],[-5],[12],[-11],[-10],[-6],[24],[10],[1],[26],[-5],[13],[-5],[-4],[25],[11],[-4],[12],[-5],[6],[-10],[6],[-11],[5],[-10],[9],[19],[-7],[-4],[29],[19],[8],[36],[27],[11],[9],[28],[13],[1],[-2],[29],[16],[4],[6],[32],[17],[-5],[12],[20],[5],[0],[7],[-5],[23],[2],[28],[1],[0],[2],[5],[13],[0],[12],[2],[8],[23],[0],[18],[26],[2],[0],[7],[-11],[0],[18],[5],[-9],[-3],[-5],[27],[4],[6],[8],[7],[14],[-5],[8],[-5],[3],[-12],[17],[-8],[27],[10],[-11],[-9],[-5],[24],[13],[1],[5],[30],[4],[15],[-3],[24],[16],[0],[-14],[21],[7],[-8],[-4],[21],[5],[-5],[4],[6],[27],[6],[24],[5],[29],[16],[2],[24],[3],[0],[22],[3],[-11],[5],[12],[0],[1],[19],[5],[4],[33],[4],[21],[1],[18],[5],[3],[4],[0],[29],[14],[0],[26],[18],[3],[30],[15],[-3],[4],[16],[3],[5],[24],[4],[5],[30],[6],[1],[34],[21],[2],[4],[5],[5],[33],[4],[12],[-3],[29],[15],[1],[13],[18],[1],[1],[2],[14],[-4],[17],[26],[10],[8],[30],[17],[-7],[-6],[-5],[-5],[13],[-5],[30],[9],[-12],[8],[14],[-3],[-3],[27],[6],[8],[0],[0],[34],[18],[0],[-5],[15],[-4],[-12],[22],[6],[-8],[9],[20],[3],[2],[27],[14],[-3],[1],[22],[10],[-5],[0],[20],[4],[-7],[18],[5],[-5],[1],[-4],[27],[15],[-7],[24],[22],[7],[-7],[18],[2],[-7],[18],[5],[-7],[-4],[-12],[27],[13],[3],[1],[26],[4],[3],[28],[15],[3],[3],[25],[6],[-6],[5],[-10],[8],[19],[6],[-7],[27],[2],[-10],[-8],[1],[17],[1],[1],[27],[13],[2],[3],[4],[1],[25],[4],[-10],[9],[20],[3],[0],[27],[12],[2],[30],[14],[-3],[0],[10],[-10],[-3],[0],[20],[5],[-9],[20],[9],[-3],[1],[32],[10],[12],[0],[-8],[-7],[-3],[10],[-7],[-4],[23],[1],[-10],[24],[13],[-3],[0],[28],[6],[-8],[4],[19],[-4],[-5],[14],[0],[-15],[-13],[14],[3],[-18],[20],[8],[-7],[0],[-10],[-2],[0],[25],[12],[-8],[10],[-6],[4],[0],[-8],[-9],[-9],[5],[-7],[18],[5],[2],[-5],[-4],[24],[-3],[-5],[22],[9],[-7],[-5],[24],[-7],[9],[17],[5],[-14],[-10],[21],[-7],[-6],[-3],[29],[9],[-8],[8],[10],[-8],[0],[-7],[3],[-12],[28],[-4],[14],[-7],[9],[19],[7],[-10],[24],[17],[6],[0],[32],[20],[6],[8],[0],[0],[29],[12],[-6],[9],[-3],[5],[9],[32],[16],[4],[12],[22],[-4],[-4],[11],[-6],[14],[18],[2],[2],[4],[20],[5],[2],[27],[16],[3],[6],[4],[15],[2],[2],[3],[17],[22],[5],[2],[19],[3],[0],[30],[18],[6],[3],[11],[0],[1],[2],[20],[4],[3],[29],[13],[1],[8],[18],[-7],[-8],[-4],[-6],[1],[8],[2],[37],[6],[9],[28],[11],[11],[11],[-4],[14],[-3],[0],[2],[30],[18],[8],[5],[5],[6],[10],[9],[9],[27],[5],[4],[16],[-4],[16],[3],[3],[24],[11],[0],[-5],[5],[6],[1],[27],[5],[29],[17],[3],[29],[16],[-4],[34],[6],[4],[0],[2],[1],[2],[25],[10],[-4],[3],[26],[4],[11],[-2],[32],[10],[9],[9],[4],[0],[22],[-6],[-8],[-5],[12],[3],[5],[24],[7],[6],[2],[25],[6],[6],[29],[10],[-7],[28],[14],[1],[3],[31],[11],[1],[9],[-11],[24],[19],[8],[8],[28],[12],[1],[17],[2],[25],[6],[-9],[5],[-5],[13],[22],[0],[3],[9],[-10],[30],[16],[3],[-6],[24],[2],[-6],[-7],[-10],[9],[9],[-10],[9],[21],[9],[0],[0],[2],[4],[31],[13],[1],[2],[27],[4],[-4],[22],[5],[-12],[-12],[18],[-6],[10],[21],[5],[33],[18],[3],[17],[24],[-3],[1],[25],[9],[-4],[28],[6],[-11],[21],[19],[0],[-7],[-4],[-5],[0],[25],[11],[-5],[30],[12],[-3],[1],[24],[0],[-3],[-7]]}}