{"protected":{"ver":"v1","alg":"HS256","iat":1740144625},"signature":"6d001a58b255699f0a5b0a376fc9ab048577a320642534f94f1ab686a077bf07","payload":{"device_name":"E6:61:78:C1:27:19:92:28","device_type":"DATA_FORWARDER","interval_ms":0.0625,"sensors":[{"name":"audio","units":"wav"}],"values":[[28],[12],[8],[9],[-12],[21],[-5],[-22],[-21],[-18],[18],[5],[0],[3],[36],[11],[24],[33],[12],[4],[22],[2],[0],[5],[17],[2],[34],[19],[-4],[0],[32],[18],[-5],[14],[-4],[17],[28],[11],[11],[29],[12],[-5],[-4],[1],[-4],[-3],[0],[0],[4],[0],[-8],[5],[11],[-5],[-10],[0],[2],[12],[-3],[33],[8],[20],[3],[-3],[17],[-5],[11],[0],[16],[12],[-6],[13],[18],[3],[-10],[12],[20],[9],[1],[40],[28],[13],[10],[34],[20],[4],[3],[22],[2],[-12],[3],[-7],[17],[20],[0],[-10],[21],[5],[-11],[-8],[20],[8],[-6],[1],[30],[16],[2],[4],[27],[13],[0],[1],[18],[-10],[-7],[-13],[18],[13],[-8],[10],[19],[2],[-13],[8],[14],[5],[-4],[28],[6],[22],[4],[28],[17],[-4],[12],[-7],[-5],[0],[1],[20],[5],[11],[6],[23],[-5],[13],[-7],[4],[11],[0],[3],[26],[12],[12],[40],[3],[9],[38],[4],[16],[26],[13],[9],[-3],[18],[5],[15],[-3],[4],[5],[5],[5],[29],[20],[16],[8],[19],[32],[9],[10],[26],[3],[-19],[8],[-17],[-7],[-4],[24],[11],[1],[5],[34],[17],[3],[8],[25],[12],[1],[16],[0],[0],[22],[0],[-28],[5],[-27],[-6],[-22],[2],[-14],[19],[2],[-3],[3],[32],[16],[3],[32],[14],[4],[1],[26],[12],[-5],[0],[24],[-6],[-10],[-11],[-7],[23],[13],[3],[17],[30],[13],[0],[16],[22],[6],[-10],[15],[-5],[2],[5],[19],[28],[6],[21],[36],[12],[10],[35],[22],[5],[0],[-3],[-6],[24],[-7],[-11],[8],[-7],[27],[12],[6],[20],[4],[9],[12],[25],[8],[21],[35],[19],[-5],[12],[21],[6],[-11],[-11],[-12],[-11],[-11],[21],[13],[1],[2],[24],[10],[-4],[26],[9],[6],[28],[4],[-11],[8],[-3],[-4],[-9],[5],[-9],[14],[15],[2],[3],[3],[0],[27],[13],[2],[17],[27],[13],[0],[33],[21],[3],[-11],[28],[-4],[18],[0],[32],[18],[1],[20],[5],[4],[5],[30],[16],[3],[34],[26],[11],[10],[12],[3],[32],[11],[-4],[14],[4],[-4],[0],[2],[2],[31],[14],[1],[34],[19],[-4],[9],[17],[2],[-14],[8],[-14],[6],[-13],[4],[9],[-11],[5],[18],[5],[-7],[12],[-6],[-5],[21],[0],[-17],[0],[-4],[-21],[0],[5],[-6],[5],[0],[-3],[8],[21],[9],[3],[28],[16],[3],[4],[32],[10],[21],[-7],[29],[19],[6],[2],[22],[10],[2],[1],[28],[16],[4],[12],[2],[18],[26],[11],[0],[16],[3],[8],[27],[6],[32],[12],[-8],[8],[26],[13],[-11],[27],[17],[0],[6],[-10],[0],[5],[-16],[9],[19],[4],[0],[29],[6],[10],[2],[-5],[1],[12],[-10],[-18],[24],[-3],[-3],[5],[9],[3],[22],[6],[-5],[9],[-10],[14],[1],[3],[29],[9],[0],[-5],[23],[9],[-7],[-7],[-14],[-12],[-4],[1],[8],[28],[13],[16],[44],[24],[8],[37],[11],[-5],[1],[16],[4],[9],[23],[5],[2],[26],[12],[-5],[9],[17],[3],[-15],[33],[15],[4],[36],[29],[16],[13],[36],[18],[1],[0],[19],[6],[-9],[4],[17],[3],[-9],[23],[11],[1],[21],[10],[30],[13],[14],[22],[4],[26],[31],[17],[3],[30],[9],[0],[3],[0],[31],[21],[9],[13],[43],[14],[15],[30],[13],[23],[7],[8],[6],[5],[22],[-3],[11],[22],[2],[4],[29],[14],[2],[0],[26],[11],[-6],[12],[5],[4],[26],[10],[2],[1],[23],[1],[-15],[20],[10],[-7],[-7],[21],[-11],[-10],[18],[6],[-10],[5],[12],[-6],[-8],[5],[-6],[28],[20],[2],[0],[-9],[5],[13],[-5],[-19],[4],[-15],[1],[-11],[26],[-3],[-6],[19],[2],[3],[5],[0],[28],[16],[0],[3],[23],[11],[0],[33],[16],[0],[14],[17],[5],[3],[28],[6],[5],[9],[10],[26],[3],[36],[-4],[8],[-4],[9],[0],[29],[21],[9],[10],[35],[12],[-4],[12],[18],[-7],[11],[-10],[10],[22],[12],[-4],[9],[18],[3],[-15],[1],[13],[1],[-7],[22],[12],[0],[0],[10],[-11],[-8],[8],[-12],[-9],[-12],[21],[-8],[23],[3],[5],[-4],[14],[0],[0],[17],[-7],[-4],[22],[2],[-13],[20],[12],[-11],[4],[13],[4],[-4],[26],[19],[3],[-6],[14],[4],[5],[4],[2],[10],[34],[6],[8],[35],[17],[-5],[24],[14],[1],[1],[21],[-3],[2],[25],[1],[8],[13],[9],[34],[12],[11],[33],[19],[3],[17],[20],[1],[1],[19],[-14],[24],[10],[-11],[8],[10],[1],[16],[1],[28],[5],[30],[14],[-5],[10],[19],[-10],[8],[14],[-5],[0],[21],[5],[-6],[28],[13],[-4],[0],[24],[5],[6],[32],[9],[-7],[-9],[-4],[-5],[24],[-7],[0],[-5],[-5],[1],[12],[3],[5],[30],[-3],[13],[-5],[11],[20],[10],[0],[18],[19],[-4],[0],[20],[3],[-7],[10],[22],[8],[12],[38],[13],[11],[6],[4],[0],[17],[-7],[-11],[-10],[11],[-6],[2],[29],[14],[5],[5],[28],[11],[-5],[5],[33],[0],[29],[13],[-5],[-7],[-7],[-6],[19],[4],[-7],[20],[8],[9],[36],[4],[16],[22],[5],[-7],[28],[14],[-8],[16],[1],[16],[26],[12],[-6],[18],[17],[-4],[13],[14],[-6],[19],[9],[6],[32],[18],[1],[13],[24],[13],[1],[20],[26],[14],[2],[25],[27],[10],[0],[3],[-3],[-3],[17],[-4],[16],[26],[9],[9],[34],[14],[-6],[24],[19],[5],[2],[17],[-6],[-8],[13],[-4],[-6],[22],[3],[-19],[8],[12],[-11],[9],[-6],[-8],[22],[9],[-6],[10],[20],[4],[0],[-6],[-4],[3],[3],[-10],[-5],[28],[4],[-8],[-6],[28],[14],[2],[4],[31],[17],[3],[31],[16],[-8],[-5],[-6],[-6],[-11],[3],[17],[-9],[9],[23],[2],[35],[16],[1],[14],[12],[-6],[9],[19],[5],[-13],[24],[9],[-11],[-3],[-19],[-5],[8],[-11],[-11],[8],[-7],[28],[-6],[14],[-5],[12],[-7],[-12],[22],[10],[-12],[-7],[4],[0],[-10],[-3],[3],[30],[17],[3],[36],[21],[2],[26],[17],[-5],[2],[-13],[-12],[-13],[-12],[-8],[-6],[-3],[1],[23],[11],[11],[37],[18],[-3],[1],[4],[26],[2],[18],[1],[-5],[0],[25],[6],[-13],[8],[19],[8],[0],[20],[3],[3],[4],[1],[2],[-6],[-6],[-10],[4],[18],[3],[-14],[16],[17],[0],[34],[16],[-5],[-10],[16],[8],[-9],[-7],[24],[0],[2],[8],[-9],[8],[-5],[-5],[22],[10],[0],[2],[27],[12],[3],[4],[29],[17],[-4],[-4],[22],[5],[-13],[2],[13],[-12],[-8],[-10],[-7],[24],[4],[22],[30],[16],[2],[25],[3],[21],[-7],[21],[-5],[23],[3],[-13],[24],[1],[5],[33],[4],[26],[11],[9],[37],[21],[11],[42],[10],[9],[9],[28],[13],[-4],[5],[14],[1],[-12],[20],[11],[0],[-5],[0],[2],[5],[8],[33],[7],[-10],[26],[12],[-3],[-6],[-6],[-7],[26],[-5],[21],[5],[-13],[12],[-6],[-16],[21],[-15],[24],[-10],[-10],[8],[16],[3],[-12],[-7],[21],[9],[-7],[24],[8],[-11],[22],[9],[-14],[-9],[7],[-12],[-11],[21],[-3],[17],[2],[2],[26],[11],[-4],[31],[18],[3],[3],[25],[9],[-13],[19],[1],[-20],[-19],[-19],[-6],[-13],[-8],[29],[6],[9],[32],[4],[27],[13],[2],[9],[-10],[21],[-10],[0],[15],[-13],[-13],[-12],[3],[-8],[13],[1],[5],[17],[1],[1],[30],[4],[-3],[-8],[3],[-15],[-3],[8],[-17],[-13],[10],[-12],[4],[13],[-4],[-6],[26],[10],[-13],[16],[13],[-4],[-5],[22],[-4],[5],[-10],[-10],[8],[19],[-5],[21],[6],[-4],[29],[13],[-7],[-4],[-3],[2],[2],[-3],[0],[21],[5],[-6],[14],[3],[25],[11],[0],[27],[9],[-7],[32],[19],[1],[27],[8],[-10],[10],[-5],[24],[-4],[-7],[22],[10],[0],[18],[2],[9],[27],[13],[3],[4],[1],[22],[20],[-5],[10],[20],[1],[-15],[5],[15],[-6],[2],[19],[6],[-5],[29],[12],[1],[3],[2],[1],[3],[27],[12],[-3],[-4],[25],[2],[-15],[20],[6],[-9],[-10],[22],[8],[-7],[9],[21],[6],[4],[35],[19],[5],[7],[32],[15],[4],[-4],[17],[24],[1],[14],[21],[11],[-3],[1],[8],[0],[32],[18],[5],[7],[35],[4],[20],[30],[5],[5],[28],[15],[0],[33],[13],[-7],[28],[15],[6],[6],[30],[12],[-5],[2],[0],[32],[9],[-6],[20],[18],[4],[-12],[26],[15],[-6],[-5],[28],[17],[13],[13],[7],[36],[4],[2],[0],[24],[9],[-4],[26],[2],[3],[30],[16],[-7],[32],[4],[1],[-4],[27],[4],[3],[8],[28],[12],[-5],[11],[19],[3],[-15],[10],[6],[-8],[12],[24],[4],[3],[28],[13],[-10],[32],[17],[1],[2],[30],[18],[3],[4],[30],[0],[-4],[12],[-10],[-7],[18],[-5],[1],[20],[8],[13],[42],[25],[8],[9],[30],[13],[3],[3],[14],[-3],[10],[-3],[2],[17],[1],[-9],[11],[1],[8],[12],[11],[12],[5],[24],[24],[5],[2],[29],[16],[-4],[0],[-3],[0],[16],[-3],[-7],[25],[8],[-7],[9],[8],[-5],[10],[1],[0],[27],[0],[-14],[20],[5],[-8],[-6],[-8],[0],[17],[1],[2],[25],[-10],[20],[2],[4],[24],[8],[0],[22],[0],[-5],[-7],[-8],[24],[-8],[5],[-10],[21],[19],[2],[0],[1],[14],[0],[12],[20],[0],[-5],[13],[19],[3],[-15],[14],[-10],[0],[-6],[19],[22],[4],[0],[28],[16],[3],[5],[0],[12],[-8],[9],[22],[0],[-4],[17],[1],[0],[32],[18],[-5],[12],[21],[12],[0],[28],[27],[9],[9],[32],[12],[-7],[-10],[14],[-2],[-8],[24],[17],[2],[0],[19],[1],[4],[3],[31],[4],[25],[8],[0],[4],[0],[24],[17],[3],[4],[0],[-4],[28],[2],[29],[19],[8],[10],[36],[16],[1],[4],[8],[0],[26],[0],[0],[0],[28],[17],[2],[-3],[22],[6],[-8],[-3],[21],[8],[6],[28],[20],[1],[3],[25],[2],[-3],[24],[6],[-10],[7],[18],[4],[-10],[12],[9],[-5],[13],[13],[-3],[14],[25],[10],[-6],[8],[0],[11],[-7],[10],[22],[4],[0],[24],[9],[-4],[18],[3],[5],[17],[0],[9],[1],[7],[23],[0],[-6],[14],[18],[2],[5],[36],[16],[1],[17],[20],[8],[8],[32],[22],[6],[6],[33],[2],[0],[32],[22],[4],[0],[13],[1],[14],[19],[9],[8],[35],[7],[12],[13],[42],[17],[10],[41],[9],[6],[7],[21],[27],[13],[-3],[18],[2],[21],[5],[5],[29],[13],[1],[17],[26],[16],[16],[42],[22],[8],[16],[33],[13],[-6],[12],[14],[-4],[-10],[21],[19],[8],[0],[28],[16],[7],[5],[9],[10],[6],[3],[19],[26],[12],[-4],[13],[20],[2],[0],[28],[14],[5],[5],[29],[8],[5],[5],[3],[20],[9],[5],[29],[-3],[0],[20],[6],[-8],[20],[18],[2],[4],[29],[19],[5],[16],[33],[11],[40],[23],[-4],[28],[-8],[19],[9],[-10],[24],[20],[2],[-5],[-4],[2],[0],[18],[1],[4],[1],[14],[4],[5],[3],[2],[23],[10],[0],[6],[6],[6],[22],[1],[22],[8],[6],[30],[18],[8],[5],[2],[20],[8],[22],[6],[1],[27],[12],[1],[12],[26],[2],[3],[40],[25],[11],[11],[36],[26],[9],[10],[6],[29],[13],[-5],[24],[24],[5],[10],[28],[6],[4],[21],[29],[5],[4],[16],[-4],[20],[17],[0],[23],[-13],[12],[19],[5],[-10],[12],[22],[1],[5],[4],[6],[13],[1],[2],[22],[4],[-9],[16],[-6],[-5],[-5],[-4],[-7],[20],[7],[-6],[-5],[24],[14],[3],[5],[30],[17],[2],[19],[8],[33],[17],[6],[3],[4],[-7],[21],[-3],[2],[25],[13],[-11],[32],[17],[0],[14],[-8],[32],[24],[3],[14],[-3],[21],[6],[6],[26],[0],[17],[4],[6],[31],[1],[1],[-3],[26],[11],[-4],[31],[15],[-4],[16],[19],[3],[0],[9],[-6],[13],[3],[28],[11],[0],[0],[10],[-4],[9],[21],[-6],[10],[19],[1],[2],[28],[18],[1],[26],[3],[29],[12],[-3],[-7],[17],[1],[-10],[20],[7],[-5],[0],[2],[2],[29],[2],[14],[0],[30],[11],[-8],[18],[18],[2],[-3],[12],[1],[-8],[23],[10],[-6],[-6],[-5],[0],[12],[2],[32],[10],[0],[21],[18],[-3],[0],[-6],[24],[6],[-4],[33],[17],[3],[1],[28],[14],[0],[23],[-6],[26],[3],[-12],[24],[18],[1],[15],[17],[4],[5],[-3],[4],[4],[4],[3],[17],[1],[14],[22],[8],[-8],[26],[16],[7],[-6],[6],[-11],[32],[18],[1],[1],[1],[21],[10],[0],[34],[21],[4],[5],[29],[14],[-4],[8],[23],[10],[-5],[14],[27],[9],[0],[22],[2],[27],[10],[-3],[8],[20],[4],[2],[27],[3],[14],[-6],[0],[22],[9],[-3],[4],[27],[16],[9],[16],[15],[37],[19],[4],[22],[28],[15],[0],[17],[6],[-6],[12],[-11],[9],[19],[13],[0],[33],[15],[0],[36],[0],[20],[19],[2],[-4],[25],[11],[1],[6],[18],[9],[-5],[16],[18],[-6],[3],[19],[1],[2],[26],[12],[-7],[0],[-5],[11],[-11],[12],[23],[9],[-6],[11],[17],[2],[10],[18],[1],[0],[29],[13],[1],[16],[-8],[24],[18],[1],[3],[29],[2],[27],[13],[0],[12],[25],[12],[8],[40],[20],[0],[17],[22],[12],[2],[32],[23],[3],[2],[6],[11],[5],[4],[6],[30],[2],[20],[9],[4],[26],[4],[3],[27],[3],[-7],[27],[-6],[-15],[16],[22],[9],[-9],[24],[22],[4],[8],[-8],[25],[9],[-10],[2],[-8],[11],[-5],[30],[15],[0],[32],[3],[36],[20],[-5],[10],[17],[-4],[28],[11],[-4],[-3],[20],[-8],[-8],[-7],[22],[9],[-3],[29],[0],[-5],[26],[10],[-7],[8],[23],[6],[-8],[10],[-6],[8],[25],[4],[5],[29],[13],[0],[1],[25],[0],[-6],[2],[17],[1],[0],[27],[-16],[9],[-8],[11],[-7],[-7],[21],[5],[-16],[16],[16],[0],[-5],[-9],[-7],[-6],[-12],[-9],[-8],[4],[-12],[6],[13],[-17],[10],[13],[-8],[-11],[-7],[16],[-5],[-4],[19],[6],[5],[-7],[-6],[3],[4],[27],[-3],[17],[-3],[-3],[-7],[-6],[-5],[24],[5],[-11],[10],[19],[4],[-3],[26],[1],[26],[11],[-5],[-6],[-10],[26],[4],[-12],[21],[12],[-7],[9],[-7],[26],[10],[-13],[4],[16],[-8],[5],[-14],[8],[10],[-10],[-4],[20],[3],[-10],[2],[21],[10],[-5],[9],[-9],[7],[13],[-4],[-6],[20],[-10],[5],[-4],[8],[18],[2],[-14],[16],[7],[-12],[-10],[12],[-7],[-7],[18],[1],[-11],[22],[10],[-6],[10],[0],[2],[-16],[8],[14],[-7],[11],[24],[11],[-3],[15],[13],[-5],[0],[21],[4],[1],[2],[-8],[34],[18],[0],[1],[28],[5],[0],[25],[0],[20],[-4],[23],[11],[-5],[12],[22],[-7],[8],[0],[1],[5],[2],[-6],[-3],[-5],[13],[-5],[0],[20],[-8],[24],[-8],[-7],[22],[-8],[1],[-6],[20],[4],[-11],[12],[13],[0],[0],[18],[0],[-14],[-9],[-8],[-12],[8],[16],[-3],[-8],[16],[9],[-11],[-12],[-14],[12],[-3],[3],[31],[19],[-8],[16],[12],[-3],[-12],[-12],[6],[14],[-5],[10],[20],[2],[2],[27],[9],[-13],[29],[10],[-10],[-11],[16],[-4],[-3],[27],[13],[-4],[-8],[-7],[-5],[-12],[-8],[-5],[-6],[18],[4],[-8],[2],[17],[-3],[-3],[-6],[-6],[24],[8],[-3],[-9],[19],[7],[-8],[7],[-10],[3],[-16],[1],[10],[-6],[-13],[21],[7],[-6],[-4],[3],[-4],[-7],[-4],[-7],[-15],[-13],[-10],[-11],[-12],[-10],[19],[-3],[1],[21],[3],[-15],[29],[13],[-2],[-7],[25],[8],[-6],[24],[4],[-11],[-11],[21],[6],[-4],[16],[1],[2],[15],[-3],[0],[29],[15],[-10],[8],[17],[2],[0],[-10],[-5],[-6],[-7],[-5],[2],[1],[28],[8],[-12],[18],[19],[4],[3],[-4],[13],[-5],[-7],[24],[12],[-8],[-11],[-14],[-9],[-10],[-5],[-7],[-12],[-7],[-5],[26],[15],[-6],[13],[18],[-8],[10],[17],[0],[-12],[-3],[-15],[4],[-8],[-5],[2],[1],[-5],[1],[2],[28],[11],[-3],[3],[21],[-8],[19],[3],[0],[12],[-5],[4],[28],[6],[30],[17],[2],[1],[25],[3],[-6],[12],[-8],[20],[11],[-11],[9],[-6],[-4],[-10],[24],[5],[-9],[-7],[-7],[14],[-3],[1],[33],[18],[2],[3],[32],[4],[-7],[27],[18],[1],[-3],[-7],[-12],[20],[5],[-6],[24],[10],[-8],[22],[6],[-7],[27],[13],[1],[30],[0],[4],[21],[-4],[23],[7],[4],[33],[20],[1],[7],[24],[6],[0],[2],[-4],[16],[26],[13],[-3],[9],[-6],[-5],[27],[14],[3],[0],[16],[-7],[1],[27],[5],[8],[21],[6],[-4],[0],[25],[6],[0],[5],[-8],[-11],[-8],[0],[22],[9],[-5],[24],[14],[-3],[3],[33],[13],[-5],[-10],[24],[13],[-4],[1],[1],[0],[8],[18],[2],[-3],[27],[18],[5],[8],[1],[3],[29],[6],[-9],[0],[19],[9],[0],[0],[10],[9],[33],[21],[8],[6],[33],[14],[0],[24],[29],[11],[12],[34],[17],[7],[19],[19],[4],[1],[3],[33],[17],[2],[19],[22],[5],[6],[30],[15],[4],[9],[33],[12],[4],[10],[2],[36],[9],[-3],[28],[14],[0],[32],[19],[1],[14],[1],[27],[11],[-3],[14],[13],[-8],[1],[26],[3],[-13],[28],[1],[24],[2],[0],[21],[-10],[-10],[14],[2],[2],[16],[-10],[10],[22],[-3],[16],[-6],[20],[14],[-3],[2],[30],[3],[32],[11],[1],[6],[6],[2],[-4],[24],[4],[3],[3],[4],[8],[9],[7],[35],[25],[6],[4],[8],[0],[0],[34],[17],[2],[1],[-7],[4],[5],[0],[-8],[9],[0],[-5],[21],[-7],[-3],[-6],[14],[0],[1],[32],[15],[-4],[8],[27],[5],[-12],[-8],[-6],[3],[-13],[16],[2],[3],[1],[3],[2],[23],[4],[-7],[11],[14],[-3],[0],[20],[7],[-7],[2],[-5],[24],[6],[-9],[16],[22],[6],[0],[32],[9],[-8],[7],[17],[5],[2],[11],[1],[5],[6],[17],[3],[0],[27],[20],[2],[1],[29],[12],[1],[24],[24],[8],[1],[16],[-3],[4],[3],[22],[9],[-5],[13],[-4],[3],[5],[20],[24],[4],[-9],[32],[-4],[-4],[3],[33],[11],[-7],[33],[23],[1],[16],[3],[5],[6],[8],[29],[19],[0],[33],[19],[-4],[25],[18],[0],[30],[21],[6],[5],[11],[-10],[9],[21],[8],[-8],[-3],[16],[-3],[0],[24],[19],[1],[1],[30],[2],[4],[0],[2],[13],[2],[17],[2],[32],[19],[6],[6],[28],[23],[3],[1],[20],[0],[-4],[0],[18],[-3],[25],[8],[3],[27],[14],[2],[18],[20],[1],[1],[28],[3],[1],[5],[5],[27],[12],[3],[2],[23],[12],[3],[1],[21],[1],[3],[4],[4],[13],[7],[5],[3],[3],[16],[12],[30],[14],[4],[6],[30],[4],[1],[15],[17],[1],[3],[32],[20],[3],[10],[10],[10],[30],[14],[1],[-4],[-8],[3],[1],[3],[5],[5],[26],[12],[3],[26],[5],[-8],[25],[20],[2],[0],[30],[3],[0],[27],[4],[21],[4],[2],[36],[18],[6],[9],[24],[9],[4],[27],[6],[0],[39],[5],[22],[7],[0],[32],[19],[8],[9],[32],[17],[8],[5],[29],[4],[-3],[2],[6],[3],[0],[2],[-4],[9],[7],[30],[1],[5],[17],[2],[17],[5],[4],[25],[1],[1],[1],[1],[16],[3],[16],[-10],[9],[21],[4],[-16],[18],[12],[-10],[-10],[1],[0],[-10],[8],[-5],[-3],[-3],[-5],[-11],[-7],[4],[20],[8],[5],[2],[5],[4],[-5],[7],[8],[22],[0],[5],[-12],[20],[19],[9],[2],[18],[4],[0],[28],[22],[5],[2],[4],[22],[5],[10],[4],[2],[-3],[-4],[17],[4],[6],[32],[15],[-12],[20],[22],[5],[28],[17],[1],[12],[17],[1],[27],[4],[-13],[24],[15],[6],[10],[35],[24],[9],[6],[-5],[20],[10],[4],[29],[13],[0],[15],[22],[11],[-5],[26],[-4],[16],[4],[26],[3],[30],[0],[25],[12],[0],[0],[-6],[-3],[-4],[20],[8],[-7],[28],[15],[-3],[1],[-3],[7],[-5],[-8],[-5],[0],[24],[0],[29],[13],[1],[8],[-11],[4],[17],[2],[-11],[8],[17],[0],[16],[-3],[2],[24],[5],[0],[32],[14],[1],[-4],[21],[4],[3],[-7],[20],[16],[-5],[20],[1],[-3],[20],[2],[6],[3],[5],[5],[19],[6],[4],[30],[15],[1],[8],[6],[33],[19],[8],[8],[6],[2],[19],[9],[6],[29],[5],[16],[25],[-3],[18],[2],[24],[14],[1],[10],[22],[2],[16],[6],[3],[21],[4],[37],[22],[8],[24],[27],[11],[40],[15],[1],[38],[25],[7],[5],[32],[16],[1],[36],[9],[27],[10],[4],[35],[27],[14],[9],[36],[2],[1],[8],[24],[5],[15],[26],[13],[-4],[32],[28],[11],[10],[32],[19],[4],[5],[30],[15],[0],[1],[25],[2],[25],[10],[-4],[33],[20],[9],[16],[33],[17],[2],[19],[17],[-5],[2],[1],[12],[28],[3],[14],[0],[34],[19],[-2],[34],[4],[8],[28],[2],[8],[8],[36],[10],[-7],[18],[-5],[-6],[-4],[-7],[30],[19],[8],[5],[30],[16],[-3],[3],[24],[5],[10],[32],[17],[2],[3],[1],[-3],[2],[27],[2],[26],[0],[-5],[22],[-10],[25],[18],[-4],[15],[3],[-14],[18],[3],[-7],[26],[12],[-7],[-7],[7],[-4],[16],[-4],[-6],[26],[8],[-13],[7],[-13],[-11],[3],[-15],[19],[3],[-10],[24],[2],[-13],[24],[7],[-16],[-8],[-3],[2],[21],[4],[-11],[20],[2],[-11],[9],[8],[-9],[5],[-5],[4],[11],[-7],[-4],[0],[24],[0],[0],[24],[7],[-8],[-8],[-14],[28],[9],[-11],[1],[12],[-4],[-6],[-4],[20],[4],[-12],[10],[12],[-13],[4],[13],[1],[-12],[-8],[22],[11],[-11],[0],[21],[3],[4],[-8],[3],[1],[22],[-3],[-12],[25],[-7],[0],[3],[-10],[16],[11],[-5],[0],[20],[11],[-5],[-19],[16],[-13],[-3],[-3],[24],[5],[-17],[1],[10],[-4],[-4],[28],[8],[-11],[8],[12],[-8],[0],[-10],[-7],[21],[4],[-13],[2],[13],[1],[-12],[15],[0],[-5],[24],[-7],[16],[-16],[16],[6],[-15],[-14],[9],[-5],[-4],[20],[5],[-14],[-10],[-13],[3],[14],[-8],[19],[3],[-11],[8],[-13],[-14],[-14],[16],[12],[-8],[-7],[-4],[-11],[-8],[0],[26],[9],[-12],[4],[12],[-4],[-8],[21],[3],[-12],[5],[-9],[2],[-16],[13],[1],[-14],[15],[-9],[0],[-12],[-12],[5],[-8],[8],[-10],[-22],[18],[2],[-12],[6],[17],[-5],[-19],[10],[10],[3],[-11],[6],[-9],[-8],[17],[3],[-9],[12],[-8],[-8],[11],[-10],[19],[1],[-8],[20],[8],[-5],[-4],[23],[-11],[3],[11],[-7],[-5],[18],[-3],[-13],[0],[6],[-11],[-10],[11],[-10],[-11],[-10],[-10],[-10],[-11],[15],[-10],[-13],[15],[6],[-13],[-14],[-6],[4],[-13],[16],[-11],[-7],[-8],[21],[4],[-11],[24],[12],[-4],[-7],[11],[-3],[-5],[21],[14],[3],[-6],[-11],[8],[17],[4],[-11],[6],[11],[-7],[-5],[-7],[20],[6],[-10],[0],[-10],[-13],[14],[-5],[-4],[25],[10],[-10],[14],[-11],[-11],[19],[3],[-11],[-10],[-7],[19],[-10],[6],[-11],[-13],[15],[2],[-14],[18],[4],[-13],[12],[-6],[-7],[19],[7],[-6],[8],[9],[-10],[-7],[-7],[-5],[-8],[-7],[4],[-12],[2],[15],[-7],[0],[17],[-7],[3],[12],[-7],[0],[-13],[19],[-11],[-8],[1],[-11],[13],[15],[1],[1],[23],[1],[-11],[20],[10],[-8],[1],[17],[-3],[-4],[25],[13],[-7],[-7],[-14],[24],[-12],[-6],[2],[21],[-3],[-16],[12],[3],[-7],[-8],[-5],[-10],[19],[5],[-6],[-7],[18],[-8],[-11],[-11],[19],[6],[-13],[-11],[-6],[16],[2],[-14],[0],[17],[-12],[-7],[-20],[18],[-12],[-7],[22],[7],[-10],[-10],[19],[5],[-14],[6],[17],[6],[-8],[17],[17],[-10],[-16],[-13],[-11],[-11],[-15],[3],[16],[1],[-15],[-5],[13],[-4],[-4],[-4],[24],[3],[1],[29],[4],[-13],[10],[12],[-3],[0],[22],[5],[-13],[5],[16],[1],[-15],[4],[12],[-12],[5],[24],[5],[-13],[4],[-13],[-8],[27],[2],[-16],[5],[9],[-8],[-10],[-7],[24],[6],[-10],[-8],[13],[-5],[-19],[18],[10],[-4],[-4],[-7],[22],[-7],[-3],[-19],[5],[14],[2],[-11],[-15],[12],[11],[-6],[-10],[-11],[17],[0],[-18],[-14],[14],[-5],[-16],[10],[12],[-6],[-16],[17],[-16],[-16],[2],[13],[-4],[-15],[-7],[12],[-8],[18],[5],[-10],[-8],[-5],[-4],[24],[11],[0],[-5],[0],[21],[2],[1],[25],[8],[-10],[-12],[19],[3],[-12],[-6],[20],[8],[-7],[9],[17],[5],[-13],[17],[6],[-10],[-7],[-4],[25],[10],[1],[1],[24],[11],[-2],[0],[25],[9],[-6],[0],[25],[-4],[8],[-8],[16],[22],[0],[12],[-5],[15],[-5],[13],[2],[1],[28],[-5],[-4],[0],[20],[-3],[10],[9],[27],[11],[-5],[14],[25],[4],[-10],[20],[24],[15],[3],[34],[13],[4],[33],[19],[8],[5],[9],[14],[9],[19],[1],[21],[25],[-4],[26],[6],[21],[21],[4],[17],[1],[3],[30],[10],[10],[9],[33],[18],[4],[37],[22],[6],[6],[32],[-3],[0],[11],[-4],[27],[8],[2],[3],[9],[8],[35],[19],[5],[18],[27],[16],[-3],[13],[21],[6],[35],[20],[4],[3],[18],[2],[20],[9],[7],[-3],[22],[6],[-4],[17],[22],[0],[1],[29],[6],[1],[32],[4],[4],[11],[4],[29],[25],[7],[7],[28],[7],[0],[32],[10],[-6],[9],[23],[3],[-3],[32],[17],[1],[0],[15],[3],[4],[30],[16],[4],[4],[26],[14],[-5],[31],[2],[5],[3],[26],[9],[0],[22],[21],[9],[8],[9],[3],[10],[38],[21],[-5],[16],[19],[6],[8],[13],[-3],[8],[21],[5],[-6],[1],[15],[2],[2],[17],[2],[-6],[24],[14],[-6],[0],[19],[3],[5],[0],[29],[-5],[0],[27],[10],[0],[24],[11],[-6],[13],[21],[8],[-4],[16],[24],[8],[-7],[16],[0],[5],[4],[19],[3],[6],[22],[9],[-10],[10],[21],[2],[0],[26],[11],[0],[24],[19],[-9],[11],[-7],[0],[-3],[1],[-5],[12],[20],[0],[19],[3],[-8],[26],[13],[0],[13],[18],[4],[1],[28],[11],[-7],[27],[5],[0],[14],[-7],[12],[22],[11],[-5],[1],[-4],[24],[0],[15],[-7],[1],[33],[1],[29],[-7],[-7],[-7],[0],[-3],[2],[26],[12],[1],[2],[23],[6],[-10],[5],[8],[-6],[4],[8],[-8],[0],[-7],[-11],[-9],[8],[8],[-6],[-5],[21],[-5],[-7],[12],[-5],[-4],[24],[2],[-13],[16],[12],[-5],[5],[-9],[-7],[24],[4],[-6],[-6],[3],[-8],[22],[1],[22],[19],[-5],[12],[-5],[5],[0],[29],[16],[6],[5],[30],[-4],[1],[24],[4],[4],[25],[8],[-7],[28],[24],[3],[0],[29],[-3],[17],[4],[0],[25],[11],[-4],[0],[2],[2],[29],[-5],[-4],[2],[2],[12],[-3],[5],[0],[28],[17],[-6],[8],[22],[9],[-5],[33],[-3],[4],[-4],[10],[1],[25],[0],[25],[12],[-6],[1],[29],[10],[0],[0],[11],[-7],[4],[14],[-9],[3],[0],[20],[-8],[24],[4],[-11],[8],[15],[1],[0],[28],[12],[-10],[12],[-6],[-7],[4],[3],[28],[-11],[18],[17],[-4],[-10],[11],[13],[-8],[0],[24],[-3],[2],[23],[5],[-5],[29],[11],[1],[-4],[-10],[11],[-3],[-3],[-11],[-7],[-7],[14],[3],[-8],[0],[12],[-12],[10],[18],[-6],[-4],[1],[26],[11],[-7],[-4],[24],[7],[-5],[-7],[19],[-6],[-7],[17],[-3],[-4],[22],[-8],[-7],[-6],[22],[15],[5],[-10],[10],[19],[6],[-10],[8],[18],[-6],[26],[15],[3],[-11],[22],[10],[-5],[0],[-4],[-5],[17],[2],[-10],[0],[-8],[24],[16],[0],[2],[0],[4],[3],[-4],[8],[-7],[12],[-4],[-6],[-6],[-7],[13],[-5],[-4],[-6],[-4],[25],[3],[-7],[24],[-4],[27],[11],[0],[1],[28],[1],[1],[28],[16],[-5],[13],[21],[9],[-6],[0],[-4],[-5],[-6],[8],[17],[6],[-8],[9],[19],[0],[2],[4],[3],[30],[13],[0],[3],[20],[4],[32],[15],[0],[-3],[26],[13],[-3],[17],[24],[13],[0],[-4],[12],[13],[-6],[24],[8],[-7],[11],[23],[1],[0],[19],[4],[0],[28],[16],[6],[3],[12],[26],[2],[2],[29],[15],[-4],[16],[16],[4],[5],[33],[4],[1],[4],[0],[-4],[17],[27],[2],[16],[15],[0],[32],[19],[2],[-8],[32],[0],[0],[-5],[2],[26],[13],[1],[2],[30],[13],[1],[3],[2],[27],[1],[3],[5],[6],[2],[3],[33],[16],[-5],[12],[2],[18],[2],[3],[21],[2],[-11],[14],[2],[5],[32],[9],[2],[28],[0],[4],[32],[16],[-6],[32],[22],[3],[-2],[21],[10],[-4],[18],[14],[0],[32],[15],[3],[13],[5],[3],[3],[-5],[12],[26],[3],[8],[0],[32],[17],[2],[6],[-11],[9],[21],[11],[-4],[14],[17],[2],[3],[2],[-3],[21],[10],[0],[18],[4],[4],[4],[27],[19],[5],[2],[2],[1],[21],[4],[0],[28],[2],[27],[23],[3],[21],[7],[8],[31],[0],[22],[-6],[17],[2],[2],[26],[2],[-3],[-3],[4],[2],[28],[0],[-3],[4],[2],[30],[14],[0],[-4],[2],[0],[2],[-4],[2],[1],[2],[19],[-5],[6],[18],[-5],[16],[5],[-10],[16],[20],[0],[0],[-5],[0],[22],[0],[27],[16],[2],[-5],[-6],[-3],[1],[0],[3],[5],[21],[0],[24],[0],[1],[5],[30],[17],[0],[2],[29],[2],[14],[-3],[8],[1],[26],[14],[2],[3],[12],[-3],[30],[1],[3],[-3],[27],[-7],[0],[22],[4],[16],[-4],[15],[-4],[14],[0],[30],[18],[6],[8],[0],[1],[14],[-5],[21],[8],[-7],[0],[20],[-6],[20],[-6],[1],[30],[2],[4],[-4],[13],[-4],[-4],[-4],[28],[14],[1],[-12],[20],[-7],[-5],[1],[8],[-6],[28],[-6],[8],[-5],[6],[-5],[-7],[12],[3],[0],[24],[16],[4],[-10],[8],[-5],[-7],[8],[29],[2],[14],[-5],[0],[26],[2],[1],[27],[3],[7],[1],[2],[13],[-3],[32],[1],[13],[1],[4],[3],[0],[-3],[2],[4],[8],[2],[3],[11],[-7],[10],[21],[8],[-7],[26],[5],[-10],[20],[6],[-12],[29],[15],[4],[2],[27],[-5],[-6],[0],[1],[3],[21],[1],[21],[4],[-6],[29],[11],[3],[24],[19],[-4],[8],[27],[8],[0],[1],[1],[27],[12],[1],[5],[10],[34],[1],[2],[3],[1],[12],[-5],[0],[26],[1],[-3],[16],[-6],[11],[0],[10],[0],[-4],[2],[2],[3],[0],[-3],[3],[1],[-6],[6],[-7],[30],[15],[-4],[13],[22],[3],[3],[29],[0],[-3],[16],[3],[-3],[26],[1],[1],[10],[-4],[12],[-3],[3],[2],[1],[-4],[19],[-4],[27],[3],[6],[31],[10],[4],[29],[15],[6],[6],[3],[7],[9],[28],[13],[-5],[32],[8],[8],[4],[-4],[19],[3],[30],[14],[2],[0],[17],[26],[12],[0],[17],[3],[5],[3],[2],[32],[16],[2],[33],[20],[6],[9],[30],[12],[8],[29],[2],[25],[10],[-6],[25],[3],[35],[0],[20],[24],[8],[5],[26],[13],[3],[8],[33],[17],[1],[23],[10],[10],[37],[4],[1],[2],[32],[20],[8],[26],[9],[6],[36],[5],[6],[3],[5],[19],[8],[13],[32],[14],[3],[1],[14],[2],[8],[4],[2],[3],[16],[21],[4],[17],[1],[22],[3],[4],[11],[0],[20],[-5],[17],[26],[7],[-8],[13],[26],[2],[3],[13],[-3],[0],[27],[16],[3],[6],[26],[3],[3],[3],[33],[17],[4],[6],[33],[0],[12],[1],[3],[26],[9],[-6],[-7],[-3],[1],[11],[-4],[14],[24],[11],[-2],[35],[5],[-5],[26],[-6],[-8],[-4],[29],[-3],[19],[5],[0],[0],[34],[18],[-4],[2],[27],[10],[-5],[0],[21],[3],[0],[-3],[4],[0],[0],[0],[1],[1],[0],[1],[34],[14],[-3],[17],[21],[5],[6],[9],[0],[0],[20],[21],[5],[0],[24],[-7],[10],[24],[3],[32],[17],[4],[2],[29],[15],[5],[7],[2],[6],[33],[15],[1],[16],[5],[3],[16],[25],[13],[-3],[14],[21],[3],[4],[0],[27],[14],[-8],[29],[21],[6],[18],[-6],[5],[-8],[2],[18],[-8],[14],[2],[8],[-8],[14],[-6],[-3],[29],[14],[0],[0],[22],[9],[-5],[0],[15],[-4],[3],[27],[16],[-3],[1],[2],[2],[21],[0],[16],[4],[4],[1],[32],[20],[3],[3],[-6],[0],[0],[24],[-3],[-3],[-3],[1],[-6],[-5],[-5],[0],[-3],[3],[3],[30],[14],[-3],[2],[25],[-5],[21],[7],[-3],[1],[0],[2],[19],[4],[5],[27],[2],[-10],[16],[1],[5],[8],[3],[28],[0],[32],[5],[-3],[20],[20],[-3],[2],[-6],[21],[6],[-5],[13],[22],[-4],[12],[21],[0],[29],[14],[-6],[6],[1],[28],[14],[1],[3],[31],[19],[3],[8],[3],[2],[4],[12],[28],[0],[0],[28],[11],[-6],[12],[17],[1],[2],[29],[17],[-7],[10],[17],[-4],[12],[20],[-8],[-8],[0],[24],[8],[-4],[0],[24],[-3],[25],[8],[-7],[18],[19],[9],[0],[32],[25],[4],[17],[1],[16],[1],[27],[11],[1],[1],[1],[27],[3],[-3],[-5],[-4],[8],[24],[1],[4],[33],[11],[-6],[-3],[31],[15],[-5],[0],[24],[9],[-3],[19],[3],[4],[33],[11],[1],[1],[0],[17],[4],[5],[27],[16],[-8],[27],[20],[1],[19],[9],[6],[31],[0],[32],[20],[3],[2],[27],[5],[6],[4],[-10],[29],[14],[-4],[14],[12],[1],[29],[13],[-3],[17],[18],[2],[4],[27],[2],[6],[-4],[1],[28],[2],[24],[10],[-3],[27],[4],[-8],[6],[-5],[21],[13],[-5],[-6],[21],[8],[-5],[-5],[24],[10],[-3],[-3],[27],[15],[-5],[32],[-5],[-5],[2],[20],[0],[-3],[-4],[20],[1],[0],[-4],[-5],[-7],[-6],[12],[24],[8],[-7],[10],[14],[-3],[-3],[25],[11],[-4],[2],[24],[-3],[9],[-12],[33],[18],[0],[1],[20],[-3],[8],[14],[1],[3],[0],[1],[15],[3],[8],[12],[-6],[11],[18],[-8],[0],[17],[0],[24],[19],[0],[29],[14],[-4],[8],[23],[4],[0],[26],[8],[-3],[-4],[-6],[-10],[18],[2],[3],[26],[11],[-4],[-4],[21],[0],[24],[3],[1],[17],[4],[0],[26],[19],[6],[2],[25],[-3],[-5],[16],[0],[-6],[0],[13],[21],[-5],[-3],[16],[21],[9],[1],[29],[16],[0],[27],[9],[1],[31],[9],[-6],[26],[6],[-8],[26],[18],[-4],[-5],[2],[18],[-2],[-4],[20],[-3],[18],[24],[2],[0],[13],[-3],[-5],[31],[16],[4],[4],[29],[6],[-6],[32],[14],[1],[2],[2],[14],[-5],[12],[20],[-6],[-4],[16],[25],[13],[-4],[16],[14],[-3],[0],[24],[2],[15],[1],[0],[26],[4],[0],[28],[15],[3],[-4],[27],[10],[-11],[-6],[0],[5],[-12],[26],[12],[-6],[20],[5],[-7],[23],[-7],[-6],[-6],[-6],[3],[-11],[7],[-3],[1],[1],[-12],[6],[-12],[-9],[-16],[16],[-13],[-10],[-12],[17],[4],[-8],[-6],[-5],[-5],[-12],[9],[-4],[25],[-8],[-6],[-7],[13],[-6],[-5],[-5],[-7],[-5],[0],[2],[32],[14],[3],[3],[29],[16],[2],[-3],[18],[-5],[-6],[21],[8],[-5],[2],[24],[12],[1],[1],[1],[-4],[1],[-4],[3],[26],[10],[-6],[17],[16],[-3],[0],[20],[-3],[22],[23],[6],[4],[22],[8],[-3],[28],[11],[3],[18],[29],[15],[-4],[10],[-8],[-4],[0],[8],[4],[33],[16],[1],[2],[24],[3],[0],[11],[-8],[22],[0],[0],[28],[0],[0],[16],[1],[3],[19],[5],[5],[3],[12],[-3],[1],[-3],[0],[29],[15],[0],[22],[19],[5],[0],[25],[9],[-6],[10],[0],[-4],[1],[2],[1],[28],[3],[-6],[22],[4],[1],[29],[6],[-7],[24],[17],[1],[11],[21],[5],[0],[1],[9],[-7],[12],[19],[2],[0],[21],[-6],[-4],[12],[19],[2],[-11],[24],[18],[-4],[-6],[-7],[-10],[12],[15],[-8],[13],[-12],[12],[-13],[1],[3],[24],[6],[-11],[-8],[-7],[-11],[24],[13],[-5],[12],[-3],[-4],[21],[3],[-10],[24],[3],[2],[26],[10],[-4],[1],[16],[-7],[6],[13],[-8],[-8],[-11],[-9],[-7],[9],[-5],[1],[24],[0],[1],[29],[11],[1],[1],[-7],[9],[19],[9],[-10],[8],[18],[-5],[-5],[21],[9],[-5],[-5],[-8],[-5],[-7],[-7],[-6],[9],[-3],[27],[10],[-5],[-5],[24],[6],[-5],[8],[18],[7],[-9],[8],[14],[-7],[-8],[25],[9],[-7],[8],[17],[5],[-6],[26],[10],[-7],[-7],[-6],[-11],[18],[17],[3],[1],[26],[16],[4],[5],[2],[12],[-5],[-5],[19],[-5],[4],[-11],[20],[0],[-4],[-7],[-8],[20],[16],[3],[0],[8],[-7],[-4],[0],[-8],[-5],[-5],[-3],[-3],[2],[8],[25],[9],[-5],[24],[10],[-4],[8],[19],[4],[6],[33],[16],[-3],[0],[21],[-3],[1],[3],[27],[12],[-5],[10],[9],[-4],[15],[25],[0],[-3],[19],[-4],[11],[17],[0],[1],[25],[7],[-6],[13],[16],[2],[4],[30],[13],[-12],[20],[-4],[30],[1],[2],[28],[0],[-4],[30],[-3],[-3],[-7],[15],[3],[5],[30],[16],[3],[0],[22],[-6],[1],[1],[22],[0],[1],[-5],[-3],[1],[-3],[0],[6],[8],[30],[13],[-3],[-5],[-7],[15],[-3],[1],[6],[20],[1],[12],[-3],[13],[0],[-3],[0],[33],[3],[31],[4],[2],[28],[16],[2],[4],[30],[3],[8],[-7],[9],[1],[28],[18],[6],[22],[1],[1],[18],[5],[4],[5],[2],[28],[1],[24],[8],[0],[32],[15],[-5],[11],[-6],[-6],[1],[3],[3],[28],[2],[2],[4],[3],[2],[19],[6],[8],[3],[0],[1],[-6],[-6],[17],[3],[3],[32],[7],[8],[32],[-3],[-4],[12],[-3],[12],[20],[-3],[15],[21],[6],[-7],[2],[4],[-3],[28],[3],[2],[4],[9],[8],[29],[11],[4],[32],[3],[28],[13],[0],[16],[1],[34],[4],[12],[-4],[16],[19],[2],[1],[26],[12],[-3],[12],[22],[5],[6],[32],[17],[2],[1],[27],[11],[-7],[11],[4],[-3],[3],[11],[-8],[-6],[10],[18],[8],[-10],[12],[17],[0],[15],[-4],[0],[-4],[24],[7],[-7],[27],[-6],[3],[0],[25],[4],[-11],[25],[14],[-7],[12],[-3],[-6],[25],[-3],[-4],[-4],[-8],[25],[4],[-10],[16],[10],[-3],[0],[25],[4],[1],[28],[13],[0],[1],[28],[14],[0],[-3],[14],[23],[8],[-5],[-6],[-7],[-4],[-4],[21],[8],[-7],[12],[20],[6],[-6],[0],[-4],[-5],[10],[-5],[-4],[0],[0],[30],[10],[-7],[12],[19],[-3],[1],[0],[24],[14],[-7],[11],[20],[3],[3],[29],[14],[2],[0],[2],[1],[2],[22],[5],[8],[32],[20],[4],[6],[29],[7],[9],[33],[19],[0],[1],[29],[11],[-4],[15],[14],[2],[3],[4],[23],[1],[2],[17],[27],[4],[1],[28],[1],[32],[22],[8],[5],[33],[20],[5],[9],[5],[0],[22],[9],[10],[2],[34],[24],[4],[13],[2],[34],[17],[1],[18],[24],[11],[1],[5],[11],[12],[37],[21],[6],[3],[32],[6],[31],[13],[5],[34],[20],[5],[9],[8],[6],[24],[9],[8],[34],[5],[2],[-5],[28],[23],[5],[5],[35],[25],[9],[10],[37],[4],[16],[29],[16],[5],[10],[0],[3],[13],[0],[33],[0],[20],[25],[11],[12],[35],[14],[1],[26],[33],[19],[8],[36],[11],[11],[12],[26],[4],[-4],[2],[3],[13],[0],[32],[16],[6],[7],[32],[14],[2],[12],[23],[8],[7],[6],[3],[3],[17],[1],[-3],[27],[6],[32],[20],[6],[6],[25],[11],[8],[9],[14],[3],[5],[22],[6],[3],[22],[10],[-5],[16],[20],[0],[5],[5],[34],[20],[4],[3],[27],[0],[30],[4],[-3],[16],[-3],[10],[-7],[21],[8],[0],[24],[24],[7],[46],[45],[86],[60],[30],[11],[-22],[-36],[-62],[-32],[-31],[-35],[-5],[36],[21],[33],[50],[20],[46],[38],[-9],[50],[26],[10],[10],[25],[-17],[-23],[-6],[-36],[-36],[2],[-18],[-19],[17],[35],[27],[31],[17],[10],[13],[37],[-8],[9],[-6],[4],[-18],[-10],[-10],[21],[25],[11],[13],[36],[26],[-7],[32],[-7],[-14],[0],[-6],[-40],[-12],[-11],[-17],[-19],[-12],[-11],[10],[5],[-18],[1],[-8],[-16],[19],[16],[8],[28],[2],[17],[3],[38],[45],[17],[57],[73],[46],[67],[67],[31],[-30],[-39],[-90],[-82],[-51],[-91],[-69],[-55],[-37],[-19],[25],[6],[-29],[-27],[-66],[-93],[-140],[-118],[-150],[-175],[-208],[-208],[-193],[17],[169],[324],[369],[387],[292],[210],[89],[17],[-29],[-59],[-189],[-266],[-244],[-148],[-113],[-87],[-95],[-12],[-12],[9],[116],[203],[262],[273],[226],[179],[156],[78],[2],[-58],[-128],[-231],[-254],[-164],[-109],[-68],[9],[57],[74],[64],[110],[131],[159],[160],[102],[82],[102],[110],[72],[27],[0],[-65],[-104],[-69],[32],[77],[107],[190],[209],[192],[198],[169],[152],[78],[-26],[-56],[-64],[-48],[-11],[-19],[-21],[16],[5],[44],[87],[81],[84],[101],[61],[14],[-18],[-62],[-143],[-221],[-257],[-301],[-322],[-326],[-318],[-386],[-483],[-560],[-604],[-509],[25],[552],[907],[939],[904],[744],[461],[179],[-57],[-91],[-279],[-618],[-716],[-517],[-349],[-289],[-219],[-136],[-74],[-85],[-44],[232],[504],[564],[511],[554],[515],[334],[185],[78],[-142],[-451],[-680],[-631],[-436],[-335],[-230],[-16],[109],[79],[101],[258],[389],[363],[239],[230],[258],[210],[202],[211],[80],[-165],[-333],[-350],[-322],[-316],[-256],[-133],[-31],[10],[153],[278],[371],[307],[225],[177],[149],[138],[91],[89],[78],[-48],[-151],[-160],[-181],[-229],[-207],[-173],[-135],[-70],[49],[167],[254],[275],[228],[203],[149],[46],[-15],[-36],[-100],[-165],[-190],[-201],[-131],[-82],[-65],[5],[32],[96],[212],[319],[382],[368],[289],[193],[82],[-43],[-119],[-181],[-219],[-210],[-164],[-79],[33],[111],[178],[193],[186],[158],[153],[98],[40],[1],[-116],[-207],[-265],[-295],[-319],[-302],[-308],[-252],[-255],[-243],[-230],[-246],[-282],[-389],[-605],[-590],[196],[739],[994],[966],[893],[590],[262],[-124],[-342],[-80],[-368],[-909],[-871],[-370],[-207],[-257],[-138],[-7],[115],[-111],[-180],[356],[733],[582],[492],[596],[542],[302],[87],[9],[-111],[-588],[-930],[-719],[-370],[-292],[-189],[116],[232],[168],[106],[413],[623],[392],[100],[144],[280],[177],[58],[92],[83],[-223],[-522],[-455],[-239],[-212],[-252],[-109],[85],[152],[190],[368],[479],[336],[110],[99],[130],[42],[-64],[-30],[28],[-39],[-145],[-97],[104],[188],[94],[75],[187],[188],[97],[136],[224],[115],[-75],[-157],[-215],[-180],[-143],[-99],[-55],[-36],[-8],[44],[177],[207],[105],[41],[41],[-37],[-101],[-97],[-96],[-184],[-315],[-365],[-368],[-340],[-391],[-452],[-531],[-654],[-782],[-366],[387],[993],[1182],[1120],[944],[670],[291],[-98],[-144],[-142],[-555],[-913],[-710],[-342],[-266],[-293],[-212],[-79],[-92],[-227],[-51],[562],[844],[667],[584],[660],[621],[339],[9],[-150],[-400],[-818],[-1019],[-743],[-341],[-187],[-117],[51],[158],[146],[176],[385],[526],[318],[155],[219],[381],[352],[189],[96],[-23],[-310],[-543],[-492],[-260],[-200],[-257],[-106],[165],[268],[320],[369],[428],[346],[133],[71],[178],[189],[184],[215],[195],[74],[-35],[-154],[-150],[-136],[-142],[-101],[96],[200],[278],[357],[329],[164],[6],[-153],[-216],[-169],[-182],[-213],[-155],[-79],[-104],[-77],[-65],[-87],[-162],[-183],[-135],[-54],[-55],[-121],[-214],[-371],[-517],[-717],[-922],[-834],[-261],[461],[923],[1098],[1075],[910],[602],[237],[-71],[-183],[-349],[-708],[-860],[-562],[-229],[-166],[-172],[-41],[68],[-39],[-154],[17],[392],[548],[411],[413],[518],[508],[219],[-52],[-191],[-421],[-786],[-870],[-516],[-159],[-27],[45],[173],[310],[296],[255],[339],[340],[123],[-40],[83],[249],[211],[96],[25],[-56],[-261],[-372],[-257],[-108],[-100],[-96],[86],[318],[394],[324],[316],[339],[243],[22],[-30],[64],[194],[185],[153],[158],[28],[-155],[-276],[-149],[-40],[26],[154],[234],[305],[341],[288],[207],[22],[-186],[-331],[-338],[-284],[-226],[-150],[-68],[-71],[-86],[-109],[-127],[-129],[-108],[-88],[-20],[-48],[-112],[-251],[-355],[-584],[-840],[-1103],[-885],[-56],[692],[1084],[1093],[1057],[952],[610],[206],[-33],[-34],[-452],[-991],[-998],[-513],[-243],[-221],[-181],[-22],[104],[-126],[-165],[273],[725],[612],[385],[490],[612],[509],[176],[-72],[-184],[-499],[-908],[-848],[-368],[-94],[-135],[-70],[104],[225],[277],[277],[360],[349],[82],[-10],[202],[332],[308],[179],[37],[-133],[-361],[-469],[-339],[-189],[-229],[-181],[120],[365],[458],[416],[483],[426],[225],[-29],[-14],[200],[250],[200],[202],[62],[-116],[-246],[-260],[-201],[-112],[-60],[-14],[136],[269],[357],[406],[260],[37],[-122],[-180],[-194],[-231],[-192],[-157],[-164],[-215],[-259],[-171],[-72],[-75],[-95],[-100],[-39],[-108],[-245],[-356],[-485],[-700],[-1023],[-1010],[-86],[753],[1289],[1265],[1099],[860],[581],[208],[-112],[-27],[-266],[-890],[-1084],[-658],[-215],[-117],[-142],[-143],[45],[0],[-142],[148],[713],[764],[409],[332],[429],[522],[330],[-124],[-294],[-479],[-829],[-976],[-603],[-131],[16],[-77],[-38],[232],[463],[431],[365],[382],[227],[-21],[-36],[187],[294],[191],[-58],[-212],[-255],[-310],[-278],[-148],[-63],[-91],[-29],[184],[412],[491],[473],[445],[300],[120],[5],[134],[229],[166],[72],[-17],[-141],[-186],[-156],[-115],[-10],[58],[-8],[132],[268],[291],[298],[234],[40],[-160],[-211],[-210],[-199],[-236],[-269],[-238],[-219],[-191],[-149],[8],[77],[45],[27],[61],[-20],[-181],[-398],[-631],[-844],[-1075],[-1229],[-453],[526],[1314],[1371],[1247],[956],[752],[395],[-30],[-43],[-131],[-669],[-1023],[-818],[-279],[-85],[-196],[-320],[-145],[-62],[-132],[40],[566],[918],[683],[409],[436],[517],[416],[-75],[-413],[-513],[-682],[-894],[-650],[-124],[139],[8],[-143],[-12],[269],[339],[260],[285],[281],[139],[26],[115],[300],[240],[-40],[-316],[-360],[-316],[-276],[-206],[-56],[29],[92],[160],[351],[524],[506],[349],[208],[46],[-91],[15],[177],[161],[36],[-69],[-165],[-167],[-110],[-51],[146],[232],[172],[237],[396],[452],[301],[125],[-51],[-283],[-408],[-386],[-317],[-257],[-292],[-301],[-252],[-166],[-114],[-62],[49],[62],[63],[113],[112],[40],[-225],[-513],[-765],[-994],[-1186],[-1052],[-9],[815],[1384],[1317],[1105],[936],[753],[281],[-86],[-88],[-372],[-856],[-1023],[-646],[-125],[-17],[-206],[-208],[5],[29],[16],[311],[781],[921],[586],[379],[469],[562],[225],[-312],[-605],[-666],[-820],[-876],[-541],[-22],[150],[-23],[-97],[215],[463],[429],[274],[238],[260],[115],[-12],[93],[195],[22],[-322],[-499],[-449],[-328],[-256],[-185],[-28],[133],[229],[281],[449],[563],[512],[316],[156],[77],[24],[78],[69],[29],[-89],[-222],[-291],[-267],[-142],[-3],[125],[213],[320],[466],[541],[478],[372],[168],[-99],[-305],[-369],[-340],[-301],[-311],[-325],[-285],[-204],[-157],[-120],[-8],[22],[25],[68],[113],[106],[-68],[-321],[-596],[-788],[-994],[-1158],[-797],[182],[980],[1361],[1300],[1077],[991],[653],[112],[-178],[-212],[-610],[-1016],[-1031],[-600],[-155],[-90],[-222],[-92],[137],[160],[159],[465],[906],[895],[511],[377],[425],[440],[68],[-436],[-651],[-719],[-865],[-865],[-503],[-13],[163],[9],[83],[490],[699],[583],[369],[297],[230],[46],[-124],[-47],[67],[-107],[-383],[-474],[-333],[-149],[-146],[-134],[32],[214],[276],[350],[517],[659],[513],[260],[89],[-21],[-96],[-133],[-151],[-146],[-151],[-178],[-140],[-13],[86],[149],[219],[252],[289],[363],[367],[323],[162],[-23],[-223],[-362],[-436],[-443],[-418],[-427],[-381],[-276],[-124],[25],[106],[241],[269],[264],[256],[174],[-23],[-334],[-606],[-788],[-931],[-1077],[-1142],[-968],[-10],[773],[1340],[1447],[1311],[1044],[758],[376],[-12],[-43],[-352],[-838],[-1014],[-798],[-400],[-267],[-288],[-264],[-22],[68],[126],[416],[865],[1022],[739],[511],[457],[475],[244],[-252],[-589],[-676],[-796],[-879],[-645],[-191],[83],[47],[-16],[250],[615],[676],[437],[306],[330],[175],[-82],[-130],[32],[-17],[-323],[-513],[-389],[-119],[-62],[-139],[4],[265],[336],[329],[448],[652],[601],[301],[28],[-104],[-148],[-275],[-327],[-243],[-144],[-112],[-13],[119],[240],[318],[312],[300],[276],[274],[297],[314],[144],[-105],[-258],[-369],[-501],[-551],[-526],[-476],[-423],[-306],[-113],[99],[264],[269],[274],[331],[287],[152],[-54],[-258],[-455],[-607],[-782],[-934],[-968],[-1064],[-996],[-117],[777],[1390],[1456],[1321],[1073],[869],[478],[40],[-65],[-324],[-780],[-1064],[-922],[-496],[-247],[-248],[-207],[48],[141],[204],[412],[767],[909],[654],[369],[352],[452],[321],[-77],[-446],[-620],[-786],[-910],[-727],[-312],[6],[15],[3],[329],[754],[731],[477],[264],[163],[44],[-187],[-227],[-26],[-9],[-234],[-380],[-242],[-50],[-74],[-166],[-26],[248],[331],[354],[455],[625],[607],[335],[23],[-100],[-212],[-412],[-462],[-310],[-169],[-27],[70],[237],[348],[377],[340],[252],[241],[296],[273],[181],[26],[-143],[-255],[-351],[-477],[-528],[-538],[-508],[-401],[-190],[33],[230],[308],[273],[255],[266],[208],[29],[-187],[-280],[-365],[-481],[-548],[-595],[-641],[-815],[-1053],[-992],[-76],[792],[1355],[1439],[1260],[1071],[835],[355],[-20],[-30],[-328],[-873],[-1176],[-921],[-371],[0],[-13],[-71],[106],[93],[26],[249],[657],[792],[469],[192],[302],[557],[489],[74],[-336],[-607],[-825],[-896],[-622],[-178],[131],[138],[120],[333],[625],[614],[299],[32],[-46],[-168],[-242],[-140],[105],[211],[82],[-116],[-186],[-71],[13],[-68],[-36],[134],[237],[306],[380],[452],[446],[142],[-247],[-411],[-331],[-235],[-176],[-96],[22],[157],[255],[342],[394],[338],[262],[123],[90],[160],[146],[53],[-95],[-319],[-468],[-495],[-552],[-552],[-444],[-286],[-123],[78],[306],[451],[482],[403],[212],[77],[-45],[-127],[-240],[-307],[-342],[-358],[-435],[-483],[-527],[-619],[-760],[-939],[-998],[-409],[543],[1347],[1659],[1532],[1225],[978],[582],[16],[-299],[-485],[-883],[-1107],[-959],[-413],[5],[-18],[-217],[-112],[22],[-37],[28],[355],[630],[645],[548],[590],[743],[726],[194],[-383],[-663],[-812],[-925],[-772],[-411],[-36],[94],[14],[111],[373],[497],[278],[44],[35],[162],[241],[258],[354],[358],[149],[-139],[-237],[-163],[-138],[-215],[-255],[-131],[82],[250],[233],[234],[260],[126],[-93],[-147],[-22],[113],[148],[149],[173],[192],[174],[124],[43],[66],[12],[-69],[-20],[148],[236],[135],[-79],[-232],[-299],[-353],[-390],[-399],[-309],[-174],[-48],[98],[290],[412],[395],[233],[150],[97],[15],[-88],[-151],[-223],[-269],[-319],[-322],[-327],[-437],[-469],[-503],[-537],[-563],[-580],[-605],[-340],[446],[1161],[1560],[1526],[1180],[772],[443],[7],[-368],[-439],[-610],[-907],[-1052],[-828],[-392],[-128],[-200],[-232],[-61],[60],[216],[507],[909],[1085],[833],[556],[474],[507],[211],[-315],[-735],[-856],[-975],[-1038],[-768],[-343],[-65],[-53],[59],[434],[792],[808],[580],[524],[544],[341],[96],[84],[213],[54],[-294],[-439],[-380],[-314],[-411],[-413],[-237],[-69],[-27],[61],[339],[627],[662],[463],[354],[375],[220],[-12],[-138],[-159],[-295],[-507],[-492],[-237],[-3],[34],[52],[168],[278],[296],[246],[181],[69],[-143],[-298],[-333],[-223],[-122],[-101],[-21],[42],[155],[173],[186],[236],[195],[83],[-24],[-71],[-113],[-139],[-194],[-292],[-326],[-362],[-401],[-374],[-257],[-147],[-131],[-223],[-309],[-397],[-457],[-136],[555],[1104],[1208],[1008],[720],[553],[175],[-312],[-530],[-598],[-853],[-1011],[-838],[-414],[-7],[106],[146],[273],[372],[317],[387],[564],[676],[554],[318],[190],[208],[111],[-316],[-693],[-886],[-933],[-879],[-595],[-179],[186],[403],[505],[709],[870],[804],[522],[221],[34],[-56],[-144],[-212],[-221],[-196],[-230],[-365],[-387],[-309],[-165],[-72],[-35],[195],[427],[562],[625],[651],[536],[328],[26],[-270],[-382],[-441],[-494],[-545],[-439],[-248],[-70],[53],[158],[244],[268],[273],[273],[337],[400],[334],[180],[68],[-16],[-163],[-307],[-381],[-350],[-355],[-286],[-114],[104],[269],[325],[319],[341],[337],[189],[64],[-12],[-120],[-283],[-363],[-342],[-255],[-169],[-135],[-102],[-76],[-90],[-206],[-274],[-335],[-468],[-606],[-550],[76],[684],[1056],[1042],[777],[523],[282],[12],[-189],[-157],[-257],[-589],[-756],[-580],[-174],[-3],[-107],[-186],[-84],[-50],[17],[187],[485],[677],[463],[222],[303],[407],[250],[-127],[-432],[-485],[-493],[-534],[-356],[-21],[161],[113],[-18],[108],[280],[277],[85],[3],[99],[156],[153],[189],[340],[293],[57],[-163],[-173],[-107],[-146],[-255],[-219],[-88],[-13],[56],[131],[228],[232],[36],[-106],[-71],[9],[-43],[-102],[-63],[-11],[-69],[-71],[47],[150],[147],[97],[144],[292],[346],[298],[248],[156],[-24],[-240],[-328],[-355],[-326],[-274],[-191],[-14],[194],[323],[386],[394],[408],[307],[132],[44],[-18],[-55],[-164],[-268],[-279],[-221],[-174],[-142],[-132],[-115],[-148],[-140],[-149],[-122],[-191],[-321],[-464],[-512],[-446],[-235],[294],[767],[1060],[1049],[847],[573],[289],[-50],[-439],[-650],[-769],[-866],[-830],[-562],[-228],[-29],[9],[64],[214],[310],[388],[561],[668],[707],[493],[305],[244],[87],[-184],[-551],[-835],[-926],[-878],[-733],[-429],[-30],[328],[496],[627],[799],[825],[694],[409],[164],[24],[-75],[-200],[-268],[-224],[-188],[-291],[-383],[-408],[-327],[-207],[-136],[-31],[188],[428],[495],[511],[553],[507],[324],[42],[-173],[-249],[-307],[-402],[-388],[-292],[-167],[-112],[-52],[35],[145],[211],[289],[347],[488],[561],[511],[312],[100],[-61],[-240],[-429],[-508],[-406],[-230],[-135],[27],[251],[504],[574],[413],[292],[196],[104],[-45],[-160],[-149],[-95],[-167],[-299],[-286],[-196],[-186],[-220],[-138],[-10],[128],[129],[84],[89],[33],[-259],[-559],[-699],[-659],[-527],[-208],[216],[685],[855],[808],[680],[530],[378],[50],[-290],[-454],[-551],[-643],[-619],[-462],[-246],[-149],[-159],[-144],[-15],[171],[312],[438],[554],[608],[511],[364],[256],[179],[-80],[-475],[-716],[-682],[-567],[-435],[-214],[56],[222],[257],[245],[333],[400],[312],[128],[28],[75],[146],[176],[184],[150],[21],[-173],[-372],[-420],[-342],[-317],[-254],[-51],[176],[324],[404],[478],[438],[297],[94],[-61],[-115],[-84],[-118],[-141],[-77],[-38],[-45],[-44],[-31],[7],[-3],[-63],[-28],[130],[380],[540],[530],[448],[280],[90],[-111],[-239],[-261],[-281],[-328],[-291],[-62],[166],[269],[336],[350],[287],[195],[99],[60],[72],[0],[-147],[-244],[-235],[-235],[-280],[-308],[-238],[-197],[-140],[-93],[27],[125],[61],[-28],[-106],[-143],[-255],[-380],[-422],[-363],[-203],[84],[483],[660],[640],[382],[130],[-22],[-178],[-296],[-312],[-291],[-319],[-256],[-112],[100],[138],[31],[-96],[-91],[-35],[51],[157],[293],[352],[223],[70],[58],[19],[-124],[-292],[-370],[-338],[-264],[-171],[30],[270],[354],[335],[282],[282],[258],[136],[-69],[-163],[-167],[-211],[-183],[-137],[-67],[-36],[-91],[-87],[33],[131],[180],[248],[296],[323],[284],[204],[88],[-7],[-86],[-176],[-242],[-192],[-79],[-63],[-39],[46],[99],[150],[128],[98],[104],[49],[38],[28],[74],[214],[275],[285],[267],[230],[179],[-7],[-164],[-203],[-185],[-133],[-55],[27],[80],[94],[49],[-8],[22],[50],[66],[19],[24],[62],[74],[50],[16],[-61],[-174],[-280],[-287],[-184],[-33],[51],[118],[122],[79],[-24],[-103],[-202],[-325],[-461],[-528],[-523],[-428],[-292],[-167],[146],[566],[770],[753],[532],[369],[190],[-101],[-302],[-354],[-398],[-509],[-592],[-407],[-158],[-69],[-123],[-68],[94],[248],[281],[352],[508],[578],[415],[241],[181],[104],[-120],[-366],[-513],[-525],[-550],[-525],[-333],[-102],[57],[155],[266],[411],[524],[464],[324],[225],[201],[113],[25],[-6],[-58],[-126],[-170],[-220],[-223],[-168],[-103],[-101],[-67],[12],[129],[274],[319],[322],[371],[312],[269],[193],[133],[79],[13],[-126],[-189],[-148],[-96],[-69],[-88],[-93],[-75],[-49],[-28],[63],[171],[227],[196],[212],[294],[248],[178],[140],[36],[-103],[-213],[-253],[-189],[-99],[-48],[-23],[48],[89],[107],[67],[45],[41],[13],[-31],[-32],[36],[33],[-38],[-72],[-44],[-60],[-93],[-85],[3],[54],[60],[67],[11],[-52],[-144],[-305],[-449],[-513],[-556],[-579],[-556],[-453],[-390],[-97],[347],[817],[970],[899],[733],[536],[303],[25],[-97],[-211],[-469],[-717],[-786],[-619],[-414],[-334],[-305],[-140],[44],[194],[412],[717],[847],[702],[511],[379],[246],[33],[-272],[-457],[-575],[-644],[-589],[-379],[-111],[72],[53],[97],[277],[369],[354],[351],[411],[361],[255],[195],[163],[97],[-98],[-299],[-372],[-320],[-277],[-182],[-20],[129],[212],[220],[251],[352],[328],[171],[50],[14],[-36],[-86],[-90],[-40],[-74],[-168],[-176],[-82],[17],[52],[40],[81],[130],[165],[242],[289],[260],[170],[40],[-74],[-118],[-143],[-238],[-266],[-175],[-135],[-53],[40],[160],[208],[193],[184],[139],[136],[72],[72],[24],[10],[-66],[-122],[-148],[-161],[-175],[-159],[-148],[-143],[-74],[64],[130],[148],[130],[141],[84],[-10],[-83],[-114],[-116],[-115],[-150],[-142],[-103],[-123],[-206],[-269],[-275],[-279],[-318],[-330],[-271],[-289],[94],[511],[882],[837],[632],[445],[208],[-119],[-328],[-310],[-325],[-509],[-564],[-390],[-39],[97],[54],[42],[82],[41],[11],[185],[421],[467],[320],[209],[261],[288],[88],[-218],[-325],[-346],[-450],[-440],[-174],[129],[181],[109],[157],[255],[248],[116],[48],[76],[124],[53],[72],[219],[259],[137],[-10],[-85],[-140],[-203],[-222],[-141],[-36],[17],[108],[200],[275],[274],[200],[97],[25],[4],[-52],[-44],[56],[57],[21],[20],[23],[-46],[-128],[-144],[-146],[-128],[-107],[-78],[36],[69],[75],[33],[19],[-43],[-126],[-162],[-174],[-178],[-158],[-154],[-151],[-79],[-42],[41],[93],[122],[219],[251],[239],[232],[156],[90],[20],[-82],[-121],[-100],[-122],[-130],[-62],[41],[192],[191],[218],[178],[167],[102],[56],[9],[-43],[-92],[-136],[-187],[-168],[-139],[-154],[-146],[-88],[-77],[-40],[-28],[-38],[-9],[-54],[-133],[-219],[-301],[-394],[-456],[-46],[363],[762],[714],[534],[374],[214],[-91],[-290],[-254],[-316],[-549],[-607],[-355],[45],[136],[132],[164],[231],[134],[129],[255],[450],[420],[249],[180],[292],[226],[-47],[-292],[-397],[-495],[-576],[-490],[-144],[137],[229],[255],[372],[521],[453],[291],[197],[121],[-62],[-203],[-173],[-68],[-52],[-171],[-207],[-162],[-182],[-205],[-136],[-13],[41],[114],[221],[330],[356],[266],[102],[-34],[-160],[-290],[-329],[-268],[-182],[-184],[-124],[21],[66],[40],[34],[14],[0],[-8],[-3],[72],[160],[141],[130],[121],[44],[-56],[-105],[-118],[-103],[-116],[-64],[-24],[1],[-5],[-10],[-9],[22],[-19],[0],[90],[153],[213],[306],[343],[348],[244],[99],[-32],[-124],[-255],[-307],[-235],[-172],[-78],[33],[104],[173],[218],[153],[153],[150],[102],[89],[86],[100],[108],[42],[-38],[-82],[-126],[-180],[-200],[-142],[-102],[-53],[24],[50],[88],[115],[59],[3],[-43],[-100],[-87],[-36],[-55],[-47],[-60],[-105],[-212],[-279],[-300],[-205],[-84],[72],[324],[445],[484],[378],[228],[99],[-85],[-234],[-290],[-302],[-293],[-247],[-161],[-76],[2],[22],[42],[38],[34],[58],[149],[197],[245],[267],[196],[98],[16],[-131],[-285],[-380],[-383],[-349],[-252],[-126],[-4],[109],[185],[224],[241],[195],[128],[89],[17],[-6],[-13],[-22],[-27],[-80],[-99],[-69],[-85],[-46],[-28],[28],[69],[110],[162],[194],[214],[164],[93],[57],[-22],[-97],[-118],[-133],[-111],[-75],[-66],[-54],[-20],[28],[82],[95],[128],[131],[102],[115],[130],[136],[154],[95],[37],[-22],[-73],[-158],[-181],[-186],[-165],[-158],[-98],[-7],[99],[123],[140],[157],[102],[52],[36],[15],[5],[35],[44],[93],[105],[112],[77],[-4],[-22],[8],[38],[46],[117],[165],[160],[139],[84],[51],[-7],[-75],[-113],[-125],[-86],[-91],[-67],[-19],[-14],[-21],[2],[21],[83],[137],[113],[104],[83],[56],[-5],[-95],[-147],[-160],[-174],[-216],[-170],[-116],[-83],[-64],[-52],[-32],[0],[-45],[-79],[-21],[4],[-50],[-87],[-67],[6],[30],[25],[5],[17],[25],[-56],[-107],[-98],[-103],[-144],[-172],[-125],[-110],[-94],[-76],[49],[152],[198],[204],[163],[117],[78],[18],[-7],[-48],[-114],[-157],[-147],[-134],[-75],[19],[80],[116],[128],[164],[175],[181],[110],[82],[91],[59],[-19],[-38],[26],[33],[-20],[-43],[18],[80],[84],[63],[94],[146],[130],[49],[19],[32],[26],[-92],[-136],[-90],[-15],[-33],[-22],[73],[140],[144],[94],[104],[137],[77],[-22],[-59],[-42],[-51],[-60],[-94],[-76],[-43],[-38],[-17],[40],[136],[133],[85],[76],[98],[85],[70],[-29],[-66],[-85],[-117],[-147],[-148],[-170],[-112],[-63],[-28],[37],[68],[92],[74],[14],[13],[-26],[-84],[-137],[-155],[-185],[-227],[-264],[-271],[-250],[-194],[-61],[113],[301],[413],[387],[345],[238],[142],[24],[-69],[-112],[-204],[-310],[-307],[-263],[-225],[-186],[-123],[-72],[-17],[24],[106],[204],[292],[335],[325],[318],[283],[122],[-40],[-136],[-246],[-344],[-357],[-292],[-190],[-86],[70],[230],[338],[377],[334],[298],[257],[169],[75],[68],[62],[-21],[-114],[-140],[-137],[-190],[-221],[-178],[-67],[-7],[49],[181],[267],[309],[271],[272],[242],[186],[113],[1],[-96],[-154],[-252],[-285],[-243],[-161],[-126],[-86],[0],[118],[165],[185],[224],[238],[197],[161],[117],[66],[32],[-66],[-135],[-156],[-161],[-165],[-126],[-87],[-22],[-17],[13],[14],[42],[98],[98],[98],[129],[125],[115],[97],[102],[62],[-11],[-94],[-167],[-168],[-180],[-183],[-142],[-73],[9],[97],[114],[154],[168],[137],[102],[9],[-14],[-48],[-59],[-94],[-107],[-103],[-120],[-79],[-59],[-24],[-7],[-14],[36],[60],[72],[80],[97],[72],[16],[-27],[-85],[-104],[-81],[-117],[-108],[-16],[46],[69],[136],[149],[145],[114],[56],[32],[70],[119],[84],[36],[32],[3],[-59],[-78],[-3],[35],[42],[59],[94],[111],[137],[113],[136],[90],[37],[3],[1],[-43],[-47],[-79],[-70],[-77],[-82],[-54],[-29],[22],[47],[82],[138],[141],[127],[97],[74],[-22],[-64],[-98],[-96],[-120],[-123],[-88],[-55],[-23],[31],[68],[85],[98],[74],[58],[24],[-11],[-20],[16],[12],[-30],[-49],[-24],[-73],[-77],[-112],[-109],[-94],[-68],[-29],[46],[67],[52],[39],[46],[17],[-23],[-44],[-93],[-114],[-107],[-104],[-75],[-28],[-5],[8],[50],[61],[30],[24],[-20],[-20],[36],[9],[-12],[-22],[-18],[13],[-34],[-69],[-74],[-63],[-47],[1],[60],[152],[123],[83],[90],[62],[27],[-23],[-52],[-71],[-80],[-42],[-61],[-4],[12],[44],[62],[38],[52],[35],[30],[45],[42],[47],[65],[46],[23],[18],[-3],[-38],[-4],[5],[21],[36],[44],[72],[77],[67],[79],[118],[97],[40],[20],[-7],[17],[36],[50],[68],[100],[111],[64],[27],[40],[51],[48],[58],[53],[51],[53],[32],[52],[49],[34],[30],[23],[27],[32],[61],[29],[27],[28],[27],[25],[37],[59],[17],[-8],[-46],[-50],[-44],[-33],[-46],[-34],[-70],[-79],[-53],[-39],[-19],[-19],[-4],[-36],[-53],[-15],[-18],[-47],[-28],[-83],[-108],[-99],[-115],[-116],[-75],[-103],[-126],[-142],[-146],[-181],[-224],[-262],[-131],[101],[273],[322],[325],[333],[210],[49],[7],[-8],[-61],[-236],[-259],[-194],[-100],[-83],[-22],[9],[-6],[-24],[23],[144],[224],[187],[131],[172],[218],[161],[114],[104],[4],[-131],[-156],[-103],[-54],[-31],[1],[25],[50],[84],[89],[95],[118],[66],[24],[52],[48],[62],[79],[33],[-6],[12],[12],[28],[53],[35],[15],[0],[-5],[-10],[21],[64],[26],[-15],[29],[58],[69],[37],[34],[37],[-12],[-24],[-36],[-47],[-27],[-68],[-75],[-24],[32],[78],[57],[74],[44],[-7],[4],[-13],[-11],[12],[8],[-24],[-22],[-38],[-64],[-73],[-99],[-70],[-51],[-35],[10],[68],[129],[105],[56],[30],[-36],[-18],[-52],[-100],[-93],[-70],[-63],[-60],[-22],[6],[19],[-23],[-49],[-37],[0],[54],[47],[65],[101],[141],[96],[56],[41],[-21],[-84],[-130],[-128],[-91],[-82],[-35],[16],[47],[62],[104],[93],[87],[94],[83],[69],[61],[82],[80],[51],[29],[25],[-40],[-76],[-54],[-81],[-46],[-43],[6],[49],[70],[118],[102],[91],[47],[38],[26],[18],[3],[-16],[27],[52],[35],[33],[70],[45],[-13],[-32],[-6],[9],[17],[1],[5],[13],[-22],[-41],[-74],[-68],[-42],[-30],[-7],[37],[98],[91],[103],[76],[45],[34],[-34],[-80],[-78],[-111],[-141],[-136],[-83],[-70],[-75],[-63],[-40],[-14],[45],[58],[52],[90],[65],[17],[-8],[-31],[-64],[-62],[-90],[-120],[-128],[-97],[-109],[-62],[-55],[-57],[-47],[-64],[-24],[-23],[-32],[-32],[-63],[-125],[-144],[-77],[-34],[30],[107],[160],[174],[124],[112],[109],[32],[-57],[-94],[-79],[-79],[-27],[16],[32],[63],[30],[34],[82],[112],[94],[108],[129],[101],[67],[38],[37],[34],[29],[-8],[-11],[3],[16],[5],[-23],[-14],[35],[49],[48],[88],[113],[133],[77],[87],[115],[71],[34],[6],[25],[5],[-26],[2],[-8],[-26],[-40],[-64],[-39],[0],[24],[22],[45],[77],[109],[114],[128],[109],[90],[16],[-12],[9],[-24],[-60],[-76],[-77],[-89],[-47],[-23],[10],[52],[40],[51],[76],[84],[82],[41],[34],[24],[-18],[-53],[-52],[-23],[-60],[-75],[-31],[-33],[-42],[-31],[31],[59],[39],[24],[6],[32],[13],[-13],[4],[-5],[-31],[-36],[-46],[-34],[-11],[-59],[-88],[-67],[-31],[-22],[-6],[26],[4],[21],[-11],[-16],[15],[-10],[-42],[-37],[-59],[-52],[-34],[13],[-13],[-36],[-37],[-56],[-61],[-10],[18],[42],[64],[48],[34],[52],[31],[-30],[-59],[-53],[-73],[-73],[-12],[43],[75],[100],[79],[51],[33],[30],[4],[0],[29],[5],[14],[27],[66],[67],[26],[12],[2],[-8],[5],[2],[12],[61],[73],[88],[106],[126],[67],[42],[-19],[-46],[-47],[-44],[-27],[-3],[25],[92],[82],[72],[92],[82],[40],[8],[-25],[-36],[1],[6],[8],[29],[-6],[-35],[-34],[-52],[-52],[-24],[-16],[12],[43],[51],[43],[48],[50],[-10],[-57],[-85],[-106],[-81],[-88],[-63],[-34],[-37],[-30],[-9],[-3],[-34],[-40],[-30],[-31],[-40],[-12],[3],[36],[8],[-19],[-26],[-63],[-111],[-92],[-72],[-81],[-83],[-60],[-36],[22],[1],[38],[78],[79],[54],[53],[73],[37],[21],[9],[-10],[16],[-16],[-37],[-38],[-19],[-46],[-46],[-55],[24],[57],[68],[103],[150],[128],[81],[36],[5],[33],[14],[-12],[-7],[48],[42],[15],[18],[8],[-4],[21],[-18],[-20],[48],[32],[36],[70],[61],[61],[72],[30],[35],[25],[-12],[-22],[-40],[6],[10],[11],[58],[67],[45],[36],[28],[52],[13],[0],[51],[39],[41],[72],[60],[27],[44],[8],[-7],[-7],[-16],[-13],[5],[40],[14],[-15],[16],[-3],[-44],[-20],[-16],[-21],[-11],[9],[9],[28],[47],[23],[14],[32],[9],[-34],[-32],[20],[14],[-22],[-24],[-18],[-51],[-102],[-108],[-98],[-93],[-88],[-32],[-22],[22],[62],[46],[37],[37],[13],[-45],[-69],[-40],[-51],[-38],[-33],[-11],[-19],[4],[-17],[-32],[-23],[6],[-27],[12],[11],[41],[72],[57],[36],[57],[19],[2],[-16],[1],[-12],[-31],[-32],[10],[9],[34],[58],[23],[8],[53],[44],[42],[65],[69],[100],[54],[13],[7],[35],[8],[-27],[4],[0],[11],[19],[70],[82],[74],[112],[108],[116],[105],[97],[43],[22],[8],[3],[-23],[1],[13],[-14],[-16],[20],[12],[42],[27],[19],[18],[12],[33],[3],[20],[-4],[-29],[0],[-9],[-20],[-13],[14],[-11],[-24],[-23],[-8],[10],[1],[-13],[-13],[-28],[-48],[-45],[-77],[-76],[-77],[-61],[-34],[10],[36],[18],[32],[5],[-26],[-28],[-33],[-56],[-68],[-29],[-54],[-55],[-53],[-47],[-56],[-40],[-47],[-37],[-10],[12],[9],[34],[46],[9],[-16],[21],[34],[28],[30],[65],[33],[9],[-22],[-34],[-5],[-36],[-77],[-56],[-10],[58],[44],[81],[90],[82],[60],[31],[53],[46],[13],[1],[35],[40],[28],[36],[49],[37],[14],[11],[20],[26],[35],[34],[34],[59],[78],[65],[38],[49],[44],[43],[14],[21],[54],[25],[10],[13],[50],[20],[20],[1],[24],[35],[8],[-5],[28],[47],[70],[57],[54],[44],[46],[8],[27],[1],[-42],[-65],[-36],[-40],[-37],[-25],[-30],[1],[-19],[-45],[-20],[23],[0],[-4],[3],[3],[-10],[6],[-14],[-41],[-30],[-81],[-96],[-44],[-54],[-52],[-36],[-32],[-10],[-23],[-18],[-22],[1],[-31],[-64],[-48],[-26],[-50],[-50],[-56],[-23],[-33],[-52],[-41],[-12],[37],[12],[28],[21],[44],[43],[2],[-21],[-23],[-32],[-28],[-39],[-27],[-16],[6],[-6],[18],[44],[81],[72],[83],[127],[116],[82],[68],[46],[6],[-20],[-7],[-24],[20],[41],[44],[65],[89],[72],[72],[47],[28],[8],[5],[40],[53],[56],[65],[74],[55],[25],[3],[-21],[-22],[-15],[6],[-13],[5],[41],[15],[17],[48],[46],[48],[27],[48],[35],[38],[49],[-6],[-29],[-36],[-70],[-96],[-85],[-52],[-51],[-35],[17],[34],[32],[43],[37],[29],[27],[11],[-17],[-45],[-59],[-77],[-86],[-111],[-78],[-86],[-85],[-80],[-55],[-18],[-2],[-6],[21],[39],[16],[5],[0],[17],[29],[30],[-19],[-40],[-16],[-52],[-56],[-41],[-30],[4],[-14],[-19],[44],[53],[34],[21],[49],[34],[16],[34],[36],[32],[34],[4],[6],[47],[35],[12],[1],[25],[17],[1],[24],[56],[43],[37],[27],[36],[42],[63],[34],[50],[49],[61],[29],[15],[16],[17],[12],[18],[44],[32],[28],[58],[82],[54],[43],[31],[27],[2],[24],[10],[-14],[-28],[-21],[2],[57],[54],[31],[40],[52],[25],[1],[12],[-6],[-22],[4],[-14],[-15],[5],[11],[-18],[-32],[-18],[-15],[-29],[-14],[26],[14],[-10],[10],[22],[7],[1],[13],[-4],[-17],[13],[-21],[-38],[-23],[-24],[-46],[-59],[-34],[-35],[-32],[-13],[35],[37],[32],[56],[41],[18],[18],[-13],[-38],[-48],[-38],[-59],[-40],[-54],[-61],[-45],[-10],[-7],[10],[37],[52],[30],[30],[53],[14],[-15],[10],[-3],[-14],[-13],[-6],[-7],[12],[-28],[-40],[-35],[19],[-4],[4],[27],[52],[44],[68],[55],[51],[56],[25],[-3],[25],[43],[12],[-4],[13],[56],[38],[57],[50],[54],[61],[52],[59],[50],[59],[43],[13],[-3],[20],[27],[16],[18],[32],[20],[1],[4],[12],[17],[28],[23],[37],[46],[36],[30],[8],[-3],[-23],[1],[21],[3],[-16],[5],[5],[-13],[5],[-6],[18],[0],[-33],[-18],[-24],[11],[-10],[-24],[-3],[-15],[3],[1],[15],[38],[20],[34],[20],[5],[14],[-30],[-42],[-58],[-59],[-24],[-20],[-8],[2],[-27],[-22],[-32],[-27],[8],[-11],[-6],[34],[44],[19],[3],[2],[-12],[-36],[-51],[-5],[-24],[6],[-22],[-16],[4],[-26],[-43],[-12],[17],[13],[8],[27],[50],[66],[58],[76],[35],[11],[8],[-27],[-40],[-35],[-26],[8],[17],[40],[70],[59],[68],[98],[57],[52],[45],[25],[2],[16],[16],[2],[22],[33],[17],[2],[2],[21],[1],[2],[11],[36],[49],[77],[65],[54],[43],[40],[3],[-29],[-22],[-11],[-19],[-22],[3],[1],[-12],[24],[2],[-14],[-20],[4],[0],[12],[30],[41],[61],[25],[27],[-7],[-27],[-20],[-36],[-36],[-40],[-10],[-11],[-4],[34],[1],[-29],[-20],[0],[-15],[-30],[3],[-21],[-38],[0],[4],[5],[0],[25],[0],[35],[25],[9],[17],[-6],[13],[-30],[-72],[-75],[-42],[-58],[-32],[-36],[-21],[-11],[5],[36],[80],[80],[82],[81],[59],[37],[27],[32],[-19],[-8],[-52],[-60],[-63],[-52],[-24],[-15],[6],[51],[58],[67],[80],[90],[52],[40],[38],[20],[-6],[-19],[0],[-26],[-35],[-24],[-27],[0],[5],[-5],[14],[29],[36],[72],[73],[58],[50],[48],[27],[9],[25],[-11],[-21],[-13],[21],[-7],[6],[18],[26],[7],[12],[21],[37],[45],[32],[24],[50],[27],[6],[5],[9],[-19],[-31],[2],[-10],[-31],[-22],[-4],[18],[42],[16],[14],[16],[19],[-3],[18],[27],[-11],[-44],[-32],[-32],[-45],[-56],[-37],[-23],[-17],[-11],[2],[36],[27],[6],[32],[33],[11],[-16],[-29],[-20],[-51],[-87],[-84],[-72],[-47],[3],[18],[22],[34],[35],[54],[33],[10],[3],[-15],[-20],[0],[-13],[-10],[16],[-3],[-19],[-16],[13],[8],[5],[27],[42],[26],[12],[14],[8],[-5],[-4],[-18],[18],[12],[11],[27],[32],[53],[28],[12],[34],[4],[-7],[-14],[4],[-7],[-8],[38],[16],[43],[45],[5],[18],[16],[5],[5],[18],[11],[24],[14],[29],[13],[9],[9],[22],[1],[17],[37],[12],[0],[46],[43],[17],[14],[18],[3],[-10],[-15],[-10],[23],[8],[8],[20],[47],[38],[52],[13],[0],[-14],[-4],[7],[3],[14],[43],[21],[9],[33],[37],[6],[-12],[3],[-8],[8],[34],[26],[14],[19],[-3],[-31],[-18],[5],[-6],[-15],[-6],[20],[31],[9],[4],[22],[-24],[-19],[-47],[-29],[-12],[26],[17],[13],[20],[14],[17],[11],[-27],[-25],[-59],[-71],[-32],[-44],[-20],[-9],[-26],[22],[12],[4],[44],[34],[25],[19],[45],[37],[19],[22],[-11],[-29],[-28],[-46],[-37],[10],[-8],[20],[3],[6],[21],[26],[30],[32],[17],[33],[8],[34],[32],[41],[13],[32],[34],[10],[39],[29],[19],[26],[35],[21],[20],[38],[33],[2],[1],[0],[13],[31],[26],[50],[60],[28],[24],[16],[31],[-5],[-34],[-8],[-38],[-15],[12],[10],[10],[43],[27],[9],[5],[21],[5],[3],[12],[-6],[8],[33],[17],[36],[-2],[9],[-24],[-25],[-41],[-23],[-3],[-14],[-26],[19],[11],[-13],[-3],[10],[2],[-10],[-7],[6],[13],[30],[11],[32],[18],[-19],[-39],[-54],[-73],[-50],[-47],[-48],[-20],[19],[24],[18],[35],[20],[40],[12],[-3],[4],[2],[27],[4],[-19],[-27],[-20],[-38],[2],[-17],[-31],[-12],[10],[11],[9],[22],[57],[41],[17],[14],[20],[32],[59],[46],[27],[40],[48],[26],[16],[32],[5],[-20],[14],[21],[28],[29],[58],[59],[47],[44],[64],[42],[25],[42],[43],[24],[17],[22],[17],[-6],[-31],[-7],[-19],[-31],[4],[-6],[36],[27],[16],[37],[31],[45],[41],[9],[-10],[24],[-17],[-18],[-15],[-10],[-28],[-22],[-14],[20],[0],[-18],[8],[-4],[-11],[21],[41],[24],[0],[10],[-15],[-21],[4],[10],[-11],[-24],[-11],[-14],[-28],[-21],[2],[-21],[-36],[-24],[12],[-11],[-20],[25],[13],[-12],[17],[-7],[-13],[-15],[0],[-24],[-34],[-4],[-33],[-55],[-30],[-32],[-30],[10],[12],[17],[34],[40],[24],[24],[44],[5],[-28],[6],[-7],[-23],[-18],[8],[3],[1],[1],[9],[17],[49],[27],[4],[5],[6],[9],[33],[19],[5],[21],[27],[16],[27],[42],[30],[36],[36],[11],[6],[29],[14],[1],[6],[14],[1],[26],[8],[25],[6],[8],[48],[32],[35],[28],[40],[16],[8],[24],[8],[-12],[30],[-6],[-8],[22],[5],[-18],[8],[-6],[-13],[-13],[20],[-5],[22],[10],[12],[42],[16],[40],[11],[-25],[-10],[-12],[-29],[-40],[-14],[-39],[-34],[-20],[-7],[9],[8],[38],[12],[6],[7],[21],[8],[-22],[-22],[-7],[-38],[-44],[-17],[-41],[-31],[-16],[10],[3],[-8],[8],[18],[6],[-4],[21],[4],[-12],[-11],[-21],[-20],[12],[4],[-14],[0],[3],[-12],[-4],[19],[6],[1],[12],[8],[37],[9],[6],[-8],[4],[-7],[-19],[-12],[30],[35],[36],[69],[33],[28],[40],[24],[18],[13],[10],[4],[17],[9],[23],[16],[42],[24],[0],[9],[13],[20],[54],[41],[42],[65],[31],[23],[43],[18],[-6],[28],[12],[1],[14],[50],[42],[26],[29],[33],[19],[2],[19],[23],[16],[2],[33],[17],[-5],[16],[18],[-23],[-11],[-27],[-26],[4],[-11],[0],[33],[-6],[-6],[-5],[-3],[-12],[-15],[-12],[16],[-16],[14],[10],[-5],[-16],[-35],[-44],[-45],[-46],[-19],[-34],[-23],[5],[-5],[8],[41],[28],[14],[22],[29],[5],[-6],[2],[-3],[-11],[-13],[1],[-18],[4],[1],[38],[8],[30],[14],[3],[14],[-3],[22],[13],[1],[19],[38],[33],[33],[48],[16],[12],[33],[6],[-12],[0],[-3],[-7],[-6],[2],[14],[17],[42],[20],[3],[16],[4],[34],[26],[10],[26],[36],[19],[5],[8],[5],[12],[21],[1],[10],[42],[20],[11],[31],[18],[1],[-3],[18],[4],[-12],[8],[-19],[-3],[29],[42],[28],[24],[30],[36],[4],[0],[22],[-10],[-37],[-31],[-14],[-21],[-7],[-18],[-4],[33],[17],[4],[14],[53],[33],[11],[3],[5],[7],[-3],[-3],[-21],[2],[-3],[-22],[-32],[-12],[-26],[-12],[-21],[-36],[-28],[-15],[-6],[33],[20],[6],[4],[34],[27],[20],[11],[-4],[-11],[-12],[-8],[8],[-20],[-30],[-6],[-20],[-28],[-20],[7],[21],[46],[10],[30],[41],[21],[14],[31],[13],[-3],[9],[-11],[1],[1],[5],[12],[-3],[13],[26],[13],[25],[32],[32],[27],[28],[35],[37],[49],[7],[-15],[5],[20],[8],[-3],[27],[15],[9],[4],[38],[21],[16],[3],[-3],[16],[21],[41],[27],[18],[28],[4],[22],[11],[-6],[-9],[-35],[-6],[-8],[-12],[-9],[26],[18],[2],[-11],[9],[-4],[-8],[17],[-21],[6],[-14],[-16],[-15],[-4],[-12],[-13],[-16],[23],[14],[7],[14],[-11],[-16],[-21],[-17],[-37],[0],[-6],[-18],[-18],[19],[10],[20],[21],[29],[11],[27],[18],[-16],[-15],[-28],[-16],[-7],[-23],[-13],[20],[7],[-8],[0],[33],[25],[5],[2],[35],[19],[2],[16],[15],[0],[20],[-6],[-28],[-18],[13],[-19],[-17],[12],[24],[29],[58],[53],[43],[35],[51],[22],[24],[42],[12],[-17],[-6],[9],[5],[-4],[37],[22],[11],[16],[44],[33],[24],[51],[25],[6],[10],[49],[43],[29],[45],[57],[34],[25],[13],[29],[12],[25],[-8],[-15],[0],[21],[-3],[1],[30],[15],[-4],[24],[35],[26],[53],[18],[46],[29],[11],[10],[-6],[8],[-20],[-27],[6],[-14],[11],[-10],[-11],[0],[11],[14],[29],[37],[16],[1],[22],[5],[-16],[-23],[1],[-12],[-19],[0],[32],[24],[7],[5],[0],[28],[12],[-17],[-15],[10],[-7],[18],[2],[-5],[36],[13],[-8],[15],[8],[9],[27],[9],[-4],[-14],[-27],[-11],[-26],[-22],[9],[0],[-5],[13],[17],[44],[28],[16],[52],[22],[17],[5],[0],[-13],[-22],[-20],[-12],[-27],[13],[5],[-7],[16],[38],[21],[32],[32],[27],[24],[22],[50],[32],[11],[5],[26],[8],[-11],[-13],[14],[-12],[8],[24],[11],[4],[36],[31],[16],[22],[19],[58],[25],[16],[22],[-6],[-9],[6],[-23],[-12],[-12],[-15],[-9],[33],[24],[11],[9],[27],[10],[-12],[13],[25],[8],[5],[14],[3],[-10],[0],[9],[-14],[20],[8],[-5],[34],[32],[11],[4],[25],[5],[-16],[-12],[-30],[-29],[-13],[-21],[8],[26],[21],[9],[28],[37],[26],[12],[28],[15],[-5],[-12],[10],[-26],[-15],[-7],[-23],[-24],[17],[20],[16],[25],[50],[37],[27],[46],[51],[20],[11],[-15],[-30],[-22],[-23],[-33],[-34],[9],[12],[12],[24],[57],[23],[26],[42],[24],[16],[14],[50],[33],[10],[1],[27],[12],[-13],[-3],[-18],[0],[27],[19],[10],[25],[39],[21],[25],[55],[42],[27],[14],[24],[28],[4],[-4],[19],[-16],[4],[-8],[-14],[28],[27],[8],[26],[6],[6],[28],[18],[11],[26],[2],[11],[-5],[-12],[-26],[0],[-5],[-15],[-11],[25],[21],[8],[-7],[10],[-8],[-24],[13],[-3],[-13],[-11],[16],[-4],[-12],[3],[21],[1],[-14],[9],[0],[8],[-14],[1],[12],[-11],[-28],[-28],[-24],[-26],[-24],[-22],[-6],[-14],[10],[20],[12],[1],[32],[24],[13],[12],[38],[1],[19],[-10],[-13],[2],[-21],[-11],[0],[-16],[-23],[-15],[-7],[5],[1],[9],[18],[16],[38],[26],[19],[13],[19],[-6],[0],[8],[-10],[-25],[-6],[11],[5],[0],[0],[15],[10],[14],[38],[19],[7],[40],[33],[11],[17],[9],[9],[5],[-6],[17],[-14],[8],[18],[5],[14],[47],[26],[11],[41],[26],[4],[20],[22],[15],[21],[46],[13],[13],[30],[3],[-12],[-8],[23],[8],[-7],[8],[42],[31],[30],[49],[5],[8],[-21],[8],[1],[-11],[2],[27],[17],[9],[5],[7],[0],[18],[3],[-20],[-23],[-19],[-12],[11],[23],[0],[25],[3],[-16],[12],[-11],[-29],[-10],[-13],[-4],[-4],[8],[-10],[5],[17],[4],[-17],[26],[3],[-11],[2],[-4],[-5],[22],[5],[-11],[-14],[-16],[20],[12],[-8],[6],[17],[3],[3],[30],[7],[32],[-6],[8],[-8],[14],[26],[8],[4],[32],[3],[26],[18],[-3],[-14],[19],[8],[-6],[8],[31],[8],[32],[18],[2],[17],[21],[5],[0],[32],[12],[-5],[12],[26],[11],[-5],[12],[20],[1],[-18],[16],[-10],[15],[-10],[19],[12],[8],[8],[17],[12],[41],[18],[-11],[10],[-6],[-21],[12],[6],[-5],[24],[25],[5],[1],[5],[-13],[2],[11],[-8],[25],[-7],[26],[16],[3],[8],[12],[-7],[-16],[-7],[2],[-12],[-15],[0],[14],[3],[-6],[0],[21],[3],[-10],[4],[25],[0],[29],[20],[-5],[9],[-5],[29],[13],[-7],[9],[-13],[0],[17],[5],[4],[34],[3],[29],[-5],[-13],[16],[9],[-3],[18],[22],[9],[10],[20],[-7],[16],[0],[28],[13],[-5],[17],[4],[17],[30],[8],[6],[19],[1],[12],[30],[14],[-3],[34],[27],[13],[10],[40],[13],[17],[26],[13],[18],[21],[35],[14],[17],[38],[0],[-6],[19],[10],[-4],[32],[17],[2],[4],[5],[33],[16],[26],[13],[43],[25],[12],[9],[27],[1],[-20],[-19],[-17],[-11],[-3],[1],[27],[5],[-11],[25],[14],[2],[2],[22],[6],[-12],[22],[-6],[-22],[5],[-12],[-27],[10],[-16],[-5],[-15],[16],[20],[-3],[25],[1],[13],[0],[-7],[18],[-4],[-13],[4],[17],[-12],[6],[-16],[21],[-8],[-4],[17],[-10],[5],[11],[-10],[-13],[20],[8],[-7],[-8],[-9],[5],[10],[31],[-3],[27],[11],[-8],[-8],[21],[9],[-11],[-14],[-12],[-3],[-8],[24],[-11],[11],[-8],[-7],[0],[9],[10],[10],[38],[30],[19],[12],[32],[-8],[-19],[-16],[-11],[-8],[18],[3],[9],[46],[34],[20],[22],[36],[8],[-6],[-9],[15],[2],[1],[31],[6],[6],[6],[14],[1],[25],[5],[-14],[-10],[0],[0],[4],[10],[9],[32],[8],[-8],[28],[-4],[11],[-17],[-18],[16],[1],[-16],[-20],[-4],[-18],[9],[-3],[10],[41],[27],[12],[15],[40],[13],[-13],[10],[-20],[-3],[-18],[-17],[-10],[-5],[20],[5],[-8],[4],[-11],[1],[-14],[0],[2],[23],[2],[5],[4],[4],[6],[-19],[18],[0],[-16],[-11],[-6],[5],[-7],[13],[1],[16],[14],[-7],[4],[-5],[28],[-6],[17],[30],[14],[2],[28],[10],[-11],[-16],[5],[-5],[-8],[0],[19],[33],[20],[8],[35],[29],[9],[18],[29],[19],[9],[25],[25],[-4],[-6],[-4],[10],[2],[34],[35],[10],[4],[5],[12],[8],[1],[-5],[0],[-3],[30],[24],[17],[17],[12],[9],[7],[9],[26],[7],[9],[12],[26],[8],[-16],[-5],[5],[-14],[-19],[-11],[-5],[18],[-4],[2],[2],[32],[2],[2],[16],[0],[-7],[-14],[-17],[-17],[-12],[-4],[-21],[1],[13],[-7],[21],[14],[9],[11],[5],[-3],[24],[-7],[-7],[17],[5],[-5],[12],[14],[-7],[-12],[-18],[10],[-18],[-4],[-16],[-11],[-7],[9],[4],[24],[6],[8],[18],[-6],[18],[9],[-11],[0],[27],[18],[5],[8],[35],[2],[-8],[16],[-10],[12],[-5],[21],[38],[21],[45],[27],[11],[5],[0],[-3],[35],[24],[5],[22],[20],[-3],[0],[-8],[-6],[22],[8],[-3],[3],[2],[32],[28],[4],[6],[1],[5],[5],[4],[1],[32],[19],[8],[36],[4],[0],[16],[-6],[-5],[24],[6],[8],[34],[19],[6],[6],[27],[-5],[-7],[-6],[-8],[21],[8],[-7],[30],[11],[-3],[2],[17],[-5],[-8],[24],[-7],[16],[4],[0],[28],[18],[-5],[-14],[15],[-11],[-22],[16],[9],[-15],[2],[17],[9],[-3],[12],[2],[-6],[22],[12],[6],[12],[35],[12],[37],[21],[5],[2],[28],[5],[1],[12],[2],[-7],[27],[3],[3],[17],[8],[26],[17],[35],[42],[20],[5],[32],[5],[14],[15],[-3],[5],[30],[17],[5],[19],[29],[13],[4],[37],[21],[4],[17],[5],[6],[6],[8],[10],[11],[5],[24],[-5],[4],[9],[5],[6],[26],[6],[4],[3],[16],[-6],[8],[16],[4],[-6],[28],[23],[6],[2],[27],[8],[11],[36],[0],[8],[-7],[4],[2],[28],[17],[-3],[-8],[21],[-5],[27],[6],[-10],[2],[19],[-4],[0],[1],[-7],[14],[-6],[-12],[-5],[-4],[-10],[-13],[-14],[10],[-7],[-16],[13],[0],[-16],[15],[5],[-4],[0],[17],[4],[-10],[32],[29],[14],[30],[34],[7],[-14],[2],[6],[-16],[0],[13],[2],[-5],[15],[9],[26],[33],[13],[0],[36],[20],[5],[8],[32],[18],[8],[25],[28],[7],[5],[19],[2],[-7],[8],[10],[27],[9],[8],[30],[17],[3],[12],[-5],[14],[26],[14],[5],[33],[12],[0],[38],[6],[24],[5],[-5],[22],[3],[-11],[30],[18],[9],[10],[11],[21],[8],[17],[28],[11],[10],[-6],[16],[4],[2],[29],[1],[-4],[4],[-8],[28],[21],[5],[0],[30],[25],[11],[8],[34],[21],[10],[11],[4],[4],[1],[9],[-10],[-11],[-6],[-6],[0],[18],[0],[-2],[-8],[-14],[26],[16],[-6],[7],[-10],[4],[7],[26],[4],[16],[-4],[0],[17],[6],[-7],[9],[18],[-12],[17],[13],[-4],[-12],[24],[6],[-12],[9],[23],[11],[-6],[24],[19],[0],[-6],[-6],[1],[-7],[6],[13],[5],[-6],[22],[4],[-13],[5],[14],[3],[-7],[12],[25],[8],[-3],[34],[20],[1],[32],[24],[5],[4],[-3],[-3],[12],[-5],[26],[3],[28],[16],[-3],[21],[13],[44],[26],[15],[16],[41],[18],[5],[8],[-6],[18],[8],[2],[2],[-7],[-11],[2],[33],[17],[1],[5],[36],[9],[8],[22],[10],[4],[-8],[12],[12],[-10],[-12],[20],[24],[9],[5],[28],[14],[-6],[12],[18],[0],[1],[0],[1],[4],[2],[-8],[-14],[15],[5],[-9],[12],[17],[-3],[16],[8],[8],[3],[26],[9],[-17],[18],[2],[-12],[-7],[25],[13],[5],[16],[6],[20],[3],[13],[21],[2],[-10],[-4],[-5],[-4],[-8],[28],[19],[1],[17],[9],[12],[16],[14],[33],[20],[6],[5],[24],[3],[4],[4],[-3],[25],[3],[1],[24],[12],[6],[9],[32],[19],[9],[11],[38],[22],[9],[18],[30],[10],[-2],[16],[25],[11],[-5],[16],[1],[6],[3],[0],[5],[-10],[-4],[13],[4],[26],[29],[9],[0],[0],[0],[28],[11],[-12],[-10],[21],[8],[-6],[29],[19],[-7],[5],[-4],[-7],[21],[6],[-4],[4],[33],[10],[-6],[0],[10],[-15],[-16],[-7],[-14],[-7],[12],[-5],[5],[1],[19],[-4],[18],[4],[-16],[-4],[12],[-3],[4],[31],[17],[-3],[10],[11],[-11],[15],[1],[-14],[18],[-10],[-3],[26],[12],[-10],[-13],[-12],[-3],[-11],[25],[14],[4],[20],[10],[27],[11],[7],[23],[-3],[-5],[22],[8],[-15],[18],[13],[-5],[14],[16],[-4],[30],[12],[12],[40],[19],[8],[32],[31],[8],[29],[25],[1],[9],[-7],[-13],[4],[17],[9],[-5],[18],[17],[6],[11],[34],[6],[27],[10],[9],[36],[9],[8],[3],[0],[-5],[27],[3],[4],[4],[6],[30],[-6],[26],[9],[40],[21],[8],[8],[13],[-6],[18],[19],[4],[0],[-6],[14],[5],[8],[3],[4],[-10],[24],[9],[-6],[1],[28],[-6],[32],[5],[35],[19],[3],[37],[1],[17],[13],[-13],[0],[14],[2],[-12],[6],[16],[3],[-12],[9],[17],[2],[16],[33],[16],[5],[34],[21],[2],[15],[20],[-5],[-8],[-4],[-15],[20],[14],[-3],[1],[28],[-5],[14],[28],[9],[9],[38],[6],[9],[30],[11],[-11],[16],[8],[-14],[-20],[-14],[22],[-4],[-4],[30],[14],[0],[1],[9],[14],[9],[4],[24],[2],[0],[28],[-11],[-15],[-7],[-18],[-14],[16],[4],[0],[26],[15],[4],[35],[16],[-5],[0],[-4],[4],[6],[24],[4],[1],[-20],[13],[8],[-5],[11],[24],[15],[5],[26],[12],[-6],[24],[21],[-3],[-5],[21],[-4],[1],[2],[34],[4],[28],[9],[-7],[-7],[-10],[9],[-6],[18],[19],[2],[1],[18],[-7],[-17],[14],[3],[-8],[11],[-12],[16],[-4],[20],[5],[-12],[-8],[-11],[17],[8],[-5],[8],[28],[11],[-3],[-3],[-4],[3],[-14],[18],[13],[-7],[-5],[2],[9],[29],[5],[0],[26],[11],[-7],[-8],[16],[3],[2],[26],[-5],[13],[0],[10],[1],[0],[30],[8],[5],[40],[26],[12],[10],[33],[9],[32],[9],[-5],[1],[30],[17],[-6],[20],[11],[8],[7],[12],[12],[12],[4],[27],[9],[2],[1],[2],[28],[11],[0],[22],[-4],[16],[0],[-6],[21],[7],[1],[18],[6],[18],[-3],[37],[21],[5],[3],[24],[-7],[23],[12],[-5],[15],[0],[3],[0],[30],[-4],[12],[20],[4],[-19],[4],[12],[-5],[-7],[-13],[-13],[-8],[-8],[-10],[27],[19],[6],[3],[-5],[0],[8],[1],[-10],[0],[19],[-13],[4],[13],[-3],[1],[20],[4],[-4],[29],[13],[-4],[14],[20],[6],[10],[24],[2],[15],[17],[-8],[0],[14],[-11],[19],[2],[24],[9],[10],[14],[10],[6],[3],[27],[6],[-6],[32],[1],[0],[30],[10],[-6],[1],[29],[15],[3],[35],[19],[5],[7],[33],[17],[5],[-3],[1],[12],[3],[32],[9],[-15],[28],[12],[-8],[26],[14],[1],[-11],[24],[-3],[4],[29],[9],[5],[29],[2],[3],[26],[5],[-13],[18],[-6],[20],[20],[6],[8],[19],[1],[12],[-7],[14],[-6],[-6],[21],[9],[-6],[-6],[24],[-6],[23],[4],[-9],[12],[22],[-4],[10],[18],[-3],[-21],[16],[1],[-13],[12],[13],[-6],[19],[8],[8],[32],[17],[2],[2],[18],[4],[3],[22],[-14],[-8],[9],[1],[-14],[7],[19],[8],[-5],[24],[24],[10],[0],[33],[15],[-6],[16],[10],[-6],[-6],[-7],[21],[9],[-7],[-4],[-3],[11],[-3],[-3],[30],[20],[11],[10],[30],[12],[11],[0],[29],[8],[-10],[-8],[12],[-11],[-4],[2],[33],[13],[-10],[8],[21],[0],[0],[12],[8],[26],[30],[12],[9],[28],[3],[-8],[22],[-3],[0],[25],[-4],[19],[-4],[12],[0],[20],[18],[-5],[11],[-5],[16],[0],[1],[25],[-9],[-12],[6],[12],[-5],[1],[28],[2],[2],[17],[1],[-6],[-7],[-12],[4],[-13],[-13],[-8],[-8],[3],[0],[-9],[10],[-5],[-4],[25],[0],[2],[27],[-4],[-6],[3],[2],[25],[-11],[-3],[-8],[22],[9],[-5],[0],[29],[14],[0],[-3],[22],[9],[8],[35],[20],[0],[22],[5],[-6],[27],[7],[-12],[22],[10],[-4],[-3],[22],[2],[0],[28],[15],[11],[41],[21],[-4],[20],[-4],[11],[-8],[12],[8],[-8],[-7],[22],[-5],[-8],[-5],[1],[1],[34],[3],[26],[13],[2],[0],[24],[7],[-10],[-5],[-6],[15],[-3],[-5],[26],[-11],[8],[13],[1],[-15],[2],[12],[0],[-4],[28],[2],[31],[16],[6],[38],[21],[-5],[-8],[19],[-6],[19],[5],[-9],[-5],[11],[-7],[-5],[27],[16],[3],[8],[33],[21],[3],[12],[21],[5],[0],[-7],[-10],[-14],[-14],[10],[-13],[-12],[2],[3],[1],[21],[1],[24],[25],[12],[0],[28],[-8],[10],[20],[-10],[-8],[-12],[12],[19],[9],[-6],[16],[19],[2],[28],[15],[6],[12],[8],[6],[1],[17],[2],[21],[28],[5],[8],[26],[12],[4],[28],[10],[-7],[28],[13],[4],[9],[4],[15],[1],[26],[3],[8],[9],[13],[5],[32],[20],[8],[8],[4],[-2],[12],[0],[14],[1],[33],[18],[-3],[-10],[8],[19],[8],[-5],[19],[22],[6],[4],[0],[32],[18],[-7],[-5],[25],[2],[1],[-5],[2],[12],[-4],[-7],[16],[2],[0],[28],[3],[8],[9],[35],[21],[8],[32],[12],[-14],[0],[12],[-11],[-11],[-12],[16],[24],[4],[11],[-6],[12],[19],[1],[1],[1],[33],[13],[1],[3],[6],[33],[1],[23],[6],[-10],[1],[3],[29],[13],[-3],[14],[22],[1],[1],[24],[6],[3],[3],[2],[35],[17],[5],[32],[22],[9],[9],[35],[20],[3],[5],[6],[34],[19],[3],[17],[27],[4],[3],[16],[4],[24],[1],[22],[2],[-4],[16],[26],[8],[38],[5],[25],[12],[11],[32],[16],[-4],[1],[22],[3],[28],[22],[9],[1],[-5],[25],[12],[2],[5],[18],[3],[19],[18],[6],[12],[29],[10],[-7],[8],[17],[-10],[0],[1],[-4],[26],[22],[5],[2],[26],[6],[-10],[0],[33],[2],[1],[32],[21],[7],[-6],[20],[-12],[-6],[-8],[10],[24],[10],[-5],[25],[18],[2],[0],[31],[-3],[2],[27],[4],[5],[34],[2],[-4],[-8],[-11],[-5],[-5],[22],[10],[0],[3],[2],[5],[4],[29],[13],[-6],[0],[25],[13],[5],[12],[32],[19],[5],[4],[1],[0],[26],[12],[-3],[12],[4],[3],[6],[-4],[-10],[-7],[-4],[-4],[29],[21],[11],[4],[11],[-5],[12],[17],[-16],[16],[10],[-8],[-5],[0],[1],[9],[-7],[-5],[11],[-7],[-7],[5],[4],[35],[19],[4],[6],[3],[27],[9],[-15],[16],[17],[0],[2],[-3],[-3],[-4],[21],[1],[4],[19],[1],[1],[18],[5],[-8],[35],[4],[1],[14],[-3],[-6],[27],[10],[-5],[13],[27],[15],[2],[9],[21],[-5],[-7],[-3],[31],[-3],[24],[17],[5],[6],[31],[18],[5],[8],[25],[10],[10],[25],[9],[4],[-6],[-8],[18],[-11],[12],[15],[1],[-11],[-5],[-7],[9],[20],[0],[2],[30],[20],[4],[8],[-5],[14],[21],[5],[-11],[10],[17],[-8],[24],[11],[-3],[0],[21],[11],[-7],[28],[0],[3],[21],[5],[4],[32],[17],[2],[2],[22],[6],[-14],[2],[-8],[6],[-7],[11],[18],[0],[1],[-6],[11],[-5],[13],[24],[10],[-4],[21],[20],[5],[-12],[18],[-15],[16],[13],[1],[0],[27],[-3],[26],[-5],[-12],[24],[-6],[-7],[-8],[18],[3],[-10],[25],[9],[-7],[-4],[-3],[19],[-6],[-8],[21],[8],[-10],[-6],[21],[5],[-8],[20],[2],[-12],[-12],[20],[9],[-8],[5],[27],[13],[2],[12],[21],[4],[4],[16],[-4],[-14],[2],[17],[1],[6],[33],[2],[14],[0],[14],[25],[7],[-9],[16],[-3],[6],[10],[24],[6],[-12],[12],[20],[3],[0],[32],[14],[-4],[14],[24],[-4],[16],[17],[2],[32],[17],[-7],[11],[22],[1],[2],[27],[4],[30],[16],[5],[4],[14],[-4],[10],[3],[5],[3],[8],[11],[38],[4],[-5],[1],[5],[7],[35],[8],[37],[10],[9],[10],[7],[42],[26],[8],[3],[28],[18],[8],[10],[31],[13],[1],[33],[18],[5],[18],[26],[12],[1],[32],[0],[4],[4],[-4],[13],[22],[2],[17],[2],[3],[33],[10],[9],[8],[30],[11],[-4],[14],[27],[3],[15],[-4],[-4],[-10],[16],[21],[9],[-7],[28],[13],[-3],[1],[30],[15],[3],[3],[30],[12],[-4],[2],[27],[4],[1],[19],[3],[-8],[-7],[2],[2],[28],[-4],[2],[4],[27],[18],[1],[17],[22],[6],[6],[25],[9],[9],[34],[19],[4],[2],[29],[3],[4],[31],[14],[-3],[17],[9],[8],[8],[30],[12],[-4],[12],[22],[6],[-10],[5],[-10],[16],[-9],[9],[0],[16],[30],[18],[6],[35],[17],[3],[0],[-7],[-9],[-5],[24],[7],[-10],[9],[17],[4],[-9],[18],[-10],[19],[6],[-7],[34],[9],[6],[31],[13],[0],[-3],[21],[-10],[-8],[-7],[0],[19],[8],[8],[29],[11],[-6],[-6],[24],[2],[6],[2],[22],[7],[11],[14],[0],[29],[11],[-3],[-6],[20],[8],[0],[29],[12],[3],[33],[18],[1],[1],[29],[18],[0],[3],[10],[30],[11],[-4],[11],[11],[-8],[-7],[25],[14],[2],[28],[7],[20],[4],[28],[10],[-4],[1],[2],[18],[5],[8],[2],[26],[10],[0],[22],[18],[4],[2],[28],[-3],[32],[15],[1],[3],[28],[6],[-7],[24],[-3],[-4],[-6],[27],[20],[11],[0],[35],[22],[6],[3],[19],[-6],[0],[32],[12],[-3],[3],[18],[-3],[15],[1],[-3],[29],[11],[-3],[8],[0],[12],[21],[8],[-7],[-5],[-4],[1],[24],[5],[-7],[2],[24],[8],[-10],[6],[15],[-4],[-3],[24],[6],[-10],[16],[19],[2],[-5],[24],[5],[-10],[6],[-5],[8],[18],[-6],[-4],[26],[13],[-5],[-5],[25],[-5],[4],[15],[-6],[5],[-4],[-5],[24],[3],[-14],[-9],[17],[1],[0],[13],[-4],[0],[18],[4],[-6],[11],[24],[6],[3],[28],[4],[2],[29],[14],[-6],[14],[-8],[9],[19],[3],[22],[6],[-12],[12],[19],[7],[6],[32],[15],[-5],[-3],[28],[13],[-5],[10],[-8],[22],[1],[1],[27],[0],[3],[30],[17],[4],[2],[29],[18],[4],[4],[5],[0],[1],[-3],[27],[10],[-11],[-7],[-13],[12],[12],[-4],[0],[16],[-5],[-6],[21],[-11],[11],[-10],[11],[8],[-8],[-6],[17],[2],[0],[-6],[15],[-5],[-4],[25],[0],[-4],[11],[-7],[12],[19],[3],[2],[21],[4],[-12],[20],[0],[-7],[-6],[8],[1],[-5],[25],[11],[9],[36],[17],[0],[26],[18],[4],[1],[29],[0],[24],[13],[1],[14],[25],[3],[4],[27],[5],[29],[15],[4],[2],[24],[11],[2],[28],[10],[-9],[29],[2],[26],[6],[4],[35],[21],[0],[1],[25],[9],[2],[4],[36],[9],[3],[18],[23],[2],[31],[11],[-10],[-7],[-5],[-3],[3],[5],[4],[3],[3],[3],[5],[12],[21],[2],[-13],[16],[1],[4],[28],[11],[-4],[0],[18],[2],[-11],[7],[17],[5],[-7],[5],[0],[-4],[0],[22],[2],[-14],[4],[-14],[16],[-4],[-3],[26],[10],[-3],[32],[10],[-10],[12],[-9],[-6],[2],[-15],[25],[0],[14],[1],[1],[27],[10],[-8],[-8],[8],[-4],[1],[-4],[0],[11],[-7],[11],[-8],[4],[23],[10],[-7],[-8],[20],[6],[-6],[13],[24],[-3],[4],[21],[1],[2],[22],[3],[4],[30],[10],[0],[28],[18],[5],[0],[25],[11],[-12],[-11],[18],[7],[-8],[11],[1],[13],[-5],[-3],[-4],[-8],[-7],[-5],[-5],[17],[4],[4],[30],[-7],[-7],[0],[-7],[-12],[-8],[-3],[26],[11],[-6],[0],[-7],[9],[19],[0],[-3],[2],[3],[-6],[-14],[28],[4],[-13],[20],[-12],[-14],[6],[-7],[-5],[3],[-9],[0],[18],[-4],[0],[-8],[6],[18],[-4],[-4],[0],[0],[32],[15],[-4],[-4],[15],[-3],[-8],[19],[2],[-5],[-3],[1],[14],[-3],[1],[24],[11],[-4],[-6],[1],[15],[29],[2],[-4],[-3],[13],[24],[8],[-9],[16],[11],[0],[2],[30],[16],[-3],[-6],[25],[13],[0],[0],[27],[0],[25],[9],[-7],[8],[8],[-8],[-11],[11],[-8],[1],[24],[2],[-4],[18],[-4],[-12],[9],[-6],[0],[-3],[2],[18],[1],[-4],[22],[2],[-13],[24],[5],[-11],[8],[14],[2],[-13],[20],[-5],[-5],[25],[15],[1],[-4],[-4],[28],[14],[2],[0],[-8],[-6],[-5],[31],[2],[2],[5],[8],[28],[11],[-6],[-7],[21],[12],[3],[5],[29],[19],[3],[20],[27],[7],[-12],[28],[17],[8],[8],[26],[7],[-8],[12],[20],[8],[-6],[27],[9],[-3],[32],[18],[7],[8],[31],[-6],[24],[16],[-5],[-6],[25],[16],[3],[4],[30],[14],[0],[16],[15],[1],[0],[23],[5],[4],[28],[14],[-6],[-4],[17],[-10],[11],[21],[6],[-7],[11],[20],[10],[-4],[0],[10],[0],[38],[24],[10],[10],[36],[25],[12],[9],[3],[12],[25],[10],[-10],[16],[22],[6],[5],[35],[25],[11],[4],[27],[11],[2],[32],[17],[3],[2],[30],[16],[4],[5],[4],[31],[18],[-4],[18],[8],[8],[31],[16],[1],[4],[17],[3],[3],[29],[14],[0],[28],[10],[5],[8],[21],[3],[2],[29],[6],[3],[17],[13],[0],[5],[24],[9],[-3],[30],[2],[3],[11],[0],[33],[22],[9],[11],[34],[19],[-3],[0],[8],[10],[34],[18],[2],[-4],[-5],[16],[24],[10],[0],[33],[21],[5],[8],[35],[19],[7],[6],[29],[9],[-6],[20],[8],[-10],[30],[18],[3],[3],[31],[2],[4],[4],[34],[19],[6],[6],[32],[7],[1],[27],[0],[1],[3],[29],[16],[-7],[16],[14],[3],[2],[29],[15],[2],[18],[28],[11],[-5],[1],[1],[0],[20],[6],[10],[35],[17],[8],[4],[13],[3],[34],[18],[7],[33],[18],[1],[2],[28],[13],[0],[14],[26],[3],[4],[13],[8],[28],[5],[18],[3],[18],[22],[8],[7],[32],[0],[13],[-7],[13]]}}