{"protected":{"ver":"v1","alg":"HS256","iat":1740144625},"signature":"6d001a58b255699f0a5b0a376fc9ab048577a320642534f94f1ab686a077bf07","payload":{"device_name":"E6:61:78:C1:27:19:92:28","device_type":"DATA_FORWARDER","interval_ms":0.0625,"sensors":[{"name":"audio","units":"wav"}],"values":[[-4],[12],[18],[-6],[0],[19],[4],[-10],[4],[9],[1],[19],[26],[9],[-4],[12],[10],[-11],[-12],[20],[11],[-4],[1],[4],[2],[-6],[6],[-7],[-7],[20],[4],[14],[25],[10],[-5],[-3],[-4],[31],[-4],[0],[-5],[-8],[-6],[25],[14],[5],[6],[34],[16],[1],[35],[21],[-3],[-6],[18],[4],[2],[34],[19],[9],[8],[22],[-13],[-15],[-14],[-15],[-14],[7],[-7],[1],[35],[22],[5],[3],[32],[19],[5],[16],[36],[19],[2],[11],[17],[-15],[-17],[8],[-9],[-24],[-11],[7],[-7],[27],[19],[14],[48],[40],[26],[27],[52],[16],[11],[3],[-10],[0],[9],[-6],[-17],[0],[-18],[1],[17],[9],[1],[10],[16],[52],[33],[10],[13],[-7],[26],[9],[-22],[2],[-5],[-17],[-22],[12],[-10],[-14],[6],[22],[14],[9],[34],[41],[21],[14],[32],[-6],[7],[-16],[-21],[2],[-19],[-28],[-11],[-25],[3],[4],[-6],[0],[10],[36],[30],[29],[24],[18],[29],[29],[2],[-10],[-14],[-15],[13],[6],[-4],[5],[16],[7],[10],[9],[5],[28],[13],[10],[33],[21],[2],[36],[28],[10],[26],[3],[18],[14],[-3],[6],[1],[34],[26],[9],[11],[37],[14],[-8],[22],[11],[-5],[-4],[-6],[2],[9],[13],[15],[41],[22],[12],[27],[35],[11],[7],[4],[-6],[-8],[21],[-14],[-20],[-15],[-3],[9],[14],[30],[20],[21],[29],[28],[51],[28],[22],[44],[8],[-6],[5],[-15],[-20],[9],[0],[-10],[3],[37],[31],[16],[50],[42],[20],[18],[38],[21],[5],[25],[0],[-11],[-22],[-26],[3],[-19],[-33],[-24],[-14],[4],[26],[13],[33],[43],[21],[5],[10],[19],[-6],[-20],[16],[-4],[-26],[-26],[-18],[21],[17],[10],[12],[37],[14],[15],[40],[27],[9],[4],[28],[-3],[-7],[-10],[-14],[25],[-12],[-5],[0],[28],[26],[14],[12],[29],[16],[6],[20],[24],[0],[22],[0],[-8],[24],[21],[6],[8],[17],[41],[30],[15],[26],[8],[16],[1],[-10],[-9],[14],[-8],[-5],[-4],[12],[10],[-6],[16],[30],[15],[19],[46],[18],[33],[17],[18],[34],[9],[-12],[-12],[6],[-13],[-24],[9],[-16],[11],[-7],[8],[33],[23],[10],[48],[37],[23],[24],[6],[4],[17],[-4],[-8],[20],[7],[-5],[1],[30],[6],[12],[20],[8],[38],[22],[8],[11],[19],[8],[35],[18],[0],[-7],[-7],[2],[-12],[24],[-11],[-5],[0],[27],[8],[9],[24],[28],[6],[1],[26],[12],[-9],[-3],[6],[-11],[-21],[-8],[-17],[10],[1],[0],[3],[7],[9],[10],[24],[25],[-4],[0],[16],[-6],[-3],[1],[17],[1],[1],[30],[0],[26],[25],[4],[19],[4],[8],[32],[10],[14],[37],[6],[3],[27],[12],[-7],[10],[-7],[5],[10],[3],[31],[18],[4],[8],[17],[0],[0],[24],[2],[-15],[24],[3],[-15],[0],[-13],[-11],[-4],[16],[18],[-6],[16],[20],[4],[5],[32],[17],[0],[32],[13],[-4],[-3],[1],[0],[11],[12],[38],[8],[3],[29],[14],[-8],[5],[19],[-9],[13],[16],[8],[22],[32],[4],[19],[2],[-5],[27],[16],[6],[8],[24],[5],[-12],[3],[4],[-17],[-16],[13],[2],[-5],[25],[28],[13],[-4],[33],[14],[-11],[8],[20],[5],[-11],[-13],[16],[6],[-10],[16],[-6],[4],[4],[28],[13],[-5],[2],[-9],[-13],[9],[-8],[14],[0],[0],[25],[12],[-3],[11],[2],[6],[6],[33],[17],[2],[24],[35],[19],[4],[16],[-3],[0],[2],[30],[18],[7],[18],[27],[2],[4],[28],[5],[8],[30],[9],[4],[17],[-5],[26],[5],[-11],[6],[19],[12],[22],[45],[25],[8],[6],[3],[-6],[17],[0],[-14],[6],[15],[3],[-12],[24],[11],[-7],[-6],[21],[9],[-6],[17],[1],[7],[36],[16],[-9],[29],[-8],[-13],[24],[6],[-12],[-7],[-5],[-12],[30],[2],[9],[9],[34],[11],[8],[28],[19],[-3],[16],[13],[-6],[25],[6],[-22],[16],[1],[-16],[-12],[15],[2],[-11],[10],[22],[10],[13],[16],[15],[27],[9],[-10],[17],[-20],[5],[-22],[-24],[-15],[-24],[19],[11],[-4],[1],[26],[14],[3],[17],[24],[8],[-12],[5],[0],[-15],[-8],[-23],[0],[3],[-14],[-16],[-11],[-5],[19],[7],[21],[35],[11],[9],[33],[7],[2],[24],[-4],[-19],[16],[10],[-5],[2],[26],[16],[4],[8],[0],[26],[25],[3],[-3],[12],[18],[1],[-17],[12],[0],[-20],[12],[12],[3],[0],[36],[18],[-3],[30],[-6],[-6],[17],[-6],[-26],[0],[-8],[-22],[-4],[14],[7],[-4],[3],[7],[11],[35],[8],[6],[31],[16],[0],[8],[17],[-6],[-27],[-13],[-4],[-15],[-21],[-13],[-13],[10],[22],[11],[33],[18],[21],[5],[3],[-6],[-12],[-15],[7],[-27],[-26],[-28],[-28],[-22],[-13],[-4],[-4],[16],[30],[12],[13],[11],[28],[9],[4],[25],[1],[-19],[0],[-6],[-21],[-32],[10],[0],[-17],[2],[20],[9],[-5],[20],[9],[31],[13],[8],[28],[13],[-14],[1],[-17],[-13],[-16],[8],[-10],[-18],[-10],[8],[3],[33],[12],[8],[9],[9],[19],[2],[2],[13],[-6],[-7],[17],[-11],[-13],[-18],[21],[19],[2],[4],[10],[10],[5],[30],[8],[-11],[-8],[-8],[18],[-14],[15],[-5],[-5],[-7],[1],[-5],[18],[4],[34],[20],[8],[4],[29],[4],[-4],[21],[8],[-8],[-7],[-7],[-6],[29],[15],[3],[8],[5],[21],[9],[25],[26],[5],[0],[-5],[-14],[-15],[2],[-13],[-11],[20],[9],[1],[21],[25],[9],[9],[27],[14],[15],[4],[35],[22],[-5],[8],[12],[-8],[-21],[-15],[-4],[2],[3],[6],[10],[20],[18],[41],[26],[9],[9],[36],[17],[-7],[8],[9],[-19],[-7],[5],[-7],[-14],[10],[1],[6],[44],[31],[17],[17],[13],[26],[-3],[0],[17],[-11],[-17],[-17],[-17],[-20],[8],[4],[-9],[0],[29],[22],[9],[18],[18],[29],[35],[17],[-4],[16],[-6],[-6],[18],[-6],[26],[12],[-4],[1],[30],[22],[10],[10],[37],[21],[5],[4],[27],[11],[-7],[9],[16],[0],[-15],[3],[9],[-14],[1],[-13],[0],[0],[9],[-9],[18],[14],[1],[-15],[-8],[2],[-10],[-6],[15],[0],[1],[17],[0],[-16],[17],[17],[6],[0],[2],[4],[4],[3],[24],[-3],[3],[29],[15],[6],[6],[32],[16],[3],[18],[26],[8],[-11],[16],[-11],[-17],[4],[12],[1],[-9],[24],[5],[0],[5],[0],[21],[5],[0],[24],[5],[-12],[20],[3],[-10],[-14],[1],[13],[-4],[-13],[26],[15],[3],[17],[5],[10],[7],[22],[5],[10],[27],[11],[-3],[-5],[-11],[-11],[-12],[16],[19],[6],[-7],[29],[17],[6],[10],[34],[13],[12],[35],[3],[28],[12],[-7],[16],[20],[0],[16],[27],[13],[0],[37],[7],[12],[31],[12],[9],[10],[15],[8],[36],[25],[9],[10],[24],[2],[1],[28],[2],[9],[0],[31],[9],[13],[-4],[16],[16],[1],[-4],[22],[-6],[-5],[-12],[-4],[1],[29],[2],[3],[23],[5],[0],[1],[33],[17],[0],[14],[24],[6],[-10],[26],[10],[-5],[30],[1],[-4],[12],[3],[33],[9],[5],[11],[0],[29],[-8],[9],[-5],[8],[20],[8],[-7],[11],[1],[18],[27],[13],[3],[5],[5],[4],[21],[8],[0],[32],[15],[3],[6],[1],[21],[2],[-14],[8],[0],[14],[4],[8],[33],[17],[1],[20],[22],[6],[0],[26],[14],[-8],[-12],[-5],[0],[29],[1],[25],[21],[5],[17],[5],[20],[6],[0],[12],[22],[5],[-10],[9],[0],[8],[6],[4],[8],[38],[21],[6],[9],[31],[18],[5],[25],[9],[6],[28],[12],[2],[4],[2],[14],[25],[5],[6],[31],[19],[5],[17],[8],[6],[24],[3],[-10],[2],[25],[14],[0],[4],[29],[10],[8],[5],[18],[5],[42],[14],[13],[26],[6],[3],[27],[0],[22],[4],[-8],[1],[2],[3],[5],[27],[13],[17],[8],[20],[5],[20],[29],[12],[-6],[-9],[-6],[-7],[-11],[-11],[19],[7],[-3],[4],[34],[26],[14],[33],[19],[44],[12],[20],[3],[15],[21],[2],[-16],[18],[8],[-9],[-10],[-10],[22],[10],[1],[17],[29],[17],[4],[26],[26],[3],[0],[25],[8],[-8],[4],[-13],[5],[18],[5],[-9],[3],[25],[11],[10],[37],[12],[31],[2],[-10],[0],[4],[4],[-6],[0],[-8],[12],[-10],[18],[8],[-5],[1],[24],[5],[5],[-3],[0],[8],[24],[10],[-4],[3],[18],[1],[1],[0],[0],[-6],[18],[24],[17],[8],[40],[21],[-3],[-4],[-14],[5],[-12],[-9],[22],[11],[-3],[3],[11],[-5],[29],[0],[0],[14],[20],[1],[25],[9],[-15],[2],[-3],[-22],[-23],[6],[-6],[-14],[0],[16],[6],[11],[38],[24],[11],[7],[6],[29],[12],[-6],[2],[9],[-10],[-21],[-15],[-12],[13],[2],[6],[35],[24],[9],[27],[1],[16],[6],[4],[1],[18],[-6],[-11],[-19],[-22],[4],[6],[-7],[-14],[27],[21],[9],[12],[40],[20],[5],[2],[22],[-5],[21],[5],[-17],[12],[-14],[10],[-7],[1],[29],[-4],[16],[27],[17],[7],[32],[5],[10],[6],[28],[0],[23],[5],[-10],[20],[0],[3],[8],[40],[16],[4],[4],[9],[13],[37],[17],[2],[33],[4],[3],[4],[4],[6],[21],[7],[16],[29],[12],[1],[20],[10],[10],[32],[16],[3],[12],[24],[5],[-14],[1],[13],[2],[-11],[14],[20],[11],[1],[36],[25],[11],[30],[12],[8],[33],[0],[8],[0],[26],[12],[-7],[12],[24],[9],[9],[32],[9],[10],[30],[16],[12],[40],[27],[7],[1],[16],[20],[4],[-12],[24],[10],[-4],[0],[3],[31],[8],[31],[9],[10],[35],[19],[4],[20],[7],[31],[17],[-5],[11],[16],[-3],[-4],[21],[8],[-5],[16],[31],[19],[9],[8],[11],[30],[13],[0],[27],[12],[-11],[16],[11],[-6],[0],[21],[-3],[-13],[19],[-6],[2],[8],[12],[12],[12],[27],[0],[13],[21],[2],[4],[30],[14],[-5],[29],[19],[9],[25],[8],[40],[22],[1],[-4],[19],[3],[1],[29],[13],[0],[2],[5],[9],[12],[36],[21],[3],[17],[30],[7],[22],[6],[5],[0],[0],[-3],[26],[-6],[-5],[-8],[33],[2],[10],[12],[34],[21],[6],[15],[25],[5],[11],[0],[32],[16],[-5],[-6],[-8],[17],[17],[0],[2],[0],[29],[17],[-3],[18],[3],[9],[0],[27],[16],[-3],[-4],[-18],[-3],[-14],[0],[11],[-3],[-6],[31],[18],[4],[24],[18],[1],[5],[4],[29],[4],[-12],[5],[16],[-11],[-13],[13],[-13],[12],[-15],[-14],[-14],[21],[12],[-3],[18],[21],[4],[12],[23],[6],[-9],[1],[-11],[9],[0],[22],[2],[8],[2],[0],[24],[-8],[24],[11],[-8],[16],[20],[8],[0],[2],[-3],[26],[1],[-4],[19],[5],[0],[0],[4],[-3],[19],[3],[2],[27],[11],[-5],[8],[21],[-7],[12],[20],[5],[12],[35],[11],[10],[28],[6],[0],[-8],[2],[-8],[25],[0],[-3],[27],[13],[-3],[-4],[-4],[-3],[-3],[22],[8],[-7],[30],[17],[-5],[-6],[16],[-7],[3],[-12],[-8],[12],[18],[-4],[2],[22],[6],[18],[2],[24],[2],[26],[1],[1],[-4],[29],[13],[3],[1],[4],[17],[3],[33],[16],[-10],[29],[22],[3],[17],[2],[12],[0],[-7],[12],[-9],[-6],[25],[9],[9],[33],[6],[11],[13],[32],[19],[2],[1],[6],[-8],[27],[5],[-12],[10],[0],[19],[9],[20],[5],[12],[28],[15],[2],[16],[5],[10],[-7],[27],[-5],[0],[1],[30],[1],[5],[41],[27],[15],[17],[46],[30],[17],[12],[25],[-4],[0],[17],[3],[-14],[10],[16],[-3],[4],[30],[7],[28],[12],[12],[32],[16],[0],[8],[25],[7],[-10],[3],[17],[1],[-14],[3],[-6],[-3],[30],[17],[-6],[24],[14],[-3],[10],[15],[0],[19],[-5],[8],[16],[-7],[0],[21],[8],[-5],[9],[22],[9],[8],[33],[20],[-3],[-12],[9],[14],[-9],[0],[4],[-14],[19],[3],[-9],[1],[-4],[4],[0],[24],[-7],[-7],[24],[5],[-16],[-21],[-5],[1],[-13],[-7],[-11],[-11],[4],[-16],[10],[-8],[-3],[-4],[17],[-3],[-16],[-19],[-10],[-28],[-16],[-8],[-22],[-31],[4],[0],[-16],[-18],[-15],[21],[-14],[3],[12],[-14],[-15],[-14],[-15],[9],[-30],[-33],[-6],[-22],[-32],[-29],[-6],[-23],[-12],[-19],[4],[-12],[6],[15],[-12],[-18],[-21],[-4],[-26],[-13],[-13],[-28],[-28],[2],[-16],[-24],[-5],[-18],[-16],[13],[1],[-15],[0],[8],[-10],[-22],[0],[-3],[-21],[-32],[0],[-8],[-20],[-28],[11],[1],[-8],[-7],[-5],[2],[20],[-7],[-10],[9],[-11],[-22],[-13],[1],[-14],[-23],[10],[-16],[-16],[9],[-7],[-11],[19],[1],[1],[26],[-7],[-4],[-19],[16],[6],[-10],[-11],[15],[-4],[-13],[-12],[-14],[11],[-3],[2],[23],[6],[-7],[-5],[11],[-6],[23],[3],[-15],[2],[-14],[2],[-10],[-7],[-5],[23],[8],[-5],[0],[28],[11],[-3],[3],[-15],[20],[10],[-7],[-6],[11],[-4],[-12],[26],[-6],[13],[1],[28],[10],[-3],[8],[3],[2],[21],[3],[0],[-5],[-8],[0],[3],[31],[18],[2],[23],[10],[11],[12],[15],[12],[19],[16],[11],[23],[31],[8],[33],[25],[11],[1],[32],[4],[37],[21],[12],[47],[31],[19],[32],[40],[10],[14],[5],[32],[7],[4],[10],[-5],[26],[15],[2],[32],[28],[13],[14],[17],[42],[16],[28],[14],[6],[28],[13],[-3],[8],[2],[28],[5],[5],[7],[32],[32],[18],[8],[44],[29],[10],[10],[42],[34],[18],[13],[38],[7],[3],[3],[5],[30],[19],[10],[24],[35],[15],[13],[36],[20],[9],[33],[16],[4],[6],[7],[32],[20],[8],[21],[4],[12],[33],[10],[14],[41],[16],[16],[17],[12],[25],[9],[18],[23],[7],[7],[33],[14],[4],[20],[35],[14],[12],[38],[8],[33],[9],[8],[37],[22],[10],[10],[35],[2],[17],[3],[9],[0],[5],[26],[6],[5],[6],[3],[28],[14],[1],[16],[1],[21],[4],[8],[33],[21],[8],[8],[10],[8],[34],[20],[2],[15],[24],[13],[3],[24],[28],[13],[-4],[21],[2],[-3],[31],[14],[2],[3],[30],[4],[28],[3],[28],[14],[-5],[14],[4],[2],[25],[6],[-5],[2],[4],[0],[2],[0],[32],[4],[3],[2],[2],[6],[1],[5],[6],[28],[16],[-7],[29],[6],[6],[28],[3],[11],[24],[10],[10],[33],[17],[3],[1],[25],[10],[-3],[8],[26],[2],[29],[5],[25],[6],[8],[32],[-3],[13],[24],[12],[4],[8],[6],[5],[1],[11],[20],[4],[-8],[0],[-5],[19],[6],[5],[32],[19],[-5],[20],[16],[-10],[12],[-4],[16],[1],[0],[27],[12],[-4],[10],[13],[-5],[18],[5],[-7],[24],[1],[4],[2],[4],[3],[32],[13],[-5],[15],[22],[-4],[1],[20],[8],[11],[30],[15],[5],[5],[28],[12],[-5],[-4],[17],[0],[1],[29],[2],[32],[10],[0],[26],[21],[2],[5],[0],[11],[-7],[16],[20],[6],[0],[28],[10],[-8],[-6],[0],[16],[28],[7],[42],[12],[8],[26],[9],[9],[24],[6],[0],[21],[-7],[-9],[2],[-6],[-4],[11],[-7],[18],[24],[11],[0],[34],[21],[13],[13],[10],[7],[1],[34],[11],[-9],[18],[21],[7],[0],[30],[16],[3],[19],[6],[8],[31],[10],[6],[31],[18],[5],[3],[31],[3],[18],[6],[7],[24],[3],[4],[0],[4],[29],[16],[8],[21],[5],[5],[22],[5],[-3],[25],[8],[-7],[2],[1],[5],[20],[4],[5],[2],[3],[1],[28],[2],[-7],[20],[17],[2],[0],[30],[5],[2],[28],[13],[4],[6],[9],[13],[26],[9],[9],[31],[14],[4],[4],[27],[2],[0],[12],[0],[4],[5],[1],[19],[11],[7],[10],[8],[8],[28],[4],[4],[-4],[16],[19],[0],[0],[-4],[3],[29],[0],[-4],[25],[13],[2],[28],[2],[26],[26],[9],[0],[28],[17],[3],[2],[-5],[10],[-7],[13],[5],[5],[32],[4],[8],[11],[33],[18],[3],[28],[25],[1],[16],[18],[2],[2],[26],[11],[-5],[8],[27],[9],[12],[37],[6],[4],[17],[4],[9],[-7],[30],[18],[-4],[-6],[11],[-3],[30],[14],[0],[-3],[22],[-6],[12],[-4],[-3],[26],[14],[-4],[-7],[19],[5],[-10],[4],[-10],[0],[17],[5],[-7],[-5],[24],[10],[-4],[2],[23],[1],[0],[24],[11],[-4],[-3],[26],[0],[1],[-8],[19],[3],[0],[26],[-7],[10],[-10],[-10],[18],[3],[-12],[2],[11],[-7],[-17],[14],[0],[-12],[-8],[18],[-8],[1],[1],[25],[11],[-6],[-5],[20],[-12],[-11],[-7],[-10],[-16],[-14],[6],[-13],[-11],[18],[-8],[-9],[-5],[-6],[-7],[-9],[-10],[-6],[-7],[-13],[-12],[13],[1],[-15],[21],[-14],[-11],[-7],[-7],[-7],[-11],[18],[-2],[-10],[9],[17],[3],[-11],[10],[11],[-8],[-6],[-11],[-12],[12],[2],[-18],[5],[9],[-13],[0],[19],[5],[-6],[12],[12],[-9],[9],[8],[-11],[-11],[17],[3],[-13],[-12],[13],[-4],[-17],[-4],[9],[-6],[-18],[18],[9],[-6],[-5],[25],[-10],[10],[20],[3],[-14],[18],[14],[0],[-6],[18],[2],[-13],[-10],[17],[5],[-12],[11],[-8],[-5],[20],[8],[-4],[27],[14],[-6],[0],[-6],[-7],[-5],[20],[-4],[-4],[13],[2],[-12],[-6],[-10],[24],[10],[-10],[6],[-4],[2],[21],[8],[-5],[-5],[-5],[-8],[-11],[7],[-11],[-10],[19],[9],[-8],[6],[13],[-6],[-7],[17],[-12],[7],[-7],[0],[15],[-5],[-6],[16],[3],[-11],[-7],[19],[-8],[-7],[-5],[-7],[-11],[-8],[22],[6],[-8],[26],[-8],[-5],[-4],[22],[6],[-8],[9],[15],[2],[-11],[18],[17],[0],[-11],[25],[6],[-9],[24],[10],[-12],[17],[13],[-5],[12],[24],[-5],[13],[22],[7],[0],[33],[14],[-3],[0],[25],[1],[2],[27],[-8],[-5],[-4],[17],[3],[-7],[26],[11],[-4],[-3],[0],[25],[5],[-8],[10],[-6],[26],[9],[-6],[-6],[12],[-6],[-5],[5],[5],[2],[29],[17],[2],[0],[25],[-6],[9],[-6],[11],[-6],[31],[-6],[5],[-12],[-9],[-7],[5],[18],[4],[-11],[10],[20],[3],[3],[26],[-5],[0],[24],[1],[-5],[25],[10],[-5],[-8],[22],[10],[-8],[4],[15],[-7],[-6],[22],[9],[-12],[12],[15],[4],[-12],[20],[3],[-12],[14],[-11],[26],[5],[-8],[-4],[-10],[6],[15],[-10],[22],[8],[-6],[20],[7],[-7],[9],[20],[-3],[4],[5],[24],[8],[-13],[28],[18],[4],[1],[26],[0],[20],[1],[16],[22],[-3],[0],[1],[10],[-5],[32],[3],[1],[1],[1],[16],[22],[2],[4],[20],[-10],[20],[-7],[11],[18],[-5],[11],[-3],[28],[13],[0],[12],[22],[7],[-6],[14],[4],[30],[2],[2],[4],[-4],[-4],[23],[12],[-5],[2],[21],[1],[22],[4],[25],[9],[-6],[24],[0],[3],[4],[18],[28],[12],[-9],[9],[-5],[18],[3],[-13],[22],[20],[8],[10],[35],[24],[10],[12],[39],[8],[11],[10],[30],[15],[5],[34],[1],[2],[26],[14],[4],[4],[4],[5],[17],[5],[37],[20],[5],[5],[32],[2],[24],[9],[12],[7],[8],[12],[6],[22],[9],[9],[38],[24],[10],[10],[34],[19],[1],[13],[22],[-3],[5],[35],[21],[1],[18],[9],[33],[13],[9],[31],[15],[2],[35],[21],[5],[5],[13],[2],[18],[14],[-4],[18],[3],[35],[18],[-6],[18],[18],[3],[4],[-3],[11],[21],[9],[-5],[12],[0],[5],[-4],[5],[10],[33],[14],[3],[19],[6],[4],[5],[2],[1],[30],[14],[2],[2],[19],[-6],[-6],[10],[-8],[12],[5],[9],[34],[12],[1],[30],[14],[0],[27],[12],[1],[8],[1],[28],[15],[1],[8],[5],[5],[4],[8],[9],[12],[26],[8],[5],[11],[-4],[0],[-3],[-3],[-5],[20],[-8],[24],[16],[3],[3],[34],[14],[1],[35],[25],[11],[10],[36],[20],[6],[1],[30],[0],[26],[10],[-5],[8],[0],[34],[17],[5],[4],[3],[2],[18],[3],[33],[12],[-7],[16],[17],[4],[-7],[0],[8],[6],[30],[19],[0],[1],[0],[1],[2],[-3],[17],[25],[11],[-3],[5],[15],[-4],[18],[24],[4],[4],[28],[12],[4],[3],[1],[22],[18],[5],[37],[18],[2],[2],[27],[0],[22],[4],[6],[2],[6],[5],[6],[17],[3],[1],[0],[-5],[-4],[23],[4],[27],[3],[17],[4],[4],[30],[16],[3],[8],[26],[4],[4],[10],[9],[29],[5],[0],[1],[2],[2],[17],[3],[28],[11],[1],[17],[4],[25],[9],[14],[26],[2],[18],[24],[4],[20],[6],[0],[32],[16],[-6],[-3],[-3],[23],[-3],[-7],[10],[0],[-6],[0],[1],[25],[-5],[13],[21],[6],[-8],[8],[-8],[1],[-6],[12],[-4],[14],[-4],[10],[-7],[18],[1],[32],[18],[1],[2],[29],[16],[3],[3],[17],[1],[1],[26],[12],[1],[12],[24],[10],[-3],[17],[7],[1],[16],[1],[19],[6],[-7],[32],[19],[3],[3],[11],[-4],[4],[24],[6],[0],[34],[25],[10],[9],[-3],[24],[2],[17],[26],[6],[8],[30],[9],[-5],[24],[24],[10],[0],[16],[3],[6],[26],[5],[9],[9],[37],[27],[11],[7],[35],[20],[4],[8],[25],[11],[-5],[8],[14],[-5],[-4],[-5],[8],[19],[5],[4],[3],[5],[3],[3],[30],[12],[-6],[14],[-4],[5],[6],[-9],[15],[0],[1],[26],[-7],[12],[1],[1],[28],[13],[1],[4],[12],[-7],[29],[-5],[1],[-4],[15],[-5],[-3],[-8],[-4],[13],[-3],[2],[30],[2],[-5],[20],[14],[-10],[8],[19],[4],[-10],[-11],[13],[-13],[16],[17],[2],[0],[27],[6],[-11],[18],[19],[8],[0],[32],[22],[3],[2],[0],[25],[10],[-6],[11],[20],[-7],[12],[12],[-6],[10],[0],[6],[-7],[23],[10],[-4],[26],[9],[-6],[-3],[0],[2],[16],[27],[11],[-7],[10],[-7],[2],[0],[25],[18],[-3],[-5],[29],[5],[-6],[-7],[-4],[-5],[-6],[17],[20],[2],[0],[33],[20],[6],[9],[30],[4],[2],[-3],[6],[-9],[26],[11],[-3],[14],[21],[-5],[-6],[21],[5],[-6],[-4],[13],[-6],[10],[14],[1],[1],[-6],[-5],[9],[0],[32],[1],[30],[12],[-5],[28],[15],[-5],[-5],[21],[8],[-5],[0],[25],[3],[-3],[25],[11],[-4],[-6],[22],[8],[-7],[-6],[23],[0],[-8],[-8],[4],[-11],[18],[11],[-8],[10],[18],[-6],[24],[9],[-8],[9],[12],[-3],[29],[13],[1],[1],[24],[-6],[30],[1],[13],[-4],[-3],[-4],[1],[26],[14],[1],[-3],[28],[14],[-8],[25],[15],[-4],[11],[23],[6],[-9],[12],[20],[5],[-11],[21],[2],[3],[-4],[11],[-7],[10],[12],[1],[19],[2],[3],[29],[17],[-6],[32],[15],[-7],[24],[16],[-3],[19],[5],[3],[27],[-5],[-8],[-4],[8],[-10],[5],[17],[4],[-10],[6],[16],[3],[-16],[14],[-3],[-15],[-10],[-12],[-6],[-8],[10],[19],[-6],[-7],[-8],[-7],[-13],[-10],[11],[-5],[-7],[21],[9],[0],[30],[21],[5],[2],[26],[-6],[-4],[-5],[-5],[-6],[-11],[6],[13],[-3],[-17],[11],[13],[1],[3],[-4],[23],[4],[-10],[22],[-4],[0],[21],[4],[-11],[-10],[-10],[-11],[21],[11],[-7],[-7],[26],[12],[-6],[22],[15],[2],[2],[19],[-7],[-6],[-4],[29],[13],[1],[-3],[24],[10],[-10],[5],[17],[2],[-12],[28],[18],[3],[2],[1],[27],[11],[-8],[11],[20],[0],[2],[-8],[-7],[-4],[-7],[-14],[2],[14],[-7],[-8],[18],[-7],[22],[13],[-7],[-6],[-7],[16],[16],[4],[-10],[28],[15],[1],[2],[29],[-4],[-7],[-7],[1],[2],[29],[11],[-5],[17],[1],[-4],[13],[1],[3],[6],[6],[31],[7],[0],[34],[18],[-3],[1],[0],[4],[1],[26],[-5],[17],[1],[-16],[18],[-15],[2],[-11],[16],[18],[1],[-3],[26],[12],[-7],[-6],[0],[21],[1],[3],[-8],[-11],[12],[-11],[12],[16],[-6],[4],[-7],[-10],[-9],[6],[18],[3],[-10],[5],[17],[-6],[-4],[-6],[21],[9],[-7],[18],[11],[-4],[-6],[22],[6],[-15],[4],[-12],[-14],[-8],[-7],[15],[-7],[-10],[17],[-7],[-7],[19],[-11],[-7],[-5],[-8],[-14],[-7],[-11],[13],[-5],[-6],[15],[0],[-14],[3],[-10],[-7],[-6],[-10],[-9],[-15],[20],[10],[-7],[-8],[21],[7],[-10],[-7],[18],[5],[-8],[-6],[21],[6],[-8],[2],[20],[7],[-4],[27],[13],[-3],[0],[21],[0],[0],[-5],[4],[0],[0],[3],[1],[1],[15],[-3],[33],[17],[-3],[4],[-6],[3],[2],[17],[26],[11],[-8],[16],[18],[4],[8],[26],[9],[6],[33],[5],[1],[27],[6],[-7],[11],[22],[6],[-7],[27],[-6],[24],[5],[-8],[18],[13],[-3],[28],[13],[-5],[-5],[21],[-5],[27],[-6],[14],[-5],[-5],[5],[-10],[26],[16],[0],[-4],[26],[13],[-4],[-3],[26],[-4],[14],[-6],[-7],[21],[8],[-7],[31],[14],[3],[4],[32],[20],[0],[21],[8],[9],[36],[5],[5],[4],[30],[17],[8],[22],[7],[20],[5],[12],[30],[16],[2],[0],[12],[3],[2],[3],[29],[3],[2],[8],[27],[12],[1],[31],[15],[6],[11],[10],[28],[6],[16],[2],[1],[18],[-5],[8],[15],[-4],[2],[16],[5],[8],[30],[16],[1],[10],[27],[12],[0],[32],[26],[13],[3],[35],[4],[13],[2],[31],[7],[8],[7],[21],[7],[6],[32],[16],[7],[12],[6],[8],[11],[16],[13],[41],[7],[3],[2],[4],[2],[5],[4],[5],[6],[5],[3],[2],[0],[35],[18],[0],[9],[5],[-3],[1],[8],[30],[5],[7],[2],[32],[18],[3],[16],[30],[5],[10],[10],[36],[22],[10],[9],[26],[5],[6],[33],[6],[37],[14],[12],[33],[4],[4],[12],[-4],[11],[21],[4],[-10],[30],[9],[-9],[10],[21],[4],[8],[26],[11],[-5],[12],[14],[0],[2],[0],[-4],[-5],[11],[-7],[4],[14],[0],[20],[-5],[10],[18],[1],[0],[24],[11],[-6],[-7],[22],[1],[1],[25],[-3],[10],[-7],[16],[19],[5],[-10],[27],[18],[-4],[28],[2],[0],[-3],[5],[0],[0],[13],[21],[11],[-3],[16],[4],[3],[12],[24],[11],[-5],[1],[1],[-3],[16],[11],[-5],[14],[15],[4],[18],[28],[2],[3],[-3],[16],[25],[-7],[7],[21],[9],[0],[25],[2],[25],[6],[8],[1],[-5],[10],[-7],[32],[16],[2],[8],[27],[2],[0],[22],[2],[-11],[21],[12],[-6],[9],[-4],[5],[17],[3],[2],[-7],[-9],[24],[-7],[-8],[28],[6],[-11],[8],[22],[-5],[13],[-6],[-7],[22],[-7],[-7],[-5],[-4],[-4],[22],[-5],[25],[16],[2],[0],[24],[10],[1],[4],[28],[14],[2],[-3],[25],[5],[-11],[25],[-6],[-7],[0],[-3],[-4],[16],[-3],[9],[25],[4],[3],[20],[-4],[13],[25],[0],[24],[12],[-4],[2],[14],[3],[1],[1],[21],[5],[6],[27],[14],[3],[4],[27],[11],[1],[32],[20],[7],[10],[26],[12],[0],[25],[23],[7],[2],[-7],[8],[19],[6],[5],[32],[18],[5],[6],[30],[17],[2],[10],[25],[0],[22],[7],[-7],[0],[0],[-10],[26],[12],[-9],[-7],[14],[3],[34],[2],[-6],[11],[12],[-3],[0],[13],[-3],[-6],[-5],[-3],[20],[1],[12],[-5],[5],[0],[32],[17],[4],[0],[0],[31],[23],[5],[19],[28],[5],[33],[2],[26],[12],[-2],[8],[2],[1],[4],[1],[27],[13],[-5],[11],[-5],[2],[2],[32],[17],[2],[3],[-5],[-6],[1],[-12],[18],[16],[2],[-7],[28],[10],[-9],[22],[-4],[-5],[-4],[0],[24],[1],[8],[-7],[1],[0],[-3],[30],[12],[-8],[-4],[4],[0],[-5],[-3],[0],[-7],[21],[0],[12],[-7],[11],[21],[-3],[1],[32],[17],[-7],[32],[20],[-4],[13],[-4],[10],[-8],[8],[24],[9],[-7],[16],[19],[7],[9],[12],[-4],[16],[-3],[16],[19],[3],[-12],[-6],[-6],[-3],[30],[6],[-11],[9],[16],[5],[0],[24],[9],[-11],[5],[17],[3],[-10],[10],[-4],[1],[0],[-5],[-12],[17],[11],[-6],[-7],[-5],[-7],[14],[-3],[-6],[22],[-8],[-12],[2],[-12],[3],[-11],[-5],[-3],[-5],[0],[8],[-7],[-10],[19],[-8],[20],[0],[-3],[21],[-13],[9],[-3],[0],[29],[14],[1],[2],[28],[0],[5],[-9],[19],[17],[1],[4],[-5],[22],[7],[-4],[-4],[4],[23],[10],[-5],[8],[26],[14],[3],[18],[26],[2],[2],[1],[0],[19],[2],[5],[30],[17],[2],[25],[25],[10],[9],[31],[1],[3],[19],[29],[3],[4],[3],[26],[24],[1],[16],[6],[14],[0],[34],[22],[11],[16],[17],[2],[18],[29],[6],[36],[21],[9],[12],[5],[5],[12],[3],[34],[17],[4],[23],[7],[11],[10],[6],[29],[12],[-3],[18],[27],[14],[1],[21],[27],[9],[8],[6],[27],[5],[0],[32],[25],[4],[2],[3],[0],[14],[5],[5],[32],[18],[1],[10],[25],[3],[25],[5],[8],[15],[4],[41],[6],[8],[32],[17],[1],[10],[21],[1],[8],[0],[18],[8],[33],[18],[6],[25],[10],[6],[29],[15],[4],[20],[5],[8],[10],[20],[5],[10],[19],[6],[25],[3],[27],[14],[0],[19],[17],[0],[28],[-5],[16],[4],[6],[32],[9],[24],[5],[9],[-7],[32],[25],[4],[22],[2],[-3],[16],[8],[11],[34],[10],[5],[6],[31],[16],[-3],[17],[27],[3],[3],[29],[16],[3],[11],[30],[12],[0],[16],[22],[11],[-4],[37],[21],[5],[8],[2],[1],[2],[14],[24],[9],[-6],[12],[22],[0],[9],[1],[33],[12],[2],[34],[18],[-5],[3],[1],[-3],[2],[18],[3],[3],[23],[6],[0],[27],[0],[25],[-6],[18],[-4],[1],[3],[3],[27],[-2],[17],[1],[2],[24],[11],[-4],[11],[19],[0],[15],[-11],[-10],[-9],[20],[-5],[-6],[21],[4],[-8],[-7],[19],[6],[-5],[-5],[-8],[22],[4],[-10],[10],[19],[1],[-12],[-12],[-6],[-9],[-8],[8],[16],[4],[-8],[6],[10],[-7],[-9],[20],[6],[-16],[18],[6],[-9],[12],[21],[6],[-10],[9],[20],[-4],[-8],[-4],[24],[2],[-7],[20],[-6],[-6],[24],[11],[-4],[-8],[-8],[28],[11],[-6],[0],[-8],[-7],[-6],[-5],[-6],[-7],[5],[0],[22],[15],[2],[-3],[20],[8],[-8],[-7],[20],[-7],[-8],[21],[6],[-11],[-13],[13],[-3],[-11],[6],[14],[-4],[-7],[26],[10],[-12],[12],[12],[-10],[-8],[-10],[-7],[13],[-7],[-6],[20],[6],[-5],[-5],[24],[-7],[-7],[-7],[-10],[-10],[-6],[-3],[-13],[20],[-5],[13],[-8],[12],[19],[1],[3],[27],[0],[24],[9],[-7],[27],[8],[1],[1],[26],[13],[0],[4],[25],[7],[-6],[14],[25],[9],[-6],[10],[22],[0],[25],[8],[-8],[13],[23],[10],[-5],[16],[21],[9],[-6],[18],[-3],[30],[-4],[32],[9],[-6],[24],[20],[1],[1],[4],[20],[8],[5],[29],[19],[-4],[14],[22],[3],[1],[5],[4],[5],[8],[28],[2],[20],[-3],[1],[31],[3],[8],[0],[26],[3],[8],[4],[31],[-4],[16],[-3],[1],[1],[2],[-6],[0],[21],[5],[4],[4],[8],[6],[6],[10],[5],[3],[33],[6],[9],[2],[2],[2],[-3],[5],[0],[36],[25],[13],[12],[38],[25],[13],[8],[35],[22],[3],[25],[10],[0],[26],[25],[1],[19],[26],[10],[0],[30],[18],[6],[2],[31],[17],[4],[4],[5],[36],[10],[13],[36],[2],[20],[24],[2],[22],[3],[30],[13],[-12],[32],[15],[-3],[2],[3],[26],[14],[-4],[16],[1],[6],[8],[36],[17],[-5],[9],[25],[12],[-4],[8],[-6],[-4],[31],[13],[2],[6],[28],[15],[3],[18],[1],[3],[4],[36],[5],[4],[4],[21],[1],[13],[26],[12],[-4],[0],[38],[0],[25],[6],[6],[28],[14],[-10],[29],[-3],[17],[11],[-7],[8],[27],[11],[-4],[36],[17],[4],[2],[30],[4],[29],[1],[16],[-10],[12],[12],[-4],[0],[-7],[3],[-11],[28],[20],[5],[4],[34],[19],[2],[33],[18],[2],[2],[-5],[-6],[16],[3],[1],[3],[6],[2],[30],[5],[5],[7],[9],[0],[29],[14],[4],[6],[34],[18],[3],[3],[26],[8],[1],[5],[20],[2],[9],[6],[4],[2],[2],[21],[8],[8],[30],[8],[4],[4],[1],[1],[-3],[2],[2],[2],[7],[-6],[36],[13],[6],[10],[30],[10],[38],[19],[11],[9],[35],[19],[-3],[6],[11],[25],[11],[0],[17],[0],[20],[27],[13],[-3],[20],[25],[10],[11],[40],[24],[4],[25],[11],[3],[3],[26],[2],[13],[6],[34],[1],[16],[27],[17],[-5],[32],[17],[21],[6],[25],[9],[0],[32],[-12],[29],[2],[24],[5],[0],[28],[19],[4],[3],[24],[0],[4],[28],[16],[5],[16],[29],[13],[1],[0],[-4],[0],[2],[9],[1],[5],[6],[3],[7],[-5],[-3],[11],[32],[7],[5],[11],[4],[12],[20],[12],[5],[21],[13],[4],[20],[5],[-8],[26],[21],[10],[-6],[28],[25],[2],[9],[6],[29],[26],[2],[15],[26],[2],[32],[29],[5],[22],[11],[12],[10],[41],[25],[9],[8],[38],[20],[8],[1],[30],[15],[-3],[1],[25],[-8],[2],[4],[2],[25],[31],[17],[12],[32],[11],[-11],[0],[17],[8],[-11],[21],[0],[-11],[25],[14],[3],[3],[-5],[11],[-4],[11],[1],[28],[19],[0],[14],[-10],[-19],[-19],[-7],[-14],[6],[24],[17],[3],[38],[11],[4],[31],[9],[-14],[-10],[14],[-12],[9],[25],[-4],[0],[-14],[-8],[-12],[-6],[-10],[-12],[-3],[35],[24],[14],[17],[30],[11],[-7],[-10],[15],[3],[-20],[-14],[-15],[-13],[-13],[9],[7],[8],[38],[27],[-4],[5],[5],[16],[1],[5],[-17],[16],[1],[-12],[1],[-6],[9],[-9],[-20],[10],[-3],[3],[1],[8],[20],[9],[-8],[-12],[14],[-6],[-21],[-16],[-21],[0],[-4],[-5],[-7],[25],[0],[5],[-5],[2],[13],[0],[23],[-8],[-11],[0],[-14],[13],[17],[0],[-13],[-11],[-4],[-19],[2],[-19],[17],[6],[25],[16],[12],[6],[0],[6],[11],[3],[-20],[-16],[-3],[-23],[-27],[-12],[-20],[0],[1],[10],[10],[41],[2],[33],[-15],[-5],[-9],[-11],[24],[12],[-5],[-16],[4],[-18],[-15],[-8],[6],[0],[16],[8],[28],[38],[12],[2],[16],[-20],[-24],[-15],[-23],[16],[6],[-14],[2],[17],[5],[-7],[-6],[34],[14],[9],[7],[5],[30],[3],[16],[-5],[-24],[0],[2],[-8],[-19],[-12],[11],[29],[7],[3],[4],[2],[35],[-8],[6],[12],[8],[19],[-3],[-17],[-18],[-32],[-24],[1],[-7],[0],[8],[11],[32],[17],[7],[6],[-5],[-21],[12],[10],[-16],[-12],[20],[-3],[-20],[7],[-15],[8],[-12],[3],[20],[25],[9],[11],[47],[22],[1],[9],[21],[4],[-14],[8],[-19],[-26],[-5],[11],[-5],[4],[5],[34],[15],[13],[9],[24],[21],[31],[24],[37],[24],[29],[-5],[6],[-6],[31],[-7],[-17],[-6],[-18],[18],[7],[-13],[-6],[19],[-20],[18],[-5],[1],[34],[8],[-7],[8],[12],[-8],[3],[-6],[-17],[-19],[2],[-7],[-31],[-12],[-24],[-3],[27],[2],[1],[25],[6],[10],[40],[-8],[5],[-10],[-26],[19],[-13],[-21],[8],[6],[9],[1],[13],[44],[15],[27],[32],[19],[12],[17],[5],[-16],[-13],[15],[3],[-8],[-17],[-17],[-5],[-4],[35],[30],[22],[29],[26],[21],[17],[9],[27],[-5],[-10],[-7],[-15],[11],[1],[7],[11],[-3],[12],[-7],[-12],[6],[-14],[28],[9],[-11],[32],[-16],[-21],[12],[-32],[-30],[-32],[-7],[14],[14],[-4],[1],[-3],[0],[13],[-7],[-27],[0],[-42],[-22],[-50],[-32],[-13],[-34],[-43],[-20],[-18],[-14],[-31],[-12],[-3],[14],[3],[-32],[-36],[-29],[-74],[-64],[-58],[-80],[-80],[-61],[-52],[-20],[-20],[-18],[18],[-18],[-20],[1],[0],[56],[47],[50],[72],[96],[69],[70],[49],[40],[45],[20],[26],[44],[31],[40],[50],[54],[61],[67],[105],[81],[69],[85],[74],[72],[98],[56],[43],[48],[43],[19],[17],[25],[24],[59],[37],[70],[49],[51],[68],[42],[38],[19],[36],[-3],[-35],[-47],[-61],[-59],[-84],[-88],[-54],[-54],[-63],[-38],[-51],[-54],[-64],[-79],[-80],[-67],[-92],[-126],[-133],[-177],[-204],[-231],[-247],[-323],[-374],[-427],[-316],[80],[301],[511],[570],[630],[619],[386],[88],[57],[-65],[-258],[-415],[-378],[-278],[-248],[-257],[-138],[-89],[-150],[-119],[42],[202],[298],[407],[511],[539],[438],[327],[234],[25],[-262],[-430],[-463],[-420],[-392],[-268],[-74],[47],[61],[113],[202],[290],[256],[237],[292],[276],[277],[274],[214],[92],[-72],[-211],[-296],[-399],[-395],[-297],[-190],[-66],[80],[213],[345],[370],[357],[328],[242],[161],[128],[98],[42],[-13],[-43],[-82],[-148],[-193],[-189],[-176],[-154],[-86],[16],[140],[244],[305],[341],[322],[230],[146],[57],[-7],[-66],[-111],[-128],[-117],[-104],[-51],[-18],[-27],[-13],[42],[62],[82],[148],[173],[163],[138],[119],[46],[-40],[-79],[-135],[-144],[-141],[-122],[-93],[-20],[-12],[48],[60],[38],[25],[29],[1],[-31],[-14],[-82],[-134],[-159],[-221],[-249],[-268],[-259],[-262],[-247],[-232],[-204],[-159],[-62],[-21],[38],[97],[158],[198],[263],[242],[219],[166],[131],[100],[-43],[-103],[-116],[-165],[-176],[-199],[-164],[-79],[-68],[-37],[61],[126],[160],[171],[214],[243],[230],[165],[143],[121],[24],[-49],[-85],[-134],[-161],[-146],[-78],[-45],[-29],[48],[136],[131],[148],[145],[152],[177],[118],[94],[116],[69],[14],[-15],[-55],[-94],[-109],[-119],[-94],[-34],[-11],[85],[129],[188],[253],[255],[228],[219],[185],[160],[81],[52],[-5],[-20],[-55],[-31],[-39],[-57],[-38],[28],[43],[67],[140],[176],[194],[196],[171],[130],[128],[59],[-28],[-77],[-134],[-124],[-110],[-117],[-103],[-68],[-86],[-67],[-69],[-39],[-71],[-88],[-67],[-92],[-108],[-127],[-167],[-193],[-248],[-283],[-277],[-328],[-367],[-335],[-385],[-378],[-289],[-111],[495],[739],[726],[760],[675],[605],[296],[-208],[-173],[-178],[-497],[-643],[-435],[-277],[-248],[-298],[-144],[112],[-23],[-94],[210],[511],[564],[511],[524],[622],[441],[133],[-6],[-230],[-533],[-646],[-591],[-446],[-392],[-255],[49],[267],[198],[205],[360],[403],[309],[232],[312],[311],[199],[113],[90],[-18],[-237],[-406],[-437],[-383],[-356],[-247],[-50],[120],[310],[443],[531],[485],[382],[320],[242],[81],[-64],[-31],[-56],[-96],[-77],[-97],[-92],[-53],[-46],[-21],[70],[124],[219],[282],[347],[346],[270],[213],[109],[-10],[-71],[-127],[-181],[-182],[-121],[-72],[-19],[13],[48],[96],[75],[52],[36],[17],[-15],[-49],[-119],[-174],[-209],[-227],[-257],[-277],[-270],[-254],[-257],[-248],[-243],[-202],[-225],[-272],[-280],[-399],[-419],[-416],[-219],[267],[593],[735],[776],[751],[643],[358],[-35],[-239],[-307],[-502],[-621],[-582],[-413],[-304],[-298],[-150],[-3],[-30],[-78],[120],[379],[530],[548],[549],[625],[571],[292],[53],[-201],[-482],[-698],[-734],[-604],[-488],[-350],[-91],[194],[278],[299],[396],[437],[421],[328],[360],[363],[259],[163],[127],[6],[-202],[-401],[-465],[-459],[-433],[-333],[-159],[52],[249],[411],[540],[577],[495],[378],[342],[227],[86],[67],[20],[-29],[-61],[-164],[-174],[-195],[-221],[-165],[-104],[46],[133],[272],[387],[414],[368],[293],[139],[30],[-48],[-172],[-239],[-238],[-207],[-158],[-128],[-96],[-63],[-80],[-68],[-47],[-48],[-46],[-6],[-48],[-140],[-233],[-359],[-413],[-471],[-526],[-513],[-513],[-516],[-548],[-549],[-391],[47],[506],[835],[1031],[1046],[1038],[837],[377],[34],[-227],[-502],[-742],[-821],[-744],[-615],[-540],[-378],[-91],[5],[8],[130],[364],[583],[683],[653],[689],[664],[505],[261],[-16],[-322],[-659],[-862],[-814],[-705],[-595],[-358],[-26],[201],[346],[511],[568],[576],[490],[424],[399],[318],[152],[40],[-43],[-173],[-368],[-543],[-587],[-530],[-480],[-306],[-95],[178],[434],[584],[725],[749],[620],[458],[257],[122],[13],[-107],[-88],[-151],[-138],[-136],[-193],[-159],[-149],[-109],[19],[164],[265],[348],[476],[494],[408],[241],[98],[-83],[-208],[-301],[-339],[-296],[-240],[-144],[-55],[-5],[45],[45],[22],[8],[0],[-11],[-80],[-174],[-246],[-340],[-416],[-471],[-513],[-545],[-554],[-586],[-650],[-701],[-656],[-209],[431],[820],[1090],[1135],[1130],[1050],[548],[51],[-178],[-480],[-766],[-902],[-796],[-597],[-519],[-491],[-171],[60],[-13],[-16],[225],[545],[682],[692],[725],[776],[631],[318],[33],[-294],[-647],[-959],[-984],[-778],[-585],[-401],[-79],[234],[431],[511],[562],[586],[479],[343],[350],[323],[196],[49],[-6],[-92],[-276],[-513],[-598],[-554],[-491],[-373],[-128],[161],[420],[589],[753],[877],[742],[514],[322],[161],[12],[-82],[-125],[-149],[-195],[-207],[-155],[-195],[-199],[-90],[48],[177],[301],[417],[489],[498],[436],[298],[100],[-92],[-259],[-373],[-378],[-339],[-279],[-221],[-126],[-29],[60],[92],[94],[94],[88],[82],[-5],[-115],[-256],[-356],[-488],[-607],[-636],[-661],[-676],[-603],[-658],[-677],[-568],[-23],[552],[952],[1197],[1231],[1254],[1010],[450],[81],[-199],[-570],[-907],[-990],[-855],[-707],[-660],[-488],[-102],[54],[24],[109],[409],[693],[786],[755],[839],[818],[549],[249],[-24],[-346],[-801],[-1112],[-1069],[-885],[-719],[-436],[-14],[317],[512],[704],[804],[758],[573],[474],[402],[269],[85],[-69],[-123],[-204],[-460],[-606],[-648],[-606],[-555],[-369],[-36],[283],[511],[735],[965],[1031],[929],[645],[404],[150],[-38],[-174],[-355],[-414],[-452],[-456],[-350],[-298],[-153],[49],[212],[420],[552],[599],[628],[602],[450],[280],[50],[-184],[-348],[-455],[-446],[-414],[-362],[-290],[-189],[-12],[138],[164],[217],[249],[217],[144],[4],[-134],[-291],[-448],[-608],[-664],[-717],[-752],[-803],[-805],[-772],[-676],[-122],[511],[999],[1266],[1315],[1409],[1180],[598],[118],[-187],[-616],[-999],[-1150],[-1037],[-828],[-754],[-595],[-203],[45],[30],[92],[421],[704],[825],[766],[861],[931],[664],[303],[-30],[-373],[-784],[-1166],[-1200],[-958],[-752],[-487],[-75],[358],[629],[745],[812],[841],[691],[517],[385],[277],[106],[-60],[-154],[-232],[-392],[-591],[-638],[-547],[-508],[-382],[-82],[286],[584],[767],[987],[1124],[982],[730],[511],[235],[-15],[-310],[-530],[-625],[-618],[-575],[-452],[-251],[-55],[148],[356],[523],[603],[664],[637],[521],[373],[176],[-32],[-208],[-396],[-476],[-518],[-491],[-384],[-278],[-103],[43],[173],[282],[284],[266],[221],[112],[-92],[-295],[-430],[-597],[-718],[-729],[-731],[-718],[-704],[-712],[-627],[-285],[247],[717],[1049],[1236],[1368],[1354],[949],[460],[26],[-387],[-802],[-1100],[-1146],[-1008],[-866],[-684],[-365],[-5],[168],[224],[359],[582],[744],[747],[740],[781],[742],[466],[134],[-152],[-517],[-907],[-1155],[-1121],[-925],[-707],[-386],[60],[428],[692],[852],[890],[816],[665],[441],[252],[93],[-104],[-253],[-285],[-359],[-476],[-523],[-515],[-453],[-333],[-119],[159],[461],[697],[929],[1051],[1077],[940],[649],[349],[18],[-271],[-515],[-701],[-726],[-627],[-498],[-285],[-52],[172],[387],[528],[621],[666],[619],[512],[379],[187],[-18],[-208],[-386],[-526],[-568],[-508],[-419],[-324],[-116],[62],[189],[290],[317],[269],[171],[28],[-182],[-372],[-538],[-674],[-723],[-732],[-741],[-725],[-747],[-700],[-513],[-70],[569],[1062],[1266],[1433],[1446],[1205],[769],[272],[-222],[-620],[-1022],[-1231],[-1167],[-1018],[-856],[-603],[-202],[137],[301],[404],[554],[794],[851],[824],[829],[747],[530],[209],[-116],[-468],[-844],[-1135],[-1221],[-1076],[-815],[-519],[-134],[282],[601],[842],[949],[915],[792],[615],[370],[155],[-54],[-283],[-431],[-513],[-610],[-686],[-623],[-513],[-368],[-159],[122],[467],[803],[1016],[1153],[1258],[1163],[812],[493],[164],[-226],[-519],[-767],[-813],[-771],[-676],[-440],[-164],[96],[334],[509],[642],[753],[716],[606],[485],[313],[84],[-135],[-317],[-468],[-591],[-591],[-512],[-381],[-218],[-61],[138],[255],[267],[220],[177],[43],[-158],[-345],[-470],[-576],[-663],[-722],[-751],[-735],[-784],[-842],[-682],[-176],[510],[1162],[1396],[1445],[1482],[1344],[942],[315],[-237],[-598],[-976],[-1243],[-1191],[-954],[-778],[-650],[-384],[50],[316],[293],[412],[769],[959],[913],[818],[820],[724],[306],[-151],[-485],[-783],[-1147],[-1326],[-1128],[-754],[-464],[-164],[249],[607],[797],[852],[849],[767],[545],[340],[202],[68],[-155],[-338],[-488],[-587],[-716],[-780],[-654],[-447],[-229],[67],[445],[761],[996],[1126],[1231],[1160],[840],[478],[130],[-176],[-455],[-703],[-808],[-723],[-602],[-391],[-150],[78],[274],[445],[511],[597],[608],[579],[417],[266],[106],[-51],[-240],[-407],[-495],[-490],[-443],[-339],[-197],[6],[132],[262],[269],[196],[93],[-51],[-203],[-392],[-498],[-548],[-639],[-683],[-703],[-727],[-734],[-831],[-771],[-182],[728],[1274],[1448],[1482],[1507],[1402],[854],[134],[-303],[-679],[-1146],[-1356],[-1186],[-855],[-646],[-606],[-233],[292],[400],[268],[404],[753],[940],[805],[802],[859],[690],[206],[-205],[-504],[-845],[-1262],[-1418],[-1117],[-703],[-413],[-46],[466],[786],[904],[894],[891],[774],[503],[193],[63],[-76],[-263],[-386],[-435],[-520],[-693],[-727],[-599],[-413],[-214],[60],[444],[792],[990],[1132],[1304],[1141],[728],[373],[22],[-263],[-532],[-751],[-744],[-581],[-463],[-249],[-13],[194],[348],[418],[459],[486],[464],[342],[249],[202],[68],[-117],[-271],[-384],[-428],[-373],[-326],[-257],[-111],[25],[148],[256],[218],[117],[-16],[-213],[-404],[-520],[-616],[-682],[-706],[-736],[-761],[-752],[-765],[-579],[-96],[739],[1326],[1483],[1446],[1399],[1385],[848],[99],[-349],[-643],[-1062],[-1291],[-1171],[-861],[-626],[-583],[-272],[293],[447],[339],[487],[856],[991],[828],[704],[803],[651],[150],[-305],[-575],[-844],[-1186],[-1341],[-1048],[-624],[-354],[-26],[474],[853],[986],[886],[848],[794],[482],[150],[-21],[-154],[-330],[-434],[-481],[-538],[-661],[-712],[-558],[-348],[-146],[92],[429],[780],[956],[1099],[1256],[1064],[709],[277],[-12],[-300],[-647],[-840],[-791],[-634],[-444],[-190],[56],[309],[413],[470],[532],[535],[429],[321],[189],[96],[-43],[-222],[-344],[-446],[-475],[-390],[-293],[-181],[-23],[125],[258],[336],[241],[124],[4],[-224],[-442],[-596],[-661],[-715],[-798],[-806],[-766],[-800],[-796],[-594],[-86],[862],[1396],[1535],[1531],[1522],[1425],[850],[9],[-384],[-662],[-1151],[-1396],[-1197],[-863],[-618],[-560],[-202],[369],[504],[341],[541],[932],[1073],[849],[744],[854],[621],[43],[-429],[-672],[-982],[-1366],[-1440],[-1029],[-566],[-327],[56],[601],[1000],[1044],[960],[948],[807],[459],[140],[-43],[-222],[-472],[-550],[-551],[-590],[-705],[-762],[-566],[-314],[-140],[150],[521],[827],[990],[1182],[1223],[1048],[684],[261],[-78],[-382],[-720],[-926],[-909],[-719],[-522],[-257],[96],[319],[450],[518],[613],[577],[436],[257],[132],[28],[-98],[-254],[-364],[-444],[-472],[-397],[-294],[-182],[-55],[78],[217],[287],[240],[83],[-42],[-257],[-472],[-639],[-748],[-794],[-856],[-912],[-860],[-826],[-713],[-250],[744],[1409],[1545],[1456],[1492],[1478],[945],[91],[-365],[-577],[-1027],[-1340],[-1195],[-806],[-564],[-608],[-278],[368],[511],[302],[467],[934],[1134],[884],[713],[890],[707],[89],[-373],[-606],[-925],[-1408],[-1567],[-1148],[-606],[-359],[-49],[572],[1041],[1097],[1012],[1004],[914],[564],[174],[40],[-128],[-403],[-588],[-631],[-616],[-734],[-804],[-591],[-328],[-135],[169],[513],[792],[1004],[1132],[1225],[1082],[740],[310],[-26],[-298],[-632],[-881],[-847],[-680],[-524],[-282],[11],[269],[390],[473],[531],[540],[469],[271],[121],[9],[-115],[-288],[-414],[-463],[-439],[-358],[-285],[-144],[-28],[122],[241],[250],[196],[91],[-90],[-318],[-476],[-593],[-731],[-806],[-862],[-846],[-836],[-839],[-660],[-232],[624],[1282],[1510],[1602],[1516],[1364],[985],[271],[-352],[-656],[-1007],[-1271],[-1192],[-941],[-671],[-513],[-268],[276],[533],[495],[574],[894],[1105],[1029],[840],[790],[644],[177],[-312],[-627],[-943],[-1304],[-1492],[-1241],[-769],[-406],[-84],[414],[863],[1071],[1087],[1099],[973],[655],[290],[70],[-93],[-346],[-558],[-616],[-647],[-680],[-716],[-587],[-319],[-78],[182],[553],[844],[989],[1072],[992],[867],[568],[213],[-52],[-304],[-519],[-677],[-710],[-587],[-422],[-209],[-17],[195],[342],[428],[505],[483],[384],[222],[53],[-73],[-197],[-341],[-455],[-462],[-447],[-340],[-239],[-125],[3],[105],[175],[194],[131],[-5],[-132],[-298],[-460],[-528],[-607],[-743],[-773],[-819],[-805],[-794],[-752],[-439],[402],[1155],[1449],[1537],[1535],[1389],[1067],[286],[-294],[-608],[-1040],[-1282],[-1132],[-863],[-598],[-424],[-200],[276],[498],[398],[478],[793],[970],[928],[821],[867],[740],[281],[-160],[-502],[-826],[-1183],[-1367],[-1163],[-727],[-389],[-28],[420],[764],[964],[927],[819],[699],[483],[191],[33],[-48],[-191],[-274],[-331],[-411],[-458],[-514],[-454],[-261],[-26],[262],[569],[820],[978],[952],[820],[620],[253],[-111],[-340],[-481],[-565],[-569],[-475],[-283],[-55],[123],[213],[275],[291],[260],[211],[174],[155],[67],[-45],[-154],[-229],[-326],[-430],[-504],[-440],[-316],[-188],[-97],[61],[124],[138],[69],[-72],[-205],[-378],[-606],[-718],[-767],[-807],[-853],[-938],[-974],[-733],[-10],[878],[1394],[1480],[1381],[1525],[1475],[729],[27],[-303],[-711],[-1180],[-1343],[-1105],[-767],[-702],[-619],[-36],[474],[426],[376],[698],[1106],[1065],[843],[938],[986],[617],[61],[-232],[-501],[-992],[-1449],[-1371],[-947],[-639],[-381],[77],[616],[953],[1006],[1000],[1037],[790],[379],[128],[29],[-185],[-413],[-507],[-495],[-555],[-630],[-534],[-316],[-178],[18],[281],[582],[815],[1038],[1174],[1142],[836],[440],[65],[-216],[-515],[-815],[-881],[-727],[-511],[-296],[-7],[331],[503],[525],[552],[531],[438],[257],[63],[-84],[-179],[-355],[-516],[-548],[-501],[-439],[-355],[-260],[-94],[77],[181],[251],[300],[189],[48],[-183],[-367],[-558],[-724],[-865],[-970],[-997],[-956],[-901],[-886],[-685],[-5],[987],[1495],[1642],[1580],[1615],[1524],[793],[-14],[-395],[-782],[-1316],[-1530],[-1296],[-894],[-718],[-637],[-48],[511],[500],[441],[738],[1100],[1125],[896],[925],[989],[648],[55],[-299],[-568],[-1010],[-1453],[-1425],[-981],[-619],[-346],[195],[733],[1089],[1111],[1065],[1096],[809],[337],[18],[-101],[-344],[-536],[-552],[-500],[-513],[-584],[-471],[-208],[-15],[148],[441],[706],[873],[1013],[1120],[1029],[755],[283],[-69],[-284],[-513],[-763],[-837],[-683],[-474],[-242],[21],[354],[569],[627],[649],[646],[569],[285],[12],[-198],[-352],[-541],[-723],[-755],[-610],[-470],[-341],[-168],[52],[189],[289],[352],[347],[265],[38],[-170],[-303],[-503],[-702],[-854],[-959],[-1014],[-1085],[-1067],[-1020],[-838],[-219],[861],[1535],[1765],[1701],[1724],[1748],[953],[3],[-437],[-811],[-1331],[-1575],[-1386],[-939],[-713],[-645],[-37],[549],[524],[424],[693],[1110],[1185],[938],[874],[964],[620],[58],[-335],[-603],[-999],[-1509],[-1519],[-1004],[-568],[-340],[146],[735],[1132],[1225],[1131],[1080],[856],[372],[28],[-107],[-299],[-577],[-683],[-618],[-527],[-607],[-572],[-279],[-31],[201],[521],[813],[1045],[1123],[1184],[1061],[739],[300],[-71],[-338],[-572],[-806],[-887],[-786],[-524],[-239],[41],[328],[534],[668],[758],[714],[597],[435],[197],[-65],[-274],[-444],[-636],[-777],[-756],[-592],[-416],[-271],[-113],[129],[321],[398],[428],[340],[239],[33],[-204],[-372],[-509],[-727],[-910],[-970],[-1031],[-1013],[-1050],[-1103],[-791],[150],[1059],[1607],[1726],[1738],[1806],[1514],[603],[-139],[-550],[-1040],[-1462],[-1530],[-1205],[-797],[-720],[-491],[226],[558],[395],[421],[802],[1159],[1053],[831],[905],[918],[457],[-116],[-399],[-669],[-1251],[-1644],[-1368],[-806],[-501],[-219],[355],[986],[1195],[1115],[1109],[1050],[648],[189],[-22],[-161],[-402],[-587],[-600],[-513],[-558],[-603],[-443],[-192],[13],[274],[572],[868],[1064],[1102],[1120],[985],[615],[176],[-150],[-417],[-655],[-884],[-846],[-599],[-338],[-76],[235],[526],[657],[666],[669],[626],[446],[180],[-22],[-172],[-336],[-531],[-683],[-684],[-573],[-449],[-331],[-167],[30],[233],[382],[440],[440],[301],[101],[-63],[-269],[-439],[-611],[-812],[-911],[-856],[-856],[-808],[-806],[-774],[-627],[-362],[495],[1270],[1560],[1597],[1541],[1450],[1076],[216],[-446],[-725],[-1131],[-1442],[-1386],[-1042],[-634],[-492],[-196],[447],[638],[492],[600],[898],[1052],[851],[617],[630],[528],[117],[-269],[-520],[-786],[-1147],[-1311],[-1008],[-556],[-330],[-13],[511],[926],[1025],[937],[928],[783],[437],[114],[-99],[-270],[-435],[-533],[-498],[-429],[-453],[-429],[-214],[35],[161],[315],[550],[724],[747],[800],[883],[822],[553],[236],[-22],[-294],[-554],[-714],[-658],[-470],[-298],[-84],[251],[473],[546],[523],[531],[448],[264],[36],[-120],[-212],[-316],[-481],[-536],[-511],[-440],[-391],[-247],[-39],[99],[212],[327],[371],[312],[177],[-5],[-178],[-400],[-603],[-723],[-783],[-838],[-854],[-846],[-810],[-838],[-814],[-453],[510],[1272],[1558],[1507],[1516],[1572],[1071],[195],[-262],[-567],[-1067],[-1463],[-1367],[-949],[-654],[-642],[-258],[388],[521],[385],[511],[891],[1040],[745],[592],[776],[650],[165],[-219],[-407],[-707],[-1223],[-1395],[-1004],[-629],[-464],[-122],[405],[842],[910],[900],[969],[813],[433],[115],[1],[-162],[-368],[-447],[-389],[-396],[-513],[-481],[-288],[-136],[-24],[193],[429],[572],[685],[846],[945],[857],[550],[296],[112],[-155],[-480],[-599],[-542],[-458],[-352],[-112],[164],[320],[356],[413],[466],[403],[245],[91],[1],[-100],[-219],[-364],[-429],[-434],[-415],[-330],[-202],[-62],[18],[152],[302],[320],[280],[123],[-21],[-193],[-397],[-524],[-570],[-655],[-693],[-659],[-652],[-592],[-670],[-758],[-630],[-435],[339],[1129],[1458],[1423],[1338],[1381],[1060],[222],[-349],[-563],[-965],[-1317],[-1246],[-900],[-575],[-504],[-181],[425],[509],[258],[345],[745],[891],[664],[528],[689],[659],[233],[-64],[-261],[-629],[-1128],[-1323],[-994],[-659],[-546],[-259],[307],[732],[874],[842],[904],[859],[459],[170],[69],[-91],[-282],[-339],[-315],[-339],[-475],[-481],[-338],[-227],[-127],[19],[266],[458],[613],[851],[983],[898],[662],[418],[169],[-109],[-421],[-578],[-587],[-513],[-382],[-164],[75],[241],[327],[333],[369],[384],[267],[128],[69],[-17],[-121],[-221],[-287],[-310],[-260],[-222],[-194],[-130],[-8],[79],[138],[153],[159],[80],[-7],[-84],[-232],[-329],[-401],[-496],[-517],[-571],[-540],[-520],[-520],[-493],[-533],[-608],[-520],[75],[873],[1285],[1249],[1165],[1299],[1147],[361],[-236],[-435],[-746],[-1111],[-1203],[-911],[-536],[-527],[-358],[226],[474],[287],[237],[559],[870],[712],[511],[673],[718],[361],[-22],[-226],[-471],[-980],[-1349],[-1123],[-774],[-630],[-380],[150],[618],[807],[889],[957],[942],[592],[315],[155],[51],[-197],[-366],[-358],[-345],[-462],[-542],[-416],[-308],[-282],[-145],[114],[408],[638],[818],[1001],[962],[749],[545],[357],[84],[-261],[-519],[-571],[-591],[-564],[-421],[-206],[27],[171],[275],[399],[395],[321],[253],[201],[189],[63],[-70],[-146],[-154],[-191],[-211],[-214],[-226],[-186],[-105],[19],[86],[115],[94],[56],[24],[-31],[-142],[-287],[-352],[-414],[-507],[-460],[-408],[-376],[-347],[-492],[-582],[-648],[-670],[-86],[731],[1090],[1211],[1217],[1341],[1229],[465],[-109],[-291],[-705],[-1138],[-1264],[-1048],[-649],[-513],[-310],[283],[517],[315],[300],[568],[861],[673],[409],[558],[644],[321],[-5],[-237],[-492],[-910],[-1256],[-1062],[-743],[-623],[-389],[101],[607],[875],[916],[941],[950],[689],[332],[132],[-60],[-234],[-393],[-421],[-389],[-497],[-573],[-513],[-410],[-275],[-134],[165],[479],[684],[934],[1084],[1069],[858],[539],[297],[11],[-371],[-660],[-778],[-797],[-701],[-496],[-166],[132],[267],[380],[511],[517],[491],[356],[278],[232],[92],[-43],[-84],[-149],[-254],[-327],[-307],[-269],[-226],[-118],[44],[157],[178],[187],[185],[126],[50],[-76],[-138],[-250],[-361],[-394],[-382],[-374],[-387],[-391],[-405],[-416],[-568],[-688],[-682],[-518],[60],[768],[1246],[1361],[1265],[1198],[990],[289],[-278],[-562],[-866],[-1127],[-1089],[-791],[-448],[-326],[-99],[309],[409],[224],[157],[345],[531],[500],[389],[549],[571],[331],[77],[-108],[-382],[-846],[-1144],[-972],[-660],[-479],[-171],[285],[673],[803],[820],[892],[765],[419],[119],[-35],[-163],[-352],[-448],[-362],[-317],[-394],[-396],[-247],[-168],[-128],[32],[290],[545],[656],[767],[913],[879],[624],[357],[64],[-255],[-549],[-738],[-737],[-621],[-499],[-309],[-20],[251],[444],[497],[517],[540],[474],[329],[262],[220],[113],[-114],[-258],[-281],[-313],[-346],[-347],[-234],[-142],[13],[146],[291],[417],[354],[267],[196],[97],[-94],[-256],[-326],[-418],[-461],[-492],[-475],[-421],[-390],[-392],[-352],[-442],[-510],[-667],[-647],[-179],[648],[1075],[1260],[1195],[1264],[1257],[558],[-120],[-335],[-640],[-975],[-1157],[-963],[-571],[-513],[-476],[12],[283],[100],[-21],[246],[691],[664],[425],[590],[813],[657],[294],[64],[-115],[-602],[-1125],[-1068],[-754],[-650],[-532],[-134],[399],[687],[650],[716],[788],[511],[245],[112],[28],[-54],[-189],[-161],[-112],[-255],[-378],[-346],[-280],[-301],[-275],[-63],[202],[349],[555],[817],[900],[669],[413],[230],[-19],[-417],[-639],[-627],[-591],[-513],[-323],[-8],[232],[349],[454],[513],[497],[389],[304],[276],[208],[76],[-23],[-124],[-203],[-249],[-231],[-213],[-171],[-88],[49],[236],[343],[367],[398],[388],[286],[121],[-31],[-166],[-327],[-422],[-455],[-405],[-291],[-219],[-140],[-64],[43],[11],[-36],[-69],[-78],[-172],[-259],[-378],[-491],[-592],[-712],[-403],[81],[447],[725],[803],[904],[931],[574],[205],[-72],[-349],[-592],[-773],[-781],[-647],[-574],[-442],[-148],[30],[54],[100],[244],[486],[578],[540],[644],[601],[511],[382],[156],[-134],[-475],[-767],[-845],[-845],[-800],[-595],[-336],[-11],[313],[553],[749],[827],[717],[696],[554],[331],[112],[-46],[-196],[-345],[-472],[-526],[-502],[-474],[-372],[-219],[-55],[104],[205],[373],[535],[611],[627],[538],[445],[319],[159],[-35],[-214],[-302],[-383],[-420],[-373],[-272],[-103],[61],[249],[447],[511],[511],[485],[444],[332],[175],[-62],[-167],[-172],[-220],[-252],[-209],[-117],[-63],[-22],[114],[179],[195],[144],[152],[184],[104],[0],[-51],[-57],[-95],[-173],[-213],[-186],[-166],[-198],[-165],[-119],[-118],[-155],[-103],[-12],[-33],[-64],[-144],[-204],[-240],[-321],[-419],[-491],[-549],[-660],[-462],[230],[540],[712],[786],[883],[968],[544],[75],[-31],[-275],[-615],[-803],[-719],[-520],[-523],[-429],[5],[149],[-4],[-6],[219],[466],[460],[362],[499],[546],[443],[314],[224],[30],[-340],[-631],[-650],[-658],[-656],[-496],[-220],[88],[262],[400],[606],[616],[500],[439],[342],[145],[13],[-81],[-82],[-162],[-266],[-276],[-248],[-253],[-211],[-123],[4],[150],[295],[450],[549],[617],[560],[454],[304],[146],[-37],[-192],[-283],[-283],[-250],[-212],[-118],[-29],[86],[171],[244],[253],[245],[250],[249],[205],[161],[131],[31],[-32],[-10],[-28],[-67],[-141],[-146],[-108],[-80],[-35],[-21],[19],[60],[78],[25],[-46],[-161],[-328],[-422],[-523],[-591],[-592],[-598],[-487],[-375],[-421],[-420],[-461],[-458],[34],[540],[844],[1105],[1104],[1152],[998],[448],[76],[-237],[-688],[-1014],[-1172],[-1059],[-860],[-740],[-431],[5],[185],[270],[328],[533],[751],[681],[639],[693],[642],[432],[209],[-60],[-372],[-828],[-1104],[-1058],[-933],[-719],[-402],[-17],[360],[627],[766],[880],[817],[636],[490],[322],[116],[-134],[-244],[-307],[-454],[-548],[-581],[-550],[-475],[-384],[-154],[162],[371],[564],[796],[989],[972],[790],[580],[370],[14],[-297],[-514],[-620],[-638],[-580],[-427],[-189],[50],[225],[396],[510],[544],[529],[446],[386],[300],[242],[96],[5],[-108],[-192],[-272],[-292],[-285],[-241],[-123],[20],[177],[304],[401],[401],[361],[240],[65],[-133],[-303],[-430],[-513],[-502],[-402],[-292],[-189],[-50],[96],[170],[163],[173],[122],[121],[-13],[-91],[-167],[-184],[-273],[-315],[-293],[-270],[-273],[-287],[-232],[-121],[-107],[-119],[-57],[32],[109],[92],[102],[139],[106],[-12],[-86],[-144],[-258],[-318],[-319],[-240],[-102],[-31],[97],[200],[233],[227],[214],[142],[83],[-27],[-63],[-97],[-122],[-114],[-78],[-52],[-42],[-39],[-58],[-29],[21],[64],[118],[171],[236],[275],[252],[290],[234],[130],[14],[-63],[-94],[-115],[-158],[-94],[-11],[19],[73],[121],[169],[180],[136],[190],[213],[180],[193],[228],[269],[216],[138],[65],[47],[24],[-57],[-84],[-36],[-4],[2],[113],[201],[252],[230],[203],[190],[113],[64],[2],[-6],[-37],[-108],[-106],[-90],[-97],[-77],[-46],[-13],[11],[48],[84],[75],[53],[36],[19],[-69],[-148],[-179],[-239],[-321],[-352],[-367],[-326],[-339],[-350],[-241],[-253],[-213],[-278],[-311],[-323],[-475],[-630],[-504],[115],[564],[770],[802],[878],[874],[427],[-67],[-222],[-407],[-684],[-902],[-806],[-534],[-403],[-340],[46],[317],[226],[77],[219],[512],[573],[399],[431],[552],[443],[227],[89],[-75],[-400],[-720],[-751],[-624],[-492],[-325],[-35],[284],[426],[438],[524],[534],[481],[342],[273],[204],[52],[-12],[2],[-22],[-229],[-397],[-422],[-431],[-398],[-312],[-87],[154],[297],[480],[725],[767],[649],[542],[416],[182],[-50],[-181],[-257],[-343],[-362],[-290],[-244],[-192],[-87],[15],[112],[177],[276],[413],[511],[512],[476],[382],[250],[86],[-73],[-146],[-229],[-291],[-272],[-210],[-101],[-19],[77],[145],[205],[236],[238],[175],[122],[61],[-32],[-125],[-200],[-200],[-209],[-196],[-127],[-111],[-72],[-54],[-29],[10],[-11],[-20],[-83],[-127],[-135],[-175],[-210],[-208],[-208],[-171],[-119],[-166],[-176],[-191],[-175],[-187],[-167],[-175],[-105],[-102],[-109],[-82],[-125],[-203],[-333],[-508],[-623],[-608],[-172],[302],[571],[677],[781],[920],[674],[266],[90],[-30],[-342],[-600],[-579],[-418],[-394],[-392],[-93],[141],[41],[-92],[46],[321],[384],[292],[411],[558],[571],[451],[392],[236],[-110],[-455],[-519],[-499],[-513],[-408],[-166],[68],[184],[309],[454],[453],[384],[377],[348],[235],[136],[137],[197],[116],[-77],[-190],[-217],[-266],[-328],[-302],[-171],[-29],[113],[344],[502],[595],[546],[443],[347],[203],[19],[-100],[-206],[-176],[-152],[-163],[-163],[-86],[-28],[-19],[2],[69],[105],[168],[222],[269],[222],[84],[-68],[-160],[-251],[-305],[-341],[-315],[-286],[-207],[-63],[52],[163],[186],[166],[138],[58],[-5],[-95],[-113],[-151],[-218],[-259],[-238],[-200],[-183],[-179],[-141],[-87],[-37],[16],[31],[66],[35],[-43],[-99],[-178],[-192],[-244],[-312],[-344],[-450],[-624],[-682],[-482],[88],[506],[673],[745],[900],[954],[586],[261],[160],[-110],[-452],[-678],[-624],[-511],[-512],[-376],[-45],[50],[-54],[7],[258],[474],[445],[452],[621],[629],[536],[472],[314],[6],[-375],[-595],[-622],[-666],[-602],[-394],[-132],[114],[309],[483],[627],[619],[543],[522],[385],[259],[149],[136],[121],[-33],[-190],[-299],[-356],[-398],[-397],[-328],[-178],[-30],[206],[472],[597],[675],[648],[525],[395],[158],[-65],[-246],[-403],[-430],[-435],[-388],[-277],[-179],[-67],[20],[102],[125],[123],[174],[230],[217],[226],[223],[166],[101],[-30],[-151],[-254],[-345],[-377],[-370],[-247],[-107],[-7],[117],[258],[296],[238],[176],[102],[33],[-68],[-168],[-186],[-175],[-136],[-96],[-80],[-16],[57],[33],[40],[112],[110],[74],[82],[67],[51],[-31],[-101],[-130],[-176],[-212],[-283],[-279],[-229],[-225],[-222],[-197],[-120],[-138],[-152],[-155],[-198],[-284],[-212],[-159],[-61],[44],[248],[524],[604],[537],[506],[440],[225],[-28],[-139],[-192],[-285],[-400],[-347],[-180],[-104],[-124],[-14],[108],[100],[91],[168],[305],[360],[379],[472],[465],[333],[194],[51],[-122],[-301],[-373],[-376],[-348],[-258],[-84],[68],[162],[208],[235],[235],[203],[130],[101],[71],[42],[24],[61],[72],[-6],[-88],[-146],[-214],[-263],[-248],[-160],[-40],[32],[194],[302],[321],[284],[254],[152],[-5],[-130],[-223],[-236],[-251],[-205],[-137],[-50],[60],[100],[97],[125],[126],[155],[155],[154],[137],[133],[98],[52],[20],[-99],[-159],[-195],[-207],[-176],[-75],[-42],[64],[117],[196],[232],[181],[102],[76],[72],[32],[-22],[-43],[-75],[-66],[-95],[-126],[-138],[-140],[-108],[-93],[-27],[50],[87],[133],[157],[170],[119],[24],[-43],[-100],[-130],[-190],[-216],[-188],[-208],[-193],[-136],[-146],[-183],[-218],[-250],[-277],[-351],[-413],[-321],[-84],[285],[505],[624],[705],[667],[530],[285],[91],[-28],[-242],[-443],[-488],[-431],[-363],[-282],[-128],[-13],[4],[-11],[67],[228],[320],[328],[336],[369],[393],[357],[270],[129],[-46],[-240],[-371],[-452],[-407],[-330],[-206],[-66],[88],[176],[221],[257],[284],[211],[117],[53],[31],[6],[2],[5],[-35],[-100],[-135],[-192],[-205],[-208],[-190],[-95],[-6],[78],[140],[204],[264],[262],[203],[150],[75],[3],[-64],[-123],[-133],[-134],[-102],[-50],[-63],[-15],[-12],[-3],[80],[96],[139],[180],[179],[176],[160],[144],[78],[15],[-5],[-30],[-19],[-24],[17],[60],[77],[78],[29],[12],[-20],[-13],[19],[13],[13],[41],[91],[115],[160],[164],[97],[51],[6],[-35],[-62],[-44],[-73],[-88],[-50],[-55],[-60],[-84],[-69],[-68],[-71],[-70],[-70],[-39],[33],[46],[54],[84],[43],[-12],[-83],[-200],[-248],[-323],[-395],[-398],[-374],[-384],[-276],[-157],[-13],[120],[245],[355],[425],[424],[404],[340],[230],[114],[-46],[-143],[-229],[-321],[-343],[-348],[-314],[-301],[-232],[-68],[19],[85],[170],[223],[296],[327],[287],[271],[203],[59],[-11],[-82],[-167],[-252],[-244],[-224],[-205],[-140],[-91],[26],[109],[114],[120],[165],[187],[148],[134],[77],[34],[-16],[-20],[-3],[-10],[-24],[-17],[-40],[-16],[29],[38],[70],[146],[173],[141],[145],[110],[82],[57],[-3],[-26],[-13],[-27],[-3],[58],[96],[109],[111],[142],[186],[144],[146],[155],[111],[69],[41],[-3],[-23],[-27],[-68],[-33],[-5],[60],[94],[101],[169],[162],[145],[117],[99],[38],[13],[-49],[-83],[-72],[-96],[-92],[-95],[-50],[-31],[-42],[-28],[11],[80],[85],[86],[113],[88],[52],[12],[-28],[-106],[-170],[-170],[-178],[-166],[-151],[-116],[-48],[-47],[-56],[-29],[-66],[-78],[-104],[-177],[-178],[-220],[-237],[-311],[-355],[-296],[-295],[-181],[-47],[63],[177],[274],[338],[449],[370],[294],[195],[31],[-143],[-283],[-362],[-363],[-352],[-349],[-302],[-183],[-52],[36],[129],[256],[269],[306],[301],[305],[283],[190],[96],[27],[-82],[-174],[-220],[-206],[-183],[-114],[-27],[40],[126],[205],[228],[245],[196],[192],[187],[147],[102],[69],[2],[-35],[-91],[-98],[-90],[-58],[5],[18],[73],[156],[246],[258],[237],[247],[235],[122],[51],[30],[-28],[-101],[-128],[-110],[-107],[-89],[-43],[-38],[6],[18],[64],[91],[123],[188],[219],[187],[144],[130],[65],[-15],[-73],[-80],[-109],[-120],[-71],[-23],[19],[28],[58],[57],[43],[48],[27],[5],[-14],[-6],[-27],[-46],[-44],[-74],[-51],[-48],[-43],[-37],[-10],[22],[25],[56],[78],[43],[-11],[-39],[-33],[-91],[-127],[-113],[-140],[-131],[-161],[-167],[-124],[-114],[-93],[-27],[-32],[-9],[-16],[-10],[-16],[-4],[-39],[-51],[-69],[-85],[-112],[-139],[-147],[-180],[-202],[-157],[-164],[-107],[-21],[58],[96],[123],[185],[176],[162],[94],[76],[18],[-46],[-111],[-118],[-123],[-92],[-80],[-52],[6],[35],[83],[100],[170],[218],[189],[198],[210],[158],[112],[100],[34],[10],[-40],[-40],[-66],[-85],[-32],[-6],[35],[102],[124],[177],[198],[161],[172],[133],[91],[25],[-21],[-21],[-31],[-16],[-11],[14],[32],[48],[41],[66],[120],[94],[117],[115],[85],[56],[44],[4],[-26],[-55],[-98],[-71],[-47],[-35],[-14],[59],[90],[92],[100],[124],[82],[48],[22],[-37],[-78],[-92],[-117],[-133],[-120],[-104],[-98],[-63],[-28],[14],[28],[54],[77],[88],[70],[65],[85],[31],[-30],[-62],[-92],[-163],[-190],[-167],[-161],[-103],[-78],[-34],[17],[46],[107],[117],[92],[89],[67],[76],[35],[6],[-23],[-69],[-126],[-151],[-207],[-208],[-197],[-146],[-55],[9],[58],[88],[118],[149],[182],[142],[106],[66],[15],[-60],[-118],[-135],[-138],[-162],[-157],[-115],[-110],[-81],[-48],[-29],[2],[34],[70],[84],[136],[166],[126],[74],[64],[13],[-52],[-69],[-62],[-45],[-47],[16],[41],[65],[85],[72],[57],[53],[75],[43],[53],[67],[91],[52],[29],[40],[37],[9],[2],[24],[27],[31],[60],[105],[84],[86],[58],[9],[4],[-31],[-43],[-32],[-51],[-20],[4],[28],[29],[17],[15],[22],[27],[-7],[-5],[40],[27],[-4],[7],[56],[25],[-31],[-32],[-11],[-32],[-59],[-13],[9],[-18],[-15],[-8],[9],[10],[-20],[-6],[37],[9],[12],[3],[38],[-4],[-40],[-20],[-30],[-67],[-83],[-43],[-38],[-52],[-32],[31],[60],[54],[84],[83],[72],[48],[4],[-12],[-36],[-53],[-61],[-42],[6],[5],[9],[25],[29],[26],[-2],[-24],[-16],[-55],[-59],[-37],[-26],[-14],[1],[32],[10],[-8],[23],[13],[6],[27],[75],[66],[42],[36],[-10],[-37],[-82],[-125],[-122],[-79],[-85],[-52],[2],[28],[43],[45],[60],[49],[32],[17],[35],[60],[37],[18],[24],[-18],[-27],[-16],[-59],[-27],[-32],[-24],[28],[44],[61],[72],[95],[62],[40],[44],[14],[1],[-26],[-47],[-61],[-46],[-55],[-38],[18],[38],[49],[85],[91],[133],[147],[121],[80],[72],[57],[22],[0],[-5],[-6],[-39],[-14],[-19],[-18],[3],[34],[21],[47],[54],[67],[113],[107],[87],[80],[59],[71],[41],[19],[42],[40],[16],[27],[36],[26],[62],[37],[75],[50],[25],[38],[28],[-5],[-19],[-28],[-6],[3],[-23],[-24],[0],[4],[-27],[-29],[34],[48],[58],[70],[106],[78],[22],[36],[4],[-48],[-74],[-57],[-73],[-93],[-92],[-45],[-35],[-33],[-14],[-12],[-24],[-12],[-10],[-14],[-21],[-19],[-48],[-47],[-19],[-30],[-7],[6],[-7],[-51],[-67],[-63],[-40],[-39],[-27],[1],[30],[45],[73],[36],[20],[19],[-22],[-66],[-96],[-71],[-58],[-23],[24],[29],[32],[46],[56],[59],[75],[63],[68],[43],[40],[68],[40],[8],[9],[-50],[-60],[-70],[-47],[-12],[8],[10],[57],[70],[64],[86],[73],[58],[41],[-13],[-22],[-22],[-27],[20],[15],[-5],[1],[53],[56],[53],[82],[89],[76],[66],[41],[50],[14],[1],[-28],[-66],[-58],[-38],[-31],[10],[53],[59],[98],[96],[108],[144],[78],[89],[58],[19],[-11],[-26],[-12],[-54],[-94],[-102],[-51],[-38],[-19],[42],[63],[75],[96],[91],[77],[61],[24],[2],[13],[-42],[-53],[-27],[-64],[-89],[-100],[-72],[-56],[-14],[31],[44],[51],[70],[63],[59],[75],[50],[2],[-26],[-23],[-57],[-39],[-8],[3],[-31],[-62],[-81],[-92],[-91],[-71],[-39],[-14],[0],[28],[67],[54],[24],[8],[-4],[-34],[-76],[-79],[-53],[-41],[-47],[-28],[-25],[-18],[-7],[-24],[-6],[17],[1],[18],[64],[77],[43],[37],[28],[38],[-4],[-40],[-33],[-7],[-29],[-52],[-12],[9],[18],[36],[54],[46],[33],[31],[39],[33],[52],[43],[44],[52],[45],[20],[27],[-7],[-37],[-24],[18],[11],[27],[82],[81],[104],[66],[65],[66],[28],[13],[-15],[2],[29],[17],[10],[41],[43],[19],[9],[25],[30],[16],[26],[37],[63],[67],[49],[56],[21],[-20],[-47],[-51],[-46],[-55],[-19],[8],[72],[73],[61],[63],[49],[48],[13],[-11],[3],[43],[27],[1],[-22],[-8],[-31],[-64],[-61],[-52],[-61],[-22],[12],[19],[56],[73],[50],[60],[21],[-36],[-62],[-46],[-68],[-83],[-69],[-30],[-28],[-23],[17],[44],[45],[29],[27],[21],[1],[-22],[-52],[-26],[-32],[-33],[3],[-13],[17],[-15],[-38],[-30],[-35],[-62],[-48],[-21],[-5],[15],[1],[14],[32],[38],[9],[0],[10],[6],[17],[8],[12],[52],[46],[46],[61],[60],[30],[15],[5],[2],[10],[-13],[-15],[-11],[2],[20],[36],[21],[32],[63],[42],[37],[61],[53],[40],[44],[17],[26],[34],[11],[-23],[18],[22],[10],[16],[50],[21],[18],[4],[-7],[-15],[-4],[-6],[18],[56],[48],[43],[77],[51],[64],[21],[-11],[-19],[-34],[-16],[-7],[-26],[-35],[-5],[-12],[-8],[24],[66],[69],[62],[80],[56],[39],[-14],[0],[-42],[-80],[-101],[-83],[-102],[-69],[-53],[-6],[61],[67],[58],[58],[57],[17],[-14],[-22],[9],[-22],[0],[12],[-3],[-22],[-24],[-36],[-35],[-40],[-51],[-36],[-44],[-14],[19],[13],[12],[43],[27],[6],[-12],[-25],[-39],[-32],[-30],[-32],[10],[51],[45],[56],[10],[-15],[-32],[-18],[-34],[-28],[10],[13],[24],[62],[35],[13],[11],[11],[14],[-11],[0],[24],[47],[39],[10],[32],[19],[1],[16],[-3],[-6],[9],[-7],[36],[45],[25],[13],[12],[11],[3],[16],[25],[11],[3],[18],[3],[-14],[28],[9],[-22],[-14],[-16],[20],[51],[45],[52],[54],[77],[58],[34],[52],[5],[-10],[-28],[-39],[-6],[-26],[-3],[-4],[12],[5],[21],[-8],[-24],[-28],[-13],[-30],[-13],[19],[5],[44],[54],[33],[1],[-10],[3],[-19],[-29],[-8],[-28],[1],[-14],[-14],[18],[6],[-13],[16],[4],[-24],[2],[35],[12],[3],[-23],[-13],[-28],[-20],[-47],[-21],[18],[2],[41],[40],[45],[35],[-5],[5],[-28],[-46],[-28],[-36],[-18],[-29],[-22],[18],[21],[-14],[-8],[50],[45],[49],[67],[77],[96],[74],[25],[12],[-12],[-58],[-71],[-52],[-35],[-40],[28],[54],[51],[75],[43],[25],[26],[23],[17],[25],[64],[65],[66],[66],[34],[-12],[-34],[-32],[-40],[-49],[0],[-7],[22],[53],[81],[72],[80],[59],[14],[-14],[-22],[-57],[-70],[-58],[-74],[-42],[-43],[-32],[-14],[-24],[-11],[32],[40],[2],[-4],[40],[10],[-20],[-12],[-23],[-14],[-7],[-34],[-43],[-30],[-32],[-67],[-46],[-3],[12],[26],[33],[65],[31],[38],[-8],[-38],[-31],[-75],[-88],[-78],[-47],[-22],[10],[0],[11],[26],[14],[10],[27],[25],[18],[21],[28],[13],[29],[8],[-10],[-18],[-31],[-43],[-8],[-18],[-12],[5],[35],[5],[9],[38],[44],[12],[32],[30],[24],[10],[-3],[22],[11],[11],[17],[21],[27],[30],[9],[45],[46],[28],[54],[22],[-14],[-6],[-12],[29],[28],[32],[47],[65],[25],[8],[50],[34],[25],[41],[21],[46],[30],[16],[14],[18],[25],[-39],[-64],[-28],[-46],[-47],[-38],[14],[15],[-11],[-12],[30],[12],[0],[-25],[-32],[20],[17],[-10],[-23],[14],[-12],[-14],[-43],[-38],[1],[-32],[-47],[-11],[-15],[12],[-15],[-26],[8],[-13],[-39],[-18],[-26],[-39],[-50],[-27],[-56],[-24],[-35],[-44],[-36],[4],[-4],[24],[50],[28],[18],[36],[24],[-13],[-14],[-7],[-28],[-29],[-38],[-11],[-26],[-42],[-43],[-15],[-17],[4],[40],[26],[40],[79],[58],[48],[56],[41],[3],[-23],[-14],[-30],[-48],[-29],[3],[16],[19],[52],[56],[54],[56],[90],[67],[52],[69],[44],[32],[42],[2],[-33],[-24],[-3],[-16],[-16],[17],[12],[44],[37],[46],[76],[60],[45],[42],[54],[25],[6],[20],[-8],[-34],[-43],[-45],[0],[-12],[20],[33],[53],[34],[15],[26],[11],[-19],[-19],[11],[-7],[-19],[14],[29],[2],[-14],[8],[-20],[-17],[3],[-7],[11],[53],[38],[42],[42],[3],[-20],[-19],[-67],[-61],[-70],[-26],[-45],[-21],[3],[16],[21],[53],[47],[32],[59],[44],[42],[54],[17],[-19],[-17],[-42],[-51],[-12],[-21],[11],[20],[13],[13],[47],[18],[13],[35],[3],[-19],[17],[12],[-5],[8],[9],[17],[8],[21],[3],[30],[12],[10],[32],[28],[41],[30],[78],[65],[29],[5],[25],[11],[1],[25],[-2],[19],[10],[46],[38],[27],[23],[29],[28],[66],[38],[10],[1],[20],[8],[24],[15],[21],[27],[35],[69],[45],[32],[29],[40],[20],[42],[20],[9],[20],[18],[7],[14],[-14],[-29],[-8],[-14],[-11],[1],[48],[52],[44],[63],[41],[3],[15],[-12],[-28],[-9],[-11],[0],[3],[20],[3],[26],[1],[-27],[-16],[-3],[-15],[-27],[-15],[12],[6],[22],[-5],[5],[5],[-31],[-23],[-42],[-42],[-7],[-13],[22],[7],[6],[32],[8],[12],[46],[14],[26],[-3],[0],[4],[-27],[-18],[-34],[0],[-3],[-11],[4],[16],[32],[52],[72],[62],[43],[46],[49],[30],[23],[36],[29],[1],[0],[14],[-15],[-31],[6],[-12],[-24],[13],[24],[44],[56],[37],[49],[85],[64],[33],[41],[32],[-14],[-44],[-14],[-22],[-36],[-20],[35],[32],[15],[13],[44],[36],[24],[21],[38],[23],[25],[21],[23],[16],[18],[9],[-18],[-39],[0],[1],[2],[13],[60],[49],[72],[41],[32],[35],[-3],[-28],[-35],[-43],[-35],[1],[2],[5],[43],[27],[10],[2],[-13],[-19],[17],[10],[0],[15],[35],[18],[-15],[5],[-8],[-23],[-28],[-53],[-30],[-34],[-26],[4],[29],[67],[55],[34],[27],[33],[1],[-19],[-23],[-37],[-22],[1],[-11],[-28],[6],[12],[2],[-11],[-14],[19],[1],[2],[28],[30],[45],[51],[38],[43],[65],[11],[-22],[21],[-7],[-27],[-26],[-27],[-6],[24],[12],[12],[56],[37],[20],[30],[23],[43],[10],[11],[18],[41],[27],[11],[21],[25],[6],[-11],[-15],[-19],[1],[-10],[18],[13],[-6],[-6],[24],[8],[-7],[19],[9],[2],[44],[57],[47],[44],[29],[21],[12],[0],[-9],[-19],[-4],[-23],[-29],[5],[-31],[-33],[-30],[-20],[-25],[17],[12],[47],[26],[21],[19],[29],[3],[-13],[-26],[-22],[-37],[-52],[-32],[-25],[-34],[-36],[11],[10],[1],[18],[16],[30],[48],[42],[13],[-7],[28],[-16],[-27],[-37],[-32],[-37],[-5],[-26],[-38],[-23],[-34],[12],[17],[17],[26],[28],[60],[53],[35],[29],[4],[9],[0],[8],[-18],[-28],[-20],[10],[-24],[-11],[5],[11],[27],[19],[36],[72],[51],[31],[44],[51],[8],[-11],[-3],[-21],[-17],[-20],[24],[48],[40],[41],[77],[68],[51],[32],[29],[5],[3],[0],[13],[-12],[-16],[-18],[4],[3],[16],[19],[21],[59],[37],[31],[16],[3],[10],[-15],[-16],[-18],[-40],[-36],[-28],[-18],[-4],[34],[21],[15],[21],[24],[16],[10],[-3],[-21],[-24],[-14],[-16],[-30],[-29],[0],[5],[-21],[-11],[-29],[0],[5],[10],[32],[56],[44],[56],[84],[48],[2],[-8],[-27],[-62],[-76],[-68],[-44],[-54],[-20],[13],[8],[10],[32],[8],[42],[33],[9],[19],[29],[18],[5],[2],[3],[-6],[-37],[-38],[-35],[-31],[-23],[6],[6],[54],[51],[33],[41],[18],[6],[-32],[-38],[-35],[-52],[-29],[-35],[2],[12],[4],[35],[24],[12],[26],[29],[17],[24],[52],[29],[16],[27],[3],[-27],[-42],[-12],[-17],[-24],[3],[27],[28],[30],[66],[88],[72],[48],[58],[29],[0],[8],[-11],[-32],[-36],[-39],[-28],[-11],[8],[36],[40],[37],[53],[61],[44],[31],[35],[9],[20],[11],[-13],[-24],[-38],[-44],[-64],[-32],[-38],[-27],[24],[17],[36],[47],[32],[56],[45],[21],[-6],[-15],[-40],[-49],[-32],[-43],[-35],[-23],[3],[-23],[-31],[14],[9],[1],[17],[50],[22],[5],[34],[30],[6],[-22],[-15],[-37],[-32],[-19],[-16],[-18],[6],[0],[43],[22],[3],[33],[3],[14],[-5],[24],[4],[-20],[5],[-11],[-22],[-25],[2],[3],[8],[18],[51],[32],[38],[20],[27],[31],[2],[16],[-6],[-19],[-4],[2],[-28],[-21],[-18],[19],[22],[24],[26],[51],[43],[34],[52],[32],[59],[42],[12],[24],[-15],[-38],[-19],[-34],[-37],[-21],[24],[28],[32],[42],[68],[43],[24],[50],[35],[20],[31],[10],[10],[19],[-10],[-16],[8],[-22],[-27],[-29],[-20],[1],[20],[26],[28],[33],[36],[32],[46],[14],[-10],[-7],[-33],[-45],[-14],[-23],[-16],[21],[14],[-8],[10],[-7],[-28],[12],[7],[-10],[-4],[27],[17],[5],[22],[10],[-3],[16],[2],[-13],[-14],[-5],[-21],[-28],[12],[-20],[-22],[-13],[17],[2],[-11],[-7],[17],[-16],[-6],[25],[9],[-14],[22],[19],[6],[18],[26],[6],[-6],[-13],[-18],[7],[-14],[-26],[-16],[-16],[-5],[0],[33],[20],[5],[40],[33],[21],[26],[43],[29],[20],[24],[-3],[-6],[-15],[9],[-15],[8],[-7],[-5],[37],[29],[8],[26],[30],[21],[12],[14],[16],[12],[4],[-5],[2],[-4],[10],[15],[5],[-8],[12],[6],[-6],[-3],[14],[-11],[-5],[26],[9],[8],[5],[-5],[-14],[1],[13],[-8],[5],[-12],[5],[10],[-14],[0],[-5],[0],[20],[-2],[6],[38],[19],[12],[6],[25],[-7],[-33],[-12],[-18],[-36],[-43],[-3],[-7],[-9],[31],[29],[19],[9],[30],[7],[-5],[-7],[6],[-3],[27],[2],[-14],[20],[4],[-20],[-5],[17],[1],[25],[10],[6],[8],[25],[1],[-4],[4],[22],[-9],[-5],[6],[10],[5],[10],[21],[48],[23],[9],[35],[47],[20],[8],[32],[22],[-5],[-20],[-6],[-21],[-15],[-27],[-14],[-20],[16],[-6],[24],[20],[18],[52],[49],[26],[18],[37],[11],[-17],[-17],[14],[-15],[-16],[-12],[10],[5],[35],[18],[11],[18],[45],[32],[21],[60],[36],[11],[12],[-19],[-7],[-31],[-50],[-32],[-31],[-24],[-18],[14],[17],[53],[45],[30],[22],[17],[38],[20],[7],[32],[11],[-7],[17],[-29],[-31],[-29],[-30],[-37],[-36],[-15],[-18],[0],[6],[33],[28],[38],[15],[28],[10],[22],[-9],[-23],[-20],[5],[-8],[-11],[3],[8],[-9],[-5],[3],[-23],[6],[-15],[-28],[-28],[-5],[-23],[9],[0],[-3],[2],[16],[31],[15],[38],[26],[20],[30],[56],[32],[17],[40],[28],[-13],[-16],[-11],[7],[-13],[10],[24],[10],[18],[9],[48],[22],[13],[34],[23],[10],[38],[7],[26],[14],[8],[31],[-4],[22],[7],[0],[32],[22],[18],[21],[36],[29],[27],[37],[4],[-6],[14],[-10],[-19],[2],[-11],[-20],[14],[-12],[12],[-3],[-12],[26],[17],[50],[35],[20],[64],[41],[10],[-8],[18],[-16],[-34],[6],[-5],[-21],[-3],[-8],[8],[24],[-6],[14],[-10],[-11],[19],[7],[-4],[-4],[-5],[10],[0],[26],[-5],[11],[-7],[1],[18],[12],[40],[24],[14],[17],[7],[-7],[4],[-14],[15],[-8],[-19],[0],[16],[-6],[2],[28],[16],[16],[46],[32],[17],[38],[21],[3],[3],[25],[10],[-3],[24],[-7],[-11],[13],[1],[-14],[30],[10],[0],[29],[34],[26],[27],[53],[24],[32],[9],[5],[1],[24],[7],[-7],[6],[16],[12],[54],[42],[20],[23],[24],[-3],[11],[41],[30],[32],[34],[31],[19],[35],[14],[-11],[15],[4],[-8],[2],[26],[11],[21],[45],[25],[3],[43],[25],[1],[2],[4],[6],[31],[15],[1],[6],[-20],[-23],[-32],[0],[-18],[-31],[-20],[20],[5],[-6],[5],[37],[6],[8],[27],[6],[10],[24],[4],[22],[16],[-8],[0],[19],[1],[-21],[0],[-14],[-33],[-12],[8],[0],[19],[19],[10],[20],[14],[36],[21],[4],[16],[25],[5],[17],[-4],[4],[22],[14],[-5],[1],[14],[0],[16],[0],[3],[33],[19],[22],[52],[27],[18],[30],[-5],[6],[2],[-21],[5],[-7],[-19],[16],[21],[12],[14],[5],[36],[25],[17],[14],[42],[25],[24],[45],[16],[0],[-11],[-18],[4],[12],[3],[-9],[42],[36],[25],[59],[29],[56],[36],[19],[18],[14],[5],[25],[13],[5],[12],[26],[16],[12],[49],[32],[17],[16],[10],[17],[-5],[-6],[25],[-15],[-19],[16],[1],[-17],[-15],[20],[18],[11],[29],[17],[17],[44],[18],[18],[39],[14],[-12],[11],[-14],[-32],[-38],[-46],[-46],[-39],[-28],[12],[1],[16],[49],[38],[32],[50],[27],[12],[25],[-13],[1],[-25],[-40],[0],[-5],[-12],[-8],[-4],[22],[6],[10],[40],[27],[16],[14],[43],[27],[5],[12],[12],[-23],[-33],[-32],[-28],[12],[7],[3],[18],[63],[58],[45],[64],[53],[32],[45],[18],[-5],[-10],[-10],[-9],[-10],[-9],[-11],[13],[0],[3],[29],[9],[16],[29],[34],[42],[54],[33],[21],[30],[-3],[-21],[-5],[-30],[-25],[15],[1],[45],[37],[37],[43],[35],[22],[40],[31],[1],[10],[10],[-21],[-19],[5],[-24],[0],[-6],[-18],[-27],[8],[-3],[17],[28],[36],[53],[40],[44],[44],[15],[-13],[-14],[-17],[-33],[-39],[-18],[-5],[-9],[0],[24],[0],[4],[41],[19],[13],[27],[12],[-5],[21],[7],[-10],[-10],[4],[-29],[3],[-12],[-26],[-13],[-19],[17],[2],[0],[37],[14],[21],[4],[27],[-15],[-19],[3],[-11],[-20],[-12],[24],[17],[5],[13],[43],[31],[12],[13],[26],[8],[5],[35],[19],[-4],[-11],[16],[2],[-13],[-17],[-17],[-5],[3],[1],[11],[45],[21],[17],[24],[14],[40],[14],[-10],[-14],[10],[-23],[-24],[-21],[6],[-7],[32],[35],[33],[24],[56],[48],[23],[26],[21],[-9],[-12],[16],[-13],[10],[-9],[-19],[-16],[17],[-5],[9],[4],[29],[13],[20],[25],[43],[25],[13],[26],[22],[-9],[-35],[1],[-34],[-31],[-28],[-21],[6],[5],[14],[14],[22],[18],[40],[24],[6],[3],[18],[-6],[-19],[-4],[11],[-16],[-14],[-28],[0],[4],[-13],[11],[2],[20],[37],[19],[37],[19],[5],[26],[4],[-22],[8],[-6],[-15],[-7],[1],[6],[35],[30],[22],[34],[38],[21],[22],[42],[11],[0],[0],[26],[-14],[-16],[16],[-3],[-19],[1],[18],[11],[1],[37],[27],[18],[36],[23],[34],[9],[6],[-8],[11],[-21],[-17],[4],[-10],[-14],[22],[6],[18],[26],[10],[9],[30],[5],[-11],[21],[2],[-11],[10],[-8],[-7],[-9],[-4],[25],[0],[11],[5],[34],[40],[20],[19],[36],[3],[-7],[9],[-11],[-11],[-11],[-20],[26],[2],[9],[12],[16],[31],[11],[9],[29],[-3],[-8],[-13],[-10],[-11],[7],[-7],[-6],[9],[-6],[-15],[8],[17],[6],[-4],[17],[29],[9],[12],[30],[11],[-12],[-7],[-3],[-25],[-23],[9],[3],[-8],[-7],[14],[4],[-7],[14],[26],[17],[5],[18],[24],[2],[11],[-14],[2],[10],[-9],[-12],[-14],[-7],[0],[26],[9],[10],[18],[-5],[12],[24],[4],[-14],[25],[13],[-5],[0],[27],[11],[-6],[8],[9],[37],[24],[11],[18],[34],[12],[5],[29],[7],[-14],[16],[-3],[-19],[-18],[15],[-10],[3],[11],[18],[51],[29],[15],[34],[12],[10],[-7],[3],[-22],[1],[1],[-17],[9],[-7],[-5],[26],[0],[33],[23],[11],[9],[32],[14],[1],[-4],[-19],[0],[-5],[-23],[-24],[0],[-21],[14],[8],[4],[9],[38],[13],[17],[34],[25],[4],[-4],[-6],[-26],[0],[-7],[-32],[-28],[-7],[-21],[-10],[21],[6],[0],[22],[30],[19],[13],[42],[13],[11],[1],[18],[-16],[8],[-5],[-28],[-29],[-26],[-17],[0],[25],[14],[17],[45],[28],[15],[10],[30],[-4],[-11],[-18],[12],[-20],[-19],[-11],[-26],[0],[10],[4],[-7],[26],[13],[20],[27],[27],[20],[7],[30],[5],[-20],[-19],[-5],[-23],[-16],[-7],[9],[-6],[18],[19],[3],[8],[27],[17],[9],[41],[26],[11],[3],[19],[-3],[-19],[-11],[19],[5],[5],[42],[30],[18],[17],[7],[27],[9],[-7],[8],[5],[-14],[-10],[-13],[12],[8],[-12],[-20],[9],[2],[-5],[-6],[28],[24],[16],[15],[11],[4],[23],[-7],[-32],[-31],[-6],[-30],[-30],[-24],[16],[2],[-14],[9],[22],[-7],[-8],[16],[27],[10],[0],[34],[14],[-8],[-12],[13],[-13],[-13],[12],[1],[-9],[-5],[31],[25],[17],[11],[9],[6],[29],[9],[-8],[8],[16],[-8],[11],[12],[-7],[2],[20],[6],[-6],[19],[8],[13],[35],[23],[21],[44],[29],[11],[9],[2],[24],[4],[-12],[-12],[2],[-13],[9],[22],[0],[2],[1],[4],[5],[7],[8],[9],[3],[-4],[1],[-14],[21],[-5],[8],[16],[18],[19],[38],[14],[9],[30],[11],[-7],[5],[12],[-6],[-12],[-18],[-7],[-19],[13],[-3],[-13],[11],[23],[6],[9],[7],[37],[20],[-6],[9],[-11],[-16],[8],[-13],[-13],[-10],[-23],[20],[7],[-11],[10],[25],[12],[-4],[14],[25],[13],[-6],[19],[9],[-19],[-7],[1],[-16],[-10],[-11],[-5],[6],[5],[18],[4],[8],[28],[0],[-8],[-8],[-11],[-10],[-8],[-8],[-6],[-5],[17],[1],[-15],[9],[-4],[24],[36],[26],[22],[50],[27],[9],[32],[18],[-6],[-20],[-15],[8],[-6],[3],[35],[22],[9],[15],[35],[12],[6],[9],[2],[6],[5],[5],[7],[-4],[10],[17],[0],[-17],[5],[-6],[2],[30],[16],[27],[44],[25],[21],[15],[12],[0],[16],[-7],[12],[-18],[1],[11],[-7],[-15],[25],[13],[-3],[25],[32],[14],[36],[22],[4],[17],[3],[1],[16],[-8],[-10],[-5],[-6],[-8],[12],[-5],[17],[-4],[28],[27],[4],[9],[21],[6],[2],[20],[-3],[-19],[18],[6],[-7],[8],[-4],[16],[30],[10],[23],[29],[10],[-7],[9],[17],[-4],[-21],[13],[-11],[3],[1],[28],[-4],[2],[0],[9],[9],[36],[37],[25],[25],[40],[17],[0],[1],[-6],[-8],[2],[-8],[24],[13],[8],[10],[25],[32],[7],[36],[9],[8],[28],[13],[-5],[1],[22],[-6],[14],[3],[9],[33],[17],[9],[46],[16],[41],[12],[6],[0],[21],[4],[0],[19],[3],[-10],[11],[19],[-8],[0],[34],[13],[4],[49],[40],[22],[20],[27],[5],[-5],[12],[-7],[-19],[21],[6],[-11],[13],[17],[7],[8],[36],[17],[13],[38],[24],[5],[32],[3],[3],[-8],[10],[-12],[-15],[-15],[-15],[7],[2],[11],[40],[27],[17],[17],[16],[26],[7],[4],[19],[2],[-9],[28],[10],[-6],[-3],[-5],[29],[0],[27],[10],[-8],[12],[1],[36],[23],[11],[13],[3],[-3],[12],[8],[-13],[6],[21],[11],[-4],[11],[6],[47],[29],[8],[10],[18],[2],[2],[7],[31],[5],[24],[11],[12],[5],[22],[28],[14],[10],[25],[3],[29],[30],[8],[8],[8],[34],[13],[1],[14],[13],[-4],[4],[29],[21],[11],[16],[36],[18],[-6],[33],[14],[-6],[-11],[-12],[-12],[-12],[3],[-14],[26],[17],[3],[18],[5],[16],[34],[16],[12],[5],[17],[3],[17],[16],[-7],[11],[-12],[1],[-12],[-4],[-12],[21],[-5],[19],[9],[26],[33],[5],[2],[8],[-12],[29],[0],[1],[0],[-8],[20],[4],[-8],[28],[18],[0],[32],[22],[12],[47],[33],[11],[14],[33],[9],[6],[4],[5],[-3],[-10],[1],[0],[2],[17],[3],[36],[18],[8],[10],[6],[18],[4],[29],[13],[-3],[26],[13],[-6],[31],[1],[16],[28],[15],[1],[20],[2],[28],[14],[0],[28],[13],[2],[1],[17],[5],[-7],[12],[21],[9],[1],[36],[34],[17],[31],[11],[5],[28],[-4],[-11],[9],[-16],[-13],[12],[-7],[-14],[18],[6],[-5],[3],[3],[17],[0],[35],[26],[9],[0],[21],[12],[-4],[-10],[-18],[-19],[0],[11],[-13],[-12],[24],[16],[6],[10],[39],[19],[12],[26],[2],[-15],[-16],[1],[-14],[-21],[-3],[-15],[32],[17],[3],[19],[31],[17],[6],[5],[19],[30],[14],[2],[3],[-5],[20],[-16],[-11],[-7],[-14],[10],[-7],[14],[6],[38],[15],[2],[32],[21],[4],[1],[12],[-7],[-18],[19],[-3],[0],[30],[6],[11],[3],[42],[12],[11],[31],[17],[3],[17],[13],[-7],[-10],[12],[-9],[-21],[-10],[-8],[14],[6],[22],[38],[27],[11],[28],[27],[2],[-11],[19],[0],[-18],[-19],[-7],[-21],[0],[20],[9],[1],[19],[17],[43],[20],[13],[35],[17],[-4],[-7],[11],[-6],[-22],[2],[-18],[-16],[16],[5],[-4],[19],[36],[16],[18],[40],[19],[0],[21],[-3],[-23],[0],[-3],[-18],[-24],[12],[-13],[24],[10],[1],[32],[25],[12],[10],[37],[20],[5],[1],[17],[-15],[-19],[8],[-10],[-20],[-16],[-6],[-8],[25],[-3],[3],[4],[27],[5],[0],[0],[3],[-5],[-13],[16],[-19],[-19],[14],[-3],[-16],[-10],[4],[-4],[5],[16],[34],[17],[1],[14],[13],[-10],[0],[11],[-5],[-17],[4],[13],[1],[-11],[10],[6],[36],[21],[8],[6],[8],[2],[1],[-4],[1],[3],[24],[9],[-10],[16],[-4],[1],[-5],[34],[23],[11],[12],[38],[20],[3],[10],[19],[1],[-12],[-10],[-14],[-13],[-12],[16],[1],[4],[6],[25],[5],[12],[-6],[-6],[6],[-12],[17],[-12],[16],[-3],[-14],[-12],[-8],[-10],[-11],[3],[13],[-13],[20],[25],[13],[13],[37],[19],[-7],[18],[0],[-19],[-19],[12],[-5],[-16],[-13],[17],[-4],[0],[1],[1],[-9],[18],[-7],[-3],[-4],[11],[19],[-5],[-12],[-7],[-26],[11],[2],[-12],[-7],[24],[7],[-4],[32],[20],[4],[26],[0],[27],[8],[-11],[1],[-14],[16],[-12],[-14],[16],[-8],[9],[0],[34],[4],[8],[8],[12],[37],[13],[0],[6],[4],[24],[-7],[-8],[-7],[21],[4],[-9],[12],[20],[1],[36],[21],[0],[18],[22],[6],[-12],[18],[-12],[16],[9],[-5],[-13],[27],[13],[-4],[0],[26],[22],[6],[6],[33],[18],[4],[2],[25],[-7],[22],[3],[-19],[-8],[2],[-13],[-22],[-15],[-12],[12],[2],[5],[2],[8],[8],[4],[29],[-7],[-13],[-11],[-11],[-16],[17],[-3],[-13],[5],[15],[5],[-11],[18],[16],[-3],[-3],[30],[19],[5],[4],[18],[1],[-5],[9],[-10],[8],[17],[1],[-15],[22],[-6],[19],[2],[-12],[3],[13],[-12],[-8],[16],[-10],[12],[3],[2],[1],[12],[0],[2],[-4],[17],[1],[-4],[-12],[24],[14],[-6],[-5],[14],[1],[-2],[-5],[3],[4],[3],[24],[2],[2],[18],[21],[4],[3],[28],[12],[-12],[10],[-4],[-6],[27],[4],[37],[11],[6],[19],[27],[11],[-5],[-5],[16],[-9],[-11],[17],[2],[-18],[20],[8],[-12],[-13],[16],[-14],[-10],[28],[20],[6],[24],[11],[25],[6],[26],[27],[11],[4],[28],[-8],[-10],[6],[-8],[8],[19],[-6],[2],[34],[21],[8],[32],[17],[3],[8],[9],[3],[24],[8],[-6],[-8],[-9],[-5],[-5],[21],[9],[0],[26],[6],[3],[7],[30],[13],[-5],[12],[16],[-4],[-12],[20],[11],[-10],[11],[23],[6],[-4],[33],[20],[3],[19],[30],[18],[3],[26],[20],[1],[-8],[18],[8],[-7],[1],[30],[4],[23],[8],[9],[13],[12],[5],[37],[9],[-7],[16],[11],[-6],[0],[25],[5],[11],[34],[20],[9],[13],[40],[28],[13],[25],[33],[19],[0],[8],[18],[-10],[5],[-18],[11],[-4],[-12],[30],[28],[11],[44],[35],[21],[17],[38],[25],[7],[3],[3],[12],[12],[-5],[-7],[-6],[-10],[18],[3],[-8],[1],[6],[10],[24],[9],[22],[33],[18],[4],[4],[2],[12],[-5],[0],[25],[9],[-3],[29],[19],[10],[12],[21],[8],[41],[9],[4],[5],[4],[34],[15],[0],[10],[-4],[11],[21],[4],[-10],[28],[20],[6],[6],[10],[29],[14],[-4],[31],[4],[3],[4],[22],[1],[16],[25],[10],[-3],[12],[-5],[10],[26],[14],[1],[28],[20],[4],[0],[7],[-10],[12],[0],[-4],[5],[12],[16],[35],[23],[11],[16],[22],[-5],[-4],[21],[9],[-4],[-5],[-4],[-7],[23],[-4],[-3],[27],[16],[9],[26],[19],[18],[20],[10],[36],[8],[2],[-4],[-3],[-4],[-11],[24],[10],[2],[-6],[36],[25],[9],[8],[23],[31],[14],[18],[2],[18],[22],[1],[1],[21],[-3],[-16],[-25],[4],[9],[0],[6],[36],[26],[12],[12],[38],[14],[4],[26],[13],[-5],[19],[-12],[19],[-5],[-4],[-12],[-15],[-12],[-10],[-4],[37],[11],[34],[18],[8],[24],[5],[10],[21],[5],[-11],[4],[-7],[-5],[-8],[-14],[-7],[25],[13],[2],[24],[34],[17],[17],[44],[16],[12],[25],[1],[19],[3],[0],[26],[18],[1],[18],[26],[3],[8],[7],[5],[5],[30],[13],[-3],[12],[27],[4],[4],[22],[6],[-8],[4],[21],[-4],[29],[15],[4],[4],[2],[0],[10],[26],[13],[-5],[4],[-4],[8],[18],[4],[1],[-4],[22],[8],[-8],[6],[-12],[-5],[0],[29],[18],[2],[12],[1],[29],[15],[-6],[-13],[18],[-12],[-7],[-3],[-4],[4],[0],[24],[8],[-12],[8],[0],[28],[17],[-3],[0],[28],[10],[-8],[5],[-6],[-5],[26],[11],[1],[7],[8],[1],[1],[24],[24],[8],[0],[31],[17],[5],[10],[2],[0],[9],[0],[25],[16],[6],[8],[34],[6],[26],[10],[0],[2],[32],[5],[2],[15],[5],[20],[24],[-4],[22],[5],[-11],[20],[1],[2],[26],[12],[0],[21],[10],[10],[36],[16],[5],[8],[17],[-4],[17],[21],[6],[3],[27],[9],[-12],[-6],[20],[-5],[-5],[23],[10],[-4],[2],[25],[9],[0],[33],[6],[-7],[18],[-4],[-8],[24],[5],[-13],[4],[14],[5],[-11],[-7],[-8],[-4],[-6],[-6],[22],[-5],[-12],[19],[-8],[17],[5],[0],[20],[-6],[10],[12],[-11],[-6],[-5],[14],[-8],[-13],[1],[0],[21],[6],[-8],[9],[14],[0],[10],[0],[4],[3],[18],[1],[12],[19],[-10],[-9],[-10],[-14],[12],[-5],[-12],[20],[10],[-5],[-5],[22],[6],[-7],[0],[22],[1],[19],[27],[10],[2],[28],[12],[-10],[18],[2],[-11],[8],[-7],[8],[-8],[16],[-3],[2],[3],[33],[5],[26],[8],[8],[29],[12],[-4],[-6],[-7],[-4],[19],[-8],[26],[13],[3],[23],[15],[40],[29],[2],[32],[19],[-3],[1],[24],[0],[3],[0],[29],[13],[-4],[3],[20],[5],[-4],[3],[26],[13],[13],[32],[6],[4],[2],[1],[17],[2],[2],[17],[1],[-15],[20],[10],[-10],[12],[19],[5],[4],[-3],[8],[-7],[25],[16],[2],[-14],[18],[2],[-13],[3],[15],[-5],[-7],[32],[15],[3],[1],[24],[6],[-8],[-6],[0],[21],[6],[-7],[-7],[9],[17],[-12],[-12],[10],[-13],[-6],[-5],[-5],[-3],[1],[5],[6],[29],[15],[3],[32],[16],[0],[-5],[12],[-4],[0],[30],[14],[-4],[4],[4],[-4],[-7],[1],[-4],[7],[20],[-3],[-5],[9],[19],[-4],[8],[21],[3],[5],[33],[18],[6],[21],[24],[7],[0],[19],[-4],[-18],[19],[11],[-5],[-6],[17],[3],[0],[18],[0],[32],[21],[4],[2],[28],[11],[-3],[24],[11],[-10],[0],[-5],[21],[-7],[12],[27],[13],[3],[16],[26],[15],[4],[32],[0],[22],[9],[-6],[30],[13],[-4],[3],[21],[8],[5],[32],[21],[4],[38],[24],[8],[16],[29],[10],[-8],[18],[3],[3],[21],[1],[29],[13],[-4],[12],[29],[17],[3],[21],[33],[8],[18],[27],[8],[-8],[8],[15],[2],[-11],[12],[1],[3],[33],[21],[6],[38],[22],[7],[4],[4],[0],[-6],[-5],[12],[-11],[17],[-8],[-5],[1],[27],[3],[6],[5],[12],[31],[13],[14],[29],[12],[3],[27],[12],[-7],[17],[2],[-11],[21],[5],[-8],[25],[21],[9],[24],[36],[12],[11],[35],[19],[3],[33],[12],[-7],[-8],[13],[-6],[-14],[27],[9],[-11],[16],[19],[1],[2],[5],[31],[16],[4],[19],[25],[9],[-12],[12],[13],[-7],[-16],[12],[-5],[1],[18],[29],[17],[2],[41],[9],[8],[27],[5],[-7],[30],[18],[6],[0],[26],[-4],[-3],[-4],[24],[13],[-8],[24],[17],[0],[18],[26],[5],[4],[22],[-4],[-5],[32],[15],[-7],[12],[22],[10],[3],[33],[15],[-7],[29],[11],[-4],[29],[10],[-4],[-4],[0],[13],[-3],[13],[2],[27],[8],[0],[1],[0],[29],[9],[-7],[12],[17],[-3],[1],[26],[-6],[24],[10],[-8],[25],[22],[5],[26],[8],[0],[26],[1],[28],[12],[0],[8],[26],[13],[-5],[38],[24],[5],[12],[27],[14],[1],[37],[15],[5],[38],[26],[13],[29],[37],[18],[2],[11],[-9],[10],[24],[11],[0],[32],[4],[21],[11],[37],[14],[1],[4],[5],[29],[14],[1],[16],[22],[12],[0],[24],[0],[0],[1],[32],[5],[9],[28],[12],[0],[32],[4],[16],[24],[8],[-7],[13],[20],[-3],[2],[3],[3],[6],[5],[18],[-3],[17],[25],[8],[0],[34],[21],[5],[3],[33],[6],[4],[-4],[35],[2],[5],[18],[25],[11],[-5],[13],[25],[13],[4],[32],[16],[3],[5],[26],[13],[2],[2],[30],[16],[2],[36],[24],[3],[24],[5],[25],[9],[8],[31],[14],[-3],[18],[2],[1],[13],[-6],[-5],[0],[2],[8],[6],[20],[30],[14],[0],[28],[27],[11],[2],[2],[16],[24],[8],[-8],[16],[3],[0],[9],[8],[1],[22],[4],[6],[35],[18],[2],[16],[0],[-5],[6],[0],[-6],[-5],[20],[1],[22],[11],[-8],[32],[19],[0],[34],[11],[-9],[9],[18],[-10],[-3],[26],[13],[1],[29],[13],[1],[3],[3],[6],[6],[30],[16],[-6],[24],[1],[2],[4],[4],[30],[15],[4],[33],[10],[-3],[-3],[15],[0],[30],[15],[-9],[14],[19],[8],[-7],[2],[2],[1],[0],[3],[7],[6],[33],[13],[11],[4],[2],[20],[3],[1],[21],[6],[-8],[9],[18],[2],[2],[-7],[24],[24],[11],[0],[24],[23],[9],[-6],[26],[22],[6],[-16],[22],[6],[-12],[5],[15],[-8],[6],[18],[-5],[17],[2],[8],[13],[-5],[0],[18],[3],[-10],[8],[-5],[2],[1],[25],[10],[-11],[14],[-7],[-6],[24],[-7],[-5],[-5],[28],[10],[-11],[-15],[3],[-16],[3],[-10],[13],[2],[1],[28],[-3],[-3],[-5],[25],[13],[0],[-3],[25],[0],[-3],[26],[9],[-6],[-3],[-2],[-3],[2],[7],[38],[22],[5],[8],[25],[9],[2],[3],[3],[-5],[26],[17],[2],[3],[29],[1],[7],[0],[21],[8],[5],[33],[11],[-6],[12],[17],[-3],[-6],[-13],[8],[21],[2],[0],[22],[5],[5],[29],[17],[2],[20],[4],[30],[14],[0],[-6],[-5],[19],[5],[-9],[-5],[15],[0],[-3],[24],[16],[-5],[-4],[23],[1],[5],[8],[8],[27],[8],[-10],[8],[-13],[-11],[10],[-7],[-4],[-6],[0],[33],[16],[4],[2],[-7],[8],[18],[5],[-12],[10],[13],[-5],[0],[-7],[-9],[-7],[-4],[20],[3],[-8],[33],[24],[0],[16],[16],[-3],[-15],[-8],[-9],[9],[17],[5],[-6],[-5],[-6],[4],[-10],[-6],[21],[6],[5],[27],[13],[0],[-7],[1],[0],[21],[6],[-7],[-6],[-5],[-4],[28],[14],[2],[0],[24],[11],[-6],[4],[20],[-5],[-6],[8],[-8],[12],[-10],[-11],[18],[8],[0],[28],[17],[5],[6],[23],[4],[5],[12],[-4],[26],[11],[-6],[17],[1],[-12],[24]]}}