{"protected":{"ver":"v1","alg":"HS256","iat":1740144625},"signature":"6d001a58b255699f0a5b0a376fc9ab048577a320642534f94f1ab686a077bf07","payload":{"device_name":"E6:61:78:C1:27:19:92:28","device_type":"DATA_FORWARDER","interval_ms":0.0625,"sensors":[{"name":"audio","units":"wav"}],"values":[[1],[3],[1],[14],[-6],[-6],[8],[1],[13],[25],[3],[17],[28],[8],[36],[4],[9],[29],[14],[1],[4],[27],[13],[1],[32],[16],[3],[3],[-4],[17],[-6],[-8],[21],[9],[-6],[17],[26],[12],[3],[4],[1],[19],[2],[2],[21],[2],[-14],[-11],[18],[19],[-7],[11],[22],[7],[-7],[8],[19],[6],[-6],[16],[22],[5],[0],[18],[3],[0],[25],[-6],[12],[-6],[-8],[13],[-11],[-7],[-8],[-5],[2],[0],[12],[0],[32],[27],[10],[10],[5],[12],[25],[-5],[30],[15],[-6],[11],[13],[-5],[-4],[3],[-15],[26],[-3],[14],[26],[5],[8],[21],[0],[14],[26],[9],[-7],[8],[-11],[17],[-12],[10],[14],[-3],[0],[26],[4],[4],[32],[17],[0],[1],[2],[5],[31],[16],[2],[5],[17],[-3],[25],[11],[0],[-5],[1],[32],[18],[7],[8],[29],[15],[2],[16],[25],[12],[4],[5],[27],[6],[4],[4],[22],[1],[-3],[-5],[12],[21],[9],[-7],[30],[24],[3],[1],[2],[3],[16],[0],[34],[13],[10],[35],[8],[6],[8],[35],[19],[3],[3],[29],[8],[8],[1],[30],[12],[-4],[14],[2],[19],[4],[4],[19],[1],[1],[30],[18],[3],[2],[9],[-6],[20],[3],[-7],[3],[0],[25],[6],[0],[19],[8],[8],[33],[19],[4],[4],[5],[-7],[-5],[-7],[12],[17],[-3],[0],[23],[-7],[-5],[18],[5],[10],[19],[6],[21],[30],[13],[2],[27],[23],[4],[0],[-3],[-5],[10],[-3],[-4],[-4],[25],[9],[-5],[16],[5],[6],[10],[27],[9],[4],[28],[6],[-12],[-7],[10],[-7],[-4],[29],[-4],[-10],[-9],[-10],[18],[10],[-10],[4],[22],[3],[-3],[27],[13],[-4],[2],[13],[-8],[-6],[-7],[-8],[-6],[11],[11],[-11],[-4],[17],[-8],[-8],[24],[15],[-4],[-7],[16],[-9],[-5],[0],[5],[8],[7],[31],[3],[3],[12],[-5],[23],[11],[-3],[5],[7],[34],[18],[3],[9],[23],[4],[12],[-4],[6],[8],[14],[0],[6],[4],[25],[4],[29],[16],[-4],[-9],[18],[3],[-8],[12],[13],[1],[-4],[27],[11],[-7],[32],[19],[-5],[21],[21],[0],[11],[22],[0],[11],[-5],[15],[26],[0],[31],[18],[3],[3],[29],[17],[1],[0],[25],[10],[-7],[12],[23],[8],[-6],[12],[20],[6],[0],[27],[14],[-4],[9],[-6],[-5],[0],[-5],[13],[21],[9],[-8],[4],[7],[-9],[21],[6],[-6],[-4],[21],[5],[-7],[20],[27],[3],[17],[27],[13],[-6],[20],[17],[-5],[-6],[0],[27],[14],[3],[17],[4],[32],[0],[2],[6],[1],[3],[4],[9],[35],[13],[13],[35],[13],[1],[28],[2],[2],[29],[0],[0],[0],[-3],[-6],[25],[9],[-6],[10],[20],[-8],[0],[24],[5],[0],[32],[19],[1],[4],[2],[26],[9],[-7],[9],[18],[-5],[26],[3],[-6],[-5],[13],[-6],[-7],[20],[4],[0],[32],[17],[4],[0],[28],[14],[-3],[0],[24],[-3],[20],[4],[-11],[27],[18],[5],[2],[29],[13],[0],[28],[0],[-9],[24],[12],[-3],[-3],[2],[20],[2],[-10],[-4],[-3],[-8],[-3],[0],[-4],[-6],[-11],[6],[-6],[-5],[0],[4],[0],[36],[4],[20],[2],[5],[11],[4],[11],[-4],[15],[26],[12],[-4],[12],[10],[-8],[0],[-6],[-7],[-3],[-4],[3],[1],[22],[8],[-6],[-8],[-5],[-6],[-7],[1],[-15],[12],[-6],[0],[-6],[-10],[16],[-8],[20],[5],[-10],[17],[2],[28],[13],[-6],[-10],[26],[17],[-3],[-5],[18],[2],[-11],[26],[11],[-4],[0],[26],[11],[-7],[-14],[18],[13],[-4],[-14],[25],[-6],[21],[8],[-7],[-7],[-10],[5],[-12],[4],[13],[1],[-11],[22],[9],[-3],[10],[24],[2],[2],[0],[0],[1],[5],[24],[5],[0],[28],[-5],[3],[3],[4],[15],[2],[24],[19],[6],[36],[4],[5],[21],[1],[2],[0],[25],[11],[-3],[33],[12],[3],[5],[11],[-7],[20],[26],[9],[8],[9],[3],[3],[7],[7],[8],[30],[12],[-5],[11],[20],[8],[-7],[11],[20],[5],[0],[30],[19],[3],[4],[0],[30],[17],[3],[8],[1],[0],[4],[3],[4],[1],[5],[4],[28],[15],[3],[1],[18],[2],[0],[1],[-14],[25],[17],[5],[10],[4],[6],[36],[20],[8],[7],[27],[12],[4],[31],[13],[-6],[8],[15],[-3],[-13],[20],[-5],[-8],[-4],[-7],[18],[4],[0],[-5],[19],[4],[3],[28],[14],[2],[3],[27],[4],[-8],[20],[25],[8],[6],[27],[2],[-14],[26],[-10],[-8],[-7],[21],[-6],[-5],[22],[4],[-11],[-4],[14],[1],[4],[25],[1],[27],[1],[25],[12],[2],[1],[17],[3],[3],[2],[30],[17],[4],[3],[30],[-6],[25],[11],[-8],[17],[20],[2],[2],[3],[-3],[0],[17],[0],[1],[24],[13],[1],[28],[3],[3],[1],[3],[27],[2],[31],[11],[-5],[13],[24],[-4],[1],[23],[-4],[0],[-5],[16],[-6],[0],[13],[-4],[-4],[-4],[-5],[0],[10],[-8],[12],[1],[-6],[15],[-7],[3],[0],[27],[17],[-5],[18],[25],[3],[8],[5],[12],[0],[29],[13],[-5],[13],[-4],[14],[5],[25],[34],[19],[4],[17],[19],[3],[12],[28],[12],[3],[34],[8],[-6],[2],[-3],[10],[22],[5],[6],[1],[12],[0],[15],[1],[16],[23],[9],[-6],[0],[0],[29],[-3],[1],[27],[2],[26],[1],[1],[15],[14],[-3],[-3],[-4],[13],[3],[6],[9],[25],[0],[0],[2],[19],[0],[35],[12],[-5],[32],[27],[7],[9],[38],[22],[9],[7],[19],[4],[35],[21],[-3],[3],[15],[1],[21],[34],[14],[33],[10],[2],[32],[26],[11],[10],[13],[4],[34],[18],[1],[3],[14],[25],[3],[14],[2],[2],[20],[4],[5],[29],[8],[-11],[27],[-7],[9],[-5],[-5],[0],[25],[4],[2],[29],[1],[1],[17],[2],[2],[6],[16],[3],[9],[25],[4],[15],[-5],[25],[18],[-3],[13],[22],[8],[-5],[11],[-6],[20],[22],[10],[10],[37],[21],[3],[4],[32],[1],[2],[27],[2],[4],[35],[12],[-6],[32],[3],[18],[20],[4],[4],[25],[3],[3],[5],[22],[4],[11],[0],[0],[2],[17],[25],[5],[-10],[20],[5],[-7],[20],[-7],[1],[-8],[24],[5],[-11],[26],[17],[-4],[-4],[-8],[15],[1],[-13],[9],[-15],[-13],[0],[15],[-12],[16],[13],[-6],[2],[-11],[-12],[-12],[-12],[18],[3],[-8],[13],[1],[6],[7],[22],[4],[-14],[13],[18],[4],[0],[31],[18],[3],[1],[27],[2],[23],[4],[4],[16],[1],[-6],[5],[-8],[2],[0],[26],[-7],[-13],[1],[10],[-5],[-16],[5],[11],[3],[-14],[24],[-6],[11],[-7],[13],[24],[8],[8],[32],[21],[6],[9],[29],[4],[27],[14],[0],[2],[6],[0],[19],[7],[0],[35],[21],[9],[4],[21],[4],[5],[30],[12],[5],[30],[17],[2],[1],[25],[8],[-7],[10],[24],[10],[0],[17],[25],[10],[-5],[16],[2],[1],[27],[11],[1],[2],[1],[17],[27],[6],[3],[1],[-5],[-5],[0],[0],[4],[-12],[18],[-8],[20],[-8],[8],[9],[-6],[-5],[25],[9],[-6],[2],[1],[-9],[-8],[-11],[-17],[4],[-19],[8],[12],[-6],[-6],[22],[2],[-13],[16],[15],[-6],[-6],[28],[-5],[-9],[-7],[24],[8],[-7],[18],[5],[-8],[9],[21],[1],[1],[16],[2],[1],[29],[16],[0],[1],[27],[9],[-8],[-7],[13],[1],[4],[12],[-5],[1],[22],[9],[-6],[24],[12],[-4],[-5],[0],[-3],[25],[4],[-13],[8],[-10],[-7],[-6],[-7],[-5],[-10],[12],[-12],[26],[11],[-4],[1],[1],[21],[1],[11],[-4],[17],[2],[12],[0],[13],[-8],[26],[14],[1],[4],[18],[3],[4],[30],[17],[1],[2],[-4],[12],[19],[0],[-5],[17],[26],[11],[0],[4],[33],[18],[-4],[9],[11],[2],[4],[34],[24],[4],[8],[26],[11],[-4],[13],[0],[-7],[1],[1],[21],[2],[1],[30],[13],[1],[-3],[22],[9],[-7],[9],[0],[17],[1],[0],[2],[1],[4],[20],[1],[6],[0],[29],[11],[0],[10],[-11],[18],[5],[-13],[8],[-7],[2],[1],[25],[1],[3],[26],[9],[-6],[10],[22],[-3],[0],[2],[17],[2],[0],[0],[-6],[20],[-8],[-7],[18],[1],[-8],[26],[14],[1],[4],[1],[12],[0],[1],[25],[8],[0],[28],[18],[-4],[18],[3],[0],[32],[13],[-4],[0],[19],[3],[-7],[1],[1],[-3],[0],[0],[31],[14],[-4],[0],[21],[10],[-5],[-5],[-3],[30],[18],[0],[-3],[-9],[-8],[-8],[0],[6],[-8],[32],[16],[2],[3],[25],[9],[-4],[13],[16],[0],[-4],[26],[10],[-5],[0],[25],[8],[-4],[24],[15],[-5],[8],[22],[-5],[11],[-7],[8],[-6],[8],[21],[2],[1],[27],[11],[-5],[0],[26],[4],[4],[29],[17],[4],[4],[21],[0],[3],[-10],[-6],[25],[8],[-6],[17],[20],[4],[2],[24],[-5],[-8],[10],[18],[-3],[-3],[26],[9],[-4],[1],[-3],[0],[12],[0],[-6],[18],[-5],[0],[32],[0],[0],[29],[6],[-8],[27],[14],[-5],[-8],[21],[-11],[-12],[-15],[20],[-7],[-3],[2],[22],[8],[-10],[-9],[19],[8],[-11],[8],[16],[-4],[8],[25],[3],[18],[3],[1],[0],[17],[-3],[-3],[-5],[22],[9],[-5],[24],[8],[-7],[0],[-3],[17],[1],[32],[13],[-6],[-4],[-4],[-6],[0],[2],[15],[-6],[14],[-11],[-8],[3],[-11],[10],[18],[-4],[3],[32],[17],[4],[6],[29],[10],[-4],[16],[25],[14],[-3],[2],[2],[2],[19],[0],[19],[3],[4],[6],[5],[4],[2],[2],[30],[1],[2],[0],[18],[0],[25],[10],[4],[38],[25],[4],[21],[29],[8],[37],[24],[6],[5],[29],[6],[35],[1],[8],[5],[33],[20],[9],[41],[8],[36],[24],[11],[15],[33],[17],[4],[34],[28],[6],[21],[6],[6],[13],[9],[33],[25],[5],[8],[5],[5],[4],[5],[4],[5],[0],[29],[4],[4],[6],[22],[2],[17],[26],[11],[-4],[28],[13],[-7],[24],[24],[9],[4],[1],[4],[4],[32],[1],[17],[2],[16],[27],[4],[3],[28],[14],[2],[4],[24],[8],[1],[30],[15],[0],[19],[5],[0],[-4],[-5],[26],[12],[-6],[5],[3],[33],[18],[1],[1],[23],[1],[4],[0],[30],[11],[0],[18],[27],[9],[0],[28],[24],[2],[3],[13],[-5],[12],[0],[13],[0],[13],[20],[3],[2],[22],[0],[-6],[10],[0],[26],[-6],[22],[6],[-11],[10],[17],[-6],[0],[1],[31],[-3],[-11],[26],[17],[1],[2],[3],[-3],[24],[4],[0],[26],[14],[-5],[-5],[2],[1],[25],[6],[-7],[28],[24],[8],[6],[37],[7],[36],[21],[4],[4],[30],[20],[3],[-2],[26],[12],[0],[2],[28],[13],[2],[29],[12],[-5],[0],[27],[2],[20],[8],[34],[26],[7],[18],[5],[20],[22],[6],[4],[29],[12],[0],[18],[4],[13],[-7],[21],[18],[1],[-4],[24],[-6],[-7],[10],[19],[-8],[13],[17],[1],[1],[1],[0],[29],[-4],[-3],[-6],[-5],[0],[34],[12],[-5],[12],[21],[6],[-7],[25],[6],[10],[33],[19],[3],[1],[27],[0],[4],[4],[31],[17],[5],[5],[33],[18],[3],[14],[-3],[10],[27],[6],[6],[33],[18],[2],[33],[4],[37],[24],[4],[3],[15],[2],[19],[5],[6],[35],[21],[6],[6],[37],[13],[-4],[25],[-3],[0],[27],[11],[-6],[-5],[24],[-5],[25],[0],[-7],[10],[20],[9],[-7],[16],[21],[-7],[13],[24],[5],[9],[22],[5],[5],[3],[12],[9],[2],[28],[18],[3],[-10],[26],[16],[2],[2],[27],[13],[-5],[-5],[21],[5],[-10],[10],[24],[10],[-6],[-4],[28],[8],[-14],[21],[12],[-3],[1],[0],[11],[-6],[11],[21],[0],[0],[26],[9],[-5],[28],[11],[-7],[0],[22],[6],[-10],[11],[19],[2],[0],[28],[1],[-3],[13],[-3],[29],[11],[-4],[-3],[27],[15],[2],[3],[30],[14],[2],[10],[25],[11],[-5],[11],[20],[5],[-11],[8],[16],[1],[14],[0],[10],[19],[-5],[-5],[-8],[4],[-11],[5],[-9],[9],[17],[3],[-13],[24],[4],[-14],[2],[4],[-14],[-12],[11],[-6],[-6],[21],[8],[-10],[17],[3],[-14],[5],[-14],[-16],[-5],[-15],[-7],[23],[0],[-15],[8],[-10],[-7],[22],[-3],[-4],[25],[-5],[-5],[24],[3],[12],[26],[-5],[5],[2],[-5],[-8],[4],[-8],[20],[2],[8],[0],[26],[15],[5],[10],[28],[13],[-3],[20],[22],[12],[1],[2],[1],[30],[11],[-7],[28],[18],[3],[4],[18],[3],[12],[28],[14],[2],[16],[8],[4],[22],[5],[22],[24],[6],[33],[16],[3],[6],[10],[-5],[30],[11],[-4],[16],[21],[9],[-5],[19],[-6],[20],[4],[3],[31],[1],[30],[17],[1],[5],[4],[31],[17],[3],[4],[29],[6],[20],[33],[13],[9],[31],[10],[0],[28],[11],[-5],[16],[22],[7],[0],[20],[2],[3],[1],[16],[1],[3],[2],[24],[4],[3],[29],[2],[26],[11],[-10],[16],[20],[7],[-7],[26],[0],[8],[-10],[16],[18],[2],[-8],[25],[-11],[2],[-14],[0],[9],[-9],[-8],[6],[16],[-11],[-6],[16],[-5],[16],[0],[-14],[25],[13],[-3],[1],[16],[-5],[-5],[10],[-6],[1],[25],[2],[0],[21],[7],[-7],[10],[-4],[15],[-4],[18],[-4],[17],[5],[-8],[22],[20],[2],[-4],[16],[19],[2],[-3],[15],[-4],[13],[13],[-6],[17],[-6],[-6],[10],[12],[0],[34],[0],[20],[7],[-11],[21],[-3],[-4],[-5],[-13],[30],[16],[4],[3],[27],[-11],[10],[20],[8],[1],[24],[21],[5],[3],[28],[11],[-6],[34],[1],[33],[19],[-5],[4],[0],[19],[6],[9],[35],[20],[2],[14],[1],[23],[12],[1],[8],[3],[14],[25],[11],[2],[31],[6],[12],[-6],[14],[25],[13],[0],[9],[4],[19],[5],[-7],[1],[32],[18],[6],[5],[29],[-4],[12],[-4],[26],[10],[-4],[2],[28],[14],[1],[0],[18],[-6],[-6],[8],[-11],[29],[11],[-6],[13],[23],[4],[3],[28],[0],[-3],[-5],[0],[10],[0],[27],[1],[11],[-4],[2],[1],[8],[-6],[13],[21],[4],[0],[2],[2],[6],[11],[5],[3],[33],[3],[10],[23],[8],[-8],[12],[21],[9],[4],[31],[17],[5],[3],[30],[15],[0],[32],[16],[1],[-3],[25],[-5],[-4],[-5],[3],[-13],[9],[-4],[6],[-11],[13],[14],[-6],[-8],[-10],[-4],[8],[-5],[28],[-4],[0],[-3],[19],[-3],[11],[0],[12],[-4],[2],[16],[25],[5],[-11],[19],[3],[5],[6],[1],[26],[3],[34],[2],[3],[28],[6],[19],[7],[8],[29],[14],[4],[34],[18],[2],[2],[24],[12],[-6],[32],[19],[6],[3],[2],[2],[20],[6],[0],[9],[-7],[24],[16],[0],[0],[27],[13],[-6],[14],[-5],[0],[-6],[25],[0],[9],[-7],[5],[-6],[-8],[-7],[0],[22],[3],[2],[-5],[11],[-7],[10],[20],[8],[-9],[9],[18],[4],[-8],[24],[16],[3],[0],[26],[11],[-8],[-7],[21],[5],[-10],[-10],[19],[9],[-7],[12],[19],[1],[-10],[25],[-6],[-6],[-6],[-2],[2],[26],[12],[-5],[2],[0],[17],[1],[-4],[21],[1],[-5],[5],[4],[28],[14],[-6],[0],[19],[-6],[24],[0],[0],[3],[3],[20],[-5],[6],[21],[6],[-7],[27],[0],[26],[10],[-5],[8],[24],[11],[1],[15],[27],[12],[0],[19],[0],[20],[29],[8],[6],[32],[17],[4],[4],[17],[-5],[1],[4],[3],[3],[6],[1],[4],[5],[29],[13],[0],[16],[27],[13],[3],[7],[11],[-7],[20],[10],[-8],[27],[6],[0],[33],[18],[1],[20],[26],[12],[-4],[13],[18],[-6],[0],[0],[19],[5],[0],[32],[20],[4],[3],[29],[17],[1],[4],[2],[14],[-3],[15],[2],[32],[16],[3],[3],[30],[15],[2],[30],[1],[1],[3],[8],[8],[32],[17],[3],[4],[30],[15],[8],[33],[19],[2],[3],[30],[15],[1],[1],[30],[12],[-3],[-6],[20],[5],[-10],[8],[19],[-8],[0],[18],[3],[-10],[21],[19],[-4],[-10],[-10],[-7],[0],[-7],[-6],[25],[2],[2],[25],[-8],[-6],[0],[24],[11],[1],[14],[3],[25],[5],[18],[2],[4],[15],[-5],[13],[28],[6],[2],[3],[10],[9],[33],[4],[7],[16],[2],[4],[29],[11],[-6],[11],[20],[-5],[15],[22],[-5],[9],[-7],[16],[4],[7],[7],[29],[10],[-6],[24],[4],[0],[26],[17],[-6],[-3],[0],[2],[2],[3],[0],[24],[10],[-5],[28],[12],[-10],[12],[17],[5],[-8],[27],[2],[0],[10],[-10],[28],[17],[3],[5],[31],[16],[4],[2],[28],[13],[-4],[0],[1],[1],[14],[-4],[8],[22],[9],[-7],[-4],[18],[3],[0],[26],[15],[-6],[16],[25],[12],[0],[1],[9],[0],[4],[8],[14],[0],[30],[1],[19],[24],[5],[6],[0],[22],[7],[-7],[17],[14],[-7],[-12],[17],[-6],[-6],[-10],[14],[-4],[2],[-4],[13],[1],[19],[3],[0],[29],[14],[-5],[10],[19],[7],[-7],[16],[19],[7],[-6],[26],[13],[1],[14],[18],[2],[4],[30],[10],[6],[26],[9],[0],[30],[-4],[2],[5],[30],[18],[4],[4],[23],[-5],[2],[23],[9],[-3],[13],[23],[11],[0],[16],[0],[-6],[16],[19],[0],[14],[0],[6],[0],[31],[13],[1],[25],[24],[4],[2],[9],[-9],[16],[19],[6],[-10],[16],[-5],[11],[-4],[18],[14],[1],[2],[29],[14],[2],[1],[0],[17],[3],[5],[29],[7],[30],[16],[3],[1],[0],[0],[3],[24],[8],[5],[1],[3],[25],[0],[28],[4],[6],[3],[30],[16],[-4],[36],[21],[10],[9],[0],[27],[9],[-4],[-5],[1],[5],[18],[2],[2],[22],[4],[-8],[20],[14],[1],[0],[26],[13],[0],[-10],[21],[-7],[-11],[12],[-12],[-10],[13],[-4],[-15],[21],[0],[-13],[20],[9],[-7],[25],[0],[-12],[26],[6],[-9],[-11],[3],[-13],[4],[22],[-3],[13],[-4],[12],[27],[4],[1],[2],[1],[1],[25],[4],[1],[27],[11],[0],[0],[27],[13],[0],[25],[9],[-7],[10],[18],[1],[0],[28],[18],[3],[3],[0],[0],[30],[8],[-11],[27],[-5],[-8],[11],[-6],[-4],[0],[-3],[1],[31],[4],[12],[-5],[-3],[10],[14],[-6],[-4],[-6],[-3],[0],[32],[21],[3],[21],[8],[4],[27],[3],[3],[4],[28],[14],[4],[10],[28],[10],[9],[32],[12],[12],[38],[22],[10],[8],[33],[19],[9],[5],[34],[8],[33],[9],[9],[9],[5],[28],[13],[-4],[34],[22],[9],[-8],[28],[-4],[9],[4],[20],[3],[4],[29],[16],[5],[6],[30],[13],[-5],[13],[1],[8],[0],[1],[-5],[8],[-8],[6],[-11],[8],[12],[-6],[31],[18],[2],[1],[26],[16],[3],[4],[32],[-3],[-3],[16],[16],[-5],[3],[3],[-3],[6],[-11],[16],[-8],[-8],[-3],[1],[28],[-5],[8],[19],[3],[-5],[18],[3],[4],[-3],[21],[6],[-6],[29],[14],[-6],[0],[22],[6],[-6],[27],[5],[-11],[6],[15],[-5],[-6],[24],[14],[-3],[2],[27],[0],[19],[3],[-12],[-4],[1],[26],[-7],[18],[0],[-3],[1],[-5],[0],[13],[0],[0],[25],[5],[4],[1],[11],[-6],[0],[-7],[9],[-8],[20],[21],[2],[1],[29],[0],[32],[17],[6],[25],[30],[9],[37],[19],[8],[37],[21],[10],[8],[2],[4],[29],[7],[6],[29],[12],[0],[20],[20],[1],[-4],[29],[-6],[11],[-3],[15],[1],[-4],[25],[12],[2],[22],[2],[16],[27],[6],[5],[17],[-6],[11],[21],[4],[-11],[16],[21],[1],[17],[27],[13],[1],[17],[2],[3],[29],[17],[4],[12],[27],[13],[-4],[16],[3],[4],[28],[12],[-3],[4],[18],[2],[4],[29],[16],[-7],[20],[19],[2],[22],[4],[-9],[26],[0],[-6],[20],[5],[-9],[-4],[25],[-5],[-3],[0],[29],[2],[1],[31],[17],[4],[3],[0],[10],[-3],[30],[14],[-7],[30],[19],[7],[6],[30],[6],[-7],[26],[19],[-4],[16],[-3],[24],[9],[-5],[8],[18],[0],[2],[31],[4],[5],[19],[5],[3],[32],[13],[1],[4],[6],[2],[-4],[18],[4],[-10],[25],[8],[-8],[-5],[-3],[0],[-6],[28],[-4],[-4],[0],[27],[9],[-10],[13],[2],[3],[29],[12],[-5],[-4],[16],[1],[1],[26],[12],[-7],[0],[1],[1],[19],[4],[-7],[27],[9],[-6],[0],[20],[4],[-8],[-6],[16],[-3],[-6],[26],[-8],[-7],[-7],[2],[-4],[27],[11],[2],[1],[26],[5],[30],[13],[-6],[-6],[8],[-8],[12],[21],[11],[-3],[29],[13],[2],[8],[7],[2],[23],[6],[-6],[-5],[-6],[-5],[-7],[18],[19],[-3],[8],[27],[12],[2],[20],[4],[4],[32],[4],[3],[0],[20],[18],[-3],[1],[27],[9],[-4],[27],[10],[-6],[-6],[-6],[-3],[22],[13],[-5],[-3],[-5],[-6],[23],[-5],[-8],[22],[3],[-11],[21],[-4],[-7],[-8],[20],[12],[-10],[2],[-12],[16],[8],[-8],[9],[-7],[-3],[8],[-6],[16],[20],[-3],[10],[14],[-8],[-11],[-12],[16],[1],[-12],[5],[15],[-5],[-3],[21],[-7],[24],[9],[-8],[-6],[23],[10],[-7],[-8],[9],[-8],[-7],[19],[4],[-13],[5],[-12],[7],[19],[-5],[-7],[9],[21],[7],[-8],[27],[-4],[29],[18],[1],[-4],[20],[9],[-4],[18],[24],[8],[-4],[1],[2],[8],[10],[0],[13],[0],[0],[-6],[1],[-4],[22],[19],[2],[27],[5],[2],[24],[2],[26],[13],[-3],[3],[25],[9],[-5],[12],[18],[-5],[16],[24],[11],[-2],[11],[-4],[-6],[2],[17],[5],[12],[6],[3],[4],[27],[8],[1],[-6],[-7],[-4],[0],[0],[24],[10],[-5],[0],[-4],[13],[0],[-4],[29],[5],[-10],[11],[16],[4],[1],[29],[17],[8],[8],[35],[11],[-13],[28],[13],[2],[2],[26],[5],[0],[32],[20],[9],[11],[34],[17],[-5],[16],[25],[11],[-3],[16],[27],[3],[1],[15],[24],[3],[4],[5],[17],[3],[7],[24],[7],[4],[29],[12],[-4],[3],[9],[-12],[27],[-8],[18],[2],[-3],[-3],[-3],[1],[-5],[10],[4],[-11],[20],[20],[9],[-5],[28],[0],[0],[-4],[29],[11],[-5],[-3],[31],[16],[2],[3],[11],[-6],[16],[4],[15],[4],[6],[28],[10],[-4],[26],[13],[2],[4],[5],[30],[1],[27],[17],[3],[3],[28],[14],[-3],[-3],[1],[0],[-4],[-4],[15],[26],[2],[2],[1],[19],[5],[8],[34],[3],[23],[10],[0],[25],[11],[-3],[0],[26],[5],[8],[3],[3],[9],[-6],[28],[1],[1],[21],[4],[0],[21],[14],[3],[8],[17],[6],[34],[21],[10],[0],[21],[24],[2],[2],[28],[11],[4],[35],[18],[4],[21],[2],[4],[0],[4],[21],[1],[13],[-3],[14],[26],[13],[1],[5],[2],[2],[28],[12],[3],[4],[4],[5],[36],[-4],[16],[4],[8],[3],[4],[28],[11],[0],[24],[24],[6],[7],[21],[3],[-13],[11],[17],[-4],[28],[6],[-7],[-3],[1],[10],[-7],[28],[-3],[-3],[21],[8],[-7],[4],[26],[8],[24],[5],[2],[9],[-8],[9],[25],[11],[-4],[3],[0],[22],[0],[0],[-4],[8],[-5],[15],[0],[0],[2],[9],[-6],[11],[27],[12],[0],[16],[26],[10],[-3],[1],[14],[3],[30],[3],[29],[17],[4],[7],[1],[16],[3],[28],[19],[2],[1],[-6],[-3],[-3],[-4],[27],[0],[5],[0],[25],[12],[-3],[0],[21],[-3],[0],[-5],[1],[25],[9],[12],[36],[17],[5],[21],[33],[12],[11],[35],[20],[3],[10],[4],[33],[7],[29],[4],[0],[0],[4],[3],[1],[3],[22],[5],[8],[10],[10],[3],[25],[12],[4],[7],[4],[31],[13],[-3],[15],[3],[6],[6],[6],[3],[30],[3],[32],[21],[7],[0],[16],[0],[-7],[12],[1],[2],[1],[-7],[12],[26],[9],[7],[16],[4],[20],[19],[-6],[4],[7],[1],[1],[29],[9],[-6],[13],[25],[10],[-6],[14],[24],[2],[30],[0],[6],[3],[27],[-5],[-3],[-6],[17],[3],[5],[22],[3],[6],[10],[11],[1],[1],[21],[0],[-6],[-9],[18],[-8],[8],[-6],[8],[26],[0],[4],[4],[10],[-7],[10],[18],[3],[-11],[-5],[-8],[26],[8],[-10],[0],[20],[10],[-6],[1],[19],[-9],[-8],[-6],[-10],[-7],[2],[1],[-6],[10],[-5],[0],[27],[10],[-4],[16],[29],[5],[2],[34],[19],[1],[1],[4],[2],[4],[2],[2],[0],[4],[5],[1],[20],[3],[5],[5],[30],[11],[0],[16],[3],[6],[17],[4],[16],[5],[33],[0],[27],[14],[3],[0],[3],[4],[31],[3],[22],[5],[2],[-3],[21],[8],[-7],[17],[3],[2],[25],[17],[3],[6],[4],[19],[4],[3],[-6],[21],[9],[-3],[18],[18],[2],[2],[26],[13],[-10],[11],[14],[1],[3],[2],[3],[0],[-4],[-4],[21],[-5],[-3],[-5],[3],[0],[28],[10],[-5],[13],[-5],[10],[-6],[-2],[2],[31],[5],[5],[25],[4],[18],[-3],[16],[20],[9],[-4],[30],[-5],[-3],[-5],[16],[-8],[-6],[-5],[-4],[-3],[18],[-7],[19],[-4],[-6],[21],[5],[-10],[-8],[24],[11],[-8],[5],[-12],[26],[0],[2],[-3],[26],[16],[-2],[0],[-3],[10],[10],[32],[18],[-5],[3],[-13],[9],[20],[0],[0],[-5],[-7],[12],[17],[-5],[-5],[-3],[10],[24],[8],[-6],[4],[11],[-12],[10],[13],[-8],[3],[-8],[21],[7],[-6],[12],[3],[0],[26],[-4],[-3],[20],[6],[-7],[9],[21],[8],[-8],[0],[0],[-3],[22],[9],[-5],[4],[25],[6],[-7],[11],[20],[-3],[-5],[13],[-4],[1],[32],[2],[34],[23],[6],[7],[34],[3],[33],[3],[24],[0],[30],[1],[25],[3],[5],[29],[0],[0],[-2],[-7],[-3],[0],[28],[-8],[-7],[0],[29],[21],[10],[8],[0],[1],[27],[13],[-6],[-6],[-11],[16],[23],[1],[31],[13],[-5],[-5],[-12],[-8],[-8],[18],[-10],[9],[-6],[-12],[24],[-5],[-11],[4],[19],[3],[0],[27],[16],[-4],[32],[1],[-5],[10],[-7],[0],[-4],[-3],[-6],[-5],[-3],[-3],[1],[28],[1],[14],[-3],[2],[30],[2],[4],[4],[30],[10],[16],[6],[6],[-3],[2],[1],[1],[-5],[18],[20],[0],[-4],[5],[-8],[-6],[0],[18],[3],[0],[24],[-5],[16],[2],[5],[18],[4],[19],[5],[8],[36],[21],[6],[6],[28],[17],[-5],[11],[18],[-10],[20],[5],[-5],[10],[-3],[16],[26],[4],[33],[19],[5],[19],[2],[5],[29],[9],[-6],[16],[25],[11],[1],[24],[26],[10],[4],[2],[14],[29],[16],[4],[34],[8],[19],[7],[5],[17],[30],[7],[3],[32],[2],[6],[5],[30],[17],[2],[1],[27],[11],[-5],[13],[1],[0],[26],[3],[-12],[13],[-6],[-4],[27],[12],[-8],[-5],[-3],[-14],[21],[16],[0],[-3],[26],[6],[-5],[-7],[18],[5],[-8],[24],[20],[2],[-11],[19],[5],[-5],[-5],[-4],[0],[16],[-5],[14],[24],[0],[0],[-5],[0],[13],[-5],[5],[27],[11],[-4],[-5],[2],[0],[24],[10],[-4],[29],[16],[-3],[-4],[9],[-7],[-8],[-7],[-5],[13],[22],[3],[0],[17],[3],[3],[29],[13],[2],[3],[19],[3],[2],[-4],[2],[1],[-3],[19],[-3],[12],[23],[-3],[-4],[25],[13],[4],[3],[17],[27],[5],[13],[27],[0],[3],[4],[30],[17],[4],[4],[29],[16],[2],[13],[0],[3],[6],[7],[39],[15],[0],[17],[11],[10],[34],[20],[4],[16],[28],[14],[3],[17],[25],[9],[-4],[33],[14],[-3],[4],[11],[9],[36],[17],[4],[17],[24],[8],[7],[33],[20],[6],[6],[26],[6],[4],[33],[3],[0],[1],[14],[2],[1],[29],[13],[-3],[10],[25],[11],[0],[0],[-5],[2],[27],[11],[-5],[13],[22],[11],[-4],[18],[21],[1],[0],[0],[-5],[1],[1],[1],[27],[10],[-5],[11],[-3],[-3],[26],[6],[-11],[24],[12],[-7],[-10],[12],[-7],[25],[1],[21],[6],[1],[28],[13],[4],[15],[0],[14],[4],[2],[28],[2],[1],[21],[32],[17],[1],[19],[25],[5],[2],[24],[11],[2],[18],[4],[2],[31],[11],[1],[32],[17],[3],[33],[5],[35],[19],[3],[1],[33],[6],[11],[12],[34],[20],[2],[6],[8],[3],[15],[-4],[11],[23],[5],[8],[33],[-3],[-4],[16],[27],[14],[2],[14],[2],[26],[14],[2],[33],[18],[-3],[15],[25],[10],[-3],[0],[27],[0],[8],[-7],[-6],[16],[-3],[0],[24],[11],[-5],[4],[21],[9],[-4],[8],[-10],[12],[20],[7],[-5],[31],[13],[1],[32],[17],[3],[3],[28],[2],[1],[25],[13],[0],[3],[13],[0],[2],[26],[11],[0],[32],[9],[-5],[16],[5],[30],[-3],[11],[-8],[11],[9],[-7],[12],[21],[6],[-11],[20],[11],[-4],[2],[6],[0],[2],[5],[4],[9],[22],[3],[30],[10],[-7],[9],[20],[5],[-10],[25],[9],[-6],[0],[22],[10],[-5],[4],[0],[-5],[0],[12],[27],[12],[-6],[10],[-7],[-7],[16],[17],[-5],[24],[8],[-8],[12],[19],[3],[5],[31],[15],[5],[4],[31],[2],[4],[14],[-4],[11],[21],[1],[4],[35],[17],[3],[0],[19],[-5],[-7],[-4],[30],[14],[2],[3],[1],[31],[16],[-5],[16],[22],[5],[0],[1],[1],[9],[2],[3],[23],[9],[0],[6],[-8],[29],[19],[3],[10],[21],[8],[-8],[16],[1],[0],[27],[5],[0],[5],[2],[3],[0],[-5],[-7],[-6],[1],[1],[-4],[14],[0],[1],[28],[3],[27],[12],[-4],[18],[22],[9],[-6],[16],[17],[-5],[22],[9],[-3],[0],[-5],[27],[-5],[5],[-13],[24],[13],[-6],[21],[5],[-6],[3],[27],[6],[5],[31],[8],[0],[35],[1],[19],[-7],[-6],[-6],[26],[11],[-6],[5],[3],[-13],[6],[15],[-3],[-16],[16],[-10],[-4],[-4],[6],[-12],[27],[15],[-6],[4],[-13],[9],[18],[5],[2],[33],[21],[8],[9],[24],[2],[18],[1],[3],[4],[5],[2],[33],[12],[1],[16],[17],[0],[30],[19],[3],[1],[4],[1],[-6],[-7],[-4],[-14],[-6],[-4],[-10],[-11],[12],[-6],[-4],[-5],[16],[14],[0],[-10],[30],[16],[1],[1],[1],[1],[27],[5],[-11],[16],[-5],[-7],[-4],[0],[-5],[-4],[10],[18],[2],[1],[4],[3],[14],[-4],[16],[7],[8],[34],[15],[2],[1],[21],[-4],[13],[20],[3],[-12],[17],[-5],[-7],[10],[1],[0],[-8],[29],[3],[4],[5],[26],[6],[-11],[20],[18],[5],[5],[29],[19],[-4],[14],[21],[-7],[22],[6],[-8],[12],[16],[2],[0],[25],[2],[1],[16],[25],[6],[28],[11],[-8],[12],[14],[-5],[-5],[24],[10],[-5],[-4],[2],[-3],[11],[19],[4],[-13],[6],[13],[-5],[11],[22],[3],[-14],[26],[14],[-4],[0],[0],[2],[1],[28],[6],[-10],[27],[-4],[30],[15],[0],[1],[2],[5],[20],[3],[14],[16],[-6],[0],[21],[7],[-5],[14],[24],[10],[0],[29],[12],[-3],[-6],[-5],[19],[6],[-8],[24],[6],[-5],[13],[9],[-10],[8],[13],[-3],[-16],[18],[9],[-4],[-5],[26],[-5],[11],[-11],[1],[-11],[20],[8],[-7],[16],[19],[5],[-8],[24],[19],[5],[4],[30],[1],[0],[22],[7],[-8],[2],[0],[2],[31],[15],[-4],[20],[25],[6],[5],[4],[5],[4],[8],[4],[34],[20],[0],[13],[2],[2],[27],[5],[-21],[20],[4],[-8],[8],[10],[-7],[-10],[1],[-12],[-5],[-8],[-5],[0],[22],[1],[1],[0],[-12],[22],[12],[-4],[-6],[20],[3],[-13],[-11],[8],[-12],[24],[14],[1],[0],[25],[-4],[12],[-3],[-3],[24],[-10],[8],[11],[0],[19],[4],[1],[22],[-4],[21],[5],[-13],[10],[18],[1],[-12],[-3],[3],[28],[13],[1],[8],[20],[4],[-12],[22],[15],[-4],[9],[20],[8],[-6],[21],[5],[-13],[8],[16],[0],[3],[1],[-3],[0],[19],[-10],[9],[17],[1],[-12],[26],[0],[17],[17],[2],[17],[-6],[-8],[0],[2],[20],[6],[-9],[25],[14],[-3],[-7],[21],[11],[-7],[24],[-8],[6],[19],[-6],[-5],[-6],[16],[21],[8],[2],[34],[17],[-5],[24],[26],[0],[32],[18],[3],[6],[34],[26],[3],[15],[1],[16],[18],[4],[37],[5],[10],[10],[12],[10],[8],[9],[5],[24],[10],[-6],[18],[22],[8],[0],[32],[17],[0],[-3],[22],[-3],[-4],[-5],[1],[0],[3],[24],[10],[-3],[3],[15],[3],[6],[11],[-7],[22],[20],[8],[0],[27],[13],[1],[3],[12],[-5],[12],[-7],[10],[-7],[13],[-3],[2],[1],[26],[13],[3],[32],[17],[-3],[0],[6],[0],[33],[17],[3],[1],[26],[12],[-3],[-5],[26],[9],[-5],[-9],[-8],[0],[9],[-5],[12],[24],[9],[-5],[1],[1],[11],[-6],[18],[3],[1],[25],[2],[3],[31],[0],[18],[-3],[-5],[24],[-4],[6],[8],[33],[18],[5],[4],[31],[16],[0],[0],[32],[20],[1],[8],[17],[2],[10],[22],[-3],[20],[1],[-3],[1],[21],[5],[28],[6],[20],[3],[2],[8],[-8],[20],[0],[14],[4],[29],[25],[18],[9],[8],[21],[3],[3],[4],[29],[17],[8],[15],[12],[0],[11],[0],[14],[-4],[0],[28],[17],[4],[8],[4],[31],[6],[34],[20],[2],[4],[35],[22],[8],[7],[16],[5],[36],[23],[4],[3],[29],[11],[9],[5],[3],[32],[25],[11],[13],[37],[13],[-5],[28],[13],[3],[20],[28],[12],[-5],[26],[26],[6],[5],[32],[16],[2],[16],[4],[15],[1],[33],[16],[1],[8],[3],[1],[20],[5],[6],[34],[18],[6],[8],[5],[18],[1],[28],[2],[0],[28],[20],[1],[15],[26],[11],[-7],[24],[0],[-6],[12],[26],[11],[2],[8],[9],[28],[14],[3],[20],[21],[2],[28],[18],[2],[3],[0],[9],[-11],[30],[0],[-5],[16],[20],[1],[11],[-6],[13],[5],[8],[32],[13],[0],[30],[16],[0],[26],[18],[-7],[18],[22],[2],[25],[7],[-8],[12],[21],[6],[-8],[25],[16],[-5],[6],[15],[1],[1],[0],[0],[-8],[-3],[11],[26],[0],[29],[14],[1],[6],[20],[3],[2],[23],[3],[-12],[-8],[19],[6],[4],[0],[17],[2],[3],[32],[16],[3],[2],[27],[11],[-4],[4],[-5],[-3],[26],[10],[0],[28],[8],[-8],[10],[2],[-4],[18],[0],[0],[26],[4],[5],[29],[0],[1],[32],[-4],[21],[3],[18],[25],[12],[-3],[11],[13],[-3],[17],[-5],[14],[26],[10],[-5],[-11],[-14],[-8],[-8],[1],[-10],[18],[17],[-7],[10],[19],[6],[-8],[6],[0],[26],[-10],[24],[5],[-8],[9],[0],[0],[-3],[-6],[0],[3],[1],[26],[13],[-3],[-4],[21],[8],[-7],[25],[12],[-5],[9],[0],[10],[19],[3],[4],[31],[18],[4],[1],[32],[1],[1],[2],[26],[12],[-3],[3],[1],[24],[6],[-10],[5],[-5],[0],[31],[16],[0],[28],[20],[-4],[-3],[-4],[0],[28],[10],[-7],[0],[18],[3],[6],[32],[18],[-3],[22],[9],[-8],[11],[19],[9],[-3],[34],[9],[8],[27],[10],[0],[6],[33],[22],[10],[10],[24],[9],[0],[27],[17],[1],[8],[23],[3],[1],[25],[12],[0],[9],[4],[5],[6],[17],[0],[12],[22],[9],[-4],[-4],[-3],[5],[6],[6],[33],[2],[8],[31],[0],[0],[14],[25],[9],[4],[32],[17],[2],[3],[28],[13],[-5],[11],[26],[1],[26],[-8],[28],[16],[3],[1],[-6],[10],[-5],[13],[22],[1],[1],[14],[-4],[2],[30],[2],[8],[29],[13],[8],[0],[19],[1],[4],[-3],[-5],[25],[4],[1],[25],[4],[-10],[16],[18],[4],[5],[30],[15],[2],[2],[27],[8],[-6],[26],[5],[-8],[10],[13],[2],[-12],[28],[0],[-3],[26],[11],[-7],[0],[22],[8],[-6],[10],[11],[-5],[-6],[21],[1],[-13],[10],[14],[-10],[8],[1],[0],[26],[19],[-3],[-3],[22],[11],[-6],[10],[17],[1],[19],[4],[0],[28],[2],[3],[9],[4],[35],[13],[-4],[17],[3],[2],[2],[12],[-4],[12],[21],[-7],[-3],[24],[11],[1],[2],[32],[22],[10],[9],[3],[-4],[18],[27],[13],[1],[13],[24],[-4],[20],[-5],[-6],[22],[11],[1],[32],[20],[6],[8],[40],[7],[9],[10],[12],[13],[10],[3],[17],[-5],[-7],[21],[9],[-6],[4],[27],[14],[9],[38],[25],[7],[18],[28],[9],[6],[20],[-4],[-10],[-6],[0],[20],[-3],[-3],[27],[41],[39],[41],[46],[16],[42],[1],[-22],[-24],[-35],[-6],[-7],[-13],[18],[3],[27],[14],[11],[-3],[11],[39],[18],[15],[48],[9],[9],[-11],[-21],[-21],[-4],[-20],[-23],[12],[19],[63],[43],[36],[49],[16],[-6],[-30],[-31],[1],[-27],[-15],[11],[-8],[-4],[20],[6],[4],[-4],[30],[24],[10],[21],[50],[14],[0],[21],[-31],[-15],[-10],[-12],[18],[7],[11],[11],[6],[3],[-14],[12],[-11],[-21],[-16],[14],[-5],[29],[19],[1],[-11],[17],[-3],[-15],[0],[17],[6],[-5],[24],[1],[-13],[-28],[0],[-5],[-27],[19],[16],[-9],[12],[3],[-13],[-6],[-20],[-15],[-12],[17],[-11],[19],[2],[2],[19],[10],[-12],[22],[8],[-16],[26],[15],[-6],[5],[0],[16],[22],[5],[-13],[16],[8],[-4],[12],[30],[5],[-7],[28],[9],[-4],[1],[19],[0],[19],[-4],[-4],[20],[13],[5],[1],[26],[19],[-5],[-4],[22],[9],[-6],[-7],[-10],[-8],[-8],[-8],[19],[8],[-9],[21],[31],[3],[8],[13],[1],[1],[25],[1],[-21],[-8],[-5],[-14],[4],[16],[6],[11],[31],[24],[5],[3],[5],[-4],[-3],[1],[2],[-12],[4],[-13],[-11],[21],[13],[-4],[8],[16],[8],[10],[31],[7],[-6],[18],[-11],[-7],[-11],[-10],[-8],[-3],[22],[6],[6],[-3],[8],[30],[-8],[-5],[32],[15],[5],[8],[-4],[-12],[17],[-8],[-16],[27],[4],[5],[9],[-12],[36],[17],[5],[10],[-14],[-6],[2],[6],[24],[32],[22],[2],[-4],[21],[-19],[-8],[2],[16],[11],[21],[26],[51],[34],[12],[0],[14],[2],[4],[10],[1],[12],[0],[3],[17],[-6],[32],[19],[3],[14],[19],[22],[25],[55],[40],[5],[22],[-7],[-45],[3],[-11],[-3],[-11],[7],[17],[12],[42],[19],[-3],[41],[13],[5],[17],[-22],[0],[-10],[17],[30],[34],[75],[45],[19],[57],[39],[25],[-13],[-50],[-23],[-53],[-12],[0],[-15],[-15],[11],[-26],[28],[24],[30],[68],[49],[33],[67],[11],[-7],[-29],[-20],[-42],[-55],[-8],[9],[-10],[18],[21],[-4],[14],[-10],[-37],[-34],[6],[1],[-8],[6],[-16],[-85],[-57],[-108],[-109],[-103],[-108],[-96],[-68],[-39],[1],[-33],[-101],[-143],[-186],[-200],[-221],[-210],[-132],[145],[330],[419],[442],[354],[289],[188],[11],[-108],[-222],[-253],[-158],[-113],[-119],[-120],[-56],[-40],[-43],[6],[144],[199],[262],[340],[374],[347],[256],[107],[-19],[-117],[-200],[-181],[-80],[43],[109],[171],[234],[234],[212],[176],[124],[73],[102],[80],[57],[85],[41],[-18],[-46],[-43],[-36],[-27],[19],[56],[101],[123],[125],[32],[-39],[-101],[-166],[-207],[-191],[-215],[-208],[-183],[-184],[-211],[-307],[-395],[-514],[-626],[-639],[-581],[-436],[308],[817],[1089],[1035],[843],[767],[490],[-39],[-308],[-610],[-696],[-471],[-360],[-346],[-341],[-290],[-180],[-252],[-145],[230],[404],[505],[704],[905],[880],[563],[243],[-83],[-502],[-816],[-830],[-703],[-561],[-381],[-125],[94],[229],[419],[498],[404],[389],[490],[496],[412],[321],[250],[-45],[-332],[-488],[-551],[-631],[-615],[-419],[-166],[67],[297],[489],[578],[568],[511],[411],[291],[193],[120],[-11],[-139],[-198],[-250],[-379],[-431],[-421],[-332],[-231],[-83],[129],[337],[430],[484],[512],[432],[276],[141],[-35],[-180],[-261],[-292],[-248],[-268],[-228],[-177],[-116],[-11],[48],[131],[216],[292],[357],[348],[276],[198],[91],[-46],[-152],[-252],[-275],[-257],[-232],[-171],[-46],[30],[82],[124],[172],[169],[189],[162],[147],[149],[86],[21],[-34],[-50],[-102],[-130],[-117],[-90],[-73],[-13],[38],[25],[57],[63],[52],[75],[38],[17],[36],[29],[37],[40],[58],[50],[9],[54],[32],[6],[25],[21],[-3],[-6],[-21],[-17],[-24],[-37],[-64],[-26],[-26],[-26],[-9],[27],[11],[-4],[0],[26],[5],[-17],[-18],[-33],[-13],[-36],[-62],[-48],[-107],[-120],[-111],[-127],[-87],[-79],[-54],[-46],[-68],[-107],[-128],[-154],[-212],[-206],[-194],[-251],[-236],[-270],[-309],[-282],[-281],[-213],[-52],[253],[483],[637],[651],[533],[390],[221],[-34],[-224],[-384],[-413],[-380],[-293],[-219],[-197],[-140],[-48],[10],[82],[214],[370],[423],[476],[536],[445],[303],[81],[-144],[-313],[-465],[-509],[-416],[-335],[-191],[-32],[92],[218],[304],[347],[364],[344],[365],[404],[368],[300],[204],[69],[-76],[-183],[-239],[-227],[-201],[-71],[120],[270],[338],[393],[370],[317],[215],[86],[2],[-19],[-75],[-85],[-48],[-53],[-99],[-108],[-117],[-179],[-219],[-180],[-155],[-144],[-147],[-160],[-237],[-296],[-413],[-536],[-706],[-788],[-819],[-443],[665],[1121],[1205],[1003],[888],[923],[366],[-132],[-450],[-964],[-769],[-429],[-453],[-409],[-386],[-291],[-256],[-371],[-5],[435],[440],[523],[860],[1103],[891],[506],[267],[-173],[-774],[-994],[-854],[-688],[-557],[-350],[-64],[128],[312],[531],[501],[379],[465],[514],[479],[407],[387],[210],[-187],[-470],[-505],[-610],[-720],[-625],[-383],[-114],[100],[406],[612],[613],[572],[552],[435],[320],[302],[217],[78],[-18],[-52],[-139],[-227],[-306],[-255],[-224],[-120],[53],[282],[355],[400],[402],[377],[262],[86],[-3],[-88],[-163],[-142],[-85],[-48],[-26],[44],[20],[20],[-24],[-81],[-112],[-175],[-227],[-212],[-226],[-243],[-274],[-305],[-347],[-408],[-474],[-524],[-664],[-738],[-733],[-473],[450],[1019],[1096],[990],[786],[751],[440],[-101],[-423],[-807],[-828],[-442],[-319],[-302],[-238],[-229],[-192],[-250],[-49],[332],[388],[421],[671],[899],[792],[506],[205],[-177],[-703],[-927],[-803],[-635],[-460],[-302],[-28],[205],[374],[490],[501],[353],[369],[381],[350],[333],[298],[156],[-144],[-379],[-461],[-499],[-494],[-354],[-112],[178],[405],[671],[798],[694],[540],[321],[107],[-39],[-126],[-168],[-150],[-102],[-37],[22],[30],[13],[-14],[13],[2],[40],[114],[129],[63],[21],[-131],[-274],[-398],[-440],[-418],[-410],[-379],[-303],[-223],[-301],[-452],[-628],[-764],[-716],[72],[837],[1081],[1072],[901],[845],[672],[-19],[-418],[-836],[-1080],[-703],[-459],[-373],[-256],[-224],[-116],[-203],[-151],[299],[476],[409],[643],[977],[1032],[737],[341],[48],[-523],[-976],[-947],[-764],[-591],[-479],[-192],[155],[299],[444],[579],[499],[440],[474],[476],[423],[310],[194],[-69],[-362],[-503],[-540],[-574],[-494],[-257],[24],[288],[457],[587],[663],[552],[434],[271],[162],[111],[26],[-47],[-67],[-85],[-154],[-183],[-143],[-69],[-39],[52],[174],[263],[262],[237],[187],[99],[-31],[-130],[-172],[-151],[-105],[-116],[-128],[-116],[-117],[-160],[-192],[-273],[-372],[-444],[-504],[-557],[-669],[-811],[-835],[-483],[530],[950],[1028],[857],[744],[809],[458],[-54],[-383],[-814],[-736],[-466],[-472],[-397],[-358],[-368],[-321],[-276],[99],[477],[429],[514],[870],[1033],[884],[511],[243],[-170],[-735],[-922],[-772],[-613],[-526],[-368],[-70],[142],[262],[446],[507],[387],[428],[536],[517],[460],[393],[203],[-104],[-349],[-462],[-513],[-496],[-379],[-154],[98],[297],[446],[516],[512],[441],[294],[225],[207],[93],[68],[37],[-26],[-116],[-202],[-182],[-191],[-183],[-145],[-27],[69],[131],[164],[182],[79],[-43],[-163],[-270],[-304],[-260],[-219],[-253],[-289],[-340],[-403],[-513],[-681],[-796],[-796],[-501],[511],[1044],[1252],[1035],[836],[821],[470],[-197],[-496],[-872],[-854],[-535],[-415],[-340],[-322],[-364],[-285],[-310],[-126],[337],[426],[516],[820],[1093],[1000],[579],[209],[-132],[-647],[-948],[-851],[-622],[-452],[-288],[-17],[217],[282],[345],[397],[381],[314],[409],[475],[478],[393],[216],[-75],[-362],[-490],[-455],[-437],[-367],[-114],[180],[389],[496],[610],[600],[469],[299],[225],[111],[-4],[0],[-43],[-83],[-135],[-147],[-117],[-130],[-85],[-4],[69],[124],[160],[179],[125],[35],[-105],[-259],[-360],[-341],[-320],[-236],[-207],[-223],[-196],[-239],[-384],[-554],[-748],[-824],[-649],[73],[850],[1146],[1090],[840],[778],[634],[-53],[-486],[-785],[-975],[-646],[-430],[-379],[-261],[-309],[-209],[-190],[-141],[270],[481],[525],[715],[952],[1056],[736],[291],[-14],[-452],[-965],[-1039],[-774],[-508],[-373],[-168],[157],[364],[418],[520],[467],[402],[422],[452],[474],[440],[311],[102],[-253],[-464],[-499],[-460],[-437],[-269],[80],[387],[567],[730],[740],[661],[408],[160],[67],[-14],[-118],[-183],[-196],[-158],[-128],[-135],[-153],[-105],[-34],[-6],[92],[182],[202],[172],[45],[-131],[-267],[-387],[-452],[-431],[-429],[-390],[-335],[-336],[-414],[-544],[-661],[-640],[-275],[617],[997],[1059],[898],[760],[750],[288],[-333],[-663],[-995],[-872],[-576],[-455],[-258],[-206],[-213],[-95],[-41],[158],[415],[403],[469],[742],[892],[770],[393],[68],[-279],[-730],[-947],[-814],[-572],[-424],[-280],[34],[394],[462],[504],[560],[483],[422],[428],[392],[356],[246],[60],[-186],[-395],[-480],[-494],[-432],[-271],[-23],[242],[420],[606],[715],[640],[484],[251],[129],[29],[-70],[-43],[-66],[-108],[-94],[-141],[-120],[-96],[-135],[-70],[-24],[61],[153],[164],[84],[-101],[-230],[-290],[-342],[-319],[-312],[-310],[-310],[-374],[-440],[-583],[-702],[-630],[-40],[764],[1064],[1051],[870],[789],[661],[81],[-356],[-667],[-982],[-760],[-496],[-417],[-245],[-232],[-150],[-106],[-58],[270],[476],[402],[524],[799],[880],[628],[275],[-60],[-480],[-893],[-915],[-652],[-429],[-309],[-98],[212],[464],[511],[525],[466],[353],[314],[355],[313],[194],[100],[-82],[-323],[-445],[-414],[-399],[-344],[-175],[138],[473],[620],[698],[658],[550],[350],[189],[5],[-139],[-166],[-135],[-102],[-7],[-18],[-26],[-64],[-45],[13],[34],[26],[88],[113],[22],[-112],[-176],[-274],[-383],[-426],[-416],[-366],[-359],[-391],[-466],[-582],[-613],[-480],[147],[840],[1053],[989],[778],[685],[580],[-23],[-438],[-739],[-968],[-670],[-456],[-437],[-305],[-308],[-170],[-78],[-6],[330],[531],[462],[572],[832],[943],[609],[162],[-127],[-533],[-928],[-890],[-650],[-446],[-339],[-68],[307],[507],[546],[569],[508],[407],[380],[410],[340],[135],[-36],[-208],[-408],[-509],[-476],[-415],[-232],[-34],[288],[584],[669],[723],[639],[506],[293],[128],[15],[-87],[-163],[-155],[-173],[-177],[-104],[-99],[-39],[-43],[-18],[88],[140],[140],[68],[-42],[-208],[-349],[-375],[-382],[-440],[-396],[-390],[-394],[-487],[-607],[-583],[-407],[320],[947],[1152],[1010],[787],[708],[444],[-232],[-592],[-889],[-935],[-683],[-507],[-399],[-285],[-278],[-115],[-65],[40],[364],[535],[538],[677],[856],[794],[411],[16],[-267],[-687],[-966],[-870],[-576],[-389],[-244],[10],[317],[510],[548],[577],[522],[450],[437],[493],[382],[168],[-51],[-262],[-488],[-565],[-524],[-413],[-251],[54],[404],[549],[644],[680],[585],[406],[190],[114],[29],[4],[-36],[-90],[-110],[-170],[-226],[-233],[-225],[-189],[-78],[-31],[40],[92],[140],[45],[-51],[-141],[-221],[-343],[-412],[-480],[-576],[-711],[-729],[-577],[-60],[803],[1105],[1086],[888],[759],[695],[164],[-353],[-620],[-867],[-718],[-513],[-474],[-371],[-396],[-347],[-252],[-129],[154],[395],[394],[528],[784],[889],[673],[296],[1],[-419],[-863],[-903],[-717],[-559],[-455],[-242],[124],[378],[485],[527],[503],[440],[434],[426],[416],[270],[116],[-11],[-235],[-407],[-447],[-390],[-332],[-103],[225],[410],[511],[572],[551],[386],[170],[47],[32],[-30],[-40],[69],[153],[146],[76],[-7],[-66],[-199],[-223],[-231],[-216],[-192],[-181],[-124],[-62],[-101],[-177],[-234],[-321],[-372],[-470],[-555],[-614],[-513],[164],[932],[1138],[976],[702],[587],[427],[-144],[-471],[-738],[-893],[-597],[-382],[-327],[-253],[-309],[-224],[-160],[-63],[310],[486],[441],[585],[848],[822],[417],[-23],[-293],[-655],[-942],[-851],[-576],[-415],[-284],[-44],[209],[354],[384],[448],[411],[329],[368],[384],[325],[127],[-28],[-165],[-390],[-471],[-350],[-224],[-109],[117],[341],[436],[464],[478],[405],[226],[72],[-41],[-41],[-37],[3],[11],[-11],[8],[41],[83],[52],[-77],[-123],[-150],[-162],[-175],[-175],[-192],[-230],[-249],[-238],[-238],[-381],[-520],[-640],[-682],[-492],[370],[998],[1201],[1024],[836],[806],[457],[-166],[-558],[-917],[-931],[-637],[-430],[-299],[-234],[-261],[-152],[-122],[60],[398],[427],[473],[686],[929],[848],[464],[21],[-323],[-695],[-890],[-799],[-589],[-436],[-276],[-5],[347],[429],[373],[308],[271],[276],[324],[361],[271],[131],[-22],[-172],[-321],[-390],[-411],[-310],[-127],[131],[431],[507],[485],[466],[337],[171],[-11],[-143],[-201],[-182],[-43],[61],[106],[112],[123],[129],[70],[-39],[-147],[-272],[-293],[-238],[-240],[-199],[-257],[-300],[-290],[-370],[-478],[-595],[-664],[-404],[505],[1097],[1302],[1085],[788],[669],[401],[-229],[-581],[-911],[-895],[-562],[-378],[-257],[-183],[-224],[-131],[-104],[76],[404],[446],[445],[653],[834],[768],[436],[28],[-322],[-714],[-913],[-768],[-538],[-330],[-166],[130],[392],[495],[471],[401],[304],[233],[212],[225],[204],[54],[-111],[-296],[-415],[-361],[-247],[-148],[5],[240],[411],[506],[470],[378],[238],[61],[-45],[-79],[-103],[-142],[-119],[-37],[-45],[-72],[-93],[-100],[-104],[-84],[-78],[-116],[-114],[-81],[-101],[-162],[-215],[-277],[-356],[-526],[-664],[-684],[-499],[221],[843],[1152],[1053],[813],[776],[609],[14],[-403],[-706],[-794],[-541],[-424],[-355],[-314],[-383],[-210],[-99],[16],[330],[485],[489],[656],[883],[866],[468],[29],[-229],[-535],[-769],[-734],[-584],[-432],[-283],[-25],[311],[461],[438],[397],[358],[377],[356],[285],[203],[36],[-69],[-161],[-291],[-346],[-347],[-264],[-84],[61],[222],[356],[337],[317],[298],[171],[31],[-61],[-38],[4],[28],[40],[26],[-56],[-108],[-196],[-275],[-337],[-327],[-312],[-252],[-178],[-94],[-68],[-129],[-189],[-274],[-428],[-564],[-545],[-227],[601],[1013],[1145],[893],[634],[596],[205],[-346],[-614],[-886],[-724],[-426],[-304],[-141],[-132],[-138],[-56],[-8],[200],[426],[408],[477],[689],[822],[620],[249],[-78],[-393],[-738],[-779],[-588],[-344],[-214],[-42],[258],[477],[482],[457],[419],[302],[225],[248],[263],[138],[-45],[-157],[-222],[-284],[-245],[-158],[-107],[-13],[192],[393],[429],[343],[270],[161],[13],[-84],[-102],[-107],[-161],[-80],[12],[2],[-77],[-126],[-163],[-236],[-300],[-301],[-268],[-196],[-186],[-199],[-176],[-311],[-406],[-546],[-645],[-549],[16],[821],[1232],[1228],[968],[835],[659],[71],[-464],[-835],[-990],[-704],[-474],[-376],[-221],[-245],[-143],[-66],[32],[270],[429],[424],[635],[917],[977],[610],[160],[-156],[-508],[-823],[-798],[-593],[-423],[-264],[17],[380],[464],[453],[368],[332],[307],[345],[414],[381],[219],[112],[5],[-139],[-264],[-343],[-368],[-280],[-93],[169],[298],[370],[351],[286],[180],[48],[-34],[-55],[-33],[12],[64],[102],[36],[-78],[-218],[-386],[-476],[-496],[-504],[-426],[-310],[-172],[-170],[-234],[-314],[-451],[-609],[-571],[-199],[660],[1077],[1217],[1010],[785],[725],[258],[-381],[-688],[-935],[-790],[-508],[-392],[-261],[-223],[-180],[-103],[-74],[150],[360],[323],[511],[846],[931],[699],[321],[22],[-302],[-652],[-722],[-580],[-432],[-270],[-6],[293],[436],[413],[401],[332],[283],[294],[251],[200],[128],[79],[5],[-95],[-136],[-203],[-216],[-131],[-10],[200],[283],[303],[317],[257],[177],[50],[-78],[-110],[-127],[-56],[1],[27],[24],[-58],[-104],[-190],[-286],[-336],[-317],[-312],[-304],[-284],[-243],[-275],[-413],[-593],[-740],[-690],[-387],[501],[1000],[1157],[1017],[788],[791],[425],[-200],[-531],[-812],[-702],[-387],[-287],[-242],[-284],[-296],[-170],[-112],[52],[259],[255],[433],[707],[870],[761],[355],[-22],[-306],[-570],[-670],[-549],[-368],[-184],[27],[340],[523],[469],[350],[268],[217],[218],[289],[311],[240],[169],[82],[-58],[-224],[-316],[-322],[-195],[-42],[169],[330],[404],[373],[276],[157],[26],[-90],[-134],[-99],[-54],[-5],[19],[3],[-69],[-155],[-266],[-380],[-421],[-358],[-332],[-291],[-253],[-248],[-338],[-480],[-658],[-744],[-583],[209],[853],[1162],[1022],[881],[818],[531],[-44],[-478],[-840],[-818],[-504],[-362],[-261],[-207],[-203],[-157],[-133],[40],[265],[234],[324],[626],[924],[857],[479],[141],[-187],[-574],[-723],[-666],[-557],[-427],[-190],[218],[499],[562],[521],[390],[312],[316],[354],[358],[308],[250],[208],[34],[-138],[-299],[-420],[-419],[-275],[-4],[214],[333],[412],[409],[321],[162],[42],[-7],[-66],[-54],[-4],[28],[-16],[-76],[-164],[-279],[-460],[-513],[-459],[-372],[-273],[-203],[-166],[-235],[-324],[-513],[-712],[-679],[-36],[671],[1005],[972],[800],[721],[504],[-61],[-460],[-784],[-852],[-567],[-352],[-188],[-90],[-127],[-74],[-110],[-49],[197],[212],[243],[449],[678],[740],[432],[82],[-173],[-518],[-717],[-612],[-444],[-277],[-110],[234],[456],[488],[483],[354],[249],[225],[251],[319],[312],[232],[136],[25],[-134],[-250],[-285],[-261],[-115],[142],[307],[376],[435],[353],[272],[86],[-64],[-99],[-117],[-77],[32],[83],[53],[-60],[-195],[-327],[-403],[-459],[-445],[-359],[-202],[-110],[-117],[-216],[-383],[-568],[-724],[-685],[-95],[674],[1048],[1022],[807],[800],[603],[-35],[-512],[-835],[-900],[-614],[-404],[-203],[-84],[-143],[-28],[-15],[24],[220],[242],[246],[481],[747],[759],[408],[26],[-229],[-595],[-801],[-738],[-556],[-338],[-131],[202],[509],[579],[515],[405],[276],[232],[238],[312],[293],[231],[184],[84],[-87],[-206],[-275],[-270],[-160],[80],[257],[328],[356],[344],[313],[161],[3],[-65],[-112],[-64],[64],[74],[37],[-38],[-132],[-200],[-316],[-428],[-488],[-424],[-325],[-215],[-184],[-257],[-378],[-499],[-595],[-514],[17],[705],[1024],[1017],[820],[765],[582],[4],[-504],[-845],[-911],[-667],[-492],[-380],[-213],[-136],[-10],[90],[171],[350],[392],[366],[546],[762],[683],[302],[-69],[-344],[-645],[-830],[-769],[-592],[-408],[-197],[165],[489],[525],[487],[447],[345],[303],[320],[305],[273],[158],[88],[0],[-204],[-350],[-399],[-296],[-125],[111],[321],[380],[372],[357],[331],[185],[20],[-59],[-35],[5],[84],[109],[-3],[-141],[-227],[-270],[-314],[-406],[-461],[-432],[-319],[-184],[-132],[-195],[-332],[-445],[-527],[-476],[-68],[649],[996],[1032],[858],[723],[608],[92],[-460],[-758],[-875],[-683],[-469],[-345],[-194],[-206],[-74],[42],[120],[331],[379],[351],[518],[735],[761],[448],[45],[-214],[-507],[-707],[-707],[-590],[-461],[-289],[-7],[297],[440],[403],[322],[279],[247],[257],[289],[270],[201],[156],[128],[28],[-106],[-227],[-255],[-181],[-16],[200],[247],[257],[242],[213],[94],[-20],[-84],[-101],[-45],[92],[176],[179],[98],[-18],[-138],[-241],[-366],[-481],[-476],[-399],[-271],[-241],[-293],[-335],[-401],[-470],[-513],[-398],[220],[852],[1116],[1124],[866],[705],[462],[-115],[-530],[-812],[-845],[-590],[-474],[-323],[-168],[-144],[-16],[42],[131],[333],[369],[438],[623],[758],[714],[307],[-39],[-269],[-609],[-795],[-752],[-605],[-416],[-178],[186],[460],[488],[454],[448],[339],[241],[204],[159],[66],[26],[37],[19],[-82],[-165],[-218],[-191],[-86],[105],[222],[265],[292],[298],[304],[189],[20],[-98],[-138],[-112],[-36],[-4],[14],[-42],[-77],[-122],[-228],[-364],[-388],[-353],[-274],[-172],[-144],[-195],[-219],[-290],[-442],[-611],[-627],[-248],[543],[995],[1160],[945],[766],[662],[220],[-296],[-603],[-794],[-629],[-468],[-371],[-214],[-182],[-143],[-100],[-44],[169],[290],[322],[511],[765],[888],[636],[245],[-44],[-384],[-678],[-739],[-654],[-502],[-318],[24],[358],[403],[375],[322],[266],[237],[184],[232],[204],[181],[219],[138],[-19],[-198],[-282],[-241],[-164],[-71],[41],[156],[299],[327],[278],[132],[-16],[-81],[-64],[-40],[-36],[-3],[4],[18],[53],[-22],[-224],[-398],[-454],[-372],[-287],[-238],[-211],[-157],[-159],[-190],[-283],[-496],[-676],[-596],[-104],[717],[1120],[1084],[837],[725],[580],[58],[-438],[-730],[-811],[-527],[-308],[-163],[-28],[-110],[-119],[-90],[-21],[122],[139],[208],[502],[792],[849],[568],[168],[-108],[-460],[-707],[-715],[-597],[-424],[-164],[208],[507],[540],[473],[322],[190],[152],[152],[204],[228],[178],[170],[83],[-35],[-210],[-277],[-274],[-228],[-31],[208],[366],[444],[359],[250],[95],[-28],[-143],[-208],[-189],[-107],[7],[128],[108],[10],[-125],[-279],[-357],[-349],[-308],[-228],[-198],[-116],[-62],[-86],[-267],[-467],[-597],[-692],[-648],[-310],[574],[1049],[1171],[998],[825],[649],[227],[-292],[-541],[-739],[-555],[-268],[-195],[-164],[-209],[-171],[-175],[-193],[3],[244],[296],[549],[834],[938],[708],[237],[-96],[-424],[-686],[-730],[-611],[-429],[-246],[125],[442],[509],[387],[253],[197],[222],[252],[305],[262],[253],[217],[158],[-35],[-253],[-340],[-344],[-272],[-36],[209],[350],[346],[319],[267],[128],[-39],[-151],[-126],[-100],[11],[147],[186],[87],[-21],[-109],[-251],[-365],[-377],[-311],[-254],[-160],[-11],[-53],[-195],[-316],[-408],[-536],[-644],[-660],[-496],[-21],[784],[1203],[1159],[831],[624],[482],[6],[-426],[-589],[-626],[-417],[-256],[-230],[-189],[-302],[-271],[-208],[-115],[131],[325],[437],[690],[869],[847],[459],[30],[-229],[-500],[-675],[-646],[-512],[-305],[-93],[229],[452],[385],[300],[316],[287],[255],[264],[284],[284],[260],[143],[-8],[-168],[-330],[-383],[-289],[-124],[49],[226],[301],[324],[308],[243],[57],[-79],[-86],[-51],[21],[104],[108],[49],[-7],[-47],[-154],[-266],[-343],[-354],[-268],[-192],[-100],[-83],[-175],[-260],[-331],[-372],[-447],[-513],[-532],[-482],[-212],[535],[1077],[1120],[837],[628],[534],[229],[-282],[-504],[-679],[-627],[-404],[-290],[-211],[-286],[-289],[-165],[-85],[128],[367],[397],[536],[761],[838],[570],[149],[-141],[-376],[-608],[-658],[-543],[-352],[-228],[78],[403],[477],[400],[376],[338],[302],[310],[387],[372],[259],[185],[73],[-123],[-313],[-410],[-402],[-284],[-70],[142],[278],[375],[433],[349],[224],[115],[-3],[-47],[-16],[42],[66],[53],[17],[-88],[-196],[-292],[-374],[-417],[-364],[-243],[-152],[-74],[-112],[-128],[-164],[-228],[-298],[-398],[-509],[-576],[-454],[-75],[690],[982],[975],[768],[590],[454],[52],[-381],[-581],[-647],[-456],[-296],[-278],[-243],[-291],[-238],[-179],[-66],[123],[274],[407],[577],[789],[756],[436],[81],[-143],[-406],[-588],[-580],[-485],[-299],[-108],[209],[405],[373],[344],[322],[292],[290],[364],[393],[367],[265],[140],[-41],[-248],[-413],[-434],[-335],[-122],[98],[309],[422],[432],[374],[276],[99],[-36],[-60],[-27],[19],[72],[109],[47],[-27],[-85],[-211],[-340],[-380],[-338],[-246],[-135],[-100],[-76],[-124],[-198],[-274],[-319],[-379],[-451],[-479],[-510],[-405],[-78],[634],[965],[937],[712],[564],[452],[98],[-300],[-507],[-590],[-477],[-402],[-404],[-355],[-349],[-275],[-173],[-40],[201],[354],[424],[559],[747],[697],[362],[10],[-142],[-368],[-565],[-563],[-428],[-250],[-95],[147],[349],[385],[348],[308],[301],[308],[365],[369],[300],[137],[-33],[-138],[-220],[-351],[-389],[-240],[-41],[198],[380],[481],[416],[340],[243],[113],[-34],[-94],[-90],[-22],[54],[104],[61],[-44],[-149],[-203],[-276],[-327],[-287],[-134],[-38],[19],[-4],[-67],[-191],[-288],[-366],[-356],[-412],[-468],[-425],[-446],[-475],[-203],[569],[918],[928],[701],[592],[520],[147],[-242],[-517],[-686],[-549],[-454],[-404],[-318],[-323],[-218],[-149],[-40],[259],[341],[301],[468],[687],[759],[453],[172],[-21],[-288],[-491],[-510],[-434],[-372],[-243],[145],[393],[382],[320],[318],[301],[300],[379],[419],[308],[138],[36],[-68],[-211],[-344],[-373],[-224],[22],[229],[380],[451],[355],[270],[189],[72],[-34],[-70],[-31],[51],[79],[65],[60],[-32],[-153],[-229],[-244],[-271],[-232],[-144],[-49],[-8],[-70],[-138],[-192],[-228],[-276],[-332],[-368],[-356],[-367],[-336],[-408],[-443],[-103],[546],[868],[844],[610],[524],[460],[43],[-281],[-512],[-594],[-516],[-415],[-295],[-262],[-304],[-250],[-217],[-44],[205],[271],[379],[530],[780],[753],[482],[189],[-94],[-370],[-507],[-480],[-360],[-302],[-197],[141],[317],[318],[284],[323],[345],[356],[422],[361],[156],[-14],[-123],[-123],[-201],[-247],[-191],[-53],[91],[236],[340],[315],[246],[230],[151],[72],[40],[5],[-31],[25],[47],[20],[-44],[-120],[-153],[-168],[-194],[-192],[-174],[-127],[-100],[-99],[-147],[-158],[-230],[-267],[-250],[-208],[-175],[-221],[-229],[-262],[-364],[-467],[-488],[-32],[519],[784],[757],[598],[511],[389],[45],[-259],[-562],[-624],[-512],[-461],[-339],[-262],[-238],[-201],[-118],[113],[295],[255],[338],[555],[724],[636],[379],[196],[-86],[-351],[-443],[-432],[-414],[-372],[-158],[200],[365],[345],[292],[297],[284],[296],[332],[242],[113],[65],[17],[-62],[-174],[-237],[-191],[-75],[89],[225],[303],[272],[276],[309],[217],[76],[12],[-35],[-35],[9],[45],[23],[-55],[-51],[-55],[-135],[-242],[-279],[-241],[-158],[-130],[-91],[-60],[-30],[-28],[-4],[-5],[-130],[-206],[-204],[-267],[-345],[-410],[-451],[-494],[-492],[-168],[436],[770],[741],[529],[505],[451],[93],[-214],[-455],[-519],[-418],[-335],[-270],[-227],[-282],[-220],[-171],[11],[192],[238],[342],[520],[800],[729],[392],[160],[-56],[-287],[-416],[-422],[-366],[-325],[-103],[181],[321],[316],[228],[197],[225],[258],[213],[162],[145],[133],[95],[36],[-46],[-139],[-124],[-47],[74],[162],[211],[256],[308],[240],[139],[25],[-53],[-67],[-65],[-58],[-11],[19],[19],[-16],[-15],[-78],[-149],[-181],[-146],[-46],[-11],[17],[51],[-7],[-55],[-115],[-127],[-207],[-312],[-284],[-225],[-190],[-231],[-295],[-324],[-394],[-468],[-481],[-394],[79],[528],[741],[703],[577],[535],[334],[31],[-200],[-394],[-397],[-338],[-310],[-246],[-208],[-238],[-265],[-214],[-47],[111],[204],[401],[632],[767],[641],[445],[260],[-87],[-349],[-471],[-473],[-426],[-302],[-58],[181],[246],[235],[235],[213],[167],[184],[253],[250],[259],[265],[196],[66],[-63],[-107],[-143],[-118],[-8],[61],[114],[176],[221],[142],[28],[-24],[-21],[48],[89],[160],[188],[195],[169],[63],[12],[-74],[-216],[-269],[-234],[-165],[-150],[-109],[-117],[-181],[-224],[-237],[-197],[-191],[-156],[-139],[-138],[-143],[-205],[-362],[-535],[-629],[-648],[-495],[120],[680],[963],[833],[681],[660],[405],[-6],[-327],[-535],[-475],[-336],[-269],[-238],[-284],[-305],[-356],[-237],[-3],[164],[265],[492],[763],[876],[657],[355],[41],[-277],[-530],[-615],[-524],[-460],[-344],[-34],[260],[385],[333],[278],[330],[344],[346],[358],[323],[272],[203],[82],[-62],[-297],[-398],[-383],[-285],[-81],[117],[330],[445],[530],[539],[423],[273],[193],[137],[68],[31],[48],[12],[-16],[-22],[-93],[-188],[-269],[-244],[-143],[-77],[-29],[65],[43],[-12],[-20],[-38],[-68],[-95],[-133],[-109],[-101],[-79],[-82],[-163],[-228],[-308],[-396],[-470],[-532],[-507],[-450],[-399],[-293],[-9],[505],[814],[837],[596],[506],[364],[82],[-179],[-416],[-466],[-435],[-399],[-374],[-371],[-355],[-328],[-236],[-12],[243],[348],[408],[549],[728],[684],[376],[136],[-79],[-298],[-402],[-430],[-403],[-401],[-240],[6],[145],[152],[148],[193],[237],[309],[379],[354],[271],[219],[188],[159],[-6],[-110],[-120],[-81],[2],[112],[198],[240],[263],[285],[246],[150],[41],[22],[25],[27],[76],[88],[80],[94],[145],[112],[73],[-24],[-57],[-34],[-33],[-64],[-70],[-50],[-64],[-60],[-91],[-126],[-131],[-86],[50],[33],[-4],[-72],[-80],[-115],[-197],[-245],[-366],[-437],[-410],[-436],[-465],[-496],[-513],[-481],[-422],[-366],[-43],[445],[708],[740],[637],[573],[389],[86],[-179],[-418],[-522],[-482],[-396],[-292],[-255],[-222],[-190],[-158],[-19],[172],[244],[281],[481],[701],[728],[531],[305],[48],[-220],[-432],[-458],[-443],[-400],[-272],[-15],[138],[155],[156],[156],[216],[288],[350],[378],[385],[390],[343],[202],[20],[-145],[-216],[-196],[-103],[22],[120],[186],[275],[339],[294],[234],[147],[101],[110],[175],[202],[192],[112],[80],[67],[31],[-62],[-95],[-38],[35],[86],[142],[78],[4],[-29],[-29],[-108],[-118],[-127],[-155],[-143],[-112],[-104],[-112],[-110],[-111],[-169],[-207],[-185],[-203],[-220],[-208],[-185],[-210],[-272],[-276],[-351],[-454],[-468],[-471],[-466],[-432],[-359],[-199],[111],[453],[721],[662],[511],[403],[330],[122],[-132],[-261],[-305],[-297],[-309],[-278],[-236],[-271],[-296],[-139],[72],[233],[364],[460],[624],[643],[526],[364],[137],[-109],[-260],[-302],[-257],[-275],[-246],[-119],[20],[108],[115],[113],[146],[250],[323],[361],[366],[307],[194],[95],[13],[-106],[-183],[-200],[-133],[-30],[88],[151],[189],[248],[257],[227],[191],[137],[114],[100],[148],[138],[81],[32],[-3],[10],[-3],[-38],[-11],[20],[44],[97],[70],[13],[-26],[-67],[-66],[-54],[-21],[-15],[3],[22],[58],[42],[14],[-60],[-80],[-103],[-141],[-174],[-170],[-180],[-195],[-182],[-156],[-102],[-103],[-125],[-115],[-87],[-155],[-181],[-165],[-178],[-175],[-244],[-247],[-275],[-346],[-380],[-366],[-325],[-304],[-262],[-38],[226],[456],[576],[539],[444],[313],[208],[76],[-102],[-167],[-221],[-210],[-172],[-147],[-143],[-171],[-156],[-33],[144],[207],[292],[387],[442],[459],[372],[262],[61],[-117],[-222],[-211],[-210],[-207],[-165],[-111],[-8],[74],[104],[98],[99],[155],[211],[224],[196],[115],[75],[64],[45],[-22],[-82],[-115],[-117],[-40],[30],[3],[6],[65],[128],[152],[184],[147],[90],[83],[77],[81],[63],[-5],[-8],[44],[59],[21],[8],[-18],[-11],[28],[13],[-11],[-23],[-45],[-11],[33],[35],[68],[44],[65],[41],[40],[48],[10],[-35],[-39],[-21],[-6],[-24],[-43],[-43],[-55],[-32],[-8],[-45],[-23],[-27],[-21],[-7],[17],[-22],[-54],[-29],[-23],[-65],[-149],[-164],[-140],[-142],[-140],[-149],[-189],[-183],[-237],[-242],[-257],[-323],[-387],[-393],[-261],[12],[203],[315],[420],[497],[423],[345],[216],[54],[-74],[-147],[-187],[-168],[-219],[-245],[-269],[-308],[-240],[-108],[-51],[29],[194],[357],[365],[394],[372],[266],[129],[-3],[-77],[-137],[-183],[-138],[-116],[-91],[-102],[-79],[0],[12],[24],[84],[170],[189],[226],[253],[153],[59],[54],[12],[-37],[-21],[-30],[-29],[31],[51],[64],[40],[33],[94],[108],[122],[162],[168],[144],[121],[120],[54],[-11],[-6],[-9],[-5],[32],[26],[65],[62],[73],[76],[99],[71],[72],[104],[88],[84],[91],[90],[79],[81],[114],[84],[101],[83],[90],[85],[47],[-5],[-26],[-38],[-57],[-67],[-64],[-74],[-52],[-61],[-82],[-73],[-43],[-61],[-58],[-61],[-24],[-37],[-61],[-75],[-106],[-96],[-111],[-122],[-127],[-143],[-128],[-173],[-224],[-237],[-261],[-278],[-314],[-330],[-322],[-336],[-402],[-308],[-205],[-77],[76],[178],[277],[345],[369],[361],[264],[130],[25],[-18],[-83],[-131],[-140],[-198],[-241],[-232],[-143],[-110],[-58],[6],[125],[289],[367],[374],[378],[304],[234],[142],[58],[-6],[-67],[-95],[-42],[-26],[-43],[-15],[-5],[25],[77],[129],[167],[192],[271],[285],[261],[212],[104],[32],[-28],[-38],[-64],[-77],[-77],[-29],[22],[72],[72],[62],[120],[147],[191],[250],[217],[187],[109],[66],[45],[-46],[-86],[-125],[-115],[-94],[-52],[-51],[-67],[-40],[-17],[3],[36],[28],[57],[139],[118],[101],[54],[34],[-25],[-59],[-68],[-32],[-45],[14],[36],[43],[48],[28],[-20],[-19],[-5],[-13],[20],[11],[42],[30],[8],[-18],[-75],[-101],[-70],[-78],[-54],[10],[46],[66],[94],[101],[42],[28],[11],[-11],[-47],[-52],[-59],[-65],[-86],[-97],[-132],[-131],[-154],[-163],[-175],[-167],[-165],[-162],[-118],[-110],[-115],[-87],[-46],[1],[65],[99],[84],[109],[154],[108],[64],[65],[20],[-24],[-61],[-88],[-104],[-135],[-136],[-114],[-86],[-50],[12],[36],[82],[128],[143],[104],[62],[48],[5],[-8],[2],[-23],[-78],[-92],[-63],[-53],[-31],[-10],[15],[64],[97],[130],[179],[147],[102],[81],[43],[46],[26],[-3],[-12],[-3],[-11],[13],[32],[28],[57],[104],[128],[171],[191],[193],[160],[143],[134],[109],[98],[52],[59],[56],[21],[42],[49],[18],[12],[52],[73],[96],[96],[76],[72],[77],[82],[65],[25],[21],[58],[40],[36],[39],[12],[12],[-5],[-11],[6],[46],[26],[28],[33],[27],[0],[-28],[-70],[-109],[-104],[-61],[-59],[-42],[-15],[-12],[-28],[-37],[-52],[-47],[-91],[-106],[-80],[-85],[-113],[-127],[-99],[-128],[-148],[-111],[-114],[-106],[-91],[-73],[-63],[-62],[-72],[-72],[-122],[-123],[-138],[-139],[-127],[-131],[-104],[-129],[-147],[-120],[-72],[-70],[-61],[-21],[10],[49],[27],[29],[50],[12],[38],[75],[77],[76],[90],[101],[130],[112],[67],[61],[50],[33],[42],[95],[86],[114],[142],[118],[95],[133],[126],[103],[116],[109],[102],[91],[91],[92],[73],[37],[12],[2],[16],[18],[44],[95],[73],[65],[97],[84],[57],[30],[10],[36],[1],[18],[0],[29],[10],[-4],[18],[35],[20],[21],[54],[85],[35],[16],[14],[0],[16],[16],[-11],[-18],[-4],[-26],[-35],[-46],[-30],[-15],[-4],[40],[67],[48],[11],[16],[22],[9],[5],[-4],[-15],[16],[-7],[-27],[-42],[-63],[-17],[6],[31],[57],[90],[79],[68],[67],[84],[42],[26],[4],[-23],[-7],[-33],[-77],[-80],[-102],[-95],[-56],[-30],[-20],[9],[16],[45],[52],[72],[63],[36],[14],[9],[-33],[-46],[-60],[-55],[-82],[-103],[-84],[-63],[-60],[-58],[-12],[-21],[3],[18],[3],[-12],[24],[21],[1],[13],[-10],[-39],[-85],[-148],[-156],[-157],[-133],[-81],[8],[11],[5],[-9],[-32],[-36],[-32],[12],[0],[20],[62],[83],[102],[42],[-31],[-78],[-88],[-88],[-71],[-36],[-6],[-10],[1],[32],[38],[74],[69],[78],[133],[128],[124],[140],[88],[60],[9],[-33],[-42],[-61],[-59],[0],[30],[47],[53],[75],[61],[38],[58],[57],[66],[106],[87],[85],[103],[73],[59],[83],[65],[56],[81],[80],[71],[72],[27],[40],[14],[4],[-12],[29],[17],[21],[75],[75],[84],[111],[134],[111],[72],[61],[25],[9],[24],[3],[-46],[-80],[-104],[-95],[-63],[-83],[-94],[-60],[-65],[-21],[5],[-15],[-31],[-16],[-27],[-34],[-8],[-30],[-63],[-44],[-15],[-34],[-79],[-100],[-109],[-108],[-68],[-34],[-10],[-17],[8],[74],[60],[46],[6],[13],[-28],[-45],[-47],[-60],[-72],[-68],[-76],[-63],[-88],[-119],[-109],[-55],[-23],[11],[37],[10],[-20],[-39],[-45],[-60],[-78],[-59],[-70],[-60],[-60],[-83],[-95],[-104],[-108],[-67],[-62],[-39],[13],[51],[59],[57],[37],[-3],[-33],[22],[21],[17],[44],[24],[57],[40],[33],[7],[3],[41],[23],[35],[88],[115],[83],[64],[35],[34],[-6],[6],[43],[35],[30],[54],[71],[46],[44],[43],[28],[19],[25],[59],[65],[122],[125],[100],[93],[107],[67],[41],[32],[53],[35],[35],[67],[88],[118],[108],[90],[106],[77],[53],[66],[48],[36],[59],[91],[43],[40],[40],[84],[50],[38],[42],[12],[25],[12],[-11],[12],[-8],[-19],[-5],[38],[26],[9],[0],[-9],[-15],[6],[-19],[-31],[-13],[9],[22],[30],[52],[13],[-41],[-53],[-64],[-91],[-88],[-44],[-31],[-31],[-18],[-22],[-74],[-128],[-109],[-61],[-32],[-46],[-24],[-39],[-74],[-120],[-111],[-120],[-149],[-164],[-141],[-105],[-43],[-31],[-36],[-34],[-84],[-101],[-82],[-56],[0],[12],[19],[-26],[-50],[-59],[-72],[-73],[-75],[-47],[-68],[-94],[-59],[-25],[-5],[-5],[1],[6],[26],[19],[40],[85],[100],[122],[81],[60],[29],[28],[66],[63],[46],[36],[60],[43],[40],[91],[74],[44],[25],[44],[43],[57],[128],[128],[136],[164],[132],[120],[99],[84],[98],[60],[22],[28],[19],[31],[42],[53],[50],[61],[37],[58],[75],[72],[80],[92],[65],[80],[62],[52],[38],[32],[24],[22],[-6],[-6],[28],[22],[16],[45],[51],[30],[28],[25],[19],[32],[20],[-10],[0],[44],[26],[13],[20],[-17],[-53],[-46],[-73],[-67],[-38],[-59],[-69],[-20],[-18],[-20],[-20],[-18],[-21],[-19],[-50],[-56],[-67],[-47],[-61],[-61],[-50],[-27],[-51],[-70],[-30],[-46],[-57],[-22],[-10],[-16],[-38],[-50],[-54],[-28],[-21],[10],[-16],[2],[-33],[-61],[-32],[-32],[-29],[4],[1],[-29],[-43],[8],[43],[40],[13],[-11],[-15],[-24],[20],[70],[59],[28],[13],[-53],[-77],[-82],[-56],[-12],[31],[7],[-5],[9],[34],[19],[20],[2],[28],[33],[29],[32],[58],[30],[18],[-14],[-30],[-33],[-60],[-67],[-18],[48],[81],[83],[39],[-14],[-37],[-54],[-19],[28],[46],[42],[25],[29],[10],[32],[43],[30],[26],[60],[65],[74],[124],[94],[126],[62],[35],[20],[17],[35],[38],[79],[66],[37],[44],[62],[58],[51],[77],[54],[49],[54],[88],[58],[16],[36],[5],[24],[11],[37],[33],[20],[65],[61],[46],[72],[48],[22],[22],[-22],[-15],[-21],[-54],[-22],[-25],[-38],[-29],[-13],[0],[6],[-11],[-3],[24],[-11],[-4],[4],[16],[-20],[-42],[-47],[-58],[-81],[-75],[-79],[-42],[-29],[-14],[-3],[-47],[-48],[-45],[-36],[-17],[-37],[-80],[-70],[-75],[-34],[0],[2],[-52],[-81],[-114],[-77],[-8],[20],[25],[38],[16],[21],[3],[11],[53],[54],[16],[-10],[9],[32],[32],[11],[-4],[-63],[-83],[-32],[42],[77],[136],[96],[60],[40],[15],[40],[54],[51],[60],[39],[45],[34],[38],[51],[23],[-22],[-23],[-16],[35],[90],[112],[83],[54],[57],[21],[19],[56],[65],[24],[29],[13],[14],[22],[-3],[-12],[-42],[-72],[-59],[1],[24],[52],[104],[87],[60],[51],[54],[75],[60],[45],[49],[-7],[-43],[-44],[-35],[-63],[-65],[-48],[-7],[12],[47],[94],[87],[69],[52],[29],[11],[27],[-8],[-47],[-32],[-39],[-10],[-26],[8],[-18],[-47],[-55],[0],[19],[24],[48],[46],[12],[-31],[-62],[-60],[-49],[-21],[50],[66],[43],[16],[46],[47],[46],[35],[38],[-6],[41],[54],[61],[54],[53],[-25],[-85],[-72],[-20],[9],[26],[60],[26],[13],[14],[-7],[-7],[0],[-14],[0],[43],[26],[2],[-16],[-14],[-74],[-67],[-50],[-38],[-32],[8],[3],[-6],[11],[27],[3],[14],[18],[-15],[-34],[-48],[-63],[-44],[20],[19],[2],[-29],[-31],[-49],[-15],[17],[42],[16],[14],[-20],[-50],[-23],[-16],[-16],[-5],[-34],[-61],[-64],[-20],[-10],[5],[5],[4],[-4],[-21],[-6],[64],[68],[76],[43],[43],[-5],[-35],[-11],[15],[-14],[-12],[-22],[-4],[56],[81],[104],[123],[72],[74],[76],[108],[128],[98],[60],[22],[-19],[-12],[-12],[-27],[-6],[76],[78],[64],[54],[43],[56],[29],[46],[55],[65],[44],[24],[30],[16],[14],[48],[47],[14],[-19],[-6],[-32],[-31],[4],[4],[14],[-15],[-24],[-33],[-15],[8],[5],[1],[9],[37],[20],[10],[-6],[-6],[-32],[-52],[-32],[-47],[-55],[-31],[-40],[-16],[-59],[-64],[-64],[-67],[-51],[-12],[3],[-19],[-36],[-14],[-17],[-26],[6],[-8],[-27],[-32],[-40],[-18],[-9],[29],[23],[15],[-37],[-32],[-33],[-21],[11],[58],[67],[56],[46],[-20],[-56],[-44],[-23],[-13],[1],[36],[21],[12],[12],[6],[22],[11],[8],[17],[31],[-3],[1],[13],[8],[19],[57],[44],[28],[52],[33],[12],[26],[55],[51],[45],[40],[-22],[-34],[17],[28],[35],[39],[54],[24],[10],[38],[29],[27],[66],[57],[35],[13],[6],[-47],[-62],[-32],[16],[19],[32],[58],[48],[26],[32],[-8],[-31],[-21],[30],[16],[6],[6],[-33],[-48],[-8],[-3],[-5],[16],[56],[47],[38],[44],[70],[34],[34],[64],[40],[11],[12],[-7],[-16],[-19],[-27],[-38],[-50],[-31],[-37],[-7],[27],[80],[75],[45],[32],[-9],[-31],[-10],[-14],[-14],[4],[5],[2],[11],[8],[-38],[-60],[-47],[-79],[-35],[-12],[12],[38],[17],[5],[-12],[-22],[8],[-14],[-11],[26],[58],[50],[17],[8],[-46],[-87],[-88],[-16],[11],[16],[25],[20],[-23],[-15],[-28],[-8],[6],[-10],[-5],[-11],[-16],[-29],[-63],[-61],[-23],[-21],[-26],[17],[14],[35],[88],[92],[52],[0],[-16],[-45],[-48],[3],[59],[115],[82],[45],[35],[4],[1],[29],[80],[62],[40],[72],[43],[38],[20],[-29],[-4],[-12],[8],[41],[52],[63],[71],[85],[55],[51],[21],[32],[9],[7],[40],[18],[6],[4],[-13],[-37],[-22],[-22],[45],[58],[58],[61],[60],[47],[11],[34],[45],[27],[19],[-5],[17],[1],[-21],[-8],[-7],[-28],[-46],[-35],[0],[32],[52],[45],[17],[18],[-12],[-49],[-64],[-28],[-23],[-18],[12],[-28],[-45],[-59],[-29],[-15],[6],[37],[19],[48],[6],[-14],[4],[-34],[-36],[-58],[-55],[-20],[-21],[-23],[-16],[4],[-22],[-29],[-20],[30],[37],[56],[42],[-12],[8],[2],[4],[42],[25],[13],[24],[7],[-9],[1],[1],[-15],[-19],[13],[42],[38],[18],[-12],[-26],[-28],[-22],[-12],[0],[5],[8],[26],[5],[16],[16],[12],[25],[25],[17],[9],[32],[9],[22],[6],[17],[13],[-23],[8],[-6],[-13],[5],[25],[28],[11],[-14],[-18],[-15],[21],[34],[55],[34],[40],[8],[-22],[-23],[-19],[-7],[23],[11],[19],[24],[17],[-11],[5],[-14],[-23],[18],[47],[40],[20],[25],[-4],[-29],[-28],[-35],[-27],[18],[17],[12],[48],[9],[2],[27],[13],[13],[44],[35],[28],[14],[11],[27],[-11],[-16],[1],[-23],[-36],[-17],[4],[-3],[8],[38],[19],[-8],[-15],[-12],[2],[25],[25],[17],[44],[9],[-7],[-21],[5],[-10],[-14],[32],[16],[21],[29],[-10],[18],[-6],[-34],[-22],[-12],[-17],[-14],[32],[10],[-7],[-11],[0],[64],[72],[54],[24],[-8],[-24],[-16],[12],[6],[21],[21],[-14],[-45],[-32],[-11],[-12],[1],[33],[12],[-12],[-12],[2],[1],[11],[-16],[-15],[28],[30],[21],[32],[3],[0],[6],[-13],[1],[5],[27],[16],[34],[19],[4],[8],[-15],[-8],[0],[-19],[-13],[18],[9],[5],[8],[26],[9],[-5],[8],[22],[3],[5],[-6],[19],[10],[21],[33],[9],[-16],[-5],[-14],[4],[48],[28],[35],[19],[32],[41],[32],[20],[0],[-13],[-19],[-18],[9],[6],[17],[34],[20],[52],[49],[23],[5],[19],[4],[3],[33],[46],[19],[-21],[-16],[-43],[-52],[-26],[-10],[-11],[-12],[27],[9],[19],[2],[-18],[13],[10],[8],[14],[9],[5],[26],[1],[-22],[-13],[-36],[-37],[-5],[5],[27],[65],[58],[34],[13],[15],[-13],[-31],[-27],[-11],[32],[22],[6],[9],[5],[-20],[-30],[-16],[22],[12],[31],[32],[26],[44],[17],[-23],[-15],[-6],[-14],[0],[42],[39],[24],[2],[25],[3],[4],[9],[-9],[2],[37],[18],[22],[33],[-12],[-24],[-22],[-7],[44],[52],[46],[62],[24],[15],[32],[3],[-18],[0],[-8],[-25],[-34],[-29],[-12],[-18],[-8],[24],[28],[6],[-8],[-3],[16],[30],[7],[-35],[-24],[-55],[-44],[-36],[-59],[-59],[-16],[-13],[-7],[6],[28],[12],[13],[54],[54],[32],[14],[21],[-21],[-19],[-15],[-28],[-37],[-5],[-7],[4],[40],[48],[20],[0],[1],[0],[48],[59],[51],[48],[57],[25],[-6],[3],[8],[1],[5],[48],[64],[51],[25],[32],[25],[6],[8],[37],[30],[22],[20],[9],[22],[5],[26],[25],[36],[69],[50],[33],[52],[57],[20],[-12],[-10],[4],[1],[2],[27],[16],[38],[21],[2],[3],[34],[21],[9],[10],[28],[4],[-15],[-11],[6],[-19],[-44],[-18],[-33],[-42],[9],[-8],[0],[22],[4],[-5],[9],[-12],[-27],[-32],[-42],[-46],[-38],[-30],[-12],[-5],[14],[-18],[-45],[-46],[-12],[-21],[-4],[25],[15],[11],[33],[9],[-13],[-10],[34],[8],[1],[11],[-19],[11],[-7],[-19],[-20],[8],[-3],[0],[32],[13],[-12],[-14],[26],[20],[18],[32],[68],[50],[27],[19],[7],[-8],[26],[21],[21],[15],[24],[19],[8],[20],[2],[22],[17],[48],[43],[39],[46],[49],[19],[12],[9],[10],[44],[12],[8],[35],[0],[18],[-18],[-15],[-14],[13],[35],[33],[21],[53],[57],[42],[20],[17],[-23],[-28],[4],[-3],[-6],[-4],[-11],[-16],[-14],[-14],[-22],[3],[-23],[25],[21],[55],[34],[56],[40],[8],[6],[-6],[-29],[-38],[-23],[-7],[25],[-10],[-26],[-34],[-29],[-29],[-26],[-8],[10],[20],[9],[19],[-11],[-15],[20],[14],[3],[20],[3],[-27],[-21],[-26],[-14],[17],[6],[8],[44],[32],[18],[44],[25],[2],[11],[9],[-11],[-20],[10],[11],[4],[0],[-11],[-13],[-14],[-13],[-13],[24],[15],[9],[38],[8],[3],[8],[13],[3],[19],[38],[29],[44],[33],[0],[-6],[-12],[-16],[-27],[2],[0],[-12],[35],[19],[6],[34],[31],[11],[21],[33],[19],[49],[34],[32],[61],[38],[8],[-5],[13],[-30],[-32],[10],[10],[-4],[-3],[31],[24],[8],[16],[8],[-22],[7],[-8],[9],[10],[33],[16],[29],[21],[-8],[-16],[10],[-18],[20],[16],[20],[21],[52],[32],[-4],[-15],[-16],[20],[17],[14],[43],[21],[-6],[12],[12],[1],[16],[26],[-3],[16],[15],[0],[29],[23],[27],[43],[-5],[-6],[-8],[40],[37],[21],[25],[13],[-26],[-26],[9],[-4],[-15],[8],[29],[-3],[-12],[20],[-22],[10],[0],[6],[36],[10],[-8],[32],[16],[-6],[-19],[4],[-22],[-12],[-19],[24],[8],[-10],[11],[-16],[2],[-18],[6],[4],[-18],[5],[13],[-6],[31],[19],[3],[-11],[-20],[-19],[-13],[-9],[29],[24],[0],[0],[21],[11],[7],[34],[54],[42],[22],[56],[34],[6],[2],[4],[-22],[-22],[10],[-6],[-8],[27],[17],[24],[52],[21],[10],[41],[30],[25],[31],[50],[24],[-4],[-7],[-19],[-37],[-47],[-16],[6],[-6],[36],[35],[11],[35],[12],[-10],[-23],[-13],[-24],[12],[4],[-13],[9],[-26],[-13],[-26],[-30],[12],[4],[43],[28],[14],[28],[29],[9],[5],[9],[13],[-4],[-16],[14],[-13],[4],[25],[3],[25],[21],[20],[54],[32],[26],[35],[37],[2],[26],[0],[2],[35],[17],[11],[34],[17],[-4],[16],[36],[38],[37],[45],[64],[34],[16],[25],[6],[-9],[-11],[17],[-11],[-17],[5],[-4],[-4],[25],[16],[32],[46],[24],[32],[36],[12],[30],[3],[-19],[6],[-19],[-18],[9],[-9],[-13],[-7],[13],[20],[8],[10],[10],[29],[5],[-3],[-15],[-9],[-30],[-21],[0],[27],[17],[0],[18],[-13],[-24],[14],[23],[9],[25],[4],[-15],[-12],[-13],[0],[15],[-8],[-9],[29],[10],[9],[18],[-12],[-23],[-14],[0],[43],[33],[17],[20],[9],[-7],[0],[6],[-6],[-18],[20],[6],[7],[35],[6],[25],[-10],[-22],[11],[-3],[-14],[37],[4],[22],[5],[0],[36],[20],[5],[9],[18],[1],[34],[21],[-5],[0],[4],[3],[22],[10],[48],[29],[13],[32],[24],[4],[-8],[29],[14],[12],[35],[14],[-7],[4],[-19],[-14],[22],[16],[13],[21],[17],[21],[45],[21],[-8],[16],[5],[-10],[-4],[34],[2],[20],[-8],[-25],[-32],[-32],[10],[-10],[5],[17],[41],[16],[8],[28],[-4],[29],[2],[-16],[10],[14],[-3],[8],[17],[-12],[-30],[-12],[18],[11],[5],[7],[18],[-8],[-13],[13],[-3],[-19],[-18],[11],[-3],[6],[37],[28],[12],[36],[12],[-12],[-10],[28],[8],[19],[-6],[-12],[17],[2],[-8],[-6],[24],[6],[-3],[34],[25],[13],[10],[33],[11],[-17],[0],[4],[0],[2],[33],[20],[8],[15],[9],[-12],[-12],[13],[-3],[-17],[4],[9],[-4],[-8],[28],[-5],[0],[-7],[-28],[-32],[-10],[37],[30],[12],[0],[20],[3],[-13],[8],[21],[11],[14],[19],[12],[48],[33],[19],[29],[8],[2],[-12],[16],[25],[9],[11],[16],[0],[32],[25],[16],[21],[45],[26],[8],[9],[26],[9],[14],[46],[36],[24],[24],[29],[9],[24],[29],[14],[11],[33],[13],[36],[39],[13],[3],[34],[15],[-3],[23],[10],[41],[37],[17],[10],[37],[27],[9],[10],[38],[19],[1],[2],[4],[0],[15],[-5],[-15],[0],[20],[10],[-5],[11],[16],[-15],[-14],[-18],[-7],[-17],[15],[-4],[-14],[-12],[-14],[5],[-19],[-30],[-11],[-6],[-15],[13],[28],[4],[31],[9],[-17],[-22],[-23],[11],[1],[-15],[16],[9],[-8],[-6],[13],[-13],[-32],[7],[4],[3],[8],[35],[17],[-7],[3],[-18],[2],[19],[11],[3],[34],[16],[46],[35],[17],[10],[32],[17],[2],[8],[13],[26],[7],[8],[8],[13],[0],[34],[8],[13],[20],[38],[24],[22],[12],[24],[6],[4],[12],[17],[24],[41],[13],[39],[13],[6],[26],[4],[4],[3],[6],[16],[8],[28],[13],[-13],[-16],[13],[-4],[-18],[-9],[24],[10],[-10],[10],[22],[-3],[14],[6],[30],[14],[1],[32],[-4],[11],[-13],[-22],[15],[9],[-6],[-7],[-10],[25],[18],[5],[4],[28],[9],[-10],[27],[1],[31],[19],[6],[9],[35],[17],[2],[25],[40],[13],[6],[-5],[-8],[22],[14],[4],[1],[-5],[-15],[1],[5],[-9],[-14],[0],[12],[26],[50],[33],[27],[44],[14],[22],[30],[9],[6],[33],[22],[19],[41],[24],[20],[37],[9],[5],[2],[30],[11],[2],[34],[20],[7],[5],[4],[11],[-10],[20],[-5],[-5],[-3],[6],[11],[20],[18],[41],[19],[-3],[9],[10],[-15],[26],[14],[4],[0],[25],[13],[1],[3],[0],[12],[-11],[-13],[7],[-4],[5],[22],[1],[-10],[-10],[-17],[4],[17],[-5],[-5],[24],[9],[-6],[14],[21],[10],[-8],[16],[16],[-4],[-5],[0],[-3],[20],[1],[-11],[-3],[26],[10],[-9],[9],[11],[5],[16],[46],[28],[14],[29],[5],[0],[13],[-8],[-4],[-7],[-9],[9],[-11],[-11],[-7],[21],[3],[-15],[-11],[25],[11],[12],[20],[3],[16],[23],[5],[-13],[29],[19],[8],[6],[-3],[-11],[1],[-30],[-19],[0],[-8],[-4],[8],[16],[10],[6],[4],[16],[-4],[12],[3],[6],[12],[11],[29],[9],[-10],[5],[11],[-15],[9],[0],[0],[29],[1],[5],[3],[2],[-3],[6],[31],[14],[21],[18],[17],[12],[33],[9],[-11],[0],[12],[-5],[5],[7],[7],[4],[16],[16],[43],[15],[22],[6],[18],[4],[-3],[22],[7],[-19],[1],[-21],[0],[4],[-14],[-7],[4],[3],[29],[17],[9],[3],[19],[28],[6],[-16],[12],[-15],[-20],[4],[-11],[-21],[-13],[19],[9],[-8],[0],[14],[-6],[-4],[30],[14],[3],[5],[27],[-3],[-7],[-17],[16],[17],[7],[7],[34],[17],[2],[28],[6],[-14],[2],[-8],[25],[10],[-5],[-10],[-14],[12],[-3],[-13],[26],[26],[18],[3],[41],[20],[0],[16],[9],[-8],[0],[0],[11],[1],[7],[4],[22],[26],[7],[3],[35],[24],[13],[9],[3],[24],[-4],[0],[21],[1],[-19],[26],[0],[34],[28],[10],[6],[9],[38],[21],[5],[16],[24],[-6],[20],[-7],[-10],[-12],[16],[1],[-10],[-11],[4],[18],[6],[1],[3],[0],[-11],[0],[-16],[4],[14],[-6],[-19],[20],[13],[1],[-4],[20],[1],[-12],[-5],[24],[-5],[-11],[14],[-4],[-23],[-7],[-20],[-11],[-15],[21],[2],[-19],[-7],[6],[-11],[-8],[-13],[-7],[-10],[8],[-7],[-5],[-15],[13],[8],[-6],[0],[7],[36],[20],[2],[3],[19],[1],[-5],[13],[1],[18],[33],[22],[9],[18],[26],[0],[16],[0],[28],[12],[4],[19],[3],[6],[4],[1],[21],[8],[-7],[-11],[18],[6],[-3],[6],[-8],[24],[-8],[-5],[-8],[-8],[7],[-11],[0],[-12],[-18],[26],[-6],[-5],[1],[-5],[17],[-7],[-18],[2],[-12],[9],[-7],[-6],[14],[-5],[-7],[17],[3],[-12],[-6],[24],[-11],[-16],[8],[-12],[-21],[0],[-14],[-13],[-12],[18],[4],[-8],[27],[0],[29],[14],[-12],[-13],[-15],[-13],[-10],[13],[-3],[-18],[9],[12],[0],[-4],[22],[13],[2],[8],[5],[5],[9],[5],[20],[6],[13],[14],[13],[3],[-7],[9],[-11],[-5],[9],[-6],[8],[14],[5],[11],[12],[23],[8],[4],[3],[0],[17],[0],[-7],[24],[21],[0],[-5],[-5],[-3],[6],[18],[36],[25],[19],[51],[32],[11],[4],[2],[-6],[-11],[-7],[-8],[20],[24],[10],[0],[29],[2],[0],[25],[13],[3],[19],[-2],[-8],[6],[-10],[-14],[-5],[-17],[-13],[-5],[31],[16],[4],[5],[33],[5],[0],[10],[-13],[6],[-6],[-5],[-9],[-7],[-4],[25],[7],[-8],[4],[19],[12],[9],[14],[11],[27],[-4],[-12],[10],[-19],[-20],[-15],[-8],[22],[15],[5],[25],[9],[0],[26],[27],[4],[8],[9],[14],[40],[19],[3],[-5],[2],[8],[-3],[-7],[19],[9],[26],[11],[8],[2],[26],[4],[-12],[21],[20],[5],[3],[14],[-5],[-7],[-6],[15],[3],[18],[18],[5],[2],[25],[-6],[-10],[-12],[5],[-8],[-3],[27],[9],[1],[6],[36],[8],[29],[10],[0],[32],[-4],[-8],[0],[21],[9],[-6],[17],[1],[6],[41],[31],[16],[49],[36],[14],[32],[32],[9],[0],[-10],[8],[20],[2],[1],[27],[17],[5],[8],[40],[26],[9],[8],[26],[2],[10],[-8],[13],[26],[10],[0],[32],[3],[15],[-8],[21],[15],[-4],[3],[26],[8],[-7],[10],[14],[3],[-15],[8],[20],[9],[14],[49],[27],[24],[35],[15],[-3],[-8],[5],[4],[-11],[-14],[14],[-4],[-12],[0],[21],[9],[3],[27],[9],[32],[35],[8],[2],[16],[-16],[-20],[-20],[10],[-7],[-21],[8],[10],[-9],[-5],[36],[21],[8],[36],[32],[13],[33],[13],[19],[19],[2],[-13],[19],[-5],[1],[2],[30],[21],[10],[5],[29],[17],[8],[36],[16],[19],[18],[36],[12],[10],[22],[7],[15],[24],[9],[2],[45],[21],[11],[14],[9],[26],[30],[12],[20],[34],[21],[11],[32],[30],[13],[20],[41],[17],[39],[21],[5],[42],[10],[27],[8],[6],[0],[11],[19],[9],[0],[34],[10],[11],[13],[9],[6],[10],[14],[11],[33],[18],[1],[-5],[21],[4],[-11],[-10],[13],[4],[-8],[23],[14],[8],[27],[29],[11],[9],[25],[8],[-13],[4],[10],[-3],[-23],[18],[6],[-7],[31],[24],[9],[12],[32],[17],[0],[8],[26],[13],[-3],[11],[-9],[-5],[-10],[29],[17],[-3],[0],[30],[8],[4],[33],[6],[35],[9],[12],[-7],[-8],[-10],[19],[3],[-7],[12],[2],[25],[8],[-12],[9],[-3],[-4],[23],[10],[2],[32],[12],[4],[29],[9],[-7],[0],[13],[-4],[-15],[-11],[-10],[-9],[-7],[12],[-8],[16],[19],[-6],[14],[-4],[-11],[28],[15],[2],[2],[20],[6],[-7],[12],[-2],[-7],[14],[0],[5],[3],[44],[21],[7],[9],[6],[24],[9],[9],[35],[15],[3],[17],[28],[5],[12],[12],[16],[14],[17],[44],[25],[4],[19],[2],[0],[36],[24],[10],[6],[-6],[18],[10],[0],[6],[10],[36],[21],[10],[13],[3],[0],[1],[11],[0],[18],[27],[7],[34],[20],[10],[10],[13],[14],[8],[22],[23],[6],[1],[25],[-10],[21],[4],[-9],[24],[1],[-5],[1],[2],[4],[5],[33],[21],[6],[2],[0],[-7],[-5],[1],[0],[26],[3],[3],[27],[12],[-5],[-5],[0],[1],[21],[29],[13],[-10],[32],[16],[-8],[-13],[-18],[8],[1],[32],[27],[16],[18],[17],[13],[35],[17],[0],[3],[12],[-6],[10],[10],[-10],[-12],[-10],[-10],[18],[0],[4],[35],[17],[3],[10],[8],[-4],[19],[3],[3],[27],[7],[-12],[5],[11],[-5],[-16],[-14],[13],[4],[6],[4],[19],[-7],[20],[3],[-11],[16],[-8],[18],[0],[-5],[17],[-15],[-17],[0],[16],[-8],[21],[0],[5],[-8],[25],[12],[-9],[-14],[12],[-6],[-14],[18],[-10],[13],[-3],[-16],[12],[9],[-12],[-10],[9],[-5],[9],[16],[-5],[16],[2],[22],[3],[3],[8],[-7],[21],[5],[-13],[6],[18],[-4],[-7],[-5],[8],[-7],[15],[24],[6],[-5],[22],[10],[-4],[29],[5],[-10],[11],[18],[4],[-6],[28],[11],[12],[35],[21],[-5],[34],[22],[3],[0],[0],[3],[-14],[-17],[4],[-12],[-11],[17],[6],[-8],[-14],[18],[-8],[-10],[-14],[24],[-4],[-5],[-5],[-6],[-3],[-7],[9],[-7],[-23],[0],[-7],[-21],[-4],[-14],[-5],[-8],[19],[8],[-7],[-6],[17],[-3],[-18],[-18],[12],[-4],[-13],[-13],[-15],[13],[-7],[0],[17],[5],[-5],[-6],[26],[-6],[-5],[-4],[-7],[-4],[-4],[19],[2],[-8],[-5],[-8],[3],[8],[10],[6],[13],[13],[19],[17],[38],[23],[8],[8],[12],[-3],[33],[19],[7],[10],[32],[9],[9],[3],[28],[16],[3],[30],[8],[10],[30],[14],[8],[8],[4],[30],[17],[-4],[0],[22],[3],[4],[33],[9],[2],[23],[6],[-9],[3],[11],[-8],[-7],[12],[-6],[-11],[20],[5],[-15],[-10],[-13],[-10],[-8],[-3],[0],[-6],[27],[-8],[8],[13],[-5],[2],[-20],[12],[9],[-10],[4],[14],[-10],[12],[20],[4],[0],[16],[-5],[-8],[25],[-8],[-11],[-10],[20],[-11],[16],[19],[0],[8],[24],[9],[-5],[4],[-5],[-8],[23],[-7],[-2],[-8],[25],[11],[-7],[-8],[9],[-10],[-12],[8],[-7],[-6],[15],[1],[0],[18],[0],[-3],[17],[1],[-13],[24],[22],[9],[0],[28],[-5],[3],[-10],[25],[7],[-8],[10],[14],[3],[4],[8],[22],[22],[4],[24],[22],[5],[16],[2],[2],[27],[2],[10],[-4],[31],[14],[0],[-6],[-5],[3],[4],[22],[5],[10],[30],[12],[37],[22],[2],[-3],[-6],[-10],[9],[-7],[-7],[26],[14],[3],[18],[29],[12],[0],[4],[4],[27],[14],[3],[16],[24],[0],[-4],[-6],[16],[2],[3],[21],[6],[-7],[20],[8],[-8],[24],[12],[-4],[-8],[20],[-6],[-4],[0],[4],[3],[-3],[17],[2],[6],[30],[14],[-6],[12],[21],[0],[-4],[22],[9],[-8],[0],[19],[4],[10],[40],[23],[8],[23],[31],[13],[-6],[24],[14],[3],[0],[20],[11],[-4],[1],[4],[34],[20],[3],[16],[26],[9],[0],[27],[11],[-10],[6],[-10],[-8],[24],[-12],[3],[19],[4],[6],[4],[31],[16],[4],[20],[29],[5],[4],[5],[-3],[1],[27],[14],[1],[16],[23],[7],[-8],[8],[13],[35],[16],[10],[5],[20],[10],[36],[16],[0],[1],[16],[-6],[-7],[-5],[1],[2],[2],[2],[14],[-3],[12],[3],[3],[27],[5],[32],[-3],[21],[-4],[0],[0],[22],[10],[1],[7],[3],[-5],[-4],[1],[-5],[19],[1],[-18],[5],[-12],[0],[24],[15],[5],[20],[24],[8],[10],[32],[19],[3],[0],[10],[-8],[-12],[19],[2],[-11],[16],[24],[13],[14],[41],[25],[11],[11],[37],[10],[13],[43],[13],[2],[25],[7],[-11],[12],[15],[-7],[4],[24],[8],[12],[20],[0],[32],[25],[6],[7],[33],[9],[5],[30],[13],[-6],[5],[13],[1],[-12],[18],[18],[6],[22],[5],[9],[6],[31],[17],[1],[2],[26],[12],[2],[11],[-5],[18],[18],[2],[4],[28],[13],[-7],[8],[19],[1],[3],[1],[12],[1],[20],[8],[28],[4],[33],[19],[1],[32],[19],[7],[8],[37],[3],[-3],[-5],[19],[-10],[-13],[9],[14],[-11],[-6],[-6],[-5],[-5],[15],[-3],[-3],[26],[14],[2],[2],[27],[10],[-7],[6],[13],[-5],[-14],[9],[-8],[0],[24],[4],[-12],[28],[14],[-3],[-4],[0],[32],[6],[3],[2],[1],[25],[8],[-11],[-6],[9],[10],[24],[9],[7],[7],[27],[12],[9],[36],[6],[22],[9],[10],[8],[23],[4],[22],[31],[17],[2],[20],[30],[15],[8],[40],[29],[12],[13],[39],[8],[3],[17],[3],[3],[32],[21],[3],[21],[0],[22],[27],[17],[4],[36],[26],[1],[11],[19],[6],[-6],[-5],[0],[27],[10],[-4],[2],[20],[23],[11],[11],[37],[13],[-3],[10],[19],[4],[0],[24],[12],[-4],[1],[28],[14],[-3],[1],[30],[19],[2],[45],[29],[2],[28],[3],[0],[12],[-4],[13],[19],[-9],[9],[11],[-10],[32],[17],[-4],[12],[0],[8],[24],[8],[5],[31],[15],[-3],[-6],[-5],[-7],[-10],[3],[-11],[24],[16],[-5],[14],[-4],[9],[24],[8],[-6],[-4],[27],[10],[-6],[-5],[27],[3],[2],[-3],[0],[28],[14],[-4],[-5],[9],[-7],[0],[25],[8],[-8],[8],[16],[-14],[-11],[5],[9],[-7],[-20],[1],[-11],[0],[13],[24],[6],[-15],[30],[1],[2],[28],[13],[-4],[-4],[-5],[21],[2],[-16],[-13],[20],[5],[-8],[3],[15],[-8],[0],[14],[-7],[-6],[23],[-4],[12],[-6],[10],[22],[3],[3],[29],[13],[-5],[0],[28],[17],[4],[4],[24],[9],[-5],[11],[11],[-8],[25],[5],[-11],[33],[24],[9],[10],[35],[18],[2],[28],[11],[-5],[16],[3],[16],[24],[-5],[0],[-8],[14],[-2],[-13],[7],[2],[33],[22],[7],[18],[30],[12],[-3],[22],[7],[5],[29],[8],[-8],[22],[-9],[0],[12],[-4],[2],[24],[9],[6],[31],[8],[5],[26],[-8],[-12],[5],[9],[-6],[0],[24],[2],[2],[20],[3],[-8],[16],[19],[3],[20],[5],[1],[1],[20],[1],[0],[0],[8],[-8],[11],[17],[4],[-6],[26],[7],[-7],[0],[15],[0],[4],[19],[2],[-3],[20],[2],[-13],[5],[13],[1],[4],[3],[3],[1],[21],[7],[-11],[3],[11],[-13],[-12],[-10],[-14],[15],[-12],[16],[1],[-10],[10],[-4],[18],[-3],[8],[9],[8],[-12],[20],[5],[-10],[10],[0],[-8],[21],[7],[0],[-6],[9],[-5],[-8],[2],[-15],[4],[10],[-3],[-14],[26],[10],[-4],[0],[-3],[26],[17],[4],[4],[9],[-4],[14],[25],[9],[-7],[10],[-5],[14],[21],[5],[-9],[12],[2],[30],[19],[3],[3],[32],[16],[3],[12],[5],[13],[-4],[24],[6],[5],[31],[19],[5],[4],[3],[31],[13],[3],[2],[3],[0],[0],[2],[4],[15],[-9],[13],[-12],[-13],[-10],[21],[1],[2],[1],[0],[-8],[-3],[-3],[23],[-8],[13],[-4],[-15],[18],[-11],[-11],[-11],[6],[-7],[-10],[-6],[24],[-10],[-10],[-12],[-14],[-12],[-14],[6],[15],[3],[-11],[18],[14],[-7],[26],[13],[-7],[-5],[25],[14],[1],[-2],[19],[2],[-11],[-7],[8],[27],[14],[-3],[13],[22],[11],[-4],[0],[10],[-5],[29],[17],[0],[2],[3],[2],[6],[10],[36],[9],[5],[18],[28],[4],[3],[24],[3],[6],[34],[24],[9],[9],[9],[35],[20],[1],[20],[4],[34],[19],[2],[16],[8],[0],[24],[9],[-9],[13],[2],[8],[29],[16],[8],[44],[27],[11],[10],[35],[24],[11],[11],[38],[11],[8],[6],[1],[16],[25],[8],[0],[30],[21],[9],[9],[30],[18],[3],[5],[19],[-3],[14],[27],[11],[4],[26],[29],[12],[1],[32],[11],[0],[33],[4],[4],[26],[4],[3],[27],[12],[-3],[4],[25],[1],[1],[2],[20],[0],[16],[27],[14],[3],[15],[-6],[25],[22],[10],[0],[32],[24],[5],[4],[10],[-7],[4],[14],[-11],[24],[1],[4],[20],[0],[-4],[26],[0],[-5],[0],[3],[6],[0],[24],[10],[-5],[12],[22],[-4],[0],[3],[2],[11],[-7],[18],[16],[-7],[-10],[-8],[-3],[0],[20],[3],[1],[27],[12],[0],[-4],[27],[13],[4],[1],[0],[27],[-5],[12],[-4],[24],[9],[-5],[12],[17],[3],[4],[30],[15],[3],[18],[29],[13],[1],[13],[2],[1],[-3],[16],[4],[6],[7],[7],[8],[30],[18],[8],[15],[11],[37],[28],[12],[11],[32],[5],[35],[21],[5],[5],[33],[18],[7],[26],[28],[12],[12],[33],[13],[-4],[31],[14],[2],[4],[28],[2],[1],[-4],[6],[17],[0],[1],[29],[13],[0],[35],[18],[2],[-3],[25],[11],[3],[16],[30],[14],[2],[18],[5],[4],[37],[20],[5],[4],[32],[10],[8],[32],[17],[1],[4],[-4],[-3],[-5],[0],[0],[0],[2],[6],[8],[38],[6],[30],[14],[-3],[14],[21],[2],[4],[17],[5],[2],[21],[5],[2],[25],[13],[1],[2],[35],[12],[24],[9],[4],[3],[6],[22],[4],[1],[25],[11],[-3],[8],[24],[2],[32],[2],[11],[-3],[14],[25],[14],[-3],[20],[-5],[19],[3],[-11],[1],[16],[-3],[3],[25],[10],[0],[33],[10],[9],[34],[22],[5],[21],[-3],[0],[25],[9],[-6],[11],[20],[4],[-10],[6],[17],[1],[4],[5],[0],[-6],[9],[-8],[30],[10],[0],[27],[8],[-5],[0],[0],[-5],[-6],[-7],[18],[-5],[2],[16],[-4],[-4],[-3],[-6],[18],[4],[-8],[4],[-13],[21],[9],[-5],[-3],[-8],[1],[1],[27],[13],[-3],[12],[21],[-6],[10],[16],[-10],[-7],[-8],[4],[-6],[26],[18],[1],[1],[1],[9],[-7],[32],[21],[7],[6],[9],[7],[34],[5],[0],[18],[5],[3],[4],[4],[5],[30],[17],[-4],[-5],[29],[18],[8],[4],[31],[12],[-4],[0],[22],[10],[-5],[25],[3],[0],[28],[10],[-3],[1],[21],[4],[4],[17],[-7],[27],[18],[2],[-7],[21],[5],[-5],[-3],[24],[0],[29],[-3],[29],[9],[-4],[-3],[-6],[16],[18],[5],[1],[25],[-5],[27],[14],[-6],[-5],[24],[5],[-8],[10],[19],[6],[-7],[11],[21],[9],[-5],[11],[-7],[11],[-4],[1],[24],[10],[-6],[9],[20],[11],[0],[12],[-7],[13],[2],[29],[10],[-6],[-5],[1],[27],[13],[-4],[13],[21],[9],[-7],[18],[2],[1],[8],[6],[31],[17],[4],[20],[27],[11],[-4],[16],[22],[7],[-8],[20],[5],[-11],[16],[15],[-4],[3],[-3],[26],[13],[-5],[18],[7],[10],[0],[3],[5],[17],[-5],[12],[19],[1],[-11],[9],[17],[-3],[-14],[10],[-4],[-15],[16],[17],[3],[0],[24],[-4],[-8],[26],[-7],[12],[12],[-10],[9],[14],[-4],[-8],[-5],[22],[-5],[-4],[-11],[-8],[-6],[1],[5],[32],[5],[32],[4],[2],[27]]}}