{"protected":{"ver":"v1","alg":"HS256","iat":1740144625},"signature":"6d001a58b255699f0a5b0a376fc9ab048577a320642534f94f1ab686a077bf07","payload":{"device_name":"E6:61:78:C1:27:19:92:28","device_type":"DATA_FORWARDER","interval_ms":0.0625,"sensors":[{"name":"audio","units":"wav"}],"values":[[16],[3],[5],[27],[4],[-11],[30],[-4],[9],[13],[3],[-8],[2],[1],[1],[20],[-12],[-6],[-6],[-4],[12],[-4],[9],[18],[-8],[16],[16],[1],[-10],[-4],[0],[22],[8],[-8],[25],[4],[-14],[-13],[-5],[1],[-10],[28],[14],[2],[3],[2],[0],[26],[3],[-18],[8],[-15],[2],[-7],[22],[13],[-4],[13],[20],[-8],[3],[-14],[-11],[18],[-10],[11],[-10],[-6],[20],[6],[-8],[28],[18],[1],[-3],[27],[13],[0],[-4],[23],[-11],[-7],[12],[-5],[13],[6],[4],[30],[13],[0],[5],[-15],[18],[12],[0],[0],[16],[-5],[-8],[26],[13],[-9],[-8],[19],[6],[-6],[13],[25],[12],[-6],[21],[8],[-5],[2],[-4],[12],[0],[2],[27],[9],[-8],[19],[12],[-10],[-7],[27],[13],[-6],[-5],[17],[4],[-5],[25],[9],[-7],[8],[18],[3],[4],[28],[12],[0],[16],[25],[11],[0],[9],[-11],[4],[10],[-6],[-6],[17],[1],[-13],[27],[17],[1],[2],[21],[-3],[4],[0],[-8],[-6],[-13],[18],[11],[-4],[-10],[22],[13],[4],[3],[33],[20],[5],[6],[29],[10],[-5],[4],[19],[1],[-11],[-5],[20],[-13],[12],[20],[13],[11],[38],[25],[8],[4],[4],[8],[33],[11],[-6],[0],[-7],[11],[21],[7],[-6],[13],[22],[10],[2],[32],[0],[32],[19],[6],[8],[0],[-4],[-6],[26],[9],[-5],[13],[26],[19],[10],[32],[6],[21],[28],[5],[0],[2],[27],[-6],[-6],[2],[9],[10],[11],[9],[34],[17],[1],[24],[2],[27],[19],[6],[10],[28],[12],[12],[17],[3],[13],[25],[11],[0],[17],[3],[16],[30],[16],[-3],[4],[0],[0],[-5],[13],[24],[13],[14],[38],[22],[0],[18],[21],[9],[12],[40],[19],[4],[34],[20],[3],[1],[27],[12],[-3],[-5],[22],[5],[-12],[28],[4],[-12],[16],[19],[6],[1],[27],[14],[7],[36],[19],[6],[3],[21],[4],[5],[5],[28],[3],[22],[4],[0],[25],[-4],[-5],[6],[1],[16],[3],[8],[-8],[13],[19],[2],[0],[16],[3],[4],[34],[16],[18],[38],[21],[4],[4],[10],[5],[28],[17],[4],[6],[24],[8],[3],[27],[12],[-4],[15],[5],[17],[31],[9],[3],[2],[3],[30],[8],[4],[26],[15],[1],[13],[20],[5],[-9],[10],[12],[1],[3],[29],[-3],[2],[17],[24],[-5],[17],[-4],[-7],[21],[11],[-12],[32],[18],[3],[3],[28],[12],[-3],[13],[26],[3],[3],[1],[3],[28],[-5],[28],[8],[-7],[-8],[22],[9],[0],[16],[25],[11],[-4],[-5],[1],[0],[21],[9],[-10],[8],[0],[28],[11],[2],[5],[33],[0],[18],[21],[8],[4],[19],[8],[-6],[-7],[0],[17],[-8],[0],[-4],[0],[3],[9],[8],[33],[10],[-3],[11],[-5],[-5],[29],[9],[-4],[10],[25],[4],[3],[4],[6],[18],[0],[8],[21],[10],[-5],[13],[0],[-5],[13],[-4],[13],[23],[13],[6],[33],[19],[6],[20],[24],[-3],[26],[0],[17],[0],[0],[27],[0],[29],[-3],[-5],[9],[-7],[13],[21],[8],[5],[1],[11],[-4],[10],[-3],[21],[6],[-7],[10],[14],[0],[1],[27],[0],[-5],[16],[-5],[-8],[-7],[14],[-8],[14],[2],[5],[32],[13],[-3],[12],[11],[-9],[8],[12],[-10],[16],[21],[6],[-10],[28],[11],[-5],[31],[13],[-3],[-6],[13],[-3],[-12],[9],[8],[-10],[8],[2],[8],[-7],[21],[4],[-14],[6],[17],[-5],[-8],[6],[15],[3],[-11],[18],[18],[2],[30],[16],[1],[0],[0],[3],[0],[2],[2],[33],[14],[0],[-3],[26],[14],[-3],[3],[6],[2],[25],[10],[-6],[5],[18],[-8],[-7],[17],[-14],[20],[16],[-3],[-7],[21],[5],[-15],[16],[14],[2],[3],[-5],[2],[-8],[27],[18],[3],[0],[25],[13],[-3],[1],[17],[1],[-5],[19],[-5],[-14],[-11],[-3],[-3],[27],[10],[-4],[1],[24],[-4],[16],[22],[5],[-7],[11],[12],[-6],[-7],[1],[0],[14],[-6],[-3],[8],[2],[32],[19],[-4],[2],[29],[16],[-5],[-10],[-6],[-11],[-10],[13],[-3],[-2],[27],[11],[-3],[-4],[-5],[-10],[-10],[16],[-3],[-13],[10],[13],[-4],[-22],[17],[4],[-12],[8],[13],[-6],[-4],[-5],[-9],[13],[13],[-13],[-14],[-13],[-14],[4],[-11],[6],[13],[-5],[-4],[21],[4],[-8],[28],[16],[3],[6],[29],[15],[-8],[-10],[-8],[-12],[-12],[25],[-11],[10],[14],[5],[-8],[29],[1],[2],[0],[-10],[24],[18],[0],[7],[-8],[16],[16],[5],[-11],[12],[16],[-6],[-4],[28],[12],[2],[4],[33],[11],[8],[30],[16],[0],[10],[-7],[12],[21],[2],[0],[26],[-3],[1],[27],[5],[-10],[19],[-5],[-14],[18],[11],[-7],[14],[3],[7],[-5],[5],[2],[-8],[1],[9],[-12],[6],[-10],[-10],[-10],[-5],[-10],[26],[17],[2],[-6],[21],[3],[-11],[9],[18],[8],[-3],[27],[8],[-13],[12],[19],[-5],[0],[14],[-8],[24],[21],[-5],[10],[-6],[11],[-4],[0],[25],[12],[0],[12],[20],[8],[-7],[10],[25],[10],[-6],[12],[14],[-3],[5],[0],[-3],[23],[9],[-2],[-5],[13],[19],[-3],[2],[33],[16],[2],[2],[18],[2],[0],[28],[12],[-7],[13],[1],[15],[3],[5],[4],[29],[3],[25],[7],[7],[35],[12],[-3],[12],[20],[9],[-7],[20],[18],[4],[6],[26],[1],[0],[25],[5],[-6],[10],[16],[2],[4],[32],[24],[5],[34],[25],[2],[11],[19],[3],[2],[32],[21],[5],[8],[28],[12],[2],[9],[35],[19],[4],[18],[29],[14],[2],[35],[5],[25],[9],[9],[36],[10],[34],[21],[9],[12],[40],[25],[10],[8],[33],[19],[4],[4],[28],[14],[2],[16],[27],[15],[1],[40],[23],[0],[24],[26],[12],[1],[5],[5],[32],[14],[-9],[32],[19],[9],[11],[37],[16],[6],[6],[9],[9],[26],[11],[41],[16],[-5],[-5],[11],[20],[1],[-3],[29],[15],[5],[8],[31],[14],[0],[0],[27],[13],[3],[27],[10],[5],[35],[19],[1],[20],[14],[-3],[2],[26],[16],[4],[20],[21],[7],[20],[6],[4],[28],[13],[2],[22],[4],[8],[36],[12],[6],[34],[27],[11],[0],[28],[8],[-5],[28],[10],[7],[32],[16],[2],[8],[29],[0],[14],[-4],[4],[5],[7],[6],[31],[12],[-3],[6],[19],[7],[9],[5],[8],[18],[4],[25],[6],[29],[5],[-3],[27],[17],[6],[10],[33],[17],[4],[10],[31],[5],[27],[11],[11],[35],[16],[0],[35],[21],[8],[5],[0],[21],[9],[10],[14],[37],[22],[8],[9],[9],[3],[5],[32],[13],[-3],[13],[23],[9],[-5],[16],[22],[9],[10],[30],[11],[10],[30],[12],[0],[32],[22],[9],[10],[34],[15],[0],[41],[25],[9],[9],[28],[13],[-3],[2],[38],[19],[5],[18],[29],[8],[33],[18],[1],[1],[3],[5],[36],[4],[14],[2],[16],[10],[11],[38],[17],[1],[17],[29],[13],[0],[34],[19],[4],[19],[29],[14],[-3],[16],[26],[9],[10],[32],[8],[33],[17],[5],[4],[27],[13],[4],[35],[20],[8],[9],[34],[16],[0],[6],[3],[1],[17],[26],[8],[-6],[28],[15],[2],[1],[29],[9],[-4],[15],[24],[12],[0],[19],[27],[10],[4],[1],[6],[29],[13],[4],[40],[27],[8],[10],[8],[23],[10],[12],[25],[13],[13],[11],[11],[35],[22],[8],[5],[33],[9],[8],[29],[11],[8],[40],[6],[17],[2],[24],[21],[5],[18],[26],[12],[2],[25],[10],[-6],[27],[8],[-7],[28],[7],[-12],[12],[-8],[0],[23],[-2],[0],[22],[-3],[21],[4],[0],[24],[3],[-13],[22],[15],[1],[1],[-3],[28],[-7],[13],[22],[10],[-6],[16],[12],[-4],[-4],[-6],[-4],[19],[4],[0],[29],[19],[5],[4],[0],[2],[2],[0],[1],[25],[10],[-5],[11],[19],[4],[0],[28],[20],[6],[32],[3],[27],[13],[1],[14],[24],[9],[-5],[12],[21],[9],[-7],[12],[17],[4],[-11],[18],[13],[1],[-8],[28],[21],[5],[2],[30],[13],[-4],[8],[16],[0],[0],[2],[1],[3],[27],[12],[-5],[8],[21],[3],[6],[28],[14],[-6],[12],[-7],[-8],[24],[8],[-10],[3],[11],[-3],[-3],[20],[2],[-13],[12],[-7],[9],[-8],[9],[-6],[-11],[8],[13],[-6],[-4],[-7],[6],[17],[-5],[17],[-5],[26],[19],[1],[-3],[21],[-15],[9],[12],[-3],[-12],[24],[11],[-3],[-4],[-6],[-6],[25],[-8],[20],[5],[-6],[-7],[20],[-5],[-7],[-8],[-10],[-7],[-8],[8],[-7],[11],[20],[6],[-9],[27],[9],[-12],[10],[9],[-5],[-15],[-6],[17],[-5],[-5],[-5],[20],[3],[-10],[11],[18],[3],[-13],[12],[14],[2],[-14],[22],[-5],[-5],[23],[-10],[-6],[-7],[12],[-5],[-4],[0],[-5],[0],[1],[25],[-4],[9],[-7],[12],[-6],[-5],[0],[3],[2],[26],[-3],[-5],[-5],[27],[0],[25],[18],[7],[4],[33],[1],[15],[2],[1],[27],[14],[1],[1],[22],[2],[1],[26],[12],[0],[11],[-5],[20],[21],[5],[1],[-11],[19],[-3],[-4],[-5],[-9],[-7],[-4],[12],[19],[4],[-10],[10],[17],[10],[-5],[27],[2],[-7],[16],[17],[1],[2],[26],[11],[-8],[0],[19],[9],[3],[3],[0],[18],[-11],[20],[17],[3],[4],[29],[14],[-3],[-7],[24],[5],[-8],[12],[19],[4],[-11],[19],[-7],[0],[19],[5],[-9],[9],[17],[-10],[-8],[-8],[19],[-10],[8],[17],[4],[-10],[-12],[13],[-6],[-4],[-7],[24],[4],[-9],[8],[-6],[4],[14],[3],[3],[11],[-8],[10],[22],[0],[25],[5],[-6],[0],[1],[1],[24],[4],[-8],[11],[-3],[-7],[19],[-10],[8],[22],[1],[15],[-4],[2],[27],[10],[-5],[-11],[24],[16],[0],[17],[-4],[0],[-7],[-8],[-8],[5],[-10],[18],[12],[-11],[16],[16],[3],[0],[2],[27],[-3],[-5],[26],[10],[1],[-3],[17],[-8],[8],[-8],[16],[14],[-4],[-12],[-7],[1],[0],[19],[6],[-9],[11],[12],[-8],[0],[17],[-12],[1],[-8],[-4],[-7],[15],[-3],[-14],[10],[12],[-4],[5],[20],[-4],[-3],[2],[-7],[3],[-8],[30],[17],[-4],[28],[8],[-5],[5],[3],[30],[13],[-5],[0],[25],[9],[0],[6],[-10],[16],[9],[-4],[0],[-8],[16],[14],[1],[-8],[24],[5],[-8],[-3],[-3],[-5],[14],[-4],[12],[17],[-4],[-5],[25],[9],[-7],[0],[18],[4],[-11],[8],[4],[-10],[26],[4],[-13],[22],[-10],[-12],[-10],[0],[15],[1],[1],[-3],[21],[7],[-9],[-7],[-4],[24],[-8],[9],[-6],[-3],[11],[-7],[-6],[-8],[20],[2],[-10],[0],[17],[4],[-7],[10],[-5],[22],[5],[-11],[12],[11],[-7],[-3],[-4],[-6],[-7],[4],[-12],[-6],[24],[12],[-10],[5],[17],[5],[-11],[9],[19],[4],[0],[29],[-4],[-4],[-6],[11],[-4],[0],[23],[0],[-4],[1],[8],[-5],[-4],[0],[-5],[12],[-8],[-5],[-5],[16],[-4],[-6],[-13],[-14],[4],[-6],[-5],[18],[1],[-3],[27],[13],[-7],[-3],[-8],[12],[-5],[0],[11],[-6],[-5],[25],[0],[11],[-8],[-7],[21],[9],[-5],[29],[10],[-8],[20],[-3],[22],[10],[-5],[10],[20],[4],[-11],[25],[10],[-5],[13],[-8],[18],[20],[5],[4],[30],[17],[3],[0],[27],[-10],[6],[-4],[20],[-5],[-5],[-6],[1],[14],[23],[4],[5],[24],[7],[-6],[1],[0],[32],[18],[4],[2],[5],[4],[33],[18],[3],[2],[30],[16],[1],[26],[8],[-6],[3],[6],[9],[34],[17],[0],[-5],[14],[20],[6],[6],[33],[2],[17],[1],[17],[4],[31],[18],[2],[3],[3],[2],[3],[25],[12],[3],[34],[16],[0],[4],[3],[3],[35],[19],[7],[5],[21],[7],[10],[4],[5],[1],[5],[30],[14],[3],[12],[-7],[12],[22],[3],[3],[0],[17],[5],[4],[26],[7],[8],[6],[4],[-6],[26],[19],[1],[0],[25],[13],[0],[30],[21],[6],[-11],[-6],[0],[-5],[29],[11],[-3],[3],[0],[14],[-3],[9],[20],[1],[0],[12],[28],[12],[0],[31],[17],[4],[6],[31],[-4],[17],[21],[8],[0],[-4],[1],[3],[16],[28],[17],[2],[5],[9],[35],[16],[2],[31],[5],[4],[2],[10],[-6],[29],[15],[4],[5],[33],[11],[3],[32],[0],[32],[23],[11],[10],[9],[10],[35],[18],[0],[2],[18],[0],[8],[4],[7],[37],[25],[6],[10],[6],[7],[21],[5],[24],[27],[6],[6],[18],[28],[10],[30],[14],[12],[1],[17],[27],[13],[-4],[4],[32],[0],[28],[25],[6],[20],[27],[14],[6],[24],[9],[23],[5],[6],[32],[19],[5],[16],[31],[14],[4],[9],[13],[-3],[16],[29],[18],[4],[20],[31],[10],[10],[29],[18],[10],[11],[30],[5],[16],[31],[8],[36],[19],[5],[10],[4],[16],[30],[17],[5],[17],[21],[6],[6],[31],[11],[-7],[20],[12],[0],[17],[25],[10],[-7],[16],[26],[1],[32],[25],[4],[8],[4],[4],[8],[4],[17],[4],[15],[3],[27],[16],[8],[5],[12],[4],[34],[23],[5],[2],[16],[21],[9],[-3],[33],[19],[8],[8],[11],[0],[34],[18],[1],[3],[6],[8],[34],[22],[4],[3],[29],[17],[0],[21],[9],[2],[36],[17],[-4],[32],[24],[8],[10],[38],[21],[7],[8],[30],[15],[3],[8],[28],[16],[3],[19],[30],[16],[6],[1],[1],[-3],[9],[0],[-5],[14],[2],[1],[17],[2],[3],[27],[12],[-9],[25],[12],[-3],[13],[-5],[15],[23],[9],[2],[29],[0],[-4],[-6],[-6],[-8],[-5],[25],[6],[4],[31],[13],[-6],[11],[19],[1],[-12],[28],[15],[3],[3],[28],[12],[-4],[0],[-7],[-7],[-6],[22],[9],[-5],[-3],[30],[9],[-8],[12],[12],[1],[-10],[13],[1],[5],[-6],[14],[2],[12],[24],[2],[12],[21],[0],[21],[3],[5],[27],[12],[-6],[2],[15],[1],[1],[25],[7],[-4],[6],[15],[1],[-4],[27],[13],[0],[0],[26],[6],[-7],[-4],[-4],[33],[15],[2],[3],[29],[11],[3],[30],[13],[-3],[29],[11],[-6],[13],[21],[5],[6],[26],[13],[-3],[13],[20],[8],[-5],[-4],[25],[10],[-3],[14],[19],[2],[20],[17],[0],[20],[18],[3],[-3],[26],[15],[1],[1],[28],[4],[16],[1],[6],[34],[19],[5],[34],[13],[-6],[26],[11],[-11],[10],[16],[-4],[0],[25],[10],[-5],[2],[21],[-3],[4],[0],[0],[11],[-4],[0],[-3],[2],[2],[24],[11],[-5],[27],[15],[3],[-12],[13],[-10],[-11],[-8],[8],[24],[6],[-13],[16],[-6],[10],[21],[5],[-11],[29],[19],[1],[13],[-4],[-4],[24],[5],[-10],[24],[19],[5],[-10],[25],[15],[0],[0],[25],[-4],[29],[3],[12],[-5],[14],[9],[-8],[14],[1],[-3],[-4],[0],[25],[9],[-5],[24],[4],[-8],[25],[2],[2],[25],[0],[17],[-3],[-4],[26],[-5],[-2],[26],[8],[-6],[13],[17],[2],[0],[24],[0],[3],[30],[15],[1],[5],[1],[15],[24],[6],[0],[26],[4],[0],[32],[18],[4],[4],[27],[10],[-7],[13],[22],[0],[1],[13],[-4],[17],[5],[-5],[2],[17],[3],[0],[26],[10],[1],[11],[-5],[26],[12],[-5],[11],[24],[0],[0],[10],[-4],[29],[12],[-5],[4],[-4],[0],[24],[0],[27],[20],[2],[14],[24],[9],[-6],[12],[21],[-5],[13],[-10],[11],[21],[8],[0],[-4],[-7],[-6],[8],[-6],[12],[20],[12],[-6],[16],[18],[5],[0],[3],[4],[0],[-8],[20],[15],[-4],[2],[26],[1],[-3],[16],[1],[3],[31],[15],[3],[3],[25],[11],[-5],[32],[2],[10],[7],[33],[18],[1],[1],[17],[4],[-12],[24],[10],[0],[0],[2],[0],[3],[4],[1],[1],[3],[8],[4],[22],[8],[-8],[1],[21],[5],[5],[-5],[1],[31],[17],[3],[3],[-3],[2],[0],[-4],[-4],[28],[-7],[-10],[25],[11],[-5],[-5],[0],[-6],[1],[0],[29],[11],[-7],[17],[19],[-4],[8],[22],[11],[2],[2],[5],[17],[-4],[28],[17],[2],[2],[21],[-5],[29],[9],[-4],[-6],[0],[17],[0],[-7],[10],[14],[0],[2],[29],[15],[3],[0],[17],[1],[1],[13],[1],[4],[4],[-4],[8],[21],[9],[-6],[10],[1],[1],[25],[10],[-3],[30],[13],[-10],[6],[20],[0],[22],[7],[-10],[18],[-7],[12],[-4],[-6],[26],[15],[1],[1],[25],[11],[-5],[0],[-5],[16],[1],[-4],[21],[7],[-7],[-3],[-3],[-9],[10],[18],[6],[-6],[1],[0],[28],[-3],[2],[5],[26],[6],[-18],[25],[-8],[1],[1],[6],[-12],[27],[3],[1],[0],[7],[-14],[24],[-11],[6],[14],[1],[-13],[24],[0],[5],[2],[26],[8],[-7],[-6],[21],[10],[0],[-3],[0],[22],[2],[11],[-4],[-8],[30],[19],[5],[0],[27],[6],[-8],[8],[18],[0],[18],[-4],[2],[1],[0],[25],[3],[0],[20],[3],[-7],[-8],[-10],[-10],[-7],[6],[-6],[-8],[16],[18],[-5],[-6],[17],[2],[-16],[27],[14],[-9],[18],[18],[-5],[0],[25],[9],[-4],[-5],[-6],[-4],[-7],[-6],[5],[-11],[17],[-10],[11],[18],[2],[-10],[16],[19],[-4],[1],[22],[-9],[9],[3],[0],[2],[8],[4],[-4],[2],[6],[1],[-7],[-8],[-4],[-6],[-3],[-5],[-4],[-7],[21],[-6],[-7],[-5],[24],[5],[-8],[20],[19],[6],[4],[26],[8],[-6],[14],[24],[3],[29],[14],[1],[1],[27],[12],[-3],[-5],[-6],[22],[5],[1],[27],[11],[-7],[3],[16],[1],[4],[1],[-3],[-6],[6],[-11],[20],[20],[0],[22],[5],[-10],[15],[1],[5],[33],[19],[3],[2],[28],[13],[2],[8],[27],[14],[-2],[1],[1],[-3],[30],[-5],[-5],[0],[27],[10],[-4],[-4],[-6],[-7],[5],[-8],[20],[18],[4],[9],[6],[30],[3],[23],[6],[-10],[16],[-7],[17],[3],[-13],[9],[8],[-10],[0],[24],[11],[-3],[0],[24],[8],[9],[31],[17],[1],[2],[28],[13],[-4],[-4],[25],[0],[2],[2],[28],[10],[-7],[8],[21],[2],[2],[31],[11],[0],[0],[0],[-4],[18],[3],[6],[29],[14],[2],[13],[29],[9],[35],[22],[3],[1],[0],[29],[1],[2],[16],[2],[8],[19],[4],[4],[30],[4],[20],[4],[4],[4],[36],[23],[6],[6],[25],[4],[24],[10],[-5],[30],[12],[-3],[14],[26],[2],[17],[3],[16],[5],[9],[34],[18],[3],[34],[21],[8],[6],[33],[19],[2],[16],[3],[4],[2],[16],[29],[13],[3],[4],[26],[10],[6],[33],[20],[3],[4],[5],[6],[9],[27],[6],[5],[8],[8],[3],[4],[25],[8],[0],[32],[24],[12],[2],[28],[12],[2],[4],[29],[0],[30],[19],[4],[5],[31],[3],[5],[8],[2],[22],[6],[5],[1],[1],[32],[13],[2],[4],[34],[14],[1],[10],[-12],[28],[18],[6],[9],[31],[2],[22],[6],[-10],[-4],[-3],[-4],[9],[-8],[24],[0],[0],[18],[2],[2],[25],[11],[1],[1],[27],[13],[3],[21],[27],[11],[-6],[9],[21],[3],[2],[8],[8],[38],[21],[5],[3],[1],[1],[19],[5],[3],[27],[13],[0],[12],[30],[9],[6],[17],[1],[-3],[30],[5],[-3],[13],[22],[10],[-7],[32],[-6],[20],[0],[-5],[3],[3],[26],[10],[-4],[4],[21],[5],[-13],[29],[0],[-6],[11],[1],[4],[18],[-7],[10],[15],[3],[0],[0],[20],[3],[0],[11],[-6],[9],[11],[-6],[8],[21],[-3],[-2],[-8],[29],[8],[-10],[24],[15],[3],[1],[28],[17],[1],[-3],[27],[6],[-9],[6],[7],[-10],[24],[11],[-11],[11],[18],[-6],[0],[5],[-14],[24],[16],[-10],[8],[14],[4],[-11],[-5],[-5],[8],[21],[5],[-10],[-4],[-8],[-5],[3],[-4],[1],[-3],[-3],[3],[4],[32],[18],[3],[2],[28],[9],[-7],[28],[13],[-4],[-8],[-12],[-8],[15],[2],[0],[26],[-6],[-8],[16],[3],[-8],[-8],[18],[19],[2],[-11],[18],[4],[-10],[29],[12],[0],[28],[-12],[19],[11],[-6],[0],[32],[17],[-11],[10],[15],[4],[-10],[24],[-8],[-7],[9],[-7],[4],[10],[-8],[-8],[-8],[2],[-12],[3],[-11],[5],[-10],[8],[13],[-6],[-5],[19],[2],[-12],[21],[1],[-13],[21],[6],[-10],[-13],[-8],[10],[6],[-10],[9],[17],[-3],[14],[-4],[0],[-3],[14],[-10],[-13],[8],[4],[-13],[5],[8],[-6],[-5],[21],[-6],[25],[8],[-9],[27],[11],[-6],[-12],[4],[-11],[4],[16],[2],[-10],[10],[0],[28],[6],[-7],[11],[-6],[3],[-12],[26],[-7],[-7],[-6],[1],[-8],[26],[-4],[0],[17],[-3],[0],[26],[9],[-6],[-7],[10],[16],[3],[-11],[24],[17],[3],[2],[27],[-8],[6],[-8],[-9],[-8],[4],[-7],[26],[8],[-7],[13],[2],[-5],[15],[3],[3],[27],[6],[-8],[20],[18],[4],[0],[26],[-3],[0],[27],[8],[-8],[0],[19],[6],[-8],[-6],[-8],[16],[17],[-6],[10],[21],[9],[-6],[11],[14],[-7],[-5],[22],[8],[-6],[16],[14],[-5],[0],[2],[13],[-5],[12],[21],[6],[-7],[24],[10],[-4],[-6],[-6],[-5],[26],[11],[1],[3],[28],[11],[-4],[-3],[32],[15],[-5],[-5],[-4],[-3],[14],[-4],[16],[26],[13],[-3],[1],[-7],[11],[1],[3],[0],[-4],[0],[8],[-5],[25],[2],[16],[7],[0],[28],[18],[4],[5],[33],[0],[13],[22],[8],[-6],[-6],[-4],[10],[21],[5],[5],[-4],[24],[20],[1],[27],[5],[24],[5],[0],[30],[20],[6],[3],[29],[1],[22],[11],[0],[18],[5],[2],[0],[-5],[-5],[0],[0],[1],[1],[23],[10],[0],[26],[10],[-6],[10],[14],[1],[-3],[-8],[25],[12],[0],[0],[-6],[9],[19],[3],[3],[29],[18],[-5],[14],[-5],[-3],[-5],[0],[19],[-6],[13],[-5],[-4],[0],[15],[-5],[-3],[25],[7],[-6],[8],[25],[10],[-5],[10],[20],[3],[-7],[-7],[19],[-5],[0],[23],[5],[-8],[9],[16],[-6],[1],[24],[9],[-7],[10],[3],[0],[19],[9],[-6],[-6],[14],[1],[-3],[-5],[25],[12],[-7],[11],[3],[2],[28],[13],[-5],[3],[-2],[4],[17],[-10],[-10],[-8],[22],[10],[-8],[4],[13],[-3],[0],[20],[8],[-6],[-3],[-7],[-10],[6],[0],[-5],[24],[11],[-8],[-8],[-3],[-6],[27],[-6],[0],[26],[11],[-5],[2],[-13],[4],[13],[3],[-11],[20],[9],[-5],[-6],[18],[-3],[8],[-6],[9],[20],[4],[2],[25],[2],[-12],[9],[11],[0],[24],[8],[-6],[3],[3],[20],[3],[-14],[16],[15],[-6],[14],[-6],[0],[-5],[18],[4],[4],[7],[-9],[16],[21],[1],[7],[17],[4],[2],[-4],[14],[25],[4],[1],[33],[15],[0],[24],[7],[-6],[11],[20],[6],[1],[30],[7],[0],[20],[-6],[25],[13],[1],[3],[12],[-3],[0],[21],[7],[-6],[29],[-3],[-11],[18],[16],[4],[-12],[26],[-11],[-5],[13],[-5],[12],[20],[-3],[26],[3],[3],[32],[0],[19],[-4],[26],[20],[3],[12],[-6],[11],[21],[1],[19],[-4],[11],[22],[4],[5],[25],[3],[13],[-3],[9],[20],[5],[6],[25],[3],[0],[28],[12],[-4],[0],[17],[2],[3],[6],[0],[33],[2],[12],[25],[12],[-5],[24],[22],[2],[1],[11],[24],[14],[2],[5],[26],[11],[-5],[11],[25],[12],[-4],[16],[22],[11],[1],[27],[12],[-3],[15],[26],[8],[2],[26],[13],[-5],[30],[19],[4],[6],[34],[17],[-4],[1],[12],[22],[8],[-6],[20],[14],[4],[20],[5],[8],[28],[3],[2],[0],[1],[26],[17],[4],[5],[30],[8],[8],[5],[30],[17],[3],[3],[3],[16],[1],[12],[25],[16],[3],[12],[0],[22],[10],[-5],[2],[1],[17],[18],[5],[6],[35],[20],[6],[8],[34],[21],[8],[31],[16],[5],[18],[29],[15],[4],[18],[26],[9],[10],[38],[23],[8],[7],[30],[18],[5],[9],[2],[3],[14],[1],[5],[6],[29],[14],[2],[16],[27],[14],[-3],[32],[21],[7],[4],[30],[18],[7],[8],[1],[18],[1],[4],[15],[1],[31],[0],[-3],[4],[26],[16],[3],[9],[5],[32],[10],[-4],[33],[24],[8],[8],[33],[19],[-4],[16],[23],[10],[0],[29],[23],[10],[1],[3],[20],[4],[2],[25],[10],[-4],[29],[-4],[2],[0],[3],[-3],[17],[2],[2],[12],[-4],[30],[20],[7],[0],[27],[21],[3],[7],[34],[16],[4],[0],[22],[3],[17],[2],[19],[28],[13],[0],[15],[24],[10],[-4],[3],[1],[8],[28],[14],[2],[34],[21],[8],[9],[33],[24],[9],[9],[3],[17],[1],[12],[0],[-3],[4],[2],[0],[1],[27],[13],[0],[26],[11],[-5],[16],[0],[7],[10],[26],[4],[2],[33],[13],[-4],[12],[16],[-7],[23],[9],[-6],[24],[0],[1],[26],[3],[29],[-3],[-4],[5],[2],[32],[-4],[11],[22],[2],[3],[2],[2],[5],[1],[15],[20],[1],[-4],[22],[9],[-6],[-5],[-5],[2],[26],[2],[17],[3],[4],[23],[6],[0],[32],[19],[3],[5],[26],[13],[-3],[17],[5],[3],[29],[2],[0],[0],[4],[0],[1],[18],[2],[19],[4],[0],[-4],[-4],[-4],[8],[8],[-3],[23],[8],[-9],[24],[18],[1],[2],[0],[-4],[20],[-4],[10],[-7],[0],[23],[4],[-12],[26],[18],[-6],[11],[-7],[-10],[-4],[-6],[1],[0],[-5],[4],[-12],[26],[5],[-7],[9],[17],[-3],[-13],[16],[15],[3],[-7],[20],[17],[3],[0],[26],[15],[1],[-6],[19],[8],[-7],[10],[17],[4],[0],[-9],[21],[16],[0],[0],[0],[-3],[27],[10],[0],[0],[14],[-5],[-5],[25],[15],[1],[0],[24],[11],[3],[2],[16],[-3],[4],[23],[11],[1],[12],[1],[24],[0],[26],[11],[0],[16],[26],[2],[14],[-6],[19],[25],[10],[0],[29],[14],[2],[12],[24],[14],[2],[16],[29],[4],[4],[3],[6],[34],[10],[-7],[26],[12],[-5],[10],[19],[-4],[-4],[-3],[9],[0],[28],[24],[8],[7],[34],[15],[0],[1],[3],[3],[29],[4],[11],[0],[32],[2],[3],[22],[7],[2],[32],[16],[2],[2],[32],[18],[6],[16],[28],[13],[1],[32],[1],[26],[3],[27],[12],[1],[18],[3],[25],[5],[19],[8],[8],[26],[11],[0],[17],[6],[3],[20],[25],[10],[0],[5],[2],[3],[9],[6],[31],[-3],[12],[25],[1],[0],[1],[7],[27],[5],[3],[18],[2],[20],[23],[-4],[-4],[25],[12],[3],[-3],[24],[10],[-7],[20],[20],[0],[2],[9],[5],[29],[17],[-5],[-4],[30],[17],[0],[31],[13],[1],[2],[22],[6],[4],[30],[2],[0],[32],[20],[3],[16],[29],[2],[3],[3],[25],[6],[4],[3],[3],[30],[9],[10],[5],[27],[10],[1],[16],[2],[-4],[12],[-6],[21],[23],[11],[2],[0],[2],[15],[-4],[20],[22],[6],[-10],[16],[12],[1],[1],[2],[25],[9],[-5],[6],[-7],[-3],[23],[10],[-4],[3],[6],[8],[8],[36],[4],[3],[5],[4],[21],[6],[8],[33],[1],[5],[23],[10],[5],[29],[1],[2],[29],[17],[3],[17],[25],[8],[-6],[27],[12],[0],[12],[-4],[4],[22],[6],[-5],[3],[1],[3],[2],[8],[-11],[31],[1],[3],[2],[2],[27],[5],[5],[5],[26],[8],[-7],[32],[18],[2],[4],[3],[27],[4],[3],[4],[3],[-3],[12],[-8],[24],[8],[-7],[11],[21],[9],[-3],[2],[3],[3],[27],[10],[2],[29],[14],[1],[7],[9],[6],[32],[21],[6],[7],[31],[19],[5],[8],[32],[15],[1],[2],[0],[30],[3],[29],[14],[0],[33],[12],[-10],[32],[17],[-3],[-3],[2],[21],[11],[-4],[16],[4],[3],[1],[18],[-4],[13],[20],[10],[-6],[12],[22],[8],[-7],[-5],[-4],[24],[6],[-7],[20],[21],[10],[-7],[-4],[14],[-7],[0],[-3],[-6],[12],[10],[-3],[12],[21],[8],[-8],[8],[-9],[2],[18],[1],[2],[27],[14],[-3],[0],[27],[14],[2],[1],[0],[3],[2],[23],[7],[-4],[33],[14],[1],[2],[-4],[-4],[2],[1],[26],[14],[2],[2],[29],[0],[16],[19],[1],[24],[13],[-6],[-4],[0],[26],[0],[14],[2],[2],[25],[11],[0],[1],[-5],[18],[23],[5],[32],[14],[0],[0],[11],[-4],[4],[20],[8],[3],[-4],[25],[15],[-4],[0],[8],[-12],[10],[19],[1],[3],[25],[13],[-5],[11],[-3],[0],[22],[0],[-8],[21],[-5],[8],[0],[1],[26],[4],[2],[28],[1],[25],[11],[1],[32],[15],[-11],[24],[18],[5],[4],[32],[1],[27],[1],[1],[-4],[13],[-5],[14],[-8],[8],[-8],[24],[8],[-3],[2],[0],[26],[4],[3],[26],[15],[3],[4],[32],[12],[-6],[24],[22],[9],[9],[32],[20],[9],[10],[34],[16],[-5],[2],[3],[3],[2],[26],[11],[-5],[0],[25],[9],[-9],[4],[15],[2],[-11],[23],[-6],[-6],[10],[18],[-5],[4],[24],[11],[-7],[-5],[-6],[-7],[-5],[-3],[0],[30],[9],[-5],[16],[21],[3],[2],[3],[-4],[12],[13],[2],[27],[-8],[18],[19],[-3],[24],[4],[2],[25],[17],[-4],[11],[20],[-5],[-3],[21],[4],[-12],[10],[-8],[14],[2],[-3],[23],[9],[-5],[26],[-6],[1],[-6],[13],[-3],[12],[20],[1],[3],[20],[5],[1],[21],[8],[-6],[8],[22],[11],[1],[28],[0],[20],[18],[0],[-3],[13],[1],[5],[32],[13],[-6],[0],[24],[-4],[0],[22],[8],[-6],[11],[-6],[8],[21],[-9],[12],[16],[2],[-11],[-6],[-11],[-6],[-6],[-6],[2],[3],[26],[13],[-4],[13],[25],[0],[0],[-3],[-3],[12],[-8],[16],[21],[3],[25],[9],[-4],[25],[1],[-4],[11],[20],[5],[-12],[-6],[-12],[18],[16],[1],[1],[25],[9],[-5],[-5],[25],[5],[-6],[28],[3],[0],[1],[1],[1],[30],[16],[2],[1],[30],[10],[-4],[22],[-4],[1],[29],[11],[2],[36],[2],[2],[14],[-3],[16],[10],[-5],[14],[20],[6],[-9],[-3],[-5],[19],[-4],[0],[25],[-4],[1],[-5],[27],[15],[1],[1],[1],[27],[11],[-6],[28],[-6],[11],[19],[-5],[0],[17],[3],[0],[25],[9],[-7],[-3],[28],[12],[2],[26],[8],[-5],[0],[10],[0],[32],[-4],[-5],[-5],[4],[3],[22],[7],[-5],[0],[-4],[9],[12],[-5],[3],[-5],[14],[2],[14],[2],[26],[-3],[4],[-5],[12],[-3],[-3],[23],[9],[-5],[2],[4],[0],[29],[4],[5],[19],[-4],[20],[2],[-11],[18],[18],[4],[2],[27],[1],[0],[25],[14],[1],[4],[28],[12],[1],[3],[-6],[11],[-6],[0],[18],[3],[3],[2],[26],[14],[-4],[1],[27],[14],[1],[1],[27],[10],[-5],[1],[3],[29],[10],[-9],[12],[-5],[17],[3],[1],[27],[16],[3],[4],[3],[28],[13],[2],[8],[29],[11],[-5],[9],[8],[-12],[18],[19],[5],[6],[10],[-5],[11],[-4],[18],[-3],[16],[-4],[10],[-5],[11],[-6],[3],[30],[14],[-5],[-3],[16],[0],[-5],[21],[11],[-4],[1],[26],[9],[-4],[27],[11],[-6],[12],[22],[4],[7],[26],[-2],[4],[22],[11],[-3],[31],[16],[-6],[16],[2],[1],[27],[11],[-8],[24],[0],[1],[29],[13],[-7],[20],[19],[-4],[-4],[30],[-5],[0],[-5],[14],[14],[-3],[1],[27],[12],[2],[2],[19],[4],[5],[24],[8],[9],[3],[20],[-3],[22],[7],[4],[32],[0],[27],[7],[8],[30],[16],[0],[5],[5],[1],[37],[14],[-3],[27],[13],[3],[12],[-3],[17],[28],[12],[-5],[16],[17],[3],[3],[33],[17],[3],[8],[26],[7],[9],[34],[12],[12],[14],[3],[12],[28],[17],[4],[19],[8],[6],[33],[19],[5],[2],[3],[4],[20],[1],[18],[21],[0],[16],[25],[12],[0],[9],[10],[3],[4],[4],[20],[5],[8],[8],[30],[14],[3],[33],[19],[2],[22],[3],[4],[8],[6],[34],[18],[-4],[18],[20],[6],[0],[3],[17],[5],[7],[8],[9],[11],[9],[35],[11],[10],[38],[16],[3],[23],[6],[6],[24],[2],[6],[0],[6],[-10],[9],[24],[4],[5],[24],[5],[0],[27],[0],[17],[2],[2],[28],[10],[8],[34],[18],[4],[3],[30],[17],[3],[4],[29],[19],[9],[23],[4],[8],[29],[5],[31],[17],[5],[5],[31],[15],[1],[12],[0],[-2],[17],[25],[2],[4],[1],[-5],[24],[21],[6],[0],[28],[19],[5],[4],[26],[13],[-3],[16],[1],[27],[12],[-4],[-5],[10],[-7],[9],[-5],[5],[-8],[-5],[30],[14],[-3],[1],[26],[11],[-6],[14],[0],[0],[25],[11],[-6],[0],[28],[17],[5],[4],[0],[-7],[18],[11],[-7],[4],[20],[9],[-10],[12],[20],[5],[-8],[-5],[4],[-10],[20],[15],[-4],[17],[3],[2],[26],[14],[-4],[0],[27],[9],[-7],[13],[0],[25],[12],[1],[4],[24],[12],[-5],[12],[20],[6],[-7],[20],[18],[5],[4],[29],[-3],[29],[12],[-4],[0],[1],[-4],[0],[1],[14],[-5],[2],[25],[9],[-5],[13],[20],[5],[-8],[20],[2],[-11],[22],[1],[-15],[22],[-11],[-6],[0],[25],[0],[0],[22],[-7],[27],[0],[24],[9],[-5],[29],[11],[-4],[4],[22],[9],[1],[15],[-3],[-6],[22],[-3],[-8],[24],[12],[-7],[6],[-6],[9],[20],[-6],[-6],[-6],[-4],[19],[2],[1],[19],[6],[-10],[25],[-8],[-7],[-4],[-5],[-6],[3],[26],[3],[0],[26],[14],[4],[4],[5],[-12],[26],[12],[-8],[24],[-4],[26],[10],[-4],[9],[-10],[6],[19],[3],[-11],[16],[20],[5],[-8],[0],[-5],[-4],[-5],[5],[0],[28],[11],[-13],[28],[11],[-4],[-5],[18],[5],[-6],[-5],[15],[17],[0],[3],[-7],[-4],[22],[5],[-13],[24],[-6],[-3],[0],[20],[0],[-3],[9],[-10],[16],[17],[5],[-10],[20],[15],[3],[2],[28],[13],[-3],[-6],[25],[4],[-11],[28],[18],[5],[3],[28],[14],[-4],[-5],[23],[2],[-12],[2],[16],[2],[-8],[26],[5],[-11],[26],[5],[0],[-11],[6],[-7],[-7],[6],[-11],[-8],[19],[-3],[-12],[-10],[9],[-11],[-8],[20],[5],[-7],[28],[9],[-5],[-6],[10],[-11],[2],[14],[-5],[-16],[21],[11],[-7],[17],[-5],[-7],[5],[9],[-7],[-6],[18],[-2],[-13],[21],[2],[-14],[3],[14],[4],[-12],[8],[14],[-3],[-12],[21],[17],[-3],[-6],[9],[-6],[-7],[19],[-10],[-3],[-3],[24],[3],[-13],[5],[16],[3],[-12],[9],[17],[-5],[-6],[20],[2],[0],[22],[5],[-10],[2],[17],[5],[-12],[22],[6],[-10],[7],[-8],[-8],[13],[-3],[-4],[24],[5],[-10],[21],[6],[-7],[-7],[-10],[-9],[11],[20],[0],[-4],[16],[-12],[10],[-7],[-11],[18],[2],[-10],[16],[17],[5],[-12],[21],[17],[2],[0],[25],[-8],[-3],[1],[25],[0],[0],[24],[14],[-7],[31],[19],[-4],[21],[8],[-7],[28],[19],[5],[0],[12],[-4],[24],[17],[0],[12],[24],[11],[-4],[1],[27],[-3],[-5],[32],[25],[11],[9],[12],[10],[6],[31],[13],[1],[12],[22],[-5],[24],[22],[6],[2],[28],[13],[0],[16],[27],[1],[8],[4],[34],[18],[5],[6],[4],[25],[11],[14],[33],[14],[-6],[34],[3],[2],[15],[0],[4],[22],[-8],[20],[18],[1],[15],[4],[4],[3],[35],[19],[1],[17],[27],[16],[0],[36],[18],[0],[20],[20],[5],[26],[-5],[0],[10],[0],[34],[2],[6],[36],[16],[3],[5],[7],[19],[6],[35],[18],[4],[4],[22],[4],[8],[27],[5],[1],[33],[14],[-4],[26],[-3],[12],[19],[-4],[0],[1],[32],[2],[10],[5],[3],[20],[-4],[12],[0],[20],[9],[-7],[0],[4],[9],[23],[0],[0],[27],[9],[0],[5],[-4],[34],[0],[3],[2],[26],[11],[-4],[10],[19],[6],[9],[27],[7],[8],[4],[18],[-4],[4],[29],[16],[5],[30],[17],[2],[-3],[8],[24],[4],[11],[-5],[17],[25],[16],[4],[17],[28],[13],[-4],[25],[9],[-5],[25],[3],[3],[6],[1],[3],[7],[6],[12],[8],[30],[18],[-4],[2],[18],[3],[2],[0],[-4],[19],[24],[3],[9],[4],[14],[6],[24],[21],[-8],[12],[18],[1],[13],[-3],[16],[-3],[-4],[16],[15],[1],[4],[23],[10],[0],[24],[28],[0],[29],[-4],[4],[25],[5],[-5],[-6],[4],[-8],[24],[19],[5],[3],[30],[12],[0],[33],[14],[-3],[2],[19],[6],[7],[1],[3],[-7],[-8],[24],[6],[-7],[-5],[15],[-5],[1],[26],[4],[-6],[-5],[18],[7],[8],[29],[11],[-4],[12],[20],[2],[-12],[24],[-15],[4],[16],[-6],[1],[-6],[16],[26],[3],[5],[29],[19],[2],[5],[1],[30],[1],[-5],[-8],[12],[-12],[17],[-10],[-12],[5],[12],[-11],[18],[13],[1],[2],[1],[1],[-4],[-6],[25],[8],[-10],[8],[5],[-14],[3],[-12],[-12],[-8],[26],[19],[1],[12],[28],[4],[24],[5],[5],[2],[-6],[-4],[-5],[14],[3],[3],[4],[5],[1],[29],[12],[0],[16],[24],[2],[5],[29],[8],[-6],[6],[17],[2],[-7],[26],[-3],[0],[25],[-12],[18],[-13],[10],[-8],[29],[2],[14],[5],[6],[29],[24],[-5],[10],[25],[2],[2],[-5],[0],[25],[8],[-9],[0],[18],[9],[0],[11],[-4],[8],[6],[5],[6],[4],[24],[14],[-5],[29],[19],[0],[3],[28],[-8],[1],[-11],[13],[-4],[19],[5],[0],[27],[25],[3],[1],[35],[9],[-3],[-2],[4],[23],[1],[19],[7],[-7],[9],[-4],[-13],[19],[-7],[-4],[29],[11],[6],[0],[16],[26],[3],[2],[21],[0],[1],[16],[25],[0],[-11],[-8],[-5],[-5],[0],[-6],[2],[-6],[17],[2],[4],[0],[-6],[-5],[0],[26],[11],[4],[4],[28],[4],[1],[0],[17],[-5],[-8],[10],[-3],[29],[19],[-4],[24],[-4],[0],[4],[3],[4],[36],[2],[19],[0],[21],[13],[-7],[-8],[24],[20],[6],[1],[40],[23],[5],[5],[-6],[-5],[-7],[-13],[14],[-12],[4],[-10],[13],[4],[-15],[10],[5],[21],[14],[-6],[47],[12],[-9],[20],[-9],[3],[-8],[8],[18],[-26],[9],[-8],[21],[19],[-21],[24],[-11],[-15],[1],[-10],[16],[-3],[-7],[27],[-8],[4],[30],[-7],[9],[0],[32],[24],[-5],[-2],[5],[26],[16],[-11],[0],[12],[-7],[12],[32],[19],[1],[-8],[-9],[-7],[-7],[2],[9],[21],[4],[2],[32],[10],[-14],[-6],[24],[22],[2],[15],[4],[0],[6],[4],[0],[5],[22],[5],[-6],[18],[17],[16],[26],[19],[-10],[-20],[12],[13],[12],[-3],[-22],[8],[11],[-5],[5],[27],[14],[38],[33],[58],[45],[38],[49],[47],[10],[-7],[11],[-26],[-29],[-13],[-28],[-28],[-10],[-22],[-17],[13],[1],[10],[44],[11],[13],[19],[17],[2],[-29],[-16],[-13],[-54],[-24],[-61],[-77],[-44],[-56],[-52],[-42],[-35],[-35],[-35],[-32],[-33],[-23],[26],[17],[18],[44],[32],[42],[61],[53],[26],[18],[12],[19],[11],[11],[35],[19],[2],[3],[5],[40],[26],[13],[33],[39],[81],[75],[61],[81],[74],[50],[25],[34],[34],[5],[0],[20],[-5],[5],[9],[30],[2],[20],[9],[16],[52],[28],[17],[41],[29],[4],[6],[14],[-18],[-21],[-35],[-26],[-30],[-3],[-14],[-20],[9],[-27],[-8],[-22],[-55],[-55],[-50],[-76],[-82],[-100],[-95],[-115],[-115],[-122],[-138],[-151],[-176],[-199],[-243],[-272],[-170],[190],[292],[385],[440],[382],[351],[76],[12],[126],[-27],[-264],[-283],[-195],[-138],[-250],[-235],[-94],[-132],[-184],[-66],[122],[240],[244],[268],[349],[328],[242],[216],[113],[-35],[-157],[-211],[-204],[-225],[-198],[-99],[-114],[-104],[-40],[30],[105],[104],[133],[214],[239],[218],[245],[290],[218],[94],[11],[-23],[-74],[-144],[-145],[-128],[-73],[-47],[2],[56],[128],[128],[98],[104],[112],[129],[112],[121],[33],[20],[-40],[-101],[-138],[-155],[-112],[-106],[-95],[0],[48],[78],[109],[91],[91],[80],[30],[-4],[-13],[-66],[-93],[-110],[-144],[-123],[-168],[-133],[-129],[-118],[-72],[-27],[-26],[-6],[18],[-19],[-32],[-59],[-99],[-133],[-179],[-182],[-141],[-93],[-10],[45],[70],[115],[120],[114],[128],[146],[111],[50],[46],[37],[1],[32],[14],[-23],[-41],[-90],[-111],[-108],[-103],[-37],[-20],[-22],[16],[73],[47],[62],[9],[8],[-31],[-53],[-11],[83],[164],[125],[157],[115],[91],[50],[-21],[-20],[-27],[-62],[-60],[0],[89],[81],[66],[100],[91],[81],[114],[139],[182],[159],[179],[150],[117],[96],[48],[15],[-22],[-33],[-24],[7],[30],[46],[52],[65],[29],[48],[29],[40],[30],[7],[32],[-14],[-3],[-34],[-64],[-95],[-99],[-114],[-108],[-74],[-35],[-42],[-40],[-45],[-61],[-108],[-144],[-160],[-204],[-255],[-278],[-266],[-321],[-326],[-311],[-334],[-318],[-239],[92],[513],[597],[617],[594],[566],[409],[46],[-30],[39],[-219],[-478],[-511],[-306],[-240],[-352],[-321],[-93],[-96],[-112],[105],[374],[500],[400],[418],[553],[473],[205],[89],[24],[-178],[-416],[-454],[-315],[-267],[-306],[-216],[-94],[-34],[21],[145],[245],[254],[281],[349],[389],[333],[268],[226],[148],[-56],[-224],[-230],[-251],[-288],[-284],[-184],[-91],[0],[67],[188],[221],[203],[237],[252],[256],[233],[195],[186],[84],[-6],[-116],[-176],[-261],[-318],[-305],[-266],[-213],[-72],[59],[118],[140],[205],[259],[220],[198],[190],[157],[88],[28],[-21],[-64],[-101],[-111],[-141],[-157],[-124],[-77],[-38],[35],[81],[136],[178],[161],[204],[178],[152],[148],[106],[52],[5],[1],[-28],[-28],[-10],[-44],[-21],[53],[59],[56],[99],[118],[111],[84],[85],[30],[-15],[-30],[-96],[-141],[-160],[-158],[-198],[-201],[-163],[-154],[-147],[-129],[-115],[-92],[-103],[-102],[-96],[-87],[-145],[-216],[-242],[-280],[-284],[-217],[-130],[69],[333],[482],[500],[451],[379],[248],[80],[-109],[-146],[-206],[-331],[-365],[-301],[-164],[-165],[-184],[-51],[22],[31],[121],[287],[410],[427],[365],[376],[364],[155],[-38],[-142],[-251],[-353],[-419],[-349],[-213],[-168],[-114],[17],[66],[85],[148],[188],[202],[186],[206],[273],[239],[177],[130],[22],[-106],[-216],[-270],[-246],[-231],[-178],[-65],[56],[174],[216],[246],[255],[238],[163],[131],[154],[107],[77],[75],[9],[-39],[-130],[-182],[-193],[-164],[-113],[-15],[98],[230],[264],[351],[340],[308],[257],[136],[80],[-3],[-63],[-125],[-148],[-130],[-166],[-168],[-129],[-88],[-28],[42],[96],[165],[166],[174],[154],[93],[48],[-37],[-107],[-170],[-214],[-243],[-222],[-225],[-191],[-150],[-108],[-51],[-85],[-95],[-102],[-134],[-201],[-231],[-305],[-348],[-403],[-354],[-178],[128],[492],[595],[581],[590],[463],[283],[64],[-87],[-92],[-267],[-477],[-472],[-365],[-296],[-310],[-261],[-149],[-91],[-48],[123],[377],[485],[431],[433],[500],[432],[178],[9],[-93],[-292],[-472],[-488],[-389],[-298],[-241],[-161],[10],[81],[140],[274],[360],[360],[333],[360],[397],[357],[264],[138],[10],[-149],[-298],[-355],[-358],[-335],[-257],[-117],[-9],[123],[213],[290],[332],[308],[255],[229],[213],[163],[85],[12],[-40],[-159],[-250],[-282],[-275],[-282],[-220],[-70],[57],[208],[308],[395],[467],[381],[317],[252],[114],[51],[-95],[-183],[-207],[-251],[-220],[-205],[-193],[-151],[-88],[7],[76],[172],[224],[208],[192],[151],[74],[-7],[-107],[-158],[-220],[-270],[-267],[-242],[-217],[-149],[-142],[-92],[-71],[-85],[-112],[-144],[-175],[-257],[-344],[-379],[-463],[-391],[-198],[185],[658],[672],[635],[589],[555],[354],[-33],[-93],[-74],[-325],[-531],[-517],[-340],[-301],[-374],[-279],[-55],[-45],[-38],[270],[521],[605],[482],[498],[625],[461],[164],[24],[-94],[-291],[-513],[-559],[-438],[-356],[-360],[-256],[-64],[65],[177],[272],[416],[450],[419],[393],[393],[350],[211],[66],[-76],[-223],[-354],[-410],[-411],[-392],[-307],[-172],[10],[124],[249],[374],[390],[360],[295],[290],[216],[128],[49],[3],[-113],[-195],[-247],[-251],[-198],[-143],[-74],[80],[228],[290],[316],[340],[395],[313],[228],[173],[82],[8],[-59],[-156],[-192],[-203],[-228],[-199],[-156],[-88],[22],[66],[134],[217],[175],[128],[82],[12],[-72],[-144],[-175],[-203],[-198],[-187],[-214],[-203],[-192],[-225],[-247],[-248],[-223],[-246],[-270],[-309],[-397],[-434],[-339],[190],[676],[794],[848],[710],[661],[457],[17],[-128],[-157],[-391],[-631],[-702],[-480],[-336],[-392],[-338],[-116],[-80],[-59],[147],[507],[701],[547],[536],[644],[546],[293],[57],[-64],[-288],[-600],[-692],[-507],[-383],[-381],[-261],[-107],[54],[153],[225],[396],[476],[410],[402],[473],[467],[370],[188],[13],[-158],[-310],[-438],[-427],[-384],[-308],[-242],[-80],[62],[233],[336],[400],[416],[344],[301],[289],[227],[144],[76],[-46],[-159],[-184],[-149],[-138],[-114],[-114],[-61],[96],[142],[206],[312],[338],[296],[244],[160],[114],[25],[-74],[-132],[-132],[-192],[-172],[-139],[-80],[-38],[-34],[-25],[34],[88],[48],[4],[-53],[-106],[-157],[-200],[-176],[-210],[-235],[-250],[-251],[-278],[-299],[-331],[-299],[-213],[-243],[-257],[-322],[-424],[-406],[-130],[473],[808],[813],[786],[741],[696],[255],[-117],[-144],[-270],[-590],[-810],[-637],[-402],[-412],[-393],[-186],[17],[-59],[16],[381],[750],[712],[586],[696],[699],[425],[130],[-3],[-210],[-506],[-751],[-647],[-408],[-324],[-280],[-109],[127],[197],[213],[371],[450],[376],[325],[334],[397],[308],[150],[32],[-107],[-262],[-400],[-441],[-399],[-315],[-196],[-74],[110],[237],[341],[435],[397],[333],[270],[183],[150],[114],[42],[-30],[-84],[-114],[-91],[-120],[-128],[-157],[-103],[40],[132],[204],[283],[330],[281],[244],[145],[94],[-23],[-72],[-61],[-101],[-140],[-154],[-136],[-110],[-87],[-66],[-30],[-22],[34],[102],[64],[-50],[-118],[-197],[-248],[-278],[-300],[-286],[-285],[-286],[-294],[-248],[-277],[-290],[-301],[-314],[-371],[-426],[-240],[346],[713],[887],[928],[812],[758],[442],[48],[-85],[-300],[-544],[-685],[-683],[-487],[-420],[-429],[-260],[-33],[-3],[48],[262],[530],[662],[646],[680],[688],[496],[283],[38],[-187],[-434],[-702],[-719],[-568],[-444],[-348],[-141],[54],[208],[340],[437],[536],[511],[393],[394],[388],[274],[102],[-51],[-196],[-339],[-424],[-435],[-413],[-328],[-175],[-18],[153],[301],[432],[503],[511],[495],[393],[276],[174],[110],[21],[-59],[-144],[-156],[-222],[-235],[-235],[-235],[-148],[-39],[112],[265],[330],[402],[412],[338],[248],[173],[11],[-131],[-221],[-258],[-272],[-257],[-213],[-143],[-99],[-44],[32],[89],[110],[149],[129],[52],[-18],[-108],[-242],[-334],[-402],[-443],[-501],[-464],[-452],[-431],[-433],[-513],[-488],[-376],[32],[554],[854],[1102],[1094],[1022],[896],[426],[106],[-152],[-457],[-733],[-819],[-726],[-587],[-574],[-451],[-221],[-109],[-54],[117],[355],[601],[685],[713],[767],[677],[445],[226],[4],[-263],[-605],[-830],[-783],[-621],[-507],[-320],[-103],[92],[224],[337],[454],[520],[488],[412],[397],[377],[339],[163],[-13],[-156],[-341],[-502],[-571],[-544],[-427],[-254],[-54],[178],[388],[506],[562],[552],[478],[388],[233],[136],[179],[193],[200],[49],[-82],[-157],[-305],[-390],[-396],[-272],[-133],[16],[246],[476],[536],[486],[442],[336],[153],[-51],[-178],[-205],[-220],[-230],[-179],[-103],[-45],[-23],[-16],[2],[-7],[-18],[-62],[-71],[-86],[-158],[-255],[-278],[-336],[-394],[-466],[-508],[-512],[-538],[-628],[-627],[-536],[-117],[450],[793],[1036],[1029],[982],[810],[404],[70],[-170],[-484],[-701],[-812],[-738],[-590],[-538],[-464],[-192],[-35],[90],[250],[472],[673],[700],[716],[713],[539],[279],[68],[-142],[-324],[-539],[-730],[-688],[-533],[-373],[-174],[9],[159],[257],[356],[532],[580],[511],[413],[368],[287],[164],[-19],[-167],[-293],[-440],[-477],[-468],[-388],[-243],[-101],[88],[265],[432],[512],[580],[538],[500],[385],[236],[104],[28],[3],[-87],[-243],[-295],[-340],[-276],[-216],[-156],[61],[227],[314],[423],[511],[530],[399],[272],[145],[0],[-162],[-290],[-333],[-333],[-359],[-328],[-239],[-100],[5],[82],[195],[255],[245],[154],[76],[-7],[-204],[-389],[-464],[-567],[-656],[-616],[-582],[-581],[-611],[-659],[-530],[-76],[484],[903],[1115],[1047],[1076],[873],[484],[156],[-207],[-512],[-792],[-986],[-849],[-702],[-670],[-530],[-252],[-7],[159],[277],[510],[680],[694],[712],[710],[564],[327],[74],[-131],[-302],[-580],[-798],[-807],[-700],[-503],[-275],[-35],[228],[423],[522],[662],[693],[569],[434],[295],[216],[82],[-99],[-236],[-357],[-443],[-494],[-471],[-360],[-277],[-165],[105],[345],[521],[651],[730],[683],[637],[431],[224],[70],[-76],[-184],[-328],[-419],[-462],[-424],[-328],[-216],[14],[193],[336],[451],[506],[533],[451],[321],[174],[66],[-84],[-230],[-293],[-291],[-327],[-341],[-270],[-175],[-72],[25],[136],[240],[260],[218],[143],[-12],[-179],[-330],[-487],[-552],[-621],[-635],[-567],[-531],[-539],[-580],[-520],[-36],[600],[931],[1142],[1136],[1169],[947],[483],[148],[-188],[-581],[-886],[-1038],[-918],[-800],[-782],[-593],[-290],[-59],[118],[314],[517],[758],[865],[883],[881],[673],[345],[27],[-245],[-482],[-769],[-991],[-958],[-815],[-593],[-318],[-37],[260],[388],[482],[684],[728],[628],[516],[420],[331],[170],[-21],[-209],[-377],[-512],[-566],[-512],[-413],[-276],[-103],[164],[378],[547],[660],[715],[664],[600],[438],[251],[64],[-61],[-198],[-309],[-351],[-421],[-405],[-347],[-213],[-27],[167],[342],[473],[521],[537],[449],[284],[148],[-27],[-191],[-289],[-374],[-379],[-336],[-302],[-236],[-136],[-25],[67],[164],[181],[207],[186],[122],[-20],[-181],[-324],[-468],[-591],[-604],[-629],[-599],[-564],[-596],[-513],[-156],[403],[767],[1016],[1133],[1152],[1121],[685],[278],[23],[-388],[-791],[-1028],[-950],[-811],[-773],[-646],[-270],[14],[122],[249],[449],[624],[623],[609],[672],[597],[330],[44],[-155],[-336],[-599],[-879],[-869],[-743],[-611],[-381],[-69],[250],[427],[513],[676],[717],[589],[366],[222],[133],[-48],[-224],[-318],[-388],[-501],[-513],[-400],[-269],[-160],[6],[288],[550],[689],[775],[882],[778],[594],[399],[102],[-83],[-167],[-339],[-423],[-459],[-499],[-415],[-360],[-168],[19],[171],[372],[506],[651],[671],[592],[460],[224],[21],[-211],[-402],[-468],[-436],[-414],[-331],[-200],[-86],[12],[58],[110],[137],[166],[101],[-19],[-109],[-243],[-436],[-556],[-616],[-653],[-647],[-661],[-603],[-455],[-82],[492],[829],[1076],[1168],[1127],[997],[621],[244],[-44],[-434],[-771],[-933],[-885],[-779],[-772],[-629],[-289],[-49],[108],[345],[534],[704],[762],[763],[773],[602],[287],[-60],[-284],[-479],[-743],[-935],[-878],[-696],[-513],[-199],[74],[261],[398],[485],[587],[648],[533],[382],[305],[204],[18],[-189],[-339],[-513],[-652],[-658],[-565],[-415],[-208],[53],[338],[600],[801],[860],[859],[812],[651],[489],[229],[68],[-102],[-326],[-424],[-513],[-520],[-504],[-436],[-233],[-44],[162],[396],[506],[597],[620],[532],[408],[249],[4],[-245],[-403],[-462],[-445],[-407],[-275],[-150],[-38],[54],[130],[143],[124],[115],[33],[-85],[-160],[-276],[-460],[-516],[-602],[-630],[-637],[-711],[-619],[-264],[289],[707],[1006],[1161],[1151],[1037],[717],[381],[61],[-352],[-689],[-853],[-823],[-692],[-676],[-581],[-323],[-45],[122],[272],[456],[562],[592],[672],[731],[615],[354],[84],[-182],[-416],[-626],[-826],[-837],[-718],[-576],[-306],[37],[313],[483],[572],[643],[646],[511],[324],[186],[22],[-131],[-254],[-317],[-418],[-535],[-590],[-525],[-434],[-272],[-92],[160],[436],[636],[838],[870],[890],[733],[483],[292],[113],[-109],[-311],[-493],[-554],[-501],[-425],[-324],[-146],[88],[285],[397],[478],[556],[483],[389],[225],[89],[-32],[-207],[-349],[-399],[-424],[-414],[-332],[-230],[-96],[37],[174],[296],[314],[238],[104],[-36],[-218],[-436],[-606],[-692],[-751],[-804],[-724],[-611],[-337],[170],[581],[920],[1113],[1135],[1149],[920],[511],[322],[1],[-430],[-715],[-818],[-750],[-774],[-801],[-558],[-280],[-63],[134],[385],[637],[721],[770],[804],[764],[485],[138],[-99],[-314],[-562],[-804],[-823],[-736],[-622],[-412],[-131],[144],[379],[477],[600],[741],[650],[495],[356],[192],[-8],[-190],[-356],[-474],[-572],[-643],[-603],[-475],[-331],[-147],[96],[351],[518],[674],[804],[839],[713],[534],[360],[208],[-51],[-260],[-433],[-587],[-620],[-581],[-418],[-219],[-10],[255],[508],[590],[638],[571],[494],[336],[109],[-86],[-250],[-359],[-446],[-483],[-450],[-373],[-314],[-203],[-53],[90],[213],[248],[234],[193],[76],[-25],[-206],[-388],[-532],[-651],[-773],[-822],[-773],[-484],[101],[499],[826],[1077],[1137],[1101],[805],[465],[292],[-80],[-444],[-565],[-540],[-529],[-584],[-559],[-350],[-192],[-117],[108],[331],[486],[554],[625],[768],[707],[473],[168],[-42],[-307],[-574],[-760],[-756],[-703],[-626],[-368],[-50],[182],[365],[465],[585],[638],[544],[415],[305],[170],[11],[-166],[-286],[-378],[-527],[-575],[-514],[-462],[-328],[-155],[78],[338],[515],[654],[725],[754],[654],[506],[345],[129],[-84],[-289],[-466],[-553],[-579],[-539],[-445],[-223],[-3],[208],[384],[562],[628],[556],[413],[258],[60],[-148],[-324],[-406],[-438],[-428],[-358],[-301],[-206],[-82],[-16],[65],[128],[131],[102],[60],[24],[-29],[-238],[-365],[-513],[-639],[-723],[-820],[-692],[-216],[277],[653],[995],[1114],[1162],[989],[564],[310],[3],[-411],[-659],[-692],[-568],[-474],[-487],[-327],[-56],[36],[140],[289],[474],[569],[552],[656],[692],[502],[215],[-49],[-261],[-490],[-741],[-820],[-703],[-595],[-435],[-140],[161],[362],[457],[511],[603],[573],[440],[296],[201],[49],[-127],[-255],[-370],[-492],[-562],[-527],[-464],[-333],[-130],[72],[320],[525],[678],[785],[713],[589],[418],[183],[22],[-56],[-205],[-300],[-373],[-419],[-376],[-365],[-280],[-134],[41],[273],[413],[530],[603],[501],[320],[118],[-98],[-341],[-506],[-587],[-554],[-466],[-396],[-225],[-75],[28],[94],[146],[150],[116],[43],[-55],[-120],[-200],[-355],[-467],[-544],[-674],[-738],[-724],[-471],[41],[451],[805],[1045],[1164],[1163],[837],[543],[241],[-211],[-542],[-735],[-766],[-707],[-651],[-506],[-238],[-27],[159],[352],[517],[628],[651],[712],[752],[672],[418],[149],[-100],[-339],[-584],[-768],[-770],[-731],[-578],[-284],[-8],[207],[413],[513],[619],[645],[507],[370],[232],[41],[-82],[-230],[-300],[-414],[-493],[-493],[-426],[-322],[-152],[11],[249],[448],[634],[759],[737],[670],[559],[349],[130],[-118],[-299],[-446],[-526],[-500],[-449],[-356],[-244],[-49],[130],[312],[408],[483],[529],[466],[347],[195],[11],[-207],[-406],[-513],[-526],[-531],[-513],[-406],[-253],[-143],[-39],[101],[156],[134],[66],[46],[-44],[-172],[-316],[-368],[-480],[-539],[-616],[-662],[-579],[-294],[174],[530],[857],[969],[1019],[950],[624],[412],[144],[-257],[-540],[-728],[-692],[-618],[-581],[-410],[-132],[60],[217],[372],[539],[650],[641],[676],[729],[542],[253],[0],[-180],[-423],[-651],[-736],[-666],[-578],[-368],[-61],[207],[408],[500],[547],[632],[561],[408],[320],[152],[-52],[-216],[-343],[-428],[-516],[-559],[-491],[-367],[-203],[-28],[219],[461],[606],[737],[832],[777],[649],[482],[297],[70],[-156],[-327],[-468],[-515],[-513],[-458],[-339],[-227],[-47],[165],[334],[459],[522],[520],[445],[298],[152],[-69],[-288],[-416],[-516],[-535],[-496],[-396],[-294],[-175],[-64],[11],[50],[86],[34],[-8],[-60],[-174],[-256],[-312],[-398],[-484],[-582],[-630],[-670],[-584],[-101],[335],[630],[899],[1058],[1098],[861],[530],[281],[-51],[-450],[-655],[-726],[-658],[-616],[-552],[-290],[-51],[81],[258],[443],[582],[645],[656],[722],[668],[463],[199],[-19],[-240],[-494],[-711],[-725],[-647],[-546],[-291],[38],[272],[464],[576],[675],[707],[588],[413],[262],[78],[-107],[-262],[-346],[-461],[-555],[-543],[-468],[-370],[-208],[34],[261],[506],[693],[799],[830],[793],[626],[421],[181],[-93],[-295],[-436],[-492],[-503],[-450],[-324],[-223],[-76],[93],[227],[356],[434],[494],[464],[376],[220],[35],[-165],[-312],[-451],[-510],[-491],[-477],[-390],[-267],[-161],[-66],[10],[26],[17],[38],[13],[-28],[-71],[-257],[-300],[-343],[-456],[-534],[-632],[-639],[-576],[-256],[208],[578],[805],[885],[954],[812],[506],[236],[-18],[-303],[-569],[-669],[-564],[-521],[-513],[-318],[-87],[76],[158],[290],[488],[567],[557],[610],[613],[417],[170],[17],[-147],[-403],[-615],[-685],[-630],[-521],[-331],[-24],[253],[403],[512],[676],[686],[547],[375],[196],[48],[-117],[-267],[-356],[-414],[-477],[-475],[-404],[-296],[-177],[8],[252],[496],[653],[774],[861],[765],[575],[379],[109],[-115],[-295],[-401],[-471],[-501],[-419],[-343],[-196],[-33],[150],[321],[415],[480],[510],[481],[364],[202],[13],[-173],[-309],[-378],[-437],[-453],[-424],[-365],[-284],[-240],[-177],[-114],[-60],[17],[3],[13],[-5],[-60],[-141],[-238],[-300],[-420],[-523],[-635],[-649],[-652],[-332],[237],[541],[766],[840],[923],[819],[446],[158],[-14],[-330],[-605],[-696],[-562],[-461],[-482],[-301],[-15],[94],[146],[273],[446],[602],[544],[562],[617],[450],[165],[-45],[-160],[-384],[-676],[-772],[-648],[-513],[-331],[-57],[218],[425],[528],[693],[740],[597],[424],[236],[76],[-81],[-253],[-335],[-417],[-461],[-462],[-373],[-304],[-174],[28],[219],[468],[625],[731],[795],[741],[602],[450],[181],[-31],[-200],[-319],[-372],[-403],[-394],[-340],[-224],[-79],[59],[214],[303],[366],[406],[411],[345],[181],[28],[-107],[-203],[-293],[-318],[-282],[-269],[-216],[-175],[-143],[-128],[-108],[-140],[-108],[-77],[-94],[-88],[-110],[-126],[-221],[-253],[-331],[-415],[-438],[-553],[-560],[-501],[-334],[153],[576],[833],[908],[872],[870],[517],[141],[-54],[-339],[-573],[-724],[-690],[-547],[-504],[-423],[-111],[82],[185],[319],[488],[700],[686],[617],[632],[469],[160],[-84],[-287],[-459],[-664],[-770],[-671],[-518],[-326],[-75],[172],[401],[511],[600],[702],[654],[458],[259],[70],[-63],[-259],[-416],[-438],[-491],[-506],[-387],[-250],[-75],[128],[317],[527],[656],[748],[760],[697],[571],[400],[134],[-34],[-195],[-294],[-336],[-392],[-372],[-336],[-216],[-34],[139],[281],[415],[486],[492],[426],[344],[134],[-45],[-216],[-317],[-378],[-370],[-317],[-252],[-183],[-134],[-79],[-70],[-34],[-16],[-38],[-41],[-56],[-32],[-52],[-107],[-160],[-257],[-384],[-500],[-502],[-517],[-517],[-518],[-511],[-266],[254],[724],[963],[989],[998],[913],[528],[169],[-115],[-387],[-637],[-877],[-830],[-621],[-507],[-378],[-102],[177],[274],[336],[537],[730],[677],[618],[545],[403],[145],[-107],[-275],[-427],[-676],[-815],[-700],[-495],[-262],[-17],[245],[511],[570],[654],[745],[600],[345],[104],[-50],[-171],[-334],[-429],[-406],[-430],[-413],[-299],[-164],[-7],[149],[327],[556],[626],[670],[689],[686],[541],[294],[116],[-102],[-263],[-316],[-348],[-359],[-362],[-248],[-88],[76],[225],[369],[417],[427],[419],[332],[210],[49],[-79],[-190],[-254],[-258],[-285],[-270],[-213],[-143],[-123],[-71],[6],[8],[35],[24],[47],[-7],[-56],[-98],[-127],[-205],[-319],[-398],[-426],[-440],[-427],[-439],[-513],[-518],[-445],[-86],[440],[925],[1060],[989],[993],[797],[420],[-27],[-306],[-515],[-763],[-874],[-747],[-529],[-386],[-191],[84],[283],[310],[358],[543],[605],[558],[423],[371],[269],[89],[-138],[-312],[-491],[-691],[-730],[-571],[-319],[-126],[110],[402],[555],[619],[642],[586],[419],[129],[-84],[-178],[-258],[-331],[-334],[-282],[-283],[-268],[-160],[-15],[67],[168],[324],[505],[557],[627],[676],[573],[402],[195],[0],[-192],[-361],[-424],[-414],[-379],[-263],[-92],[102],[268],[351],[378],[368],[302],[225],[178],[65],[-50],[-118],[-176],[-220],[-254],[-283],[-259],[-199],[-133],[-51],[67],[113],[128],[139],[82],[27],[-33],[-101],[-172],[-282],[-349],[-415],[-438],[-408],[-371],[-346],[-357],[-390],[-378],[-401],[-261],[104],[658],[971],[970],[957],[868],[612],[184],[-193],[-399],[-610],[-862],[-868],[-661],[-417],[-264],[-101],[165],[299],[262],[359],[563],[590],[447],[381],[367],[211],[-18],[-221],[-349],[-513],[-647],[-637],[-434],[-221],[-72],[157],[389],[460],[436],[442],[409],[248],[66],[-16],[-21],[-82],[-167],[-207],[-190],[-255],[-260],[-174],[-62],[30],[156],[354],[492],[550],[605],[587],[473],[288],[59],[-125],[-288],[-355],[-337],[-277],[-220],[-90],[34],[173],[219],[216],[195],[198],[141],[96],[90],[20],[-71],[-109],[-136],[-176],[-180],[-188],[-140],[-38],[31],[73],[118],[176],[173],[105],[44],[-8],[-122],[-188],[-229],[-284],[-375],[-438],[-405],[-348],[-261],[-187],[-150],[-105],[-165],[-262],[-337],[-210],[26],[511],[822],[878],[920],[718],[521],[143],[-254],[-395],[-607],[-791],[-819],[-643],[-371],[-239],[-71],[161],[246],[261],[333],[482],[590],[472],[363],[393],[256],[58],[-101],[-257],[-466],[-647],[-647],[-506],[-364],[-207],[1],[209],[419],[484],[532],[593],[449],[265],[156],[36],[-103],[-215],[-240],[-291],[-343],[-327],[-257],[-145],[-7],[187],[323],[451],[573],[599],[561],[467],[300],[74],[-103],[-200],[-225],[-230],[-252],[-227],[-148],[-39],[-10],[45],[72],[100],[101],[102],[124],[128],[99],[90],[16],[-50],[-100],[-125],[-110],[-91],[-22],[35],[66],[94],[129],[83],[5],[-76],[-132],[-196],[-228],[-239],[-267],[-246],[-190],[-143],[-140],[-140],[-100],[-142],[-226],[-262],[-303],[-341],[-357],[-203],[162],[546],[751],[825],[785],[666],[425],[24],[-233],[-354],[-530],[-688],[-677],[-531],[-396],[-301],[-116],[72],[144],[201],[369],[587],[607],[519],[511],[413],[201],[-41],[-245],[-384],[-560],[-650],[-578],[-429],[-291],[-80],[154],[347],[412],[447],[484],[499],[369],[210],[93],[-13],[-197],[-315],[-365],[-394],[-334],[-245],[-110],[63],[206],[346],[468],[473],[483],[412],[344],[208],[58],[-20],[-88],[-166],[-185],[-190],[-250],[-273],[-219],[-131],[-62],[11],[170],[260],[371],[328],[266],[209],[75],[-69],[-139],[-152],[-175],[-138],[-58],[32],[88],[70],[42],[19],[-30],[-69],[-32],[-46],[-13],[23],[49],[18],[-73],[-147],[-253],[-327],[-385],[-312],[-227],[-88],[-26],[4],[30],[-61],[-176],[-283],[-348],[-314],[-179],[156],[412],[557],[684],[617],[475],[235],[-33],[-199],[-402],[-555],[-580],[-526],[-389],[-214],[-66],[85],[161],[168],[210],[278],[294],[252],[283],[341],[302],[203],[114],[-59],[-257],[-419],[-461],[-429],[-332],[-151],[29],[172],[283],[356],[351],[284],[180],[75],[-28],[-54],[-29],[14],[16],[24],[29],[-37],[-43],[-56],[-54],[-35],[32],[153],[226],[262],[284],[277],[167],[13],[-111],[-175],[-185],[-213],[-154],[-103],[-5],[98],[152],[177],[169],[104],[57],[21],[-18],[19],[50],[73],[106],[82],[80],[22],[-12],[-84],[-114],[-92],[-61],[19],[130],[165],[135],[116],[25],[-41],[-122],[-183],[-188],[-150],[-111],[-87],[-42],[10],[10],[-13],[-22],[-37],[-118],[-159],[-219],[-290],[-354],[-388],[-414],[-355],[-205],[52],[330],[531],[645],[624],[528],[415],[105],[-78],[-243],[-450],[-529],[-555],[-450],[-344],[-237],[-69],[49],[82],[170],[224],[336],[352],[338],[357],[276],[218],[85],[-62],[-187],[-338],[-439],[-433],[-360],[-250],[-130],[20],[206],[265],[343],[408],[338],[230],[140],[66],[1],[-55],[-93],[-112],[-128],[-147],[-148],[-77],[-55],[27],[73],[117],[211],[246],[231],[236],[173],[90],[5],[-50],[-58],[-80],[-59],[-67],[-83],[2],[22],[42],[89],[98],[109],[125],[163],[155],[155],[128],[78],[48],[16],[-14],[-44],[-72],[-61],[-76],[-53],[-5],[45],[72],[62],[89],[85],[70],[77],[29],[21],[-39],[-91],[-145],[-161],[-207],[-226],[-205],[-142],[-119],[-83],[-72],[-101],[-131],[-213],[-254],[-355],[-417],[-366],[-239],[-11],[301],[468],[630],[577],[451],[309],[75],[-106],[-234],[-353],[-415],[-426],[-312],[-220],[-185],[-79],[-56],[-50],[64],[141],[246],[312],[374],[403],[330],[236],[159],[-9],[-178],[-327],[-432],[-437],[-376],[-248],[-93],[38],[171],[222],[305],[372],[305],[217],[125],[61],[54],[28],[-20],[-76],[-102],[-128],[-159],[-133],[-78],[-55],[22],[86],[137],[183],[229],[274],[227],[176],[143],[80],[28],[-33],[-88],[-114],[-87],[-87],[-71],[-8],[59],[117],[144],[216],[218],[204],[204],[193],[155],[88],[64],[12],[-66],[-85],[-118],[-63],[44],[91],[137],[168],[168],[164],[152],[86],[13],[-36],[-71],[-98],[-76],[-55],[-71],[-33],[-47],[-52],[-48],[-17],[-36],[-88],[-115],[-144],[-123],[-113],[-158],[-181],[-174],[-228],[-252],[-261],[-291],[-296],[-360],[-321],[-206],[-30],[251],[400],[496],[537],[426],[352],[168],[-50],[-192],[-357],[-445],[-511],[-491],[-355],[-278],[-176],[-40],[41],[139],[208],[314],[378],[333],[306],[282],[190],[85],[-39],[-108],[-210],[-284],[-292],[-284],[-228],[-100],[-16],[90],[182],[292],[325],[288],[254],[176],[80],[64],[-20],[-27],[-66],[-103],[-85],[-100],[-88],[-70],[-16],[38],[112],[187],[261],[348],[344],[289],[211],[130],[26],[-54],[-111],[-154],[-165],[-134],[-88],[-14],[64],[140],[152],[189],[200],[221],[166],[162],[162],[132],[136],[147],[101],[30],[-30],[-82],[-127],[-120],[-81],[-4],[56],[97],[124],[168],[108],[11],[-69],[-123],[-195],[-228],[-210],[-125],[-116],[-76],[-38],[19],[16],[2],[37],[21],[-12],[-43],[-32],[-15],[-58],[-81],[-122],[-139],[-207],[-272],[-311],[-343],[-399],[-386],[-364],[-266],[-93],[30],[243],[340],[389],[378],[297],[221],[76],[-103],[-248],[-325],[-346],[-351],[-272],[-194],[-135],[-62],[49],[108],[131],[170],[179],[184],[172],[189],[164],[132],[99],[-15],[-110],[-178],[-214],[-224],[-175],[-114],[-28],[82],[177],[240],[265],[251],[217],[175],[116],[75],[52],[28],[13],[14],[-13],[-27],[-51],[-79],[-61],[-27],[25],[148],[220],[262],[276],[297],[232],[172],[101],[48],[-5],[-68],[-96],[-64],[-4],[43],[83],[107],[107],[137],[77],[60],[16],[-10],[12],[36],[37],[53],[70],[60],[22],[0],[28],[11],[14],[65],[64],[43],[36],[13],[-34],[-39],[-85],[-120],[-88],[-96],[-102],[-85],[-73],[-53],[-70],[-67],[-46],[-32],[-29],[-21],[20],[-3],[-28],[-58],[-63],[-126],[-209],[-260],[-325],[-349],[-346],[-284],[-226],[-173],[-113],[-106],[-95],[-59],[-88],[-79],[-47],[-34],[24],[129],[165],[202],[198],[137],[34],[-48],[-156],[-175],[-150],[-141],[-96],[11],[83],[121],[130],[146],[99],[49],[57],[67],[76],[98],[148],[145],[120],[104],[45],[-21],[-16],[-10],[24],[59],[49],[95],[127],[131],[144],[178],[181],[141],[100],[93],[128],[99],[72],[69],[86],[74],[75],[109],[85],[106],[65],[46],[74],[84],[44],[26],[36],[-3],[-19],[27],[54],[91],[133],[185],[174],[164],[136],[50],[-16],[-61],[-116],[-116],[-108],[-78],[-31],[49],[49],[107],[120],[83],[42],[49],[14],[-17],[-15],[-21],[-28],[-67],[-122],[-140],[-156],[-177],[-188],[-166],[-122],[-80],[-31],[49],[66],[46],[25],[0],[-3],[-70],[-139],[-134],[-143],[-160],[-138],[-100],[-26],[-13],[-40],[-26],[0],[-31],[-11],[-61],[-93],[-127],[-177],[-206],[-227],[-232],[-175],[-119],[5],[84],[113],[108],[70],[34],[43],[33],[64],[76],[55],[35],[77],[92],[82],[59],[59],[-5],[-24],[-18],[25],[40],[32],[48],[16],[16],[56],[59],[79],[109],[109],[168],[174],[163],[136],[93],[37],[0],[31],[32],[61],[99],[98],[118],[122],[121],[133],[59],[16],[-24],[12],[-5],[-18],[12],[31],[65],[100],[145],[178],[210],[174],[153],[79],[59],[8],[-5],[-20],[-56],[-69],[-15],[-22],[-12],[-8],[5],[-37],[-68],[-63],[-69],[-53],[-51],[-50],[-24],[-15],[-18],[13],[15],[4],[1],[26],[-3],[-17],[-37],[-66],[-94],[-87],[-94],[-96],[-58],[-20],[1],[6],[52],[67],[45],[53],[3],[-29],[-36],[-47],[-76],[-64],[-63],[-90],[-75],[-28],[1],[3],[48],[65],[43],[10],[3],[-9],[-96],[-135],[-165],[-168],[-162],[-161],[-94],[-86],[-97],[-64],[-39],[6],[36],[98],[130],[138],[150],[142],[93],[44],[-38],[-90],[-92],[-79],[-60],[-19],[25],[54],[59],[80],[84],[91],[121],[100],[96],[112],[32],[49],[18],[10],[28],[1],[43],[52],[38],[99],[118],[144],[140],[131],[126],[64],[38],[2],[-74],[-64],[-63],[-45],[5],[4],[54],[34],[74],[51],[21],[33],[34],[22],[29],[17],[24],[4],[-5],[-45],[-69],[-62],[-91],[-83],[-45],[-52],[-14],[-3],[-14],[-7],[-5],[-47],[-47],[2],[10],[37],[59],[61],[43],[34],[-36],[-62],[-22],[-43],[6],[16],[27],[64],[89],[86],[55],[49],[-19],[-10],[-51],[-70],[-35],[-23],[34],[36],[64],[51],[86],[53],[46],[34],[5],[-34],[-13],[-37],[-20],[-6],[-14],[-37],[-44],[-34],[-55],[-48],[-47],[-34],[15],[-11],[2],[12],[31],[15],[-5],[-26],[4],[-27],[-46],[-64],[-36],[-58],[-97],[-61],[-58],[-14],[-5],[7],[32],[-17],[-7],[42],[12],[18],[15],[-20],[-23],[-6],[53],[68],[73],[103],[76],[78],[101],[52],[-15],[-66],[-84],[-30],[-29],[15],[63],[33],[47],[-10],[-8],[8],[-12],[0],[4],[-30],[-35],[-29],[-32],[-46],[-58],[-51],[11],[27],[43],[64],[35],[-5],[-35],[12],[25],[26],[22],[1],[-27],[-46],[-60],[-35],[-38],[-14],[27],[32],[42],[76],[65],[50],[44],[51],[39],[65],[118],[92],[76],[68],[27],[10],[-24],[-54],[-64],[-68],[-66],[-44],[13],[25],[66],[93],[94],[86],[59],[67],[37],[52],[45],[23],[12],[31],[9],[12],[18],[54],[46],[51],[76],[92],[73],[64],[52],[9],[2],[-61],[-75],[-50],[-58],[-44],[-35],[5],[-22],[1],[-4],[17],[-28],[-19],[-48],[-36],[10],[5],[21],[37],[48],[44],[-25],[-52],[-61],[-66],[-81],[-68],[-83],[-64],[-36],[-61],[-91],[-77],[-87],[-64],[-60],[-74],[-39],[43],[63],[125],[128],[155],[94],[44],[41],[28],[4],[-78],[-128],[-117],[-132],[-145],[-42],[-27],[-13],[-22],[-7],[18],[-7],[-45],[-37],[-71],[-37],[6],[35],[102],[120],[163],[143],[125],[134],[65],[43],[20],[-53],[-92],[-90],[-55],[-84],[-46],[-42],[-12],[18],[54],[85],[123],[98],[118],[122],[117],[110],[83],[35],[5],[-26],[-6],[-3],[29],[31],[38],[63],[88],[130],[131],[73],[53],[28],[4],[12],[53],[38],[69],[54],[49],[37],[61],[37],[12],[32],[13],[14],[51],[61],[44],[48],[40],[-14],[-20],[-36],[-36],[-18],[-44],[-5],[6],[-12],[-19],[-40],[-95],[-96],[-95],[-25],[6],[26],[65],[59],[26],[3],[-3],[-34],[-36],[-3],[-10],[34],[21],[12],[1],[19],[-33],[-35],[-32],[-46],[-43],[-61],[-44],[-43],[-61],[-36],[-59],[-51],[-45],[-35],[-29],[-32],[0],[-37],[-22],[14],[1],[13],[60],[51],[46],[16],[-15],[-59],[-76],[-68],[-92],[-94],[-68],[4],[2],[8],[-3],[26],[3],[-14],[33],[38],[77],[73],[102],[56],[49],[4],[-22],[-5],[-39],[3],[12],[40],[96],[99],[107],[115],[142],[108],[86],[121],[96],[68],[59],[56],[21],[12],[38],[18],[42],[16],[49],[36],[29],[77],[85],[80],[85],[107],[93],[116],[86],[46],[36],[11],[-39],[-46],[-26],[-38],[-50],[-38],[3],[-3],[2],[10],[18],[-15],[18],[13],[-8],[-26],[-12],[-3],[-27],[-41],[-45],[-6],[-27],[-41],[-43],[10],[3],[-8],[8],[11],[-19],[-61],[-62],[-29],[-67],[-79],[-64],[-68],[-40],[-24],[-30],[-28],[-42],[-46],[-54],[-45],[-48],[-23],[-39],[-71],[-55],[-54],[-64],[-46],[-58],[-47],[-37],[-25],[-46],[-47],[-8],[-19],[-29],[-38],[0],[5],[-22],[-16],[36],[46],[27],[14],[37],[9],[-30],[-8],[1],[-8],[0],[55],[55],[64],[98],[77],[100],[49],[13],[34],[-6],[-22],[12],[9],[14],[12],[40],[42],[47],[52],[80],[90],[78],[112],[132],[109],[80],[73],[52],[1],[-20],[-51],[-44],[-20],[-10],[20],[34],[60],[89],[77],[100],[88],[49],[43],[65],[63],[49],[45],[42],[16],[14],[-48],[-67],[-56],[-83],[-76],[-55],[2],[-6],[-17],[-8],[20],[-3],[-22],[4],[-14],[-31],[0],[-18],[-33],[-32],[-29],[-71],[-69],[-78],[-51],[-50],[-71],[-60],[-81],[-81],[-77],[-64],[-26],[-32],[-42],[-7],[-40],[-41],[-70],[-62],[-67],[-104],[-67],[-52],[-36],[-13],[-6],[48],[24],[1],[19],[-61],[-60],[-81],[-61],[-12],[-40],[2],[27],[3],[46],[-20],[36],[19],[27],[53],[91],[92],[76],[72],[50],[11],[9],[-24],[-48],[-59],[-39],[-43],[-13],[12],[58],[91],[132],[141],[123],[116],[92],[27],[4],[-14],[-10],[-6],[53],[29],[28],[49],[42],[84],[84],[72],[62],[85],[63],[75],[58],[69],[37],[30],[21],[49],[38],[42],[74],[65],[59],[60],[82],[54],[50],[69],[21],[28],[-5],[-16],[-23],[-16],[27],[17],[17],[53],[35],[10],[8],[16],[-5],[-28],[-22],[-11],[-16],[-9],[-15],[16],[1],[-23],[-27],[-33],[-52],[-59],[-58],[-52],[-55],[-53],[-51],[-41],[-58],[-30],[-54],[-75],[-78],[-68],[-56],[-38],[-18],[-22],[-44],[-31],[-42],[-49],[-22],[-65],[-61],[-50],[-56],[-37],[-29],[-35],[-31],[32],[35],[22],[18],[33],[22],[-17],[-13],[-17],[-28],[-22],[4],[36],[78],[76],[34],[10],[22],[19],[9],[-8],[51],[74],[77],[123],[121],[108],[104],[51],[30],[58],[33],[-5],[12],[8],[31],[46],[38],[39],[56],[47],[15],[57],[64],[69],[102],[121],[108],[101],[107],[57],[33],[27],[-5],[-13],[17],[46],[32],[55],[26],[36],[51],[20],[18],[64],[66],[59],[49],[73],[54],[40],[48],[8],[-4],[-15],[-29],[-8],[11],[12],[20],[33],[17],[4],[2],[-28],[-29],[-66],[-81],[-54],[-58],[-54],[-15],[-18],[-37],[-12],[-26],[-47],[-39],[-46],[-34],[-47],[-24],[-14],[-33],[-17],[-43],[-70],[-84],[-108],[-117],[-106],[-93],[-51],[-47],[-41],[-30],[-10],[-15],[-2],[6],[9],[19],[24],[38],[10],[-35],[-18],[-40],[-69],[-64],[-34],[-18],[-5],[46],[33],[80],[32],[38],[51],[60],[48],[64],[76],[53],[29],[40],[24],[25],[8],[11],[-7],[-10],[26],[40],[42],[62],[76],[83],[76],[100],[67],[28],[-3],[-4],[18],[2],[10],[43],[62],[77],[78],[90],[56],[34],[32],[53],[34],[33],[55],[90],[66],[43],[42],[33],[-6],[-34],[-4],[-3],[39],[38],[41],[56],[75],[36],[-4],[-24],[-19],[-57],[-45],[-48],[-21],[-23],[18],[15],[13],[10],[24],[2],[-14],[16],[29],[3],[-12],[-3],[-39],[-59],[-66],[-66],[-71],[-69],[-46],[-40],[14],[13],[0],[-7],[16],[-12],[-38],[-52],[-52],[-50],[-26],[-37],[-50],[-40],[-26],[-53],[-51],[-40],[-29],[-52],[-36],[-17],[-12],[-17],[-16],[20],[10],[-6],[18],[13],[5],[1],[-14],[22],[46],[42],[22],[17],[20],[45],[21],[19],[62],[68],[64],[59],[73],[34],[21],[5],[-27],[-19],[-3],[27],[25],[56],[91],[83],[66],[58],[66],[72],[46],[30],[55],[50],[98],[88],[68],[60],[67],[19],[-20],[-29],[-23],[-31],[-11],[51],[68],[66],[74],[101],[78],[46],[30],[10],[-10],[-23],[-29],[-19],[-10],[28],[17],[5],[4],[25],[-14],[8],[-10],[-23],[9],[29],[21],[9],[33],[-7],[-37],[-22],[-31],[-44],[-45],[-38],[-8],[-11],[-19],[0],[2],[-36],[-23],[-37],[-35],[1],[-23],[-14],[3],[15],[12],[36],[0],[-35],[-30],[-34],[-43],[-37],[-5],[-19],[-29],[-15],[-6],[-27],[-35],[-29],[-23],[4],[25],[20],[22],[53],[24],[0],[-12],[0],[-5],[-22],[-17],[-5],[8],[31],[32],[69],[53],[30],[26],[51],[37],[17],[16],[26],[1],[12],[29],[18],[19],[40],[31],[38],[72],[47],[51],[62],[30],[21],[51],[38],[20],[40],[19],[11],[21],[27],[14],[53],[31],[9],[16],[39],[34],[25],[30],[75],[71],[54],[45],[51],[11],[-18],[1],[-23],[-8],[19],[43],[74],[49],[22],[28],[10],[-27],[-39],[-14],[-14],[-12],[11],[53],[35],[-3],[-16],[6],[-33],[-37],[-28],[-11],[-9],[-11],[37],[31],[1],[-7],[-30],[-19],[-11],[-28],[-24],[-16],[-13],[-5],[-12],[17],[-28],[-47],[-52],[-55],[-52],[-46],[-35],[-18],[-5],[1],[6],[30],[26],[42],[9],[-19],[0],[-24],[-26],[-16],[5],[20],[12],[9],[44],[25],[-12],[-27],[8],[-11],[-33],[-24],[21],[10],[4],[26],[-11],[-5],[-21],[0],[11],[0],[10],[27],[36],[58],[42],[33],[21],[42],[23],[2],[17],[22],[17],[18],[28],[11],[6],[26],[-12],[27],[30],[22],[26],[35],[66],[46],[31],[39],[48],[59],[35],[40],[35],[12],[11],[-13],[-32],[-35],[-6],[1],[6],[12],[10],[28],[12],[-5],[9],[-15],[-39],[-24],[-18],[-15],[4],[35],[21],[-5],[-19],[-28],[-23],[-23],[-31],[1],[6],[28],[62],[41],[41],[53],[16],[-28],[-24],[-48],[-59],[-39],[-53],[-44],[-15],[-17],[-4],[41],[30],[3],[-11],[-14],[-28],[3],[11],[3],[12],[45],[34],[20],[19],[37],[0],[24],[16],[1],[5],[-7],[2],[19],[-11],[-28],[-14],[-20],[13],[1],[-14],[-7],[3],[34],[31],[27],[35],[63],[45],[29],[16],[-5],[-24],[-29],[1],[-23],[-21],[-12],[-21],[-11],[-5],[-23],[-15],[-8],[9],[-9],[3],[49],[46],[36],[48],[42],[61],[32],[4],[-4],[25],[14],[6],[23],[28],[52],[28],[4],[-6],[13],[-10],[-28],[-22],[10],[-10],[0],[11],[-6],[-13],[17],[5],[-6],[27],[19],[4],[3],[2],[16],[-14],[-32],[0],[20],[8],[-6],[10],[40],[19],[-11],[-15],[4],[-32],[-34],[-35],[-11],[6],[-21],[-15],[9],[-4],[-19],[20],[5],[14],[34],[11],[1],[20],[21],[-7],[7],[-19],[-19],[5],[-11],[-10],[25],[-6],[-10],[8],[14],[-5],[11],[18],[-3],[16],[36],[25],[15],[28],[27],[2],[-11],[1],[0],[0],[26],[18],[24],[37],[16],[12],[34],[18],[-7],[13],[15],[-14],[6],[-6],[0],[27],[8],[1],[31],[16],[6],[34],[-6],[5],[-10],[-12],[-20],[-24],[4],[-11],[17],[41],[36],[19],[38],[9],[-13],[0],[18],[-5],[-14],[13],[-7],[-24],[-26],[-28],[-17],[-46],[-29],[3],[11],[14],[29],[34],[33],[25],[38],[28],[9],[0],[-21],[-3],[-28],[-36],[-10],[-15],[-26],[-21],[14],[1],[51],[16],[41],[24],[9],[4],[21],[-3],[-13],[-16],[2],[0],[-12],[-22],[10],[-18],[-26],[0],[6],[-6],[24],[34],[14],[31],[9],[0],[16],[-3],[-22],[5],[16],[2],[33],[22],[20],[4],[21],[5],[-11],[-8],[-12],[19],[1],[-15],[9],[29],[26],[16],[54],[37],[56],[33],[38],[27],[52],[29],[12],[18],[35],[21],[6],[17],[21],[-10],[-4],[9],[-7],[4],[45],[42],[38],[43],[41],[35],[30],[4],[-12],[2],[-10],[8],[32],[18],[-4],[12],[16],[-7],[-35],[-24],[-10],[-15],[2],[16],[60],[46],[43],[57],[28],[4],[-18],[-20],[6],[-16],[6],[-12],[26],[19],[2],[-5],[17],[-4],[-18],[-15],[13],[4],[12],[34],[19],[11],[40],[4],[13],[-10],[-19],[0],[-17],[-25],[-18],[18],[-6],[9],[1],[28],[17],[-14],[-4],[8],[-3],[-15],[9],[3],[13],[34],[-7],[-15],[3],[10],[2],[8],[44],[34],[13],[19],[34],[7],[-8],[-21],[-12],[18],[1],[-3],[29],[28],[24],[44],[29],[27],[40],[16],[19],[45],[24],[9],[32],[18],[-5],[-11],[17],[17],[14],[24],[44],[37],[80],[70],[46],[33],[46],[17],[-6],[-11],[14],[-18],[-16],[-39],[-14],[-28],[-3],[-8],[-10],[29],[15],[12],[24],[52],[21],[42],[19],[9],[11],[-10],[-24],[0],[-13],[-21],[-22],[10],[-11],[-27],[-19],[8],[-8],[-10],[36],[27],[13],[18],[13],[6],[19],[-22],[-10],[-38],[-36],[8],[8],[5],[5],[5],[12],[8],[-36],[-47],[-44],[-33],[-27],[-8],[10],[34],[13],[4],[18],[-10],[-24],[5],[-7],[-14],[-5],[35],[9],[10],[14],[-7],[20],[-15],[0],[-10],[17],[37],[34],[35],[25],[16],[19],[13],[-29],[-32],[-19],[-26],[4],[-5],[10],[28],[12],[40],[39],[22],[12],[10],[45],[37],[26],[52],[56],[35],[53],[29],[7],[25],[-6],[-34],[-27],[-31],[-30],[8],[5],[10],[16],[-5],[28],[1],[17],[2],[5],[2],[32],[18],[8],[11],[10],[5],[24],[6],[-9],[-10],[19],[10],[3],[2],[23],[11],[1],[8],[18],[-9],[-6],[-13],[-22],[16],[5],[-15],[-30],[5],[-3],[-13],[4],[19],[8],[-9],[13],[-13],[-24],[-28],[-22],[-20],[-6],[0],[1],[4],[15],[-7],[0],[-3],[-21],[-33],[-12],[-4],[-11],[15],[28],[14],[12],[44],[15],[16],[33],[12],[17],[21],[49],[29],[13],[20],[24],[-6],[-27],[8],[-21],[-11],[-7],[1],[21],[44],[31],[19],[46],[25],[17],[38],[9],[38],[19],[-9],[10],[17],[1],[-14],[-10],[17],[5],[10],[34],[22],[4],[7],[27],[16],[23],[30],[11],[-6],[5],[-16],[-15],[-11],[-14],[-6],[27],[21],[9],[21],[25],[3],[-13],[-11],[10],[-14],[-12],[9],[-8],[-17],[19],[5],[-3],[26],[37],[18],[20],[36],[16],[2],[-18],[-26],[0],[-7],[-21],[-32],[-12],[-27],[3],[-14],[-22],[9],[-22],[-16],[-13],[-5],[4],[37],[28],[19],[20],[13],[29],[-6],[-31],[-21],[-31],[-6],[-12],[-19],[0],[10],[-11],[14],[28],[14],[6],[19],[30],[34],[37],[40],[50],[37],[7],[-8],[9],[-19],[-5],[-5],[11],[19],[35],[44],[38],[50],[25],[14],[35],[13],[4],[12],[12],[38],[22],[5],[1],[24],[5],[-10],[1],[28],[18],[21],[33],[14],[25],[6],[32],[33],[12],[22],[5],[18],[30],[11],[8],[31],[16],[-5],[-4],[25],[1],[2],[33],[11],[-11],[22],[17],[1],[-5],[18],[-11],[3],[13],[44],[14],[10],[25],[24],[4],[-20],[-8],[-14],[-31],[-43],[-34],[-27],[-27],[-15],[-8],[17],[6],[-12],[6],[-6],[-9],[-12],[6],[12],[-16],[-21],[-28],[-34],[-37],[-22],[-31],[3],[2],[-13],[-14],[9],[-8],[-27],[14],[-3],[-10],[14],[3],[20],[-3],[-7],[-18],[-24],[8],[5],[1],[11],[45],[29],[29],[49],[11],[21],[23],[-5],[6],[-8],[8],[30],[21],[6],[40],[17],[8],[34],[21],[8],[43],[35],[19],[45],[27],[26],[48],[31],[8],[4],[22],[-11],[-13],[11],[15],[4],[36],[41],[27],[25],[41],[10],[7],[25],[8],[-7],[12],[24],[11],[8],[8],[18],[20],[1],[-14],[-18],[-8],[-15],[24],[10],[1],[5],[23],[-8],[-17],[-28],[5],[-26],[0],[5],[-5],[-3],[27],[-5],[18],[-15],[11],[-5],[-17],[0],[10],[-16],[-14],[20],[-12],[-8],[-6],[13],[-17],[-10],[8],[-6],[0],[31],[4],[5],[2],[0],[-6],[-9],[16],[-20],[-4],[-20],[-29],[12],[14],[7],[18],[46],[33],[20],[13],[30],[0],[-14],[-22],[-23],[-35],[4],[-7],[-21],[-15],[19],[9],[-3],[3],[31],[18],[8],[28],[19],[32],[17],[9],[35],[11],[-8],[-5],[-13],[-16],[-12],[-5],[35],[16],[38],[32],[32],[53],[28],[12],[38],[30],[19],[10],[41],[29],[24],[25],[47],[29],[10],[10],[16],[3],[4],[29],[5],[8],[40],[24],[11],[8],[32],[0],[-16],[-16],[-4],[-21],[-6],[4],[-13],[-11],[1],[-16],[4],[4],[-18],[-15],[-2],[-18],[-21],[15],[10],[1],[5],[26],[9],[-11],[1],[8],[-8],[-17],[9],[21],[11],[16],[5],[8],[-15],[9],[-31],[-31],[-30],[-19],[-3],[20],[14],[44],[32],[17],[12],[28],[3],[14],[-7],[5],[-13],[22],[16],[-2],[-3],[20],[-15],[-14],[-5],[-13],[12],[30],[18],[11],[16],[14],[38],[5],[-7],[6],[-23],[14],[2],[-13],[-8],[35],[19],[9],[10],[20],[27],[6],[2],[2],[10],[3],[16],[38],[17],[11],[14],[10],[41],[12],[11],[14],[14],[12],[17],[16],[26],[10],[32],[33],[15],[24],[13],[14],[43],[14],[18],[36],[25],[8],[25],[-4],[9],[-10],[-8],[8],[-10],[-15],[16],[6],[-7],[8],[-6],[16],[33],[22],[12],[32],[29],[8],[4],[4],[-7],[18],[1],[-15],[-14],[-13],[13],[-3],[1],[27],[5],[-6],[29],[8],[0],[3],[1],[-5],[1],[21],[0],[-19],[-20],[11],[-6],[3],[29],[19],[6],[46],[26],[1],[16],[20],[2],[-19],[2],[13],[1],[2],[30],[16],[0],[8],[-14],[-12],[0],[-18],[12],[19],[14],[9],[40],[30],[16],[5],[5],[1],[25],[14],[3],[9],[37],[23],[28],[24],[48],[28],[3],[9],[-13],[1],[12],[3],[4],[50],[36],[22],[36],[41],[12],[29],[4],[5],[8],[39],[17],[18],[19],[32],[7],[0],[14],[-8],[-20],[-13],[3],[0],[32],[27],[16],[33],[37],[20],[14],[38],[17],[1],[1],[26],[9],[-5],[12],[25],[-4],[-8],[18],[3],[-12],[-11],[24],[10],[-3],[0],[25],[2],[-8],[16],[-7],[0],[5],[-17],[-28],[-12],[10],[1],[-8],[24],[10],[-7],[27],[4],[-15],[-4],[-13],[-5],[-6],[19],[9],[-4],[18],[-5],[0],[24],[2],[25],[4],[37],[14],[-8],[22],[6],[-12],[11],[-7],[-22],[-15],[8],[-15],[8],[21],[0],[6],[8],[33],[5],[15],[-4],[20],[0],[-4],[20],[11],[2],[4],[14],[-7],[11],[3],[34],[26],[14],[18],[19],[43],[32],[15],[12],[27],[8],[-11],[9],[5],[-15],[5],[18],[4],[-7],[10],[1],[15],[0],[12],[27],[14],[4],[32],[28],[9],[8],[34],[13],[-7],[-11],[20],[11],[6],[16],[9],[20],[4],[24],[18],[-8],[2],[5],[-20],[12],[-18],[-11],[-5],[25],[6],[24],[12],[24],[30],[11],[-9],[3],[-4],[-19],[14],[-13],[-14],[13],[1],[-19],[-20],[2],[-15],[-23],[16],[-9],[14],[25],[10],[-5],[-3],[17],[-10],[-16],[17],[1],[-10],[19],[19],[5],[-9],[15],[-5],[-20],[28],[13],[2],[29],[10],[0],[17],[5],[-12],[-13],[10],[-11],[-3],[28],[14],[4],[40],[32],[10],[2],[29],[0],[-7],[10],[16],[-6],[-6],[20],[1],[-6],[-15],[10],[-6],[18],[25],[12],[4],[35],[21],[3],[1],[-8],[-10],[-9],[12],[-4],[-16],[18],[5],[-8],[0],[25],[10],[2],[11],[9],[34],[14],[34],[5],[13],[16],[-5],[-17],[3],[-13],[8],[24],[10],[-7],[18],[-5],[-8],[20],[8],[1],[12],[26],[33],[56],[34],[8],[-6],[12],[-5],[-24],[-18],[16],[6],[1],[24],[29],[7],[2],[0],[-14],[5],[-15],[-7],[-2],[29],[14],[1],[11],[21],[-10],[22],[4],[-7],[12],[29],[22],[13],[18],[12],[15],[0],[16],[-7],[-27],[-8],[9],[-8],[0],[20],[29],[13],[10],[29],[6],[1],[26],[14],[3],[20],[29],[19],[5],[16],[-6],[20],[9],[2],[8],[41],[27],[17],[18],[44],[27],[9],[3],[27],[11],[-13],[-12],[18],[-5],[8],[-5],[5],[24],[9],[13],[25],[8],[36],[15],[-3],[16],[24],[4],[-15],[1],[14],[-7],[-12],[-13],[-4],[8],[-13],[-19],[20],[-5],[5],[35],[1],[-8],[-7],[-10],[-13],[13],[-8],[-20],[-21],[-17],[16],[-7],[-3],[27],[14],[-3],[-5],[9],[-18],[-19],[-11],[-24],[9],[4],[-9],[9],[25],[-3],[14],[-6],[14],[11],[-5],[11],[-3],[17],[32],[18],[2],[16],[22],[3],[3],[-4],[4],[4],[29],[18],[6],[18],[29],[1],[1],[-6],[-5],[-6],[-8],[13],[-7],[-15],[19],[8],[-3],[14],[28],[19],[8],[45],[37],[24],[16],[40],[22],[5],[19],[24],[0],[1],[21],[5],[-16],[17],[16],[5],[9],[39],[24],[6],[1],[18],[25],[9],[2],[28],[15],[0],[0],[16],[-13],[16],[-12],[-16],[8],[-5],[-16],[-14],[-11],[11],[-8],[-10],[-7],[-6],[-9],[11],[-8],[-6],[-8],[20],[11],[0],[-12],[22],[10],[-5],[-6],[16],[-8],[-6],[17],[4],[-14],[3],[5],[-16],[-13],[14],[-12],[-11],[0],[0],[36],[19],[8],[6],[21],[22],[-6],[19],[-10],[12],[13],[-7],[-8],[16],[-13],[-8],[-5],[27],[17],[11],[24],[40],[14],[16],[10],[26],[3],[-16],[2],[-16],[-14],[19],[-3],[3],[29],[20],[11],[14],[37],[24],[8],[24],[31],[13],[-5],[5],[3],[-16],[-16],[16],[6],[-3],[16],[33],[10],[28],[13],[21],[22],[-4],[-7],[-6],[-8],[-11],[-8],[-8],[-5],[-4],[0],[3],[1],[14],[22],[10],[-7],[21],[2],[-4],[24],[19],[-5],[-10],[-14],[5],[-12],[24],[17],[10],[16],[46],[32],[12],[15],[41],[20],[-6],[0],[-3],[16],[1],[-23],[0],[-15],[-13],[-7],[-7],[33],[6],[4],[9],[-8],[16],[19],[5],[1],[17],[1],[-4],[14],[-13],[6],[-12],[0],[17],[-3],[4],[30],[13],[1],[15],[2],[4],[29],[14],[1],[3],[6],[25],[5],[4],[27],[15],[5],[20],[13],[17],[17],[16],[46],[26],[13],[12],[33],[13],[-14],[12],[12],[2],[4],[34],[21],[11],[30],[39],[25],[10],[40],[8],[13],[10],[6],[3],[2],[6],[25],[3],[20],[30],[9],[10],[41],[30],[20],[16],[21],[20],[44],[29],[11],[27],[3],[1],[15],[22],[5],[-8],[-5],[2],[8],[28],[17],[13],[38],[19],[16],[38],[18],[5],[16],[32],[19],[6],[28],[24],[3],[1],[13],[-12],[-8],[-6],[0],[20],[35],[12],[12],[34],[10],[-8],[20],[5],[-15],[17],[20],[5],[5],[27],[11],[-12],[4],[9],[-11],[-7],[24],[2],[9],[11],[12],[28],[10],[-3],[-5],[-4],[1],[8],[11],[12],[27],[4],[32],[21],[2],[-5],[-10],[-8],[3],[9],[35],[19],[11],[35],[18],[17],[41],[28],[12],[10],[37],[18],[3],[25],[8],[21],[3],[4],[27],[16],[4],[41],[13],[8],[12],[12],[9],[33],[9],[19],[33],[17],[0],[22],[3],[-10],[29],[9],[-4],[20],[9],[28],[6],[8],[10],[31],[14],[-4],[11],[11],[-6],[2],[27],[12],[2],[10],[30],[15],[8],[32],[11],[-3],[24],[29],[15],[6],[40],[26],[9],[5],[26],[9],[-19],[13],[9],[-4],[3],[-6],[34],[22],[5],[2],[25],[8],[-11],[-11],[-6],[17],[3],[5],[29],[12],[-3],[-5],[19],[5],[0],[28],[14],[-6],[11],[18],[0],[0],[-7],[12],[10],[-7],[-6],[2],[1],[2],[2],[14],[3],[8],[35],[24],[10],[14],[10],[32],[29],[12],[7],[31],[0],[14],[2],[32],[14],[2],[4],[30],[19],[9],[13],[25],[11],[27],[27],[3],[17],[18],[-6],[-8],[10],[-4],[-4],[-4],[4],[23],[6],[8],[33],[11],[0],[32],[24],[5],[5],[11],[0],[20],[6],[-6],[-7],[-8],[1],[2],[29],[17],[1],[24],[33],[18],[5],[34],[19],[-7],[-10],[-11],[-5],[-8],[21],[12],[-10],[20],[18],[-5],[8],[-11],[-16],[-14],[-16],[12],[-8],[-4],[19],[3],[-12],[26],[16],[2],[0],[-3],[25],[17],[6],[4],[28],[6],[-9],[9],[19],[6],[-7],[11],[-6],[9],[-10],[12],[13],[-8],[-11],[8],[19],[3],[-10],[19],[12],[-7],[-8],[-9],[-23],[8],[1],[-14],[29],[16],[-7],[16],[19],[1],[-7],[-6],[14],[19],[6],[-10],[16],[-11],[-10],[-11],[17],[-8],[-8],[15],[0],[1],[29],[4],[28],[6],[-10],[6],[17],[-4],[8],[-5],[28],[5],[4],[35],[-4],[8],[18],[5],[-10],[-6],[-7],[9],[-8],[20],[18],[4],[35],[23],[3],[9],[-3],[-8],[11],[1],[35],[18],[5],[2],[25],[12],[-9],[18],[-9],[14],[-3],[-14],[4],[-5],[-3],[28],[15],[3],[4],[28],[3],[19],[4],[0],[28],[13],[0],[10],[-8],[0],[20],[-5],[-8],[-7],[-3],[-4],[27],[17],[5],[0],[29],[14],[3],[1],[26],[12],[-4],[0],[9],[-9],[-4],[19],[3],[-8],[8],[-13],[0],[-14],[0],[21],[4],[9],[33],[17],[2],[5],[2],[-3],[-5],[-10],[-13],[5],[-18],[1],[12],[2],[-13],[16],[18],[3],[-7],[28],[11],[-2],[5],[3],[6],[9],[-8],[24],[-11],[-14],[-14],[14],[3],[-10],[32],[25],[14],[14],[43],[29],[15],[9],[6],[1],[22],[7],[-6],[-4],[19],[-6],[-4],[10],[-8],[28],[0],[18],[3],[-8],[-4],[26],[-8],[-7],[1],[3],[29],[11],[-11],[-11],[-13],[-12],[8],[-14],[-17],[-17],[-11],[1],[16],[3],[-9],[-8],[14],[-6],[-6],[26],[12],[-4],[28],[-4],[0],[0],[4],[3],[3],[2],[2],[30],[2],[1],[6],[-5],[-5],[11],[-5],[11],[0],[0],[2],[17],[-3],[3],[28],[19],[7],[7],[32],[15],[5],[6],[1],[20],[-7],[6],[19],[5],[-9],[16],[4],[13],[-4],[24],[24],[10],[8],[36],[5],[10],[7],[33],[13],[-3],[27],[-9],[-8],[1],[4],[32],[3],[9],[7],[29],[17],[1],[20],[24],[6],[2],[32],[15],[-4],[14],[-7],[-7],[24],[8],[0],[2],[16],[3],[4],[-3],[8],[-11],[12],[18],[6],[0],[26],[3],[13],[-8],[-13],[4],[-13],[-12],[-11],[-6],[-8],[19],[-5],[12],[24],[5],[-15],[8],[10],[-10],[-21],[19],[-8],[-6],[-5],[-3],[-6],[27],[12],[-5],[0],[11],[22],[-7],[2],[14],[-5],[0],[-6],[14],[5],[8],[29],[10],[6],[24],[5],[2],[29],[12],[-5],[30],[13],[-7],[28],[11],[0],[-4],[24],[12],[4],[8],[8],[7],[1],[29],[17],[1],[-4],[22],[9],[-7],[8],[-3],[0],[-5],[20],[0],[4],[25],[13],[4],[4],[2],[20],[26],[16],[-3],[20],[19],[-6],[-6],[12],[0],[1],[30],[13],[-11],[8],[18],[5],[-10],[26],[22],[9],[-5],[26],[4],[32],[13],[0],[0],[22],[9],[-5],[-3],[0],[17],[3],[0],[26],[20],[7],[9],[34],[24],[3],[-4],[22],[-9],[28],[11],[-11],[8],[21],[-5],[0],[0],[-8],[-12],[-13],[10],[-7],[-12],[30],[16],[4],[1],[23],[4],[-15],[-4],[-16],[-17],[11],[-8],[3],[-3],[-9],[24],[-5],[17],[-5],[-11],[-5],[-6],[2],[34],[21],[11],[25],[31],[17],[2],[14],[2],[4],[19],[3],[3],[28],[9],[-8],[10],[-6],[0],[3],[2],[34],[21],[1],[32],[20],[0],[34],[21],[4],[2],[26],[-3],[-10],[5],[12],[-7],[-8],[25],[12],[1],[3],[28],[-3],[10],[22],[4],[0],[25],[-7],[22],[8],[-15],[18],[10],[-8],[0],[23],[9],[-5],[13],[16],[-5],[2],[28],[4],[4],[30],[2],[13],[-3],[-5],[23],[9],[-6],[-5],[18],[5],[5],[0],[36],[21],[3],[4],[0],[26],[11],[-4],[2],[1],[30],[13],[-6],[-9],[19],[4],[-9],[0],[17],[-4],[-6],[18],[4],[0],[24],[9],[-6],[-5],[26],[5],[-9],[12],[2],[33],[17],[1],[-5],[-6],[3],[1],[27],[10],[-4],[33],[18],[0],[32],[17],[5],[5],[33],[22],[3],[17],[21],[9],[6],[6],[27],[11],[-8],[28],[2],[5],[5],[20],[6],[8],[10],[-5],[14],[3],[16],[29],[4],[5],[10],[11],[35],[22],[3],[26],[28],[15],[2],[25],[23],[8],[10],[32],[1],[22],[5],[4],[31],[18],[3],[4],[2],[-4],[12],[20],[-4],[-5],[21],[8],[-8],[-5],[-10],[-6],[6],[-6],[28],[18],[3],[3],[29],[14],[-4],[-6],[19],[0],[-14],[3],[-11],[8],[24],[9],[-5],[5],[0],[4],[-13],[8],[10],[-5],[-5],[22],[4],[-5],[16],[28],[12],[2],[34],[17],[7],[35],[11],[-6],[-6],[-3],[16],[-3],[-4],[19],[4],[-7],[32],[26],[13],[8],[14],[4],[40],[25],[11],[8],[30],[16],[5],[1],[22],[4],[-11],[-12],[16],[-6],[0],[25],[5],[8],[36],[6],[5],[2],[10],[-10],[12],[12],[-13],[27],[7],[-12],[7],[20],[0],[32],[16],[-4],[13],[17],[8],[14],[32],[13],[-3],[14],[20],[5],[-11],[8],[19],[-4],[-7],[12],[21],[-4],[-5],[19],[3],[-11],[-10],[15],[-3],[-3],[-9],[20],[-11],[7],[15],[0],[0],[2],[0],[37],[26],[11],[5],[27],[10],[-11],[18],[13],[-5],[-3],[29],[5],[22],[12],[13],[35],[20],[9],[22],[10],[19],[4],[4],[-4],[-4],[-13],[16],[-3],[-18],[0],[13],[-8],[0],[6],[23],[10],[12],[11],[34],[9],[36],[17],[-3],[6],[14],[-6],[-6],[-6],[4],[-11],[11],[19],[9],[0],[24],[13],[3],[34],[14],[-4],[10],[11],[-6],[-7],[21],[10],[-3],[32],[14],[1],[2],[32],[14],[4],[3],[4],[3],[11],[11],[32],[17],[-6],[-7],[2],[1],[3],[7],[30],[14],[2],[32],[23],[7],[0],[32],[22],[5],[16],[3],[6],[8],[29],[12],[-12],[16],[14],[5],[0],[4],[28],[23],[11],[9],[6],[2],[32],[2],[26],[18],[3],[-14],[24],[11],[0],[1],[29],[1],[4],[12],[0],[30],[5],[2],[26],[11],[-4],[0],[-4],[3],[-4],[12],[0],[14],[3],[6],[4],[18],[27],[12],[-3],[18],[5],[2],[-3],[18],[-3],[-6],[23],[-4],[0],[17],[2],[16],[-3],[13],[1],[29],[12],[1],[14],[15],[-5],[-9],[19],[1],[-15],[19],[-8],[-11],[-7],[29],[2],[24],[10],[8],[32],[21],[5],[3],[0],[-7],[8],[-12],[5],[9],[-9],[29],[17],[1],[4],[37],[8],[8],[26],[11],[-4],[12],[1],[1],[8],[-5],[16],[0],[2],[0],[1],[2],[2],[24],[5],[7],[5],[3],[3],[4],[33],[16],[4],[1],[29],[17],[5],[6],[19],[-4],[7],[-11],[26],[14],[-5],[4],[2],[22],[9],[-5],[29],[15],[1],[1],[28],[16],[1],[4],[2],[13],[-6],[11],[-7],[-8],[-11],[1],[-17],[3],[16],[-11],[18],[2],[-11],[28],[20],[6],[21],[3],[8],[14],[-4],[13],[20],[-11],[5],[-11],[3],[-13],[6],[19],[11],[1],[6],[7],[33],[20],[9],[22],[6],[14],[2],[12],[-6],[20],[8],[-8],[-8],[16],[1],[-12],[8],[0],[26],[15],[10],[42],[14],[11],[10],[19],[1],[29],[3],[-15],[24],[6],[-9],[9],[17],[-3],[4],[1],[15],[3],[0],[1],[22],[7],[8],[10],[41],[22],[4],[-3],[21],[9],[0],[21],[8],[-8],[29],[1],[0],[29],[8],[8],[32],[19],[7],[4],[33],[2],[23],[3],[3],[34],[4],[19],[2],[10],[27],[13],[-3],[16],[18],[2],[-11],[19],[8],[-4],[13],[24],[2],[30],[10],[-5],[12],[19],[5],[7],[27],[14],[2],[29],[13],[-4],[11],[19],[7],[-6],[0],[3],[4],[7],[5],[0],[5],[25],[4],[5],[18],[24],[5],[0],[29],[11],[-7],[-10],[20],[8],[-5],[12],[4],[34],[5],[29],[5],[1],[19],[3],[-8],[20],[0],[0],[-6],[18],[19],[5],[-8],[29],[14],[1],[1],[-6],[24],[1],[12],[-8],[6],[16],[1],[-4],[22],[11],[-6],[-6],[-8],[-14],[-8],[26],[11],[-8],[-6],[21],[-10],[-7],[-3],[0],[-5],[18],[-5],[-15],[-15],[-10],[14],[2],[4],[33],[6],[4],[-6],[4],[-12],[28],[13],[2],[3],[-6],[16],[19],[3],[-12],[30],[18],[4],[3],[29],[4],[2],[6],[0],[-6],[12],[-6],[-22],[14],[-16],[5],[10],[-8],[-6],[17],[0],[-3],[2],[-3],[21],[6],[-10],[-6],[-4],[-4],[-5],[-7],[-11],[16],[-15],[-7],[9],[-7],[4],[1],[2],[-3],[-7],[5],[-10],[-4],[-18],[10],[9],[-12],[-19],[13],[-5],[-16],[21],[3],[-19],[10],[9],[-10],[-7],[28],[13],[1],[-8],[21],[1],[-19],[4],[11],[-3],[-15],[-13],[-18],[23],[12],[-4],[-5],[-10],[-11],[-7],[-11],[-9],[11],[-6],[-12],[19],[-4],[-20],[-17],[14],[-11],[-10],[-11],[-8],[3],[-14],[16],[-11],[-6],[-6],[22],[2],[-15],[8],[4],[-11],[4],[19],[5],[-7],[16],[23],[10],[0],[-4],[-7],[-9],[8],[9],[-7],[-5],[22],[8],[-5],[5],[-9],[13],[-3],[-7],[19],[-2],[4],[3],[1],[-7],[-5],[23],[5],[-8],[-10],[17],[2],[-11],[0],[-5],[-5],[-4],[18],[17],[3],[2],[34],[5],[2],[25],[8],[-7],[12],[-4],[10],[15],[1],[-14],[10],[16],[-4],[2],[2],[3],[5],[0],[5],[32],[8],[9],[3],[5],[8],[22],[5],[0],[25],[15],[-8],[6],[19],[1],[0],[28],[14],[2],[0],[15],[2],[13],[25],[11],[-6],[21],[24],[10],[26],[5],[1],[25],[6],[-5],[0],[17],[1],[12],[-7],[0],[24],[0],[25],[5],[-4],[3],[0],[9],[-7],[-6],[19],[5],[0],[32],[22],[12],[13],[20],[3],[17],[24],[2],[16],[5],[10],[29],[10],[4],[21],[8],[8],[16],[1],[32],[18],[5],[19],[27],[11],[-3],[4],[8],[8],[8],[19],[5],[26],[32],[16],[-4],[26],[22],[0],[15],[23],[8],[-7],[24],[21],[6],[5],[30],[22],[10],[11],[40],[19],[8],[39],[26],[13],[14],[36],[9],[11],[12],[28],[14],[3],[16],[9],[6],[9],[11],[27],[10],[20],[4],[1],[5],[10],[11],[36],[12],[8],[20],[6],[8],[4],[28],[20],[1],[2],[32],[4],[5],[37],[21],[11],[11],[40],[23],[10],[6],[22],[30],[9],[23],[7],[3],[26],[11],[3],[17],[21],[22],[15],[40],[14],[8],[8],[10],[21],[8],[5],[12],[13],[37],[8],[35],[17],[3],[27],[4],[4],[34],[30],[17],[17],[43],[18],[5],[28],[28],[14],[13],[40],[20],[17],[34],[13],[11],[37],[21],[7],[25],[35],[22],[12],[45],[28],[11],[26],[12],[20],[6],[21],[5],[24],[34],[20],[10],[45],[18],[17],[9],[33],[14],[24],[11],[17],[37],[21],[8],[22],[34],[15],[17],[18],[8],[34],[12],[17],[41],[14],[38],[13],[20],[3],[5],[34],[12],[4],[28],[6],[6],[9],[10],[35],[21],[6],[9],[33],[10],[6],[30],[2],[0],[14],[-5],[9],[22],[12],[2],[22],[27],[14],[9],[33],[13],[3],[5],[33],[6],[38],[4],[19],[27],[12],[-7],[-5]]}}