{"protected":{"ver":"v1","alg":"HS256","iat":1740064623},"signature":"d76886b0b8bf7f84a6dff89892a1480b770a17f44a1a2778f7afb877d60ffac4","payload":{"device_name":"E6:61:78:C1:27:19:92:28","device_type":"DATA_FORWARDER","interval_ms":0.0625,"sensors":[{"name":"audio","units":"wav"}],"values":[[15],[5],[7],[34],[7],[31],[20],[4],[4],[19],[-1],[4],[25],[10],[-6],[26],[21],[3],[13],[28],[13],[-2],[16],[11],[11],[35],[19],[5],[2],[24],[2],[2],[4],[5],[4],[18],[28],[4],[3],[6],[29],[11],[18],[30],[14],[4],[17],[18],[4],[10],[29],[17],[3],[10],[23],[11],[-2],[4],[31],[13],[6],[6],[7],[29],[19],[7],[6],[34],[9],[8],[21],[8],[8],[35],[19],[4],[5],[33],[18],[7],[7],[28],[2],[22],[2],[30],[11],[-5],[18],[27],[8],[-3],[22],[-1],[18],[26],[15],[-1],[26],[2],[6],[7],[33],[21],[4],[3],[29],[3],[5],[-3],[3],[5],[34],[18],[4],[34],[21],[8],[7],[3],[4],[21],[6],[6],[32],[16],[2],[2],[26],[-4],[-2],[16],[-2],[3],[-2],[26],[15],[3],[3],[-1],[3],[16],[-1],[2],[20],[-3],[-6],[24],[-13],[-8],[16],[-6],[-5],[-2],[8],[-10],[-6],[-5],[-7],[5],[17],[-3],[14],[11],[-9],[-8],[20],[7],[-7],[-6],[-7],[-6],[-9],[15],[-3],[-14],[18],[13],[2],[2],[27],[-4],[-6],[-5],[-3],[-5],[22],[-4],[14],[-6],[-10],[2],[17],[-9],[-11],[-9],[-8],[21],[11],[-5],[-4],[22],[-6],[26],[11],[-12],[10],[-6],[-4],[15],[-8],[13],[-5],[-6],[12],[-5],[-1],[31],[14],[-8],[17],[3],[-10],[22],[20],[4],[-9],[26],[-6],[16],[-4],[4],[20],[10],[-4],[20],[5],[-9],[15],[-6],[13],[23],[8],[-8],[12],[13],[2],[4],[3],[5],[5],[-2],[16],[3],[21],[26],[11],[-5],[15],[26],[4],[3],[5],[31],[8],[2],[26],[18],[4],[2],[28],[12],[-8],[-6],[-11],[-5],[10],[-8],[-5],[26],[12],[-4],[-4],[24],[4],[6],[-1],[-4],[-1],[10],[-8],[14],[-7],[11],[-3],[12],[-3],[2],[6],[-10],[5],[-12],[6],[20],[8],[-4],[15],[25],[11],[-1],[15],[-2],[22],[6],[-8],[31],[10],[-5],[18],[21],[6],[-11],[11],[-3],[2],[26],[11],[6],[3],[2],[28],[11],[-2],[18],[6],[5],[32],[17],[-3],[-5],[15],[-2],[10],[4],[14],[-1],[-1],[-1],[18],[2],[4],[2],[27],[5],[2],[4],[19],[-1],[14],[23],[9],[2],[30],[23],[7],[11],[6],[15],[2],[36],[14],[-1],[16],[26],[2],[3],[21],[7],[8],[37],[11],[7],[7],[4],[-1],[6],[5],[37],[13],[-1],[26],[3],[33],[11],[-4],[28],[23],[7],[-5],[3],[-6],[12],[20],[6],[-7],[15],[-1],[4],[3],[3],[-5],[30],[-3],[6],[2],[3],[28],[21],[-1],[19],[5],[2],[31],[2],[8],[7],[32],[5],[7],[15],[4],[4],[6],[24],[3],[12],[27],[12],[-3],[7],[8],[35],[17],[4],[2],[23],[2],[3],[2],[2],[7],[35],[16],[2],[-3],[19],[4],[3],[24],[10],[-3],[30],[11],[13],[6],[17],[6],[38],[22],[3],[4],[24],[2],[2],[-1],[5],[4],[22],[7],[13],[34],[6],[7],[31],[17],[3],[20],[7],[4],[3],[4],[4],[21],[2],[18],[3],[2],[26],[12],[4],[10],[7],[12],[6],[4],[30],[19],[5],[10],[12],[12],[12],[37],[22],[11],[10],[35],[19],[7],[8],[30],[16],[6],[30],[12],[-4],[2],[21],[-1],[3],[5],[4],[3],[5],[19],[27],[5],[15],[4],[11],[27],[2],[-3],[-7],[18],[20],[11],[2],[5],[7],[34],[10],[6],[31],[12],[-2],[16],[29],[16],[2],[5],[7],[4],[24],[2],[19],[28],[14],[6],[37],[19],[-5],[33],[22],[-2],[15],[22],[-4],[12],[23],[-1],[-2],[-3],[19],[5],[6],[3],[2],[23],[10],[-2],[18],[29],[13],[-1],[31],[14],[3],[20],[23],[-2],[2],[-2],[3],[34],[4],[3],[3],[15],[-1],[21],[24],[7],[18],[29],[2],[18],[4],[-1],[18],[28],[14],[3],[15],[24],[11],[-3],[13],[26],[13],[2],[20],[3],[4],[27],[3],[2],[2],[13],[-2],[12],[27],[11],[-5],[16],[26],[12],[3],[27],[3],[30],[16],[5],[2],[30],[-9],[10],[-5],[-7],[-10],[7],[-9],[10],[21],[9],[-5],[18],[20],[7],[-10],[27],[16],[-4],[5],[-9],[11],[21],[4],[-12],[24],[-5],[2],[-1],[23],[11],[-9],[-4],[27],[-3],[-6],[-5],[-4],[-1],[8],[4],[6],[22],[8],[-6],[5],[2],[-6],[-6],[-9],[-12],[-6],[-4],[19],[-4],[-6],[-5],[5],[-9],[12],[-10],[10],[14],[-4],[8],[-6],[-7],[24],[12],[-7],[2],[-4],[-4],[-4],[19],[-6],[18],[23],[10],[-6],[2],[21],[3],[-5],[18],[4],[-2],[-5],[10],[18],[5],[-8],[24],[-8],[-4],[20],[9],[2],[26],[16],[5],[2],[27],[18],[-5],[11],[21],[4],[-9],[27],[12],[-6],[11],[16],[-4],[13],[-10],[-5],[-5],[2],[15],[-3],[-3],[-6],[-8],[-4],[-5],[-10],[-11],[19],[5],[-12],[10],[4],[-15],[3],[-8],[-5],[12],[-6],[4],[-12],[24],[15],[-2],[22],[3],[-10],[19],[16],[-1],[2],[28],[18],[-7],[12],[15],[2],[-10],[8],[20],[-1],[15],[-8],[14],[-1],[-1],[30],[16],[7],[8],[7],[6],[32],[14],[-2],[28],[11],[-5],[2],[22],[10],[-5],[6],[21],[6],[-9],[7],[18],[6],[-6],[2],[7],[36],[10],[11],[5],[6],[7],[8],[32],[18],[3],[5],[2],[12],[-5],[26],[15],[3],[6],[9],[10],[18],[4],[20],[29],[15],[-1],[18],[25],[14],[-3],[30],[17],[4],[34],[22],[6],[36],[20],[5],[6],[32],[19],[4],[10],[24],[-1],[16],[24],[-4],[-2],[-2],[3],[32],[17],[4],[10],[28],[11],[-3],[11],[24],[11],[2],[30],[2],[13],[-3],[15],[26],[12],[-2],[10],[5],[7],[27],[12],[11],[36],[7],[21],[7],[8],[34],[14],[-6],[15],[27],[5],[5],[8],[8],[10],[7],[6],[34],[19],[4],[5],[20],[8],[7],[30],[16],[-1],[26],[7],[4],[10],[10],[3],[36],[3],[-1],[3],[-4],[14],[27],[12],[3],[22],[7],[5],[29],[15],[-1],[14],[11],[2],[32],[-3],[28],[20],[7],[2],[18],[3],[2],[28],[3],[24],[12],[3],[32],[16],[3],[15],[28],[8],[10],[36],[15],[5],[36],[23],[11],[11],[29],[7],[3],[30],[5],[7],[3],[17],[5],[19],[27],[4],[23],[6],[8],[35],[23],[7],[5],[7],[6],[10],[9],[28],[12],[-1],[32],[18],[6],[14],[2],[36],[21],[10],[14],[31],[13],[4],[5],[20],[11],[16],[12],[35],[18],[7],[7],[6],[20],[7],[24],[-2],[18],[15],[-1],[16],[2],[19],[-1],[-1],[28],[13],[-1],[10],[2],[18],[-3],[-3],[28],[3],[29],[15],[-1],[22],[6],[2],[28],[18],[-2],[26],[11],[-3],[16],[27],[9],[6],[0],[-4],[-3],[-4],[2],[2],[31],[3],[4],[27],[-3],[3],[5],[-5],[15],[23],[10],[-3],[15],[3],[2],[-5],[-4],[34],[17],[2],[3],[2],[-6],[34],[-3],[27],[11],[3],[2],[-1],[-1],[10],[2],[30],[4],[-2],[3],[4],[26],[12],[-3],[18],[18],[5],[7],[10],[11],[32],[18],[4],[3],[29],[12],[4],[2],[18],[23],[8],[-6],[30],[3],[23],[3],[5],[7],[21],[-2],[27],[6],[-7],[22],[20],[-2],[10],[23],[3],[5],[26],[8],[-6],[3],[3],[27],[14],[-1],[7],[7],[-6],[18],[14],[-6],[18],[17],[6],[6],[30],[16],[-3],[2],[19],[2],[-1],[26],[15],[-1],[3],[28],[10],[-4],[2],[3],[4],[5],[24],[9],[-6],[34],[5],[-4],[-3],[9],[-5],[12],[17],[-4],[11],[16],[3],[-10],[31],[11],[-7],[18],[-8],[-8],[-4],[-3],[17],[-9],[7],[18],[5],[-8],[27],[8],[-4],[-4],[-4],[-1],[12],[23],[8],[-3],[30],[12],[-1],[31],[14],[4],[6],[30],[22],[4],[6],[37],[6],[23],[3],[17],[25],[11],[-6],[23],[4],[4],[12],[-3],[14],[23],[4],[4],[30],[-4],[25],[8],[-9],[21],[5],[-6],[12],[19],[7],[-8],[10],[18],[-4],[22],[5],[-6],[2],[21],[-5],[-10],[-1],[-2],[26],[15],[2],[13],[-8],[11],[-4],[27],[10],[-3],[-3],[27],[13],[-6],[2],[21],[8],[-4],[3],[24],[14],[-3],[13],[20],[5],[-11],[10],[-7],[-2],[2],[-4],[2],[-3],[2],[-1],[28],[12],[-1],[13],[23],[4],[3],[16],[27],[4],[21],[5],[3],[2],[-3],[26],[18],[3],[5],[27],[11],[3],[-4],[-1],[6],[5],[2],[3],[34],[21],[-3],[26],[4],[5],[28],[14],[2],[22],[24],[8],[-10],[26],[-5],[-1],[30],[15],[-2],[-1],[26],[4],[4],[6],[-10],[14],[5],[7],[29],[10],[-7],[23],[8],[-4],[26],[11],[-3],[10],[2],[6],[2],[30],[4],[30],[7],[-6],[2],[23],[10],[3],[3],[34],[14],[-4],[15],[24],[-3],[22],[5],[-8],[29],[19],[-1],[26],[8],[-6],[12],[-6],[22],[-3],[-4],[13],[-3],[2],[-2],[27],[13],[-2],[2],[31],[16],[-1],[3],[28],[14],[-1],[3],[11],[-5],[14],[-3],[2],[31],[19],[-3],[20],[24],[7],[-11],[29],[18],[6],[7],[7],[6],[6],[6],[13],[-3],[18],[22],[11],[-1],[23],[12],[-4],[34],[2],[3],[4],[34],[19],[7],[4],[29],[13],[-1],[5],[29],[15],[2],[8],[29],[2],[2],[11],[-6],[19],[-2],[-1],[35],[9],[-4],[4],[3],[18],[29],[-2],[21],[3],[2],[30],[-2],[16],[-3],[12],[2],[-3],[7],[-9],[28],[5],[3],[30],[13],[-3],[2],[23],[3],[7],[4],[4],[4],[6],[18],[27],[5],[4],[-2],[-5],[2],[31],[15],[3],[3],[30],[5],[-3],[24],[11],[-1],[6],[-4],[22],[5],[2],[18],[5],[4],[21],[4],[-10],[18],[-4],[2],[-2],[26],[13],[3],[2],[16],[-5],[14],[22],[10],[-7],[28],[3],[5],[20],[5],[5],[23],[8],[8],[3],[3],[24],[10],[-2],[26],[8],[-6],[29],[13],[4],[5],[29],[6],[7],[4],[4],[5],[23],[-1],[-4],[24],[2],[5],[-2],[11],[-4],[27],[-6],[7],[-6],[12],[21],[8],[-4],[20],[24],[4],[3],[27],[3],[5],[4],[6],[10],[29],[13],[-1],[12],[-3],[-4],[24],[10],[2],[34],[6],[5],[7],[19],[29],[14],[2],[18],[21],[3],[21],[7],[2],[38],[6],[10],[14],[-4],[28],[27],[3],[19],[23],[2],[19],[24],[3],[14],[-3],[14],[21],[4],[3],[29],[14],[-2],[-3],[27],[11],[-5],[-6],[-9],[11],[9],[-7],[22],[20],[5],[5],[30],[15],[-5],[-3],[12],[-5],[-2],[26],[-2],[-3],[-4],[23],[-1],[5],[-8],[2],[22],[-2],[10],[24],[-1],[16],[-2],[2],[-5],[11],[-3],[14],[14],[-2],[33],[4],[-2],[25],[2],[2],[26],[13],[-2],[14],[27],[4],[26],[21],[2],[11],[-5],[28],[14],[-2],[-4],[30],[-3],[-2],[22],[6],[31],[15],[-2],[17],[-4],[-2],[2],[5],[6],[20],[6],[4],[6],[6],[30],[18],[4],[4],[29],[4],[5],[6],[7],[9],[35],[19],[4],[3],[30],[15],[-8],[-4],[15],[-1],[6],[26],[3],[29],[3],[4],[-4],[-4],[2],[-3],[17],[2],[5],[30],[2],[27],[6],[-3],[29],[-2],[-1],[28],[11],[-7],[22],[19],[-2],[5],[-6],[20],[4],[-2],[-8],[-5],[3],[-3],[27],[13],[-4],[18],[11],[2],[3],[-10],[16],[-3],[18],[-4],[14],[20],[3],[7],[26],[8],[13],[12],[4],[7],[30],[5],[2],[21],[33],[19],[4],[14],[2],[4],[5],[4],[21],[-2],[4],[29],[13],[-4],[-3],[8],[-7],[14],[17],[4],[4],[-6],[12],[21],[-1],[15],[23],[7],[2],[26],[14],[3],[-4],[23],[14],[-2],[-2],[25],[-5],[25],[-6],[13],[-4],[-2],[27],[13],[-5],[-2],[3],[2],[3],[21],[-2],[9],[-5],[18],[3],[2],[27],[6],[-10],[26],[11],[-1],[4],[27],[2],[5],[-2],[-9],[23],[5],[-6],[22],[16],[-2],[26],[13],[-1],[16],[24],[2],[6],[34],[25],[8],[4],[15],[4],[3],[28],[6],[-6],[30],[2],[20],[20],[5],[-10],[13],[-3],[2],[28],[12],[3],[5],[4],[5],[19],[3],[6],[29],[15],[3],[2],[24],[-2],[10],[26],[5],[5],[6],[7],[22],[8],[-8],[12],[22],[12],[-3],[22],[4],[24],[11],[-4],[4],[8],[23],[6],[-1],[28],[8],[-6],[10],[-5],[13],[18],[3],[6],[9],[-6],[13],[23],[12],[-1],[22],[27],[7],[6],[31],[17],[-1],[16],[6],[3],[22],[5],[7],[2],[3],[5],[6],[4],[33],[17],[3],[5],[28],[-1],[-2],[2],[7],[8],[32],[17],[-5],[2],[5],[4],[31],[16],[6],[2],[26],[9],[-3],[6],[-1],[-1],[27],[2],[26],[13],[2],[4],[-6],[30],[2],[-5],[22],[26],[12],[-2],[26],[-5],[-2],[17],[3],[31],[2],[19],[-1],[4],[8],[10],[29],[14],[-1],[3],[21],[-3],[-8],[16],[2],[-2],[27],[12],[-5],[-1],[20],[8],[7],[32],[2],[34],[23],[9],[2],[-2],[-5],[15],[-9],[14],[-7],[2],[24],[-3],[-3],[19],[-1],[2],[29],[-1],[2],[-4],[12],[-5],[-2],[23],[-1],[-1],[25],[8],[-9],[-2],[2],[-1],[-6],[10],[19],[4],[-5],[-6],[-11],[18],[17],[3],[-6],[32],[18],[-3],[-2],[18],[5],[4],[30],[21],[9],[7],[28],[4],[2],[31],[-4],[10],[-6],[12],[20],[4],[-10],[19],[16],[2],[3],[6],[26],[12],[-1],[11],[5],[-3],[-1],[32],[16],[3],[3],[21],[5],[4],[10],[-4],[10],[2],[29],[15],[-4],[22],[19],[4],[2],[27],[-3],[3],[2],[19],[-4],[18],[22],[9],[-4],[18],[18],[5],[2],[27],[23],[8],[4],[31],[2],[8],[6],[33],[20],[-1],[5],[3],[2],[3],[33],[14],[-2],[14],[28],[13],[-1],[20],[21],[2],[-3],[25],[2],[27],[12],[-3],[6],[19],[4],[6],[31],[18],[6],[9],[8],[31],[13],[10],[24],[8],[10],[32],[16],[5],[36],[21],[5],[18],[25],[0],[16],[24],[8],[8],[32],[4],[34],[18],[8],[10],[8],[3],[18],[5],[3],[18],[26],[13],[3],[31],[-1],[11],[23],[-1],[7],[28],[2],[3],[7],[31],[19],[3],[6],[10],[22],[6],[6],[4],[36],[21],[8],[11],[39],[25],[11],[7],[33],[18],[4],[7],[29],[14],[2],[11],[13],[38],[23],[8],[8],[37],[12],[38],[6],[6],[35],[18],[4],[6],[32],[4],[2],[2],[4],[16],[2],[30],[27],[11],[8],[-1],[17],[30],[17],[5],[18],[26],[5],[18],[11],[4],[35],[19],[2],[23],[24],[13],[-1],[13],[25],[6],[34],[15],[7],[37],[5],[21],[5],[6],[10],[2],[26],[20],[5],[7],[4],[6],[26],[8],[6],[29],[16],[5],[35],[19],[5],[18],[28],[10],[-5],[35],[20],[7],[36],[19],[-5],[22],[-1],[2],[30],[13],[-2],[12],[24],[7],[4],[30],[-3],[-2],[4],[23],[-4],[12],[-1],[16],[-4],[28],[21],[6],[7],[17],[-1],[30],[19],[-7],[-5],[4],[2],[26],[6],[-5],[-8],[14],[13],[-3],[-1],[28],[12],[-2],[6],[25],[11],[-2],[30],[-3],[3],[29],[11],[-3],[11],[28],[15],[3],[31],[16],[-4],[2],[4],[33],[12],[2],[4],[8],[4],[18],[18],[3],[6],[22],[7],[6],[31],[15],[-4],[26],[10],[-6],[26],[20],[11],[2],[26],[22],[10],[2],[31],[16],[-1],[-1],[28],[-1],[18],[2],[3],[16],[25],[2],[-1],[22],[7],[-6],[15],[21],[4],[4],[27],[7],[-6],[33],[-1],[-2],[10],[2],[30],[15],[4],[18],[24],[-5],[14],[24],[12],[-4],[4],[22],[5],[5],[3],[-2],[15],[4],[-2],[13],[19],[-2],[14],[4],[6],[7],[29],[-3],[27],[13],[-1],[3],[29],[10],[11],[32],[17],[2],[5],[8],[27],[11],[-3],[12],[24],[11],[2],[20],[22],[6],[2],[32],[19],[7],[6],[34],[21],[4],[20],[6],[3],[30],[4],[3],[3],[2],[17],[-5],[14],[27],[3],[-3],[23],[9],[-4],[19],[-1],[10],[-2],[5],[32],[17],[-5],[-6],[-2],[18],[-2],[3],[3],[28],[2],[10],[2],[29],[14],[2],[3],[28],[14],[3],[2],[23],[4],[29],[4],[35],[19],[-1],[4],[2],[14],[-1],[6],[28],[13],[-2],[3],[6],[34],[7],[5],[5],[5],[26],[5],[17],[20],[-3],[-2],[-4],[-6],[11],[20],[0],[3],[16],[-1],[2],[28],[15],[3],[2],[-1],[14],[-1],[8],[8],[30],[-5],[15],[21],[6],[-7],[22],[2],[-2],[-5],[-3],[-2],[-5],[2],[-4],[9],[-9],[-8],[23],[-3],[-2],[27],[13],[-12],[29],[11],[-1],[2],[21],[-2],[3],[24],[10],[-4],[2],[19],[5],[-11],[11],[-1],[-2],[21],[4],[-1],[27],[-3],[30],[17],[4],[8],[27],[7],[-6],[14],[24],[-5],[14],[-3],[-2],[25],[2],[-1],[-3],[-8],[27],[13],[-4],[-2],[-1],[24],[3],[3],[16],[-4],[10],[14],[-1],[6],[18],[-4],[-4],[10],[-6],[18],[22],[8],[-8],[22],[15],[3],[2],[26],[12],[2],[10],[27],[-1],[2],[0],[3],[-3],[5],[8],[5],[7],[-4],[2],[3],[-1],[3],[32],[15],[2],[2],[-4],[2],[15],[-1],[6],[24],[0],[31],[-2],[-3],[-2],[-4],[-5],[-4],[25],[-2],[-4],[-2],[3],[22],[8],[-5],[16],[-3],[-2],[27],[14],[-1],[15],[13],[-5],[3],[-2],[24],[11],[-4],[-5],[-3],[21],[5],[-8],[18],[24],[8],[2],[-6],[29],[21],[8],[4],[21],[7],[11],[33],[19],[5],[4],[31],[16],[4],[36],[16],[-3],[-1],[2],[16],[3],[4],[30],[-1],[6],[5],[30],[13],[-4],[2],[5],[4],[17],[4],[7],[9],[38],[24],[7],[37],[14],[-4],[4],[24],[5],[18],[28],[11],[39],[7],[24],[11],[-4],[30],[22],[5],[-3],[18],[23],[11],[-4],[32],[12],[-3],[10],[-4],[13],[23],[2],[2],[-4],[11],[22],[7],[-12],[26],[5],[-10],[28],[3],[5],[2],[2],[-3],[-6],[7],[2],[27],[15],[3],[5],[32],[15],[-1],[-1],[-3],[-3],[16],[-4],[8],[-9],[27],[13],[-4],[-3],[24],[7],[10],[32],[2],[-3],[4],[34],[20],[6],[4],[30],[15],[7],[29],[15],[2],[23],[23],[10],[2],[2],[28],[7],[12],[11],[34],[19],[6],[7],[33],[11],[2],[-1],[24],[9],[11],[3],[4],[31],[17],[5],[18],[28],[13],[-2],[16],[28],[7],[-1],[15],[-2],[6],[4],[21],[7],[-7],[12],[20],[-2],[-6],[-8],[-4],[26],[11],[-4],[6],[-2],[20],[-3],[4],[33],[20],[6],[7],[33],[17],[-2],[-4],[25],[11],[-5],[-5],[22],[-2],[-3],[26],[-2],[-5],[24],[9],[-6],[-6],[-7],[19],[7],[-6],[-1],[2],[27],[-3],[-2],[5],[-1],[4],[3],[4],[31],[12],[-9],[18],[20],[-1],[29],[2],[3],[4],[-1],[18],[6],[24],[11],[13],[7],[6],[35],[17],[-3],[19],[3],[-3],[-1],[-2],[26],[3],[-12],[19],[-4],[2],[2],[3],[4],[11],[2],[30],[15],[-4],[13],[-2],[18],[-5],[2],[20],[-5],[-1],[24],[15],[-2],[2],[27],[12],[-3],[12],[14],[2],[3],[-3],[3],[-4],[31],[16],[-3],[18],[-1],[16],[26],[13],[-3],[15],[12],[-3],[10],[26],[4],[4],[2],[10],[26],[3],[8],[3],[31],[21],[3],[4],[11],[6],[33],[14],[-2],[16],[17],[6],[36],[8],[6],[37],[22],[5],[5],[22],[2],[3],[-1],[15],[24],[10],[-2],[6],[5],[26],[10],[2],[29],[15],[2],[20],[18],[3],[4],[27],[4],[4],[7],[4],[3],[14],[25],[9],[-6],[15],[14],[2],[23],[8],[-8],[18],[20],[7],[2],[-5],[-3],[15],[14],[-2],[2],[29],[13],[4],[21],[6],[7],[34],[-2],[6],[3],[4],[-1],[17],[-4],[29],[-2],[6],[11],[6],[34],[22],[4],[14],[-6],[15],[21],[-2],[2],[-2],[21],[6],[2],[32],[20],[6],[6],[32],[2],[-3],[30],[5],[3],[19],[5],[8],[29],[15],[3],[18],[21],[5],[5],[2],[2],[3],[-2],[14],[26],[6],[27],[14],[-2],[15],[2],[-4],[2],[33],[14],[-6],[31],[15],[-3],[3],[2],[20],[5],[3],[29],[15],[-1],[-1],[27],[12],[-4],[30],[15],[-6],[13],[-5],[-3],[6],[-10],[23],[8],[-6],[7],[-11],[20],[15],[-5],[8],[20],[5],[-8],[2],[-8],[10],[13],[2],[2],[29],[16],[4],[-1],[-2],[-5],[-5],[24],[8],[-8],[7],[-8],[2],[-4],[-2],[-4],[-5],[-5],[-1],[-1],[18],[23],[3],[-2],[10],[13],[-2],[3],[28],[14],[2],[-1],[-2],[30],[12],[-5],[11],[19],[-4],[-1],[29],[10],[-5],[-4],[24],[11],[-5],[10],[23],[8],[-6],[-3],[2],[5],[2],[-2],[-2],[3],[4],[-3],[2],[19],[2],[4],[2],[7],[16],[5],[3],[-1],[2],[-3],[-4],[-8],[26],[20],[5],[5],[30],[15],[3],[15],[2],[-4],[12],[21],[12],[-4],[11],[20],[6],[-10],[21],[-3],[-1],[26],[12],[-6],[25],[2],[-7],[24],[8],[-8],[11],[3],[-1],[31],[22],[-1],[11],[-8],[32],[-1],[27],[4],[3],[10],[5],[2],[2],[-2],[3],[-1],[30],[19],[5],[6],[29],[12],[-1],[5],[29],[15],[5],[6],[16],[-1],[20],[8],[-10],[28],[12],[-3],[-1],[21],[-3],[5],[13],[2],[3],[23],[8],[7],[35],[6],[2],[6],[8],[5],[4],[6],[7],[5],[24],[-2],[4],[26],[11],[10],[7],[6],[31],[14],[3],[30],[-3],[14],[3],[5],[6],[10],[-9],[28],[17],[-4],[2],[26],[-4],[19],[7],[-6],[31],[18],[-2],[18],[4],[3],[30],[19],[4],[36],[22],[5],[8],[24],[5],[2],[26],[13],[3],[19],[27],[7],[6],[16],[29],[17],[3],[11],[30],[16],[-1],[15],[4],[10],[2],[27],[14],[2],[18],[26],[11],[-5],[11],[27],[14],[4],[32],[7],[23],[9],[9],[28],[12],[6],[7],[6],[4],[3],[13],[-3],[23],[5],[8],[10],[5],[7],[32],[13],[-1],[19],[4],[21],[31],[5],[7],[31],[17],[6],[32],[11],[2],[31],[16],[5],[14],[27],[14],[-1],[30],[11],[-6],[28],[-2],[14],[3],[17],[5],[25],[11],[2],[28],[20],[7],[4],[-3],[6],[24],[-2],[-1],[3],[-11],[24],[11],[-3],[-2],[18],[-4],[19],[-5],[10],[-9],[-4],[-9],[14],[-1],[-1],[26],[-11],[-6],[26],[19],[6],[6],[34],[20],[2],[6],[2],[2],[3],[10],[8],[27],[12],[-1],[17],[4],[-4],[14],[-3],[14],[23],[-4],[-3],[14],[27],[14],[2],[30],[21],[5],[14],[3],[14],[25],[10],[-12],[29],[19],[6],[6],[31],[16],[4],[32],[21],[4],[32],[6],[26],[12],[10],[27],[-1],[16],[23],[10],[-2],[26],[12],[-1],[4],[32],[4],[14],[-6],[14],[19],[3],[4],[19],[-2],[4],[-4],[26],[10],[-9],[-6],[23],[8],[-3],[-2],[10],[-6],[6],[21],[8],[-3],[-10],[19],[-12],[6],[-5],[16],[-3],[-6],[3],[-12],[14],[13],[-1],[-2],[28],[-1],[29],[15],[-3],[-3],[-2],[3],[4],[29],[15],[-6],[12],[19],[5],[2],[19],[4],[36],[23],[5],[5],[6],[36],[7],[4],[15],[3],[32],[15],[-1],[14],[23],[14],[4],[4],[4],[8],[38],[16],[-1],[6],[5],[30],[-1],[10],[26],[10],[-3],[2],[4],[23],[10],[-7],[11],[22],[10],[-7],[19],[-3],[2],[3],[-1],[31],[13],[-5],[28],[12],[-1],[2],[24],[-4],[-5],[30],[17],[-4],[17],[2],[-12],[22],[15],[-3],[-1],[29],[-1],[16],[-4],[7],[2],[30],[-4],[-9],[-2],[-3],[24],[10],[-5],[30],[-4],[21],[6],[-6],[-6],[6],[-9],[10],[24],[-1],[-6],[5],[6],[-1],[3],[7],[2],[-4],[-5],[-3],[27],[-3],[-3],[23],[5],[5],[28],[-10],[27],[18],[5],[5],[-4],[26],[21],[2],[6],[7],[31],[3],[3],[16],[23],[2],[3],[30],[15],[4],[4],[3],[6],[4],[33],[19],[0],[2],[28],[15],[5],[23],[2],[4],[10],[-5],[18],[20],[8],[-3],[20],[26],[8],[4],[-3],[-2],[-3],[-1],[3],[-2],[-3],[2],[17],[-6],[21],[11],[2],[-1],[33],[17],[4],[-5],[25],[-3],[-5],[13],[21],[7],[-8],[32],[5],[3],[3],[3],[4],[4],[28],[10],[-6],[32],[19],[3],[27],[10],[-2],[16],[24],[11],[2],[34],[22],[4],[15],[24],[10],[2],[7],[36],[22],[3],[12],[24],[-1],[2],[32],[17],[-1],[3],[7],[4],[6],[6],[31],[5],[22],[29],[16],[-1],[5],[23],[2],[2],[28],[18],[5],[2],[26],[21],[3],[11],[20],[6],[4],[27],[11],[-3],[16],[24],[5],[33],[15],[3],[3],[30],[15],[4],[32],[16],[-3],[4],[27],[14],[-3],[12],[17],[-1],[4],[-3],[4],[5],[4],[26],[9],[8],[23],[6],[12],[-1],[4],[11],[2],[30],[27],[13],[10],[34],[8],[27],[13],[-3],[20],[20],[5],[5],[23],[2],[22],[26],[4],[-2],[24],[11],[4],[28],[13],[-2],[14],[17],[4],[10],[20],[5],[5],[-3],[14],[22],[10],[3],[4],[28],[11],[2],[34],[4],[6],[10],[30],[7],[8],[14],[2],[5],[4],[16],[4],[-1],[26],[12],[-5],[10],[-9],[12],[19],[4],[2],[27],[21],[3],[32],[2],[31],[20],[5],[2],[32],[18],[2],[7],[7],[31],[2],[-3],[3],[-3],[14],[19],[3],[-9],[27],[11],[-4],[6],[25],[4],[5],[30],[12],[-5],[10],[19],[-3],[-2],[-3],[-3],[18],[25],[7],[-6],[16],[19],[-3],[10],[-3],[-4],[19],[-1],[-2],[28],[14],[-3],[19],[3],[3],[27],[13],[2],[2],[30],[22],[4],[12],[-8],[30],[17],[6],[20],[7],[11],[27],[11],[-3],[26],[21],[13],[4],[-1],[3],[5],[37],[21],[5],[4],[31],[-1],[-1],[4],[4],[17],[3],[16],[28],[15],[-1],[3],[10],[22],[5],[10],[36],[4],[8],[11],[18],[5],[31],[11],[-8],[29],[-3],[-12],[21],[2],[31],[13],[-3],[-1],[24],[29],[15],[-1],[5],[-4],[11],[24],[-9],[9],[21],[-1],[5],[-1],[3],[14],[23],[4],[7],[32],[21],[2],[5],[15],[3],[6],[4],[26],[3],[23],[2],[-5],[-3],[21],[-5],[15],[-4],[-3],[5],[-3],[2],[-1],[11],[4],[11],[4],[31],[11],[12],[6],[5],[4],[4],[2],[35],[6],[5],[37],[2],[5],[8],[3],[15],[-3],[15],[3],[31],[-2],[14],[26],[8],[-7],[18],[16],[2],[20],[-3],[2],[4],[29],[4],[4],[27],[12],[-3],[-1],[28],[14],[-1],[2],[30],[5],[25],[-3],[-6],[-4],[-2],[15],[-4],[12],[22],[7],[-9],[-6],[-5],[21],[-1],[26],[18],[7],[4],[24],[12],[-4],[2],[25],[3],[5],[30],[12],[-2],[14],[4],[29],[6],[2],[14],[-4],[2],[9],[8],[32],[4],[5],[20],[4],[32],[15],[-3],[2],[26],[14],[5],[35],[21],[-3],[13],[14],[-2],[2],[-3],[-5],[5],[-10],[22],[18],[3],[23],[8],[-8],[28],[12],[-3],[4],[21],[4],[6],[32],[-4],[20],[3],[-10],[29],[20],[5],[6],[29],[-2],[-5],[-6],[-5],[-3],[12],[-3],[2],[30],[5],[31],[15],[-3],[14],[-1],[-5],[-6],[10],[-6],[8],[18],[3],[-3],[25],[-5],[5],[3],[4],[3],[-7],[18],[12],[-5],[16],[27],[2],[20],[6],[8],[2],[-1],[0],[31],[5],[23],[11],[-3],[-1],[23],[5],[30],[2],[4],[-6],[10],[19],[7],[-6],[29],[2],[31],[19],[3],[19],[3],[-3],[27],[3],[7],[35],[8],[10],[5],[8],[30],[14],[-4],[2],[22],[-3],[-11],[30],[13],[-1],[17],[3],[2],[12],[6],[30],[2],[29],[15],[-1],[5],[2],[24],[10],[-6],[-5],[-8],[-9],[16],[2],[4],[-4],[14],[-3],[13],[2],[31],[17],[-1],[-1],[6],[-11],[10],[-6],[11],[20],[0],[-4],[18],[19],[5],[-9],[11],[-6],[-5],[5],[-11],[27],[19],[3],[5],[-6],[-1],[2],[26],[10],[2],[24],[6],[8],[34],[13],[-2],[4],[8],[6],[7],[5],[24],[4],[4],[-2],[31],[15],[2],[-1],[-2],[29],[15],[3],[2],[28],[10],[6],[31],[23],[3],[19],[18],[4],[18],[31],[16],[5],[12],[-4],[8],[10],[6],[5],[4],[18],[3],[5],[15],[7],[39],[23],[5],[8],[34],[20],[5],[7],[31],[17],[6],[18],[6],[18],[30],[15],[-5],[12],[5],[2],[-4],[-1],[27],[-2],[34],[19],[-3],[-3],[29],[13],[-8],[14],[18],[3],[-6],[4],[-3],[4],[6],[-1],[5],[34],[17],[4],[4],[23],[-5],[28],[12],[-4],[15],[24],[-5],[3],[22],[4],[5],[31],[17],[-2],[2],[21],[6],[2],[28],[15],[-13],[2],[32],[20],[-5],[-4],[10],[10],[7],[32],[15],[-5],[-9],[11],[35],[-3],[-17],[36],[35],[-2],[-6],[31],[24],[3],[21],[-3],[6],[-5],[14],[24],[13],[-13],[22],[26],[14],[34],[-4],[10],[11],[12],[-2],[3],[27],[2],[27],[22],[11],[6],[26],[18],[3],[-2],[2],[35],[14],[-11],[22],[13],[-1],[26],[7],[-3],[13],[21],[4],[-8],[13],[-4],[18],[19],[-5],[2],[14],[3],[12],[2],[19],[2],[7],[-5],[22],[24],[19],[17],[11],[13],[-1],[30],[7],[17],[-9],[2],[10],[-6],[-1],[8],[30],[11],[-3],[18],[22],[9],[28],[-8],[20],[28],[5],[-9],[30],[21],[-1],[-2],[3],[30],[16],[5],[6],[6],[31],[-3],[11],[2],[34],[23],[12],[2],[30],[19],[-2],[-1],[2],[-1],[-3],[33],[2],[-5],[26],[17],[5],[10],[24],[-4],[7],[6],[28],[16],[10],[33],[15],[4],[18],[-6],[-5],[4],[13],[-6],[11],[-6],[-6],[-10],[-6],[26],[8],[-11],[10],[-9],[16],[4],[-5],[6],[-6],[20],[-16],[7],[4],[2],[21],[10],[-5],[-6],[23],[-9],[18],[17],[5],[6],[-3],[-6],[11],[-4],[10],[24],[9],[-1],[6],[23],[-4],[15],[-4],[2],[-1],[4],[28],[6],[-9],[34],[4],[22],[11],[-10],[10],[12],[-2],[-6],[-1],[-2],[31],[-2],[27],[12],[-3],[3],[5],[12],[-5],[29],[7],[-9],[15],[-6],[27],[2],[-10],[24],[-3],[-3],[-3],[30],[19],[-2],[18],[20],[6],[2],[28],[16],[-1],[-10],[28],[10],[-6],[24],[10],[-4],[-1],[3],[3],[29],[-3],[-3],[25],[8],[-3],[-3],[30],[14],[-9],[10],[16],[4],[-10],[26],[18],[7],[6],[28],[16],[-4],[-4],[25],[12],[-3],[-3],[21],[-9],[-4],[28],[12],[3],[2],[26],[9],[-6],[28],[17],[-3],[13],[23],[13],[-1],[19],[25],[3],[-2],[5],[36],[-1],[2],[11],[10],[32],[2],[4],[26],[10],[-3],[-8],[22],[4],[34],[10],[-8],[28],[19],[6],[2],[7],[-8],[2],[34],[21],[-1],[14],[16],[-2],[-3],[27],[12],[-5],[-2],[-2],[26],[-4],[13],[23],[8],[-8],[17],[4],[-8],[18],[6],[7],[31],[-4],[-4],[2],[14],[-3],[-1],[25],[10],[-11],[-5],[-9],[18],[13],[-3],[13],[2],[3],[15],[-2],[-3],[28],[3],[12],[-9],[34],[16],[3],[32],[14],[-4],[31],[17],[7],[6],[28],[13],[-2],[2],[27],[11],[-4],[14],[24],[5],[3],[-2],[13],[23],[8],[-4],[12],[24],[-3],[18],[3],[-2],[28],[14],[-2],[3],[30],[16],[2],[23],[11],[3],[-3],[37],[19],[2],[-2],[15],[-4],[30],[-2],[-1],[2],[13],[-2],[-3],[21],[-3],[2],[26],[5],[6],[29],[17],[-10],[27],[16],[4],[19],[3],[-1],[18],[-4],[15],[15],[-1],[18],[24],[6],[2],[4],[26],[-3],[3],[7],[6],[23],[8],[2],[29],[20],[8],[10],[30],[10],[-3],[30],[5],[-7],[18],[3],[12],[3],[5],[28],[16],[7],[-1],[27],[32],[15],[26],[-12],[2],[-4],[-8],[3],[24],[6],[7],[37],[15],[-2],[3],[4],[3],[19],[2],[11],[29],[12],[-8],[24],[19],[6],[7],[5],[38],[24],[5],[6],[5],[20],[3],[14],[35],[21],[3],[6],[32],[15],[-6],[-7],[22],[3],[2],[-1],[27],[11],[-4],[2],[5],[6],[37],[8],[11],[38],[19],[5],[4],[26],[8],[-5],[34],[7],[15],[5],[5],[22],[8],[4],[31],[19],[-1],[6],[6],[21],[6],[8],[33],[-1],[5],[18],[12],[2],[34],[26],[5],[14],[28],[7],[12],[34],[11],[-4],[34],[7],[4],[4],[4],[5],[4],[4],[-3],[29],[23],[5],[6],[35],[19],[2],[2],[2],[30],[4],[5],[10],[-1],[3],[35],[18],[-3],[-3],[22],[8],[-6],[35],[24],[4],[2],[3],[19],[27],[8],[-5],[9],[-7],[3],[7],[35],[21],[5],[18],[28],[15],[3],[14],[-3],[11],[-3],[-3],[-1],[2],[-4],[-6],[29],[-2],[5],[6],[-3],[-6],[-5],[25],[4],[3],[26],[11],[-1],[15],[2],[22],[8],[2],[27],[14],[-5],[11],[21],[6],[-8],[12],[-2],[-3],[-6],[-5],[12],[22],[-2],[-2],[-4],[-6],[-6],[11],[20],[8],[-7],[10],[21],[7],[-11],[10],[20],[2],[7],[2],[29],[16],[-3],[-1],[5],[5],[-5],[26],[-4],[29],[-2],[-4],[2],[33],[15],[-3],[-1],[-1],[2],[26],[15],[-3],[6],[-3],[24],[11],[-5],[10],[29],[7],[18],[-3],[-4],[-4],[-2],[19],[6],[-4],[4],[-3],[-2],[10],[-9],[12],[22],[6],[-8],[22],[5],[-10],[11],[20],[5],[-10],[18],[-8],[12],[20],[-4],[-4],[-3],[15],[-7],[-3],[28],[2],[18],[-6],[-6],[15],[-6],[11],[-4],[12],[16],[0],[3],[28],[-2],[24],[2],[-5],[23],[11],[-3],[-1],[28],[-5],[14],[23],[-3],[19],[3],[5],[34],[16],[3],[16],[-6],[-6],[-1],[-6],[11],[-3],[29],[11],[-3],[3],[21],[-3],[11],[24],[7],[-6],[-7],[-5],[22],[-5],[-9],[-9],[10],[13],[-3],[5],[2],[12],[-5],[12],[5],[-9],[26],[16],[-1],[3],[14],[-4],[26],[15],[-3],[3],[-1],[7],[-10],[18],[18],[-2],[2],[21],[5],[5],[32],[15],[2],[-2],[2],[2],[-2],[-3],[6],[26],[10],[-5],[12],[-2],[-2],[15],[-4],[2],[2],[-3],[-5],[16],[3],[8],[-5],[14],[-2],[2],[10],[-5],[12],[25],[4],[4],[7],[32],[18],[3],[7],[-10],[23],[19],[7],[7],[3],[6],[5],[18],[2],[7],[27],[8],[-4],[16],[3],[8],[26],[11],[3],[34],[17],[2],[2],[14],[17],[-8],[13],[19],[6],[31],[18],[-2],[14],[24],[12],[-1],[2],[34],[16],[-2],[13],[23],[8],[10],[27],[7],[8],[21],[3],[16],[7],[18],[4],[6],[31],[18],[3],[14],[28],[10],[10],[29],[13],[-3],[16],[19],[5],[7],[22],[-2],[24],[24],[10],[2],[29],[11],[-2],[15],[24],[3],[-5],[28],[24],[7],[6],[23],[4],[2],[22],[9],[2],[30],[27],[13],[13],[35],[22],[3],[22],[29],[13],[2],[30],[13],[5],[11],[6],[34],[22],[3],[4],[5],[4],[32],[18],[-1],[20],[10],[2],[37],[21],[-1],[5],[6],[13],[-2],[3],[29],[6],[10],[26],[2],[16],[28],[3],[18],[29],[13],[2],[22],[25],[4],[21],[2],[6],[37],[20],[5],[22],[34],[19],[5],[18],[27],[5],[18],[30],[13],[4],[4],[27],[-4],[-1],[10],[3],[10],[6],[3],[19],[28],[14],[4],[13],[-1],[-3],[3],[31],[2],[4],[5],[3],[-2],[26],[13],[-3],[6],[-1],[3],[20],[7],[8],[35],[11],[7],[33],[19],[-4],[34],[26],[8],[23],[30],[18],[7],[23],[30],[14],[-2],[34],[24],[11],[6],[35],[22],[8],[11],[4],[34],[27],[12],[2],[34],[12],[16],[6],[2],[34],[5],[30],[15],[4],[11],[8],[-3],[32],[13],[3],[33],[16],[-2],[5],[34],[3],[29],[12],[-2],[5],[30],[15],[2],[13],[-1],[18],[23],[10],[-4],[18],[20],[4],[2],[26],[6],[2],[30],[-4],[4],[13],[-3],[6],[2],[-1],[25],[12],[-5],[-3],[-1],[3],[28],[2],[8],[13],[-4],[22],[4],[27],[5],[2],[15],[3],[21],[6],[2],[2],[15],[2],[34],[21],[7],[7],[31],[9],[-4],[22],[26],[11],[-5],[30],[19],[3],[-1],[-5],[21],[6],[-8],[18],[22],[-3],[-5],[22],[8],[-8],[18],[20],[4],[-8],[21],[7],[-7],[10],[23],[10],[-3],[-6],[5],[-4],[-3],[-5],[-8],[4],[17],[5],[-5],[29],[7],[-6],[-6],[-7],[-7],[24],[7],[-10],[-5],[23],[-6],[-6],[6],[-8],[-4],[-5],[-3],[-5],[2],[20],[4],[-12],[8],[-5],[26],[3],[-4],[11],[-7],[14],[18],[-3],[-5],[-5],[-6],[23],[10],[-8],[18],[11],[-3],[-2],[-2],[30],[-1],[32],[15],[2],[3],[30],[15],[3],[-1],[30],[14],[-2],[2],[21],[10],[-3],[3],[12],[-7],[14],[17],[-4],[27],[12],[-6],[4],[2],[21],[5],[-8],[10],[-9],[8],[21],[7],[2],[28],[-5],[21],[-3],[-5],[-5],[-4],[27],[11],[-2],[2],[3],[11],[-8],[11],[18],[-1],[-12],[19],[10],[-5],[2],[-8],[4],[-12],[8],[14],[-10],[-3],[-3],[27],[12],[-3],[-4],[21],[11],[-3],[-6],[8],[-5],[16],[-4],[-1],[-2],[5],[6],[28],[-6],[5],[-9],[26],[20],[8],[12],[5],[3],[4],[-3],[12],[21],[10],[-11],[18],[-3],[11],[4],[31],[6],[-1],[15],[-5],[10],[23],[7],[-4],[17],[-8],[18],[23],[6],[2],[5],[2],[10],[6],[11],[6],[15],[-4],[6],[29],[14],[-1],[34],[13],[-2],[-1],[27],[13],[2],[4],[29],[9],[2],[32],[23],[7],[8],[2],[3],[22],[-2],[2],[27],[12],[-2],[14],[7],[2],[3],[10],[-3],[-5],[22],[10],[-3],[23],[-3],[2],[19],[-6],[21],[6],[-8],[8],[15],[-6],[4],[-10],[-3],[-9],[18],[-3],[24],[-4],[-5],[18],[26],[10],[-2],[17],[27],[11],[-11],[29],[-2],[10],[-4],[32],[18],[6],[6],[2],[15],[-5],[29],[13],[-4],[12],[7],[-7],[26],[22],[11],[4],[7],[4],[3],[3],[30],[16],[4],[6],[28],[12],[3],[29],[4],[20],[29],[14],[-1],[16],[21],[6],[7],[27],[7],[-9],[32],[20],[7],[10],[38],[26],[5],[8],[30],[14],[5],[38],[24],[6],[7],[2],[2],[5],[3],[17],[25],[7],[7],[30],[13],[-3],[2],[24],[7],[2],[35],[21],[2],[7],[23],[4],[2],[14],[-1],[3],[4],[4],[3],[3],[19],[5],[24],[2],[14],[26],[-1],[4],[-6],[26],[-2],[10],[2],[32],[22],[5],[6],[2],[2],[2],[20],[5],[2],[-8],[28],[17],[-2],[19],[5],[4],[31],[15],[3],[2],[30],[24],[12],[6],[37],[5],[32],[12],[-2],[17],[3],[4],[17],[2],[17],[3],[3],[29],[16],[5],[3],[29],[3],[28],[3],[5],[28],[15],[4],[32],[7],[7],[33],[19],[-5],[15],[16],[2],[-2],[30],[16],[2],[33],[11],[-5],[-6],[15],[-10],[12],[21],[7],[2],[26],[2],[-1],[-2],[-4],[11],[3],[-1],[13],[22],[4],[19],[3],[14],[26],[9],[6],[30],[-1],[-5],[32],[13],[-3],[12],[23],[12],[-2],[24],[-4],[2],[4],[4],[10],[11],[30],[10],[-6],[14],[26],[5],[26],[5],[7],[31],[7],[7],[2],[-1],[15],[27],[3],[-3],[13],[20],[8],[6],[7],[-2],[20],[21],[5],[3],[27],[-5],[5],[31],[15],[4],[5],[34],[19],[6],[35],[22],[10],[10],[35],[21],[5],[6],[9],[8],[24],[3],[18],[28],[6],[7],[9],[4],[2],[17],[24],[7],[-5],[31],[19],[5],[3],[2],[28],[7],[6],[34],[16],[-6],[10],[-4],[-2],[6],[5],[10],[8],[3],[12],[5],[32],[5],[31],[19],[2],[4],[29],[12],[-3],[22],[23],[2],[5],[4],[3],[19],[5],[6],[8],[30],[20],[-2],[24],[10],[-3],[2],[-4],[13],[21],[7],[-3],[28],[13],[-4],[22],[6],[-3],[28],[2],[5],[-4],[11],[15],[-2],[-3],[26],[8],[-8],[2],[20],[-4],[26],[-8],[14],[17],[5],[-6],[27],[12],[-3],[-1],[-6],[-8],[-5],[3],[30],[2],[4],[-1],[26],[13],[-2],[21],[-10],[6],[16],[5],[-8],[22],[14],[3],[-4],[31],[20],[-1],[-3],[2],[-5],[24],[-4],[-6],[-5],[5],[2],[30],[21],[5],[5],[-3],[-3],[-3],[21],[-2],[-3],[-5],[-4],[-9],[-11],[26],[-2],[4],[3],[-1],[-1],[30],[11],[-5],[-5],[15],[-2],[-14],[18],[12],[-8],[10],[17],[4],[-11],[27],[8],[-4],[2],[26],[5],[5],[3],[15],[-4],[-3],[2],[22],[8],[-5],[29],[14],[-3],[0],[20],[6],[-8],[-2],[27],[3],[19],[-5],[14],[23],[2],[3],[4],[29],[15],[3],[-1],[-2],[24],[21],[3],[16],[28],[15],[3],[18],[21],[-2],[2],[23],[-1],[16],[2],[3],[-2],[4],[31],[8],[36],[21],[2],[2],[31],[2],[32],[19],[3],[2],[3],[3],[8],[7],[26],[7],[10],[34],[5],[6],[6],[31],[14],[4],[33],[6],[28],[11],[-4],[30],[19],[4],[5],[31],[19],[5],[5],[30],[15],[-1],[6],[25],[11],[-3],[16],[19],[5],[5],[8],[2],[3],[2],[3],[5],[3],[3],[14],[-1],[-4],[13],[21],[2],[-1],[27],[12],[-3],[12],[22],[3],[3],[28],[14],[3],[30],[11],[-5],[15],[-3],[-3],[22],[6],[-6],[-5],[-1],[5],[-8],[8],[-10],[12],[20],[4],[-10],[24],[-1],[-2],[-12],[26],[-3],[4],[19],[-1],[-1],[-5],[-1],[-1],[31],[14],[5],[6],[27],[7],[4],[38],[12],[-6],[18],[2],[-2],[16],[-1],[4],[22],[-1],[14],[23],[4],[31],[2],[2],[34],[17],[5],[9],[13],[-4],[7],[36],[21],[5],[5],[30],[4],[24],[5],[5],[30],[16],[5],[18],[28],[12],[-6],[22],[25],[8],[12],[39],[2],[18],[22],[4],[4],[8],[7],[17],[2],[-2],[28],[12],[2],[36],[18],[2],[-3],[27],[13],[-1],[2],[30],[7],[26],[4],[27],[13],[-3],[12],[21],[5],[4],[31],[6],[5],[7],[3],[-3],[13],[-3],[2],[15],[0],[35],[19],[-3],[16],[-1],[15],[24],[2],[3],[2],[3],[3],[21],[3],[-2],[29],[16],[3],[4],[30],[14],[3],[23],[9],[-4],[3],[35],[16],[-2],[31],[16],[6],[6],[34],[22],[5],[2],[32],[15],[2],[4],[4],[7],[8],[24],[5],[7],[10],[8],[33],[3],[27],[3],[27],[3],[29],[13],[-1],[4],[27],[16],[7],[12],[29],[12],[-6],[20],[-3],[23],[13],[-1],[2],[2],[27],[14],[2],[7],[-6],[14],[24],[2],[12],[11],[31],[22],[3],[-1],[30],[16],[6],[18],[7],[5],[13],[11],[36],[15],[3],[3],[5],[13],[8],[31],[23],[10],[7],[35],[18],[3],[5],[29],[8],[6],[31],[16],[6],[7],[33],[15],[3],[2],[24],[-1],[2],[3],[31],[5],[4],[6],[14],[30],[18],[5],[19],[27],[6],[18],[4],[8],[6],[8],[6],[36],[3],[31],[21],[8],[8],[7],[4],[4],[3],[18],[3],[-1],[30],[10],[-5],[11],[22],[10],[-4],[19],[4],[7],[5],[24],[-6],[-3],[8],[-9],[-6],[11],[20],[2],[16],[53],[45],[19],[28],[5],[-1],[11],[-15],[-12],[-4],[23],[11],[11],[35],[12],[-6],[-8],[21],[-9],[-3],[3],[5],[7],[12],[18],[27],[7],[4],[-4],[-5],[-11],[-18],[14],[43],[59],[68],[55],[28],[16],[-25],[-51],[-13],[-10],[3],[23],[37],[31],[44],[16],[8],[6],[-20],[-33],[-8],[-17],[-13],[5],[28],[30],[22],[34],[-8],[-46],[-52],[-20],[-36],[17],[14],[14],[31],[12],[10],[-22],[10],[-25],[-26],[-14],[24],[12],[-5],[10],[19],[-4],[22],[10],[-16],[3],[-5],[13],[35],[22],[6],[14],[21],[-9],[15],[-3],[-12],[8],[7],[18],[15],[4],[27],[-10],[-16],[8],[7],[-9],[5],[30],[5],[22],[-1],[2],[18],[-9],[-3],[18],[-5],[-9],[-10],[-2],[-14],[-12],[18],[-5],[-10],[19],[-13],[-4],[3],[12],[14],[43],[31],[6],[-6],[2],[-24],[-3],[16],[12],[8],[36],[33],[18],[14],[26],[19],[-6],[5],[8],[6],[27],[35],[22],[19],[29],[4],[20],[-3],[-17],[20],[26],[-5],[26],[11],[7],[27],[7],[2],[27],[27],[15],[2],[29],[-5],[-13],[-4],[-16],[6],[21],[7],[34],[15],[8],[-2],[-1],[9],[-6],[14],[21],[9],[18],[19],[20],[42],[10],[11],[2],[4],[-12],[-1],[23],[18],[26],[17],[13],[6],[3],[-4],[-5],[22],[15],[-3],[3],[20],[16],[-3],[20],[15],[-8],[-5],[23],[-2],[11],[27],[12],[19],[40],[23],[6],[8],[6],[17],[11],[22],[13],[11],[23],[-2],[21],[10],[-9],[14],[6],[6],[38],[5],[18],[25],[4],[-10],[12],[14],[-3],[30],[2],[-13],[8],[19],[6],[-2],[4],[-4],[-11],[15],[-2],[-17],[2],[20],[2],[3],[21],[5],[-8],[-10],[-1],[-19],[2],[5],[12],[10],[34],[31],[9],[10],[31],[5],[-3],[8],[22],[5],[21],[16],[18],[49],[31],[51],[37],[18],[14],[10],[10],[14],[7],[12],[45],[23],[10],[3],[-4],[-20],[6],[10],[3],[2],[43],[37],[23],[19],[6],[4],[-27],[-6],[-16],[-27],[-16],[22],[15],[6],[5],[22],[-20],[-17],[-17],[-33],[-22],[-10],[-13],[38],[2],[-3],[-17],[-4],[-21],[-35],[-20],[10],[-28],[12],[-12],[-41],[-74],[-52],[-50],[-55],[-3],[-22],[-45],[-59],[-47],[-68],[-81],[-88],[-65],[-75],[-58],[-19],[-33],[-40],[-28],[-33],[-26],[-17],[51],[102],[144],[184],[196],[135],[124],[56],[15],[26],[40],[40],[79],[103],[75],[39],[18],[12],[18],[56],[68],[107],[100],[95],[115],[106],[136],[102],[67],[44],[34],[-5],[-10],[-11],[14],[30],[69],[47],[48],[35],[-4],[-15],[-14],[5],[-6],[21],[-13],[-50],[-83],[-89],[-91],[-74],[-55],[-47],[-24],[-62],[-79],[-70],[-99],[-114],[-112],[-70],[-86],[-90],[-97],[-142],[-152],[-233],[-317],[-406],[-428],[-263],[127],[543],[696],[571],[381],[187],[20],[-112],[-192],[-154],[29],[280],[322],[202],[16],[-133],[-179],[-248],[-306],[-309],[-249],[-166],[-57],[135],[337],[509],[572],[457],[260],[97],[-17],[-157],[-225],[-194],[-90],[19],[36],[-45],[-96],[-148],[-163],[-169],[-121],[-86],[-15],[78],[142],[202],[273],[325],[259],[149],[63],[35],[8],[25],[62],[31],[15],[46],[38],[70],[88],[108],[141],[197],[153],[130],[77],[68],[58],[40],[26],[-34],[-89],[-111],[-109],[-126],[-92],[-27],[-1],[-9],[15],[-20],[-42],[-12],[-3],[-9],[-16],[-17],[-45],[-112],[-162],[-249],[-297],[-357],[-381],[-387],[-400],[-376],[-424],[-498],[-465],[-113],[461],[835],[863],[644],[377],[168],[-1],[-192],[-288],[-123],[163],[341],[269],[69],[-156],[-297],[-354],[-398],[-388],[-263],[-144],[-39],[92],[325],[601],[707],[589],[404],[214],[21],[-171],[-338],[-354],[-201],[-90],[-34],[-46],[-61],[-123],[-150],[-124],[-125],[-37],[19],[58],[146],[219],[289],[349],[262],[188],[44],[-91],[-154],[-136],[-74],[-19],[106],[187],[212],[219],[196],[161],[162],[176],[165],[150],[130],[167],[179],[117],[66],[-12],[-134],[-169],[-216],[-255],[-168],[-79],[23],[46],[75],[82],[13],[-13],[-13],[-40],[-61],[-78],[-98],[-86],[-137],[-226],[-288],[-345],[-429],[-454],[-427],[-360],[-362],[-417],[-476],[-323],[112],[638],[964],[911],[576],[266],[57],[-121],[-291],[-275],[-34],[273],[390],[235],[-28],[-227],[-298],[-339],[-381],[-331],[-197],[-77],[12],[220],[464],[688],[755],[555],[296],[74],[-100],[-312],[-434],[-362],[-182],[-68],[-44],[-32],[-73],[-113],[-116],[-96],[-101],[-36],[35],[86],[178],[251],[319],[317],[236],[86],[-48],[-137],[-165],[-72],[-16],[46],[140],[177],[190],[216],[202],[194],[229],[222],[173],[114],[129],[134],[118],[98],[42],[-73],[-140],[-168],[-211],[-201],[-126],[8],[27],[27],[38],[46],[-17],[-46],[-38],[-29],[-63],[-118],[-148],[-179],[-224],[-294],[-356],[-405],[-466],[-469],[-437],[-411],[-474],[-511],[-307],[245],[776],[1023],[874],[522],[249],[11],[-173],[-332],[-288],[36],[306],[410],[221],[-50],[-210],[-321],[-361],[-422],[-368],[-228],[-83],[74],[293],[578],[836],[793],[552],[322],[81],[-149],[-350],[-417],[-361],[-198],[-63],[-67],[-105],[-122],[-133],[-134],[-100],[-94],[-52],[36],[157],[223],[298],[394],[385],[247],[103],[-67],[-178],[-203],[-162],[-77],[4],[109],[210],[246],[247],[249],[236],[222],[189],[169],[112],[141],[169],[197],[124],[21],[-100],[-197],[-204],[-235],[-222],[-101],[3],[54],[66],[79],[72],[10],[-24],[-18],[-65],[-57],[-101],[-152],[-177],[-195],[-287],[-374],[-446],[-484],[-498],[-452],[-381],[-402],[-442],[-410],[-51],[491],[893],[994],[751],[374],[36],[-126],[-267],[-354],[-152],[151],[375],[370],[112],[-145],[-281],[-285],[-325],[-389],[-291],[-150],[2],[163],[427],[679],[845],[692],[455],[152],[-79],[-229],[-398],[-397],[-278],[-124],[-38],[-46],[-62],[-88],[-91],[-68],[-96],[-92],[-45],[55],[179],[247],[331],[380],[298],[188],[26],[-109],[-169],[-100],[-19],[9],[54],[155],[207],[200],[250],[269],[223],[189],[181],[115],[73],[151],[177],[138],[102],[-15],[-163],[-181],[-200],[-245],[-189],[-48],[22],[37],[29],[37],[36],[-8],[-52],[-64],[-44],[-94],[-117],[-172],[-200],[-289],[-363],[-465],[-523],[-538],[-506],[-470],[-466],[-473],[-272],[245],[756],[991],[902],[580],[238],[-9],[-203],[-328],[-281],[-4],[226],[327],[193],[-40],[-217],[-324],[-352],[-392],[-386],[-255],[-91],[131],[341],[596],[829],[808],[597],[318],[74],[-170],[-338],[-404],[-340],[-232],[-110],[-43],[-81],[-78],[-68],[-44],[-72],[-84],[-61],[22],[134],[253],[342],[363],[364],[252],[79],[-58],[-162],[-187],[-113],[-68],[-25],[92],[186],[244],[316],[303],[243],[202],[145],[98],[73],[117],[156],[165],[158],[52],[-108],[-198],[-187],[-205],[-203],[-132],[-4],[58],[77],[116],[96],[47],[24],[-57],[-115],[-129],[-154],[-161],[-172],[-214],[-286],[-385],[-489],[-539],[-510],[-469],[-402],[-425],[-429],[-232],[204],[701],[941],[884],[562],[215],[-74],[-266],[-368],[-286],[-24],[221],[322],[194],[-60],[-200],[-304],[-330],[-353],[-329],[-238],[-62],[155],[373],[603],[826],[781],[580],[330],[28],[-197],[-331],[-371],[-332],[-208],[-90],[-60],[-68],[-21],[-39],[-26],[-32],[-28],[-38],[22],[149],[240],[322],[371],[371],[246],[76],[-94],[-219],[-228],[-166],[-60],[35],[132],[222],[324],[324],[300],[254],[164],[104],[80],[85],[112],[151],[194],[133],[24],[-131],[-217],[-213],[-232],[-214],[-124],[13],[80],[111],[138],[135],[78],[3],[-60],[-139],[-179],[-173],[-188],[-207],[-234],[-306],[-406],[-490],[-520],[-506],[-457],[-402],[-425],[-372],[-179],[212],[714],[904],[820],[526],[187],[-113],[-269],[-368],[-290],[-58],[177],[259],[174],[-38],[-174],[-232],[-278],[-302],[-331],[-234],[-67],[168],[383],[614],[808],[770],[583],[331],[45],[-180],[-332],[-354],[-323],[-216],[-99],[-53],[-26],[43],[41],[22],[2],[-19],[-32],[27],[142],[250],[320],[339],[330],[203],[44],[-101],[-184],[-221],[-157],[-81],[-10],[117],[208],[277],[318],[320],[219],[139],[93],[84],[70],[102],[178],[178],[123],[39],[-117],[-214],[-229],[-213],[-197],[-128],[-35],[58],[95],[144],[120],[104],[21],[-73],[-138],[-176],[-188],[-190],[-179],[-234],[-317],[-378],[-476],[-500],[-492],[-434],[-358],[-355],[-325],[-184],[178],[571],[792],[788],[548],[219],[-72],[-226],[-319],[-278],[-94],[115],[232],[156],[-14],[-133],[-198],[-243],[-253],[-289],[-214],[-26],[159],[358],[569],[750],[719],[588],[351],[63],[-152],[-270],[-360],[-348],[-249],[-142],[-70],[-10],[72],[53],[71],[27],[-31],[-36],[49],[122],[226],[315],[309],[282],[180],[93],[-52],[-166],[-208],[-155],[-101],[-43],[70],[192],[266],[328],[321],[226],[144],[103],[64],[49],[92],[170],[163],[146],[53],[-93],[-191],[-201],[-215],[-213],[-132],[-65],[52],[123],[151],[146],[151],[61],[-7],[-106],[-179],[-194],[-197],[-207],[-214],[-233],[-307],[-382],[-418],[-414],[-387],[-340],[-296],[-325],[-334],[-235],[46],[399],[666],[737],[528],[224],[-1],[-206],[-269],[-230],[-122],[50],[155],[137],[52],[-77],[-123],[-160],[-214],[-267],[-227],[-108],[103],[290],[467],[628],[675],[536],[327],[133],[-72],[-224],[-314],[-340],[-272],[-143],[-46],[26],[95],[95],[72],[31],[-19],[-82],[-29],[66],[186],[220],[236],[218],[172],[63],[-30],[-91],[-135],[-144],[-114],[-58],[24],[107],[199],[307],[277],[257],[202],[148],[91],[66],[95],[109],[134],[91],[11],[-65],[-134],[-172],[-190],[-199],[-153],[-81],[33],[79],[116],[146],[123],[108],[-2],[-65],[-106],[-169],[-204],[-178],[-193],[-219],[-248],[-285],[-332],[-340],[-300],[-304],[-310],[-277],[-278],[-290],[-269],[-235],[-1],[342],[559],[573],[351],[147],[-13],[-68],[-134],[-157],[-42],[115],[151],[100],[26],[-31],[-86],[-106],[-176],[-211],[-158],[-10],[113],[240],[386],[506],[532],[419],[251],[107],[8],[-128],[-230],[-219],[-148],[-72],[-29],[23],[44],[55],[62],[5],[-53],[-58],[30],[72],[110],[146],[172],[164],[117],[67],[-22],[-72],[-122],[-126],[-86],[-13],[63],[182],[259],[256],[237],[220],[140],[88],[112],[144],[147],[149],[114],[43],[-7],[-74],[-109],[-133],[-124],[-105],[-67],[-26],[22],[71],[70],[55],[34],[8],[-24],[-57],[-77],[-104],[-110],[-147],[-146],[-177],[-229],[-257],[-280],[-315],[-288],[-243],[-178],[-156],[-137],[-169],[-289],[-432],[-480],[-384],[-66],[358],[589],[586],[454],[309],[123],[37],[-102],[-137],[-67],[37],[86],[57],[40],[81],[63],[36],[-80],[-195],[-197],[-109],[-30],[113],[285],[431],[508],[466],[360],[246],[126],[-59],[-205],[-240],[-196],[-149],[-90],[-16],[61],[86],[86],[-1],[-64],[-76],[-21],[64],[90],[142],[122],[132],[112],[96],[93],[23],[-45],[-105],[-105],[-94],[-13],[81],[203],[285],[289],[239],[175],[123],[53],[40],[96],[92],[142],[145],[106],[63],[29],[-76],[-145],[-229],[-256],[-191],[-121],[-38],[70],[97],[127],[117],[92],[27],[-32],[-80],[-121],[-132],[-165],[-174],[-142],[-107],[-117],[-121],[-134],[-165],[-210],[-234],[-231],[-208],[-189],[-239],[-297],[-331],[-360],[-309],[-93],[212],[513],[651],[541],[309],[133],[-8],[-86],[-92],[-28],[68],[151],[163],[150],[65],[8],[-56],[-173],[-280],[-294],[-227],[-69],[74],[223],[386],[482],[444],[354],[226],[122],[-12],[-150],[-219],[-196],[-140],[-73],[34],[93],[94],[43],[-27],[-91],[-139],[-110],[-17],[50],[99],[172],[199],[209],[233],[174],[89],[24],[-62],[-138],[-155],[-132],[-95],[-27],[92],[172],[219],[258],[268],[272],[234],[165],[143],[62],[17],[-26],[-37],[-85],[-129],[-128],[-190],[-165],[-156],[-128],[-78],[21],[50],[123],[119],[140],[114],[144],[98],[37],[-11],[-41],[-114],[-185],[-222],[-195],[-172],[-147],[-88],[-68],[-54],[-33],[-29],[-35],[-60],[-92],[-124],[-147],[-219],[-276],[-312],[-353],[-314],[-70],[202],[407],[484],[363],[200],[84],[56],[3],[-3],[106],[194],[249],[186],[80],[-19],[-90],[-199],[-321],[-371],[-366],[-285],[-148],[-21],[124],[308],[423],[435],[380],[343],[227],[78],[-53],[-92],[-107],[-91],[-67],[-61],[-64],[-64],[-73],[-66],[-100],[-80],[5],[55],[94],[144],[156],[180],[219],[174],[159],[88],[18],[-30],[-96],[-139],[-140],[-106],[-94],[-63],[6],[24],[42],[90],[157],[194],[235],[262],[213],[114],[40],[-68],[-155],[-174],[-195],[-174],[-101],[-59],[-19],[15],[56],[50],[36],[48],[105],[120],[128],[168],[148],[107],[69],[39],[-44],[-108],[-139],[-143],[-107],[-47],[11],[68],[117],[144],[73],[2],[-92],[-193],[-237],[-245],[-248],[-190],[-141],[-154],[-235],[-339],[-404],[-374],[-138],[165],[403],[513],[443],[341],[219],[100],[2],[-76],[-113],[-85],[-75],[-84],[-116],[-144],[-165],[-171],[-197],[-248],[-229],[-152],[-62],[74],[219],[375],[456],[481],[456],[359],[262],[76],[-105],[-200],[-264],[-243],[-193],[-134],[-38],[-14],[10],[10],[36],[33],[41],[63],[104],[99],[116],[157],[145],[116],[85],[13],[-73],[-176],[-229],[-234],[-202],[-133],[-84],[-28],[76],[99],[127],[143],[147],[149],[121],[146],[175],[156],[133],[98],[-12],[-105],[-162],[-174],[-171],[-124],[-32],[43],[91],[158],[199],[199],[238],[207],[220],[144],[94],[54],[34],[-19],[-41],[-88],[-113],[-92],[-97],[-78],[-32],[43],[70],[79],[75],[87],[50],[-9],[-46],[-88],[-169],[-193],[-237],[-265],[-270],[-281],[-313],[-417],[-501],[-511],[-388],[-125],[204],[486],[652],[578],[458],[327],[157],[20],[-54],[-97],[-114],[-105],[-140],[-158],[-183],[-222],[-241],[-270],[-274],[-225],[-90],[34],[175],[326],[448],[513],[490],[456],[305],[158],[-12],[-150],[-263],[-318],[-309],[-267],[-203],[-122],[-83],[-45],[6],[30],[95],[195],[239],[257],[280],[232],[170],[104],[73],[-11],[-85],[-154],[-188],[-213],[-185],[-134],[-52],[5],[63],[115],[159],[146],[158],[202],[185],[184],[198],[219],[202],[124],[38],[-60],[-127],[-216],[-250],[-212],[-137],[-10],[80],[158],[261],[284],[252],[230],[163],[102],[90],[35],[-13],[14],[-18],[-1],[-37],[-64],[-65],[-34],[-44],[-45],[-9],[26],[46],[81],[99],[88],[76],[45],[-11],[-50],[-82],[-82],[-113],[-155],[-166],[-223],[-281],[-268],[-285],[-238],[-246],[-225],[-204],[-172],[-169],[-73],[84],[270],[411],[404],[300],[132],[-11],[-106],[-131],[-172],[-146],[-72],[-29],[-49],[-78],[-113],[-148],[-171],[-201],[-198],[-131],[-4],[94],[254],[343],[395],[399],[366],[266],[168],[91],[-37],[-145],[-171],[-132],[-52],[4],[62],[103],[109],[64],[55],[29],[32],[83],[108],[146],[158],[147],[130],[119],[64],[-2],[-46],[-91],[-128],[-129],[-67],[-37],[-5],[63],[63],[63],[47],[32],[66],[47],[65],[72],[86],[99],[75],[45],[-6],[-22],[-67],[-113],[-140],[-107],[-89],[-37],[26],[80],[127],[181],[173],[150],[136],[161],[125],[83],[77],[53],[33],[-3],[-17],[-46],[-45],[-35],[-18],[47],[56],[77],[83],[69],[45],[20],[-3],[-29],[-50],[-36],[-58],[-76],[-82],[-70],[-102],[-93],[-135],[-186],[-199],[-224],[-224],[-172],[-108],[-53],[-11],[-21],[-70],[-105],[-194],[-283],[-305],[-227],[-83],[127],[275],[304],[238],[144],[39],[-30],[-40],[-68],[-51],[36],[75],[85],[109],[114],[67],[14],[-52],[-114],[-144],[-132],[-74],[22],[180],[271],[341],[353],[328],[280],[174],[80],[-24],[-102],[-69],[-42],[-6],[31],[54],[56],[8],[-20],[-37],[-76],[-80],[-62],[-17],[-11],[20],[99],[107],[126],[123],[74],[20],[-46],[-81],[-134],[-118],[-81],[-65],[-35],[18],[14],[2],[15],[13],[5],[42],[53],[63],[111],[103],[70],[42],[2],[-34],[-58],[-107],[-121],[-98],[-50],[-4],[34],[61],[103],[107],[107],[93],[91],[50],[20],[44],[23],[4],[11],[10],[-19],[-6],[3],[20],[66],[54],[70],[102],[82],[50],[32],[52],[30],[22],[30],[-9],[-55],[-70],[-96],[-125],[-134],[-129],[-87],[-69],[-36],[-22],[-31],[-41],[-9],[-35],[-59],[-65],[-53],[-101],[-161],[-178],[-201],[-229],[-234],[-179],[-76],[46],[190],[184],[145],[97],[42],[39],[9],[-11],[14],[43],[54],[68],[29],[8],[-3],[-69],[-91],[-111],[-114],[-81],[-28],[61],[166],[236],[300],[267],[210],[177],[96],[40],[-35],[-56],[-80],[-81],[-56],[-56],[-31],[-53],[-68],[-61],[-77],[-70],[-60],[-42],[6],[32],[94],[99],[89],[90],[53],[30],[-9],[-72],[-105],[-95],[-100],[-83],[-48],[-25],[-12],[36],[40],[36],[77],[68],[85],[103],[126],[163],[130],[101],[77],[34],[-4],[-42],[-40],[-61],[-61],[-22],[35],[67],[88],[147],[122],[124],[106],[106],[70],[62],[53],[70],[62],[55],[63],[34],[2],[7],[-24],[-28],[-11],[-20],[15],[18],[26],[51],[36],[17],[20],[5],[-45],[-84],[-82],[-100],[-120],[-132],[-91],[-98],[-88],[-78],[-50],[-48],[-44],[-33],[-54],[-65],[-46],[-42],[-70],[-109],[-124],[-145],[-190],[-216],[-226],[-165],[-121],[-71],[40],[107],[144],[152],[149],[85],[31],[10],[19],[-6],[18],[19],[20],[8],[-20],[-21],[-80],[-92],[-81],[-97],[-60],[-11],[81],[122],[194],[231],[208],[164],[150],[102],[47],[4],[13],[-12],[-27],[-6],[-5],[44],[45],[35],[42],[44],[53],[23],[24],[47],[67],[74],[91],[52],[38],[23],[-25],[-20],[-42],[-51],[-21],[3],[37],[61],[95],[80],[77],[89],[63],[49],[58],[87],[73],[54],[54],[14],[-10],[-2],[-43],[-78],[-68],[-49],[-42],[2],[65],[96],[115],[128],[151],[108],[111],[67],[39],[29],[26],[30],[9],[22],[-14],[-8],[-30],[-38],[-14],[-14],[2],[22],[37],[42],[68],[44],[10],[-7],[-28],[-29],[-64],[-49],[-88],[-61],[-75],[-84],[-80],[-56],[-72],[-76],[-72],[-96],[-102],[-75],[-84],[-70],[-36],[-59],[-57],[-40],[-76],[-96],[-114],[-146],[-143],[-130],[-112],[-70],[11],[47],[70],[104],[136],[148],[163],[94],[75],[60],[42],[33],[54],[70],[60],[42],[47],[15],[-21],[-30],[-27],[-5],[26],[85],[133],[139],[162],[151],[140],[110],[72],[45],[48],[27],[15],[20],[25],[4],[28],[9],[-21],[-28],[-5],[-3],[5],[42],[99],[104],[104],[84],[55],[24],[18],[-17],[-35],[-26],[-10],[2],[37],[23],[13],[17],[40],[8],[-1],[35],[19],[19],[61],[52],[39],[39],[22],[15],[-24],[-46],[-50],[-24],[-31],[-19],[-8],[22],[19],[27],[22],[14],[5],[23],[-5],[-18],[14],[-5],[4],[38],[21],[6],[2],[22],[-2],[10],[52],[34],[60],[54],[35],[34],[26],[50],[38],[8],[13],[-17],[-42],[-34],[-32],[-47],[-52],[-18],[-38],[-22],[-35],[-19],[-32],[5],[-24],[-15],[-14],[20],[3],[-29],[-48],[-45],[-74],[-99],[-105],[-105],[-90],[-52],[-70],[-40],[-59],[-26],[-19],[-3],[35],[24],[15],[29],[42],[29],[41],[75],[45],[43],[31],[50],[24],[22],[50],[38],[16],[8],[28],[8],[3],[17],[35],[81],[78],[68],[86],[92],[62],[66],[44],[41],[59],[39],[26],[38],[40],[16],[-11],[12],[-12],[-33],[-24],[-38],[-35],[-30],[-39],[-29],[14],[17],[16],[24],[48],[21],[3],[24],[14],[6],[13],[42],[18],[5],[4],[-5],[22],[-4],[34],[38],[37],[46],[36],[54],[30],[46],[38],[12],[-3],[23],[-12],[-6],[-19],[13],[33],[28],[16],[38],[7],[26],[-9],[-18],[17],[11],[8],[16],[8],[3],[-13],[3],[-36],[-18],[-45],[-19],[-11],[-28],[-28],[-2],[-15],[-24],[-9],[-4],[-29],[-38],[-47],[-40],[-32],[-48],[-35],[10],[-6],[-18],[-25],[-14],[-36],[-37],[-37],[-5],[-16],[-13],[4],[-13],[-29],[-35],[-45],[-53],[-10],[-28],[-28],[21],[22],[13],[36],[10],[-14],[16],[-3],[-9],[4],[42],[37],[28],[24],[41],[23],[-3],[29],[-1],[-13],[18],[20],[14],[58],[54],[55],[57],[74],[45],[29],[30],[31],[46],[54],[51],[74],[45],[39],[26],[12],[-3],[13],[3],[-8],[3],[37],[16],[19],[17],[19],[11],[-4],[-15],[-26],[-5],[-27],[-37],[-15],[8],[4],[-1],[13],[27],[6],[-2],[17],[-1],[-6],[13],[18],[-13],[2],[-14],[-14],[-12],[-7],[4],[31],[16],[2],[38],[21],[18],[71],[60],[37],[31],[39],[14],[-12],[10],[-21],[5],[-27],[-12],[-27],[-12],[-24],[11],[-3],[-9],[6],[39],[31],[28],[46],[4],[-13],[-3],[-25],[-41],[-34],[-13],[-25],[-27],[-41],[-28],[-41],[-29],[7],[0],[-10],[20],[31],[10],[10],[6],[-3],[16],[23],[3],[-17],[23],[4],[12],[50],[30],[67],[47],[31],[26],[19],[19],[12],[22],[-12],[-16],[18],[11],[2],[8],[38],[25],[4],[2],[15],[4],[20],[28],[11],[34],[22],[22],[14],[4],[24],[6],[-13],[-18],[-17],[-10],[34],[21],[7],[22],[35],[24],[15],[24],[29],[55],[33],[17],[4],[10],[30],[2],[8],[-10],[22],[-4],[15],[14],[-5],[2],[25],[13],[5],[6],[3],[19],[6],[3],[19],[4],[3],[3],[10],[2],[29],[21],[10],[8],[27],[8],[8],[31],[11],[-3],[10],[17],[2],[5],[29],[13],[2],[12],[27],[12],[-8],[34],[3],[-5],[-3],[23],[-3],[-1],[26],[10],[-5],[13],[22],[5],[-11],[26],[2],[20],[4],[3],[24],[11],[-9],[12],[-5],[-3],[24],[13],[2],[30],[-2],[6],[-8],[10],[2],[2],[-5],[5],[31],[15],[3],[36],[17],[-3],[3],[4],[15],[5],[6],[16],[-2],[18],[3],[30],[-3],[3],[-1],[15],[27],[14],[-1],[2],[16],[3],[22],[5],[5],[31],[19],[3],[4],[20],[-5],[4],[3],[34],[19],[4],[5],[-1],[11],[24],[3],[-2],[2],[-2],[27],[10],[-4],[32],[10],[-11],[10],[-5],[-1],[29],[7],[2],[32],[-3],[4],[7],[34],[19],[-3],[-4],[18],[18],[4],[-10],[-5],[14],[22],[-7],[14],[12],[-4],[2],[-4],[15],[-1],[8],[-11],[27],[16],[-2],[4],[27],[12],[-1],[29],[13],[-8],[-10],[28],[11],[-2],[32],[19],[-1],[18],[26],[8],[-5],[6],[8],[-6],[30],[-3],[3],[4],[27],[2],[-1],[28],[10],[-5],[13],[-3],[15],[5],[3],[25],[-3],[-3],[27],[12],[2],[35],[3],[15],[-3],[13],[2],[2],[-1],[3],[2],[33],[4],[6],[7],[6],[2],[16],[2],[2],[13],[-1],[2],[2],[2],[31],[15],[5],[6],[9],[8],[30],[13],[3],[29],[14],[-3],[-1],[23],[-1],[29],[-9],[8],[18],[-4],[2],[21],[-5],[-5],[23],[-3],[13],[-5],[2],[-1],[2],[29],[14],[-1],[2],[26],[13],[-2],[-4],[19],[2],[-13],[6],[-6],[8],[-5],[-9],[-10],[-10],[10],[-4],[-8],[-6],[-9],[20],[-1],[29],[17],[2],[4],[-1],[3],[6],[-1],[6],[11],[-2],[18],[21],[-5],[26],[23],[-1],[29],[15],[-2],[17],[5],[3],[8],[3],[19],[6],[34],[24],[11],[2],[-1],[-3],[2],[26],[9],[-2],[21],[3],[3],[-3],[-2],[-1],[28],[15],[-3],[-4],[3],[12],[-6],[14],[-1],[24],[-2],[26],[24],[12],[-2],[7],[10],[32],[17],[2],[-1],[-6],[18],[4],[-1],[-1],[3],[7],[6],[33],[-1],[9],[-3],[29],[13],[-5],[28],[-4],[3],[6],[32],[18],[-4],[6],[5],[29],[15],[2],[6],[21],[6],[5],[24],[2],[2],[-1],[14],[23],[3],[4],[-2],[2],[24],[7],[2],[31],[15],[-2],[4],[3],[3],[3],[28],[-3],[12],[-4],[10],[-1],[31],[-1],[-3],[-6],[-2],[-6],[0],[5],[28],[14],[-4],[10],[26],[7],[6],[4],[6],[27],[11],[15],[29],[12],[-3],[26],[27],[17],[7],[26],[8],[8],[34],[21],[10],[7],[32],[14],[3],[39],[23],[8],[8],[36],[24],[11],[11],[6],[34],[24],[10],[2],[5],[27],[11],[13],[27],[12],[3],[18],[6],[10],[33],[16],[5],[10],[31],[8],[27],[14],[4],[35],[6],[36],[5],[7],[10],[33],[20],[7],[4],[28],[16],[4],[7],[4],[10],[29],[4],[5],[21],[6],[7],[33],[17],[2],[38],[23],[8],[5],[21],[5],[10],[27],[4],[4],[6],[36],[4],[-5],[12],[-3],[2],[16],[4],[36],[4],[-2],[27],[-2],[-2],[26],[11],[-4],[2],[-4],[-1],[-4],[27],[6],[7],[22],[2],[3],[29],[12],[-2],[-3],[28],[3],[5],[6],[2],[18],[-1],[6],[27],[13],[-2],[18],[28],[13],[-1],[16],[-6],[34],[-3],[15],[24],[10],[-4],[-5],[12],[17],[-2],[4],[3],[28],[8],[7],[35],[6],[7],[6],[30],[19],[7],[9],[32],[11],[6],[36],[7],[2],[4],[-4],[20],[4],[8],[36],[13],[-1],[14],[25],[13],[-4],[22],[19],[4],[5],[-4],[2],[3],[32],[10],[-7],[-2],[2],[6],[32],[16],[5],[14],[8],[7],[5],[2],[17],[19],[5],[5],[31],[9],[2],[31],[15],[3],[18],[27],[-3],[10],[22],[11],[-3],[30],[16],[2],[30],[5],[32],[5],[2],[-1],[-1],[8],[2],[26],[-6],[-5],[3],[4],[24],[7],[-10],[18],[19],[2],[2],[25],[7],[-4],[-5],[-4],[-8],[20],[-5],[11],[-7],[-2],[14],[-11],[20],[15],[-2],[4],[-6],[8],[-9],[7],[15],[-9],[-5],[10],[-10],[5],[-10],[10],[2],[3],[5],[25],[12],[-10],[8],[-4],[-3],[-5],[-4],[23],[-5],[23],[6],[-5],[29],[14],[-3],[2],[2],[17],[-9],[27],[14],[3],[2],[32],[18],[-2],[13],[20],[-5],[14],[5],[4],[28],[12],[-4],[-3],[22],[7],[-6],[8],[23],[3],[5],[11],[-8],[18],[3],[5],[29],[-5],[15],[22],[4],[30],[2],[2],[5],[8],[12],[4],[6],[6],[30],[5],[7],[30],[15],[2],[3],[-2],[-3],[-2],[15],[3],[18],[-1],[2],[21],[3],[14],[27],[6],[3],[29],[-2],[2],[2],[29],[13],[-9],[-5],[-6],[-8],[11],[-8],[-10],[22],[15],[-1],[2],[33],[18],[-3],[23],[8],[-4],[2],[22],[6],[-5],[12],[22],[-3],[-6],[11],[21],[6],[-5],[27],[11],[-5],[10],[11],[-9],[26],[18],[-6],[23],[21],[5],[6],[27],[13],[2],[30],[18],[4],[8],[3],[16],[4],[7],[3],[2],[35],[21],[3],[-4],[13],[21],[3],[-1],[5],[27],[14],[6],[2],[23],[10],[6],[3],[34],[18],[4],[11],[12],[35],[22],[6],[8],[24],[10],[10],[16],[3],[8],[28],[10],[2],[34],[23],[5],[18],[18],[6],[7],[28],[14],[4],[12],[2],[19],[27],[10],[2],[6],[5],[32],[14],[-1],[15],[-4],[-4],[2],[19],[5],[3],[7],[7],[9],[23],[-1],[10],[-7],[22],[23],[8],[-5],[26],[17],[-1],[18],[27],[5],[29],[-5],[26],[13],[-1],[7],[5],[31],[17],[-1],[-2],[29],[17],[2],[6],[24],[9],[8],[35],[5],[4],[4],[4],[16],[3],[18],[28],[14],[3],[19],[23],[2],[10],[11],[25],[11],[-3],[7],[16],[-1],[33],[13],[2],[30],[16],[3],[16],[29],[17],[4],[18],[28],[14],[-6],[32],[23],[11],[6],[36],[23],[3],[3],[4],[8],[5],[3],[10],[29],[14],[-1],[15],[26],[13],[-3],[22],[5],[5],[5],[-1],[2],[2],[21],[-2],[-2],[28],[16],[4],[5],[32],[2],[-1],[2],[3],[26],[13],[-3],[6],[18],[2],[7],[12],[-4],[11],[21],[8],[-5],[-4],[-2],[2],[21],[3],[2],[32],[16],[3],[8],[-3],[-3],[28],[14],[-4],[-4],[2],[29],[16],[6],[4],[28],[13],[-3],[-3],[2],[9],[-7],[20],[14],[-4],[2],[24],[2],[5],[7],[13],[14],[-1],[31],[19],[6],[7],[23],[8],[2],[28],[14],[-2],[18],[23],[11],[-5],[14],[-3],[15],[17],[-1],[15],[-1],[17],[5],[8],[4],[34],[8],[-2],[28],[4],[2],[-1],[4],[2],[17],[23],[4],[-3],[21],[-6],[-3],[21],[-3],[8],[-11],[8],[19],[2],[-1],[28],[10],[-13],[28],[-5],[10],[20],[-6],[20],[-2],[-10],[26],[-4],[3],[32],[-2],[-4],[-4],[-4],[-5],[-4],[-4],[-2],[6],[14],[-4],[-2],[27],[-9],[15],[-9],[-7],[11],[-6],[2],[21],[4],[-10],[6],[20],[8],[-5],[28],[17],[-4],[4],[2],[29],[14],[-8],[10],[17],[-3],[-1],[-2],[27],[7],[2],[25],[7],[-4],[13],[21],[7],[7],[4],[12],[2],[22],[-4],[11],[-1],[3],[3],[11],[-4],[11],[-5],[26],[21],[-4],[13],[-6],[12],[-5],[4],[21],[11],[-1],[3],[-2],[24],[14],[-3],[-2],[26],[11],[-6],[-5],[8],[-6],[2],[23],[8],[-5],[12],[21],[-1],[-3],[26],[10],[-6],[2],[4],[-10],[28],[14],[-8],[14],[-6],[-2],[-2],[-4],[22],[15],[-2],[-3],[24],[-2],[-1],[-5],[-1],[28],[13],[-6],[15],[3],[2],[21],[-2],[12],[29],[13],[-2],[12],[21],[10],[-2],[11],[-4],[14],[24],[-3],[15],[23],[-2],[4],[-2],[29],[3],[31],[2],[18],[2],[2],[-4],[-9],[2],[-4],[-3],[-1],[4],[28],[15],[-2],[2],[26],[13],[2],[2],[15],[2],[14],[-2],[-1],[-2],[8],[-5],[15],[28],[11],[-5],[7],[-6],[27],[12],[3],[24],[7],[2],[29],[16],[3],[-2],[-3],[-4],[2],[2],[27],[-4],[26],[4],[-10],[14],[-1],[28],[14],[3],[16],[19],[5],[8],[30],[15],[5],[7],[3],[3],[16],[2],[15],[2],[-1],[27],[15],[3],[4],[15],[4],[-4],[-1],[-1],[5],[7],[10],[8],[4],[2],[30],[11],[-3],[3],[3],[28],[5],[5],[29],[18],[-3],[17],[22],[2],[22],[4],[9],[7],[34],[19],[5],[36],[21],[7],[33],[6],[-3],[2],[29],[12],[-3],[4],[5],[29],[18],[4],[6],[31],[15],[3],[2],[25],[12],[-3],[14],[26],[4],[2],[-4],[13],[21],[8],[2],[30],[2],[-1],[12],[-2],[16],[20],[7],[7],[-1],[3],[29],[5],[11],[-5],[13],[20],[4],[35],[20],[4],[10],[6],[10],[5],[17],[2],[6],[21],[6],[6],[2],[17],[3],[5],[5],[6],[33],[19],[3],[35],[20],[5],[6],[30],[13],[-5],[13],[-4],[-3],[28],[12],[-3],[10],[-2],[35],[10],[-6],[18],[-5],[13],[3],[-1],[-6],[3],[33],[18],[-2],[5],[7],[26],[8],[6],[30],[14],[2],[14],[-1],[18],[17],[2],[28],[13],[2],[32],[19],[7],[7],[3],[19],[27],[7],[34],[18],[4],[19],[26],[11],[-3],[30],[10],[2],[5],[8],[9],[6],[6],[6],[18],[23],[-3],[2],[9],[6],[8],[-9],[29],[2],[12],[-4],[30],[21],[13],[12],[35],[-4],[2],[2],[21],[22],[8],[7],[33],[18],[4],[3],[23],[13],[3],[4],[16],[0],[19],[7],[4],[2],[4],[18],[29],[15],[-3],[14],[18],[-6],[26],[16],[5],[20],[31],[15],[3],[18],[24],[13],[4],[8],[22],[34],[5],[19],[29],[16],[4],[9],[7],[4],[25],[7],[8],[34],[10],[4],[6],[7],[2],[34],[4],[18],[2],[29],[8],[-5],[20],[23],[10],[2],[32],[20],[5],[10],[22],[6],[-6],[-3],[4],[3],[22],[6],[-8],[24],[7],[-7],[14],[-5],[4],[2],[29],[-8],[-6],[5],[6],[28],[14],[-9],[5],[-9],[-5],[-1],[11],[-3],[4],[-5],[12],[19],[4],[-9],[-6],[-1],[4],[-4],[7],[-14],[28],[13],[2],[-3],[-5],[14],[-3],[-6],[13],[2],[-9],[22],[-1],[-1],[4],[-12],[26],[24],[13],[-5],[26],[10],[-2],[3],[29],[7],[7],[30],[3],[28],[15],[-2],[-1],[19],[4],[25],[8],[2],[4],[2],[30],[19],[-1],[-2],[27],[13],[3],[33],[15],[2],[-1],[29],[13],[-5],[5],[22],[3],[6],[30],[6],[4],[3],[-4],[2],[-5],[22],[19],[-5],[10],[23],[4],[7],[24],[4],[2],[29],[-1],[32],[4],[23],[8],[-6],[-6],[13],[-6],[-4],[21],[-4],[28],[9],[-6],[-5],[23],[10],[-2],[2],[-4],[14],[-2],[-5],[-4],[34],[12],[-5],[17],[-5],[12],[14],[-10],[26],[11],[-4],[-3],[26],[11],[-10],[19],[14],[-1],[2],[-3],[-4],[-3],[-4],[8],[-5],[27],[14],[-2],[26],[13],[-5],[13],[23],[-4],[3],[-6],[-7],[8],[-5],[2],[15],[-4],[29],[19],[8],[9],[35],[21],[3],[24],[6],[16],[3],[18],[22],[4],[5],[31],[16],[-3],[-1],[35],[23],[13],[12],[11],[22],[6],[37],[7],[8],[6],[7],[37],[10],[4],[4],[6],[11],[2],[8],[26],[6],[15],[6],[31],[24],[11],[10],[32],[2],[19],[-2],[3],[7],[6],[5],[9],[-6],[20],[19],[-2],[-5],[11],[15],[-3],[2],[28],[2],[-1],[2],[-3],[-3],[-8],[20],[5],[-8],[-3],[19],[-1],[-10],[27],[14],[2],[2],[28],[13],[-3],[2],[7],[-8],[32],[2],[23],[6],[-9],[14],[17],[3],[-11],[18],[14],[-5],[11],[-4],[16],[-1],[4],[31],[15],[-2],[-1],[-3],[-5],[-4],[23],[7],[-6],[14],[22],[8],[-4],[14],[-2],[25],[8],[-6],[15],[2],[14],[-1],[16],[20],[-3],[8],[6],[8],[10],[33],[6],[7],[28],[5],[15],[-3],[15],[26],[5],[6],[6],[9],[4],[33],[2],[18],[4],[3],[2],[2],[14],[-2],[2],[32],[15],[3],[7],[19],[3],[6],[2],[23],[12],[2],[26],[29],[14],[6],[37],[6],[32],[19],[8],[21],[11],[6],[2],[-5],[31],[20],[6],[5],[32],[20],[3],[10],[15],[-1],[13],[23],[12],[2],[4],[2],[16],[2],[17],[7],[10],[16],[2],[14],[24],[7],[-6],[18],[15],[-2],[7],[23],[8],[10],[19],[-4],[12],[-5],[15],[24],[10],[3],[5],[3],[7],[7],[12],[-3],[18],[24],[2],[2],[2],[14],[3],[18],[26],[3],[6],[26],[11],[-3],[31],[20],[-1],[15],[21],[-3],[20],[25],[4],[19],[29],[3],[21],[7],[4],[27],[14],[-1],[15],[28],[15],[-1],[20],[27],[12],[2],[6],[26],[3],[29],[5],[3],[2],[12],[-5],[10],[23],[12],[-2],[35],[15],[-4],[14],[19],[4],[7],[-6],[22],[20],[10],[2],[26],[21],[2],[16],[24],[2],[22],[23],[11],[2],[35],[6],[7],[6],[6],[5],[19],[2],[10],[-4],[20],[6],[5],[27],[2],[8],[8],[34],[16],[-5],[-9],[18],[3],[3],[27],[14],[2],[4],[21],[2],[12],[-5],[2],[22],[7],[-8],[10],[23],[3],[2],[23],[8],[-6],[13],[-1],[-1],[2],[-2],[18],[24],[8],[-7],[10],[19],[-3],[2],[-9],[12],[11],[-4],[32],[-4],[12],[2],[5],[6],[27],[-8],[-6],[-10],[-2],[-14],[26],[13],[-5],[-2],[24],[-4],[-3],[-3],[23],[8],[-5],[28],[-4],[-5],[-5],[12],[-8],[-5],[-6],[18],[-5],[-1],[27],[9],[-6],[3],[28],[14],[-4],[2],[23],[12],[-1],[14],[23],[4],[-12],[14],[-1],[-2],[4],[-1],[31],[12],[-3],[2],[-2],[-2],[27],[10],[-3],[-6],[22],[-3],[2],[-3],[-1],[-3],[-4],[-1],[-1],[28],[16],[2],[2],[34],[21],[4],[6],[25],[5],[2],[-6],[2],[20],[7],[-3],[2],[15],[-4],[14],[14],[-5],[13],[-4],[-4],[24],[12],[2],[3],[5],[-1],[19],[5],[2],[27],[15],[-1],[-2],[19],[4],[-10],[6],[-8],[17],[-3],[-2],[-6],[13],[-2],[-2],[26],[-3],[-6],[-9],[26],[-11],[10],[-4],[27],[15],[-4],[19],[-5],[-5],[-2],[21],[2],[-2],[3],[8],[7],[6],[21],[7],[7],[35],[20],[4],[26],[13],[2],[13],[-4],[19],[5],[6],[34],[-3],[20],[23],[11],[2],[32],[4],[4],[3],[20],[3],[7],[2],[31],[7],[3],[4],[22],[7],[34],[14],[-1],[4],[4],[31],[21],[2],[5],[7],[14],[34],[19],[7],[19],[-2],[18],[27],[14],[2],[18],[4],[35],[-2],[7],[25],[12],[2],[36],[15],[-2],[14],[3],[18],[7],[8],[32],[18],[-3],[2],[2],[28],[15],[2],[30],[20],[-2],[16],[26],[11],[-5],[4],[6],[6],[30],[-1],[15],[26],[3],[-2],[27],[12],[-4],[19],[4],[3],[-5],[27],[-4],[15],[25],[7],[6],[22],[5],[5],[2],[5],[5],[19],[-4],[14],[24],[10],[-3],[32],[10],[-5],[21],[2],[4],[3],[15],[-2],[14],[21],[13],[2],[26],[23],[9],[8],[37],[18],[5],[6],[4],[3],[3],[-3],[15],[2],[34],[18],[2],[7],[6],[29],[14],[-3],[22],[22],[5],[2],[22],[15],[4],[8],[5],[36],[3],[4],[3],[2],[23],[-1],[12],[28],[12],[-2],[13],[22],[9],[-8],[26],[21],[-2],[12],[20],[4],[-6],[4],[32],[2],[4],[-3],[20],[4],[7],[7],[-7],[24],[20],[4],[-1],[19],[3],[5],[4],[38],[11],[2],[16],[-2],[23],[24],[-1],[3],[18],[-4],[-4],[27],[15],[-4],[12],[27],[14],[5],[6],[7],[23],[4],[3],[21],[-5],[-6],[-6],[7],[-5],[14],[24],[8],[-3],[16],[15],[2],[2],[-4],[16],[4],[6],[31],[19],[8],[16],[-2],[19],[19],[4],[6],[3],[-1],[14],[24],[-2],[5],[7],[3],[5],[22],[33],[17],[5],[3],[29],[5],[6],[3],[19],[28],[11],[-6],[27],[-3],[-1],[12],[-6],[15],[17],[2],[-8],[-3],[11],[12],[26],[2],[12],[-1],[16],[2],[-2],[26],[4],[6],[2],[21],[2],[-2],[4],[2],[2],[6],[-3],[2],[28],[16],[2],[8],[17],[-4],[-1],[3],[29],[4],[2],[27],[13],[2],[30],[18],[5],[7],[32],[20],[7],[13],[8],[22],[4],[10],[11],[7],[32],[2],[27],[13],[-1],[19],[5],[2],[34],[16],[-2],[14],[23],[4],[21],[4],[7],[27],[10],[7],[34],[17],[5],[5],[24],[8],[6],[32],[2],[3],[21],[-3],[2],[29],[13],[2],[4],[6],[6],[4],[5],[20],[5],[6],[31],[15],[-3],[-3],[2],[2],[19],[-1],[3],[29],[6],[2],[-4],[-5],[-3],[6],[-10],[-4],[-6],[-2],[2],[4],[3],[-2],[20],[-5],[2],[22],[7],[-6],[27],[12],[-2],[-2],[-4],[-4],[-11],[26],[11],[-4],[3],[28],[-1],[33],[15],[4],[2],[-2],[14],[2],[2],[27],[2],[30],[7],[4],[16],[-2],[12],[18],[-2],[30],[15],[3],[6],[24],[9],[2],[18],[-4],[-2],[2],[20],[4],[5],[28],[15],[3],[2],[26],[-5],[7],[-9],[22],[11],[-5],[18],[-7],[21],[-2],[-1],[26],[8],[-5],[-4],[-8],[12],[-2],[-3],[19],[-4],[23],[7],[-9],[-5],[7],[-7],[15],[-3],[4],[-2],[2],[5],[36],[4],[28],[-2],[19],[-2],[-1],[22],[6],[-5],[26],[-3],[28],[16],[-1],[-1],[27],[4],[-9],[19],[13],[-10],[21],[4],[-6],[30],[13],[-5],[-1],[-13],[30],[17],[-7],[-2],[-4],[-9],[2],[2],[2],[3],[2],[19],[5],[2],[31],[-1],[2],[0],[-2],[12],[27],[10],[-7],[10],[2],[2],[5],[12],[-6],[4],[-2],[28],[17],[3],[-1],[28],[15],[-2],[-1],[19],[-5],[-5],[18],[-4],[-5],[-10],[12],[-5],[2],[-5],[7],[-5],[14],[13],[-3],[-1],[24],[2],[-1],[24],[10],[-11],[5],[16],[-5],[-5],[16],[-8],[7],[20],[-3],[24],[6],[-9],[8],[-8],[14],[23],[11],[-7],[12],[21],[8],[-4],[-2],[20],[6],[5],[30],[10],[2],[31],[12],[-5],[13],[3],[33],[18],[5],[4],[17],[2],[2],[-3],[10],[-1],[-3],[2],[23],[-1],[3],[-1],[-4],[27],[13],[-3],[28],[6],[-4],[29],[4],[-5],[37],[4],[2],[3],[-1],[4],[12],[6],[27],[-3],[20],[27],[12],[2],[32],[10],[-4],[26],[26],[13],[2],[4],[33],[3],[-1],[2],[-4],[4],[3],[23],[8],[-8],[14],[13],[2],[13],[-1],[5],[8],[2],[22],[-5],[39],[2],[6],[35],[3],[5],[-1],[2],[-2],[13],[-4],[30],[22],[7],[5],[32],[3],[4],[29],[-3],[10],[-1],[19],[6],[8],[35],[7],[35],[5],[7],[8],[4],[3],[28],[15],[5],[23],[32],[5],[6],[15],[-1],[20],[26],[10],[8],[7],[37],[21],[6],[7],[30],[2],[33],[18],[-1],[3],[33],[18],[11],[13],[11],[7],[7],[25],[5],[2],[5],[10],[23],[9],[11],[28],[11],[3],[5],[5],[6],[22],[-1],[18],[26],[12],[4],[37],[7],[-4],[32],[21],[-2],[19],[26],[11],[-4],[20],[20],[6],[11],[-4],[3],[10],[3],[4],[18],[-1],[5],[20],[5],[-5],[-3],[33],[13],[-6],[26],[22],[6],[18],[4],[18],[31],[12],[15],[37],[6],[-3],[2],[10],[5],[5],[10],[-5],[22],[22],[10],[2],[30],[-2],[19],[14],[-1],[23],[7],[3],[5],[33],[16],[3],[31],[16],[3],[7],[-2],[27],[16],[3],[5],[22],[5],[33],[18],[4],[7],[29],[15],[4],[20],[29],[12],[-6],[13],[24],[5],[18],[33],[13],[13],[7],[35],[20],[5],[7],[7],[7],[8],[35],[10],[7],[8],[10],[10],[29],[11],[6],[38],[22],[5],[14],[33],[6],[5],[7],[10],[34],[17],[2],[5],[32],[18],[5],[16],[5],[3],[5],[32],[5],[35],[12],[-5],[30],[-1],[17],[16],[2],[14],[2],[21],[8],[2],[34],[14],[-3],[-1],[-1],[3],[-4],[23],[6],[-9],[14],[23],[3],[6],[12],[7],[22],[-1],[-1],[2],[26],[-2],[-4],[15],[5],[5],[29],[14],[-1],[12],[-1],[12],[23],[-2],[9],[-8],[18],[2],[4],[6],[3],[29],[18],[3],[12],[-4],[4],[13],[-7],[26],[18],[4],[2],[18],[21],[-1],[-4],[9],[-8],[-9],[12],[4],[-2],[-4],[16],[22],[3],[12],[24],[-1],[-1],[2],[3],[3],[2],[-2],[26],[4],[5],[-6],[8],[-2],[26],[13],[-10],[22],[9],[-5],[11],[-4],[3],[32],[15],[2],[-2],[3],[20],[2],[-3],[26],[-5],[-5],[21],[-6],[26],[12],[-4],[16],[21],[7],[-10],[20],[-6],[-9],[-4],[26],[-9],[-8],[6],[17],[-2],[-13],[5],[15],[5],[-10],[7],[-8],[-10],[-2],[-12],[18],[3],[-12],[-6],[-10],[-8],[-10],[13],[-9],[9],[-10],[7],[-12],[-11],[20],[-6],[8],[-5],[-5],[16],[-10],[-8],[16],[3],[-10],[24],[6],[-9],[6],[-6],[2],[18],[3],[3],[21],[-4],[23],[5],[5],[29],[13],[-3],[-1],[28],[14],[-1],[-1],[26],[-4],[2],[15],[3],[-3],[24],[14],[-1],[2],[27],[-5],[-4],[2],[5],[-6],[-8],[-7],[10],[-5],[-4],[-5],[4],[-5],[16],[19],[-5],[19],[4],[10],[3],[5],[3],[23],[-2],[27],[12],[-1],[29],[12],[-3],[15],[23],[7],[-4],[2],[28],[-3],[-4],[2],[26],[10],[-4],[10],[19],[-6],[-9],[20],[-6],[27],[11],[-1],[3],[3],[19],[-4],[12],[22],[10],[-9],[10],[-3],[-2],[10],[-7],[4],[8],[24],[13],[-1],[19],[5],[5],[5],[25],[13],[-5],[2],[24],[6],[7],[26],[14],[-3],[-3],[4],[3],[28],[15],[4],[10],[26],[13],[-4],[13],[-1],[-5],[24],[8],[-3],[16],[14],[-4],[2],[17],[-1],[3],[29],[-1],[7],[7],[31],[13],[-6],[-6],[26],[13],[-1],[30],[-4],[16],[20],[-3],[28],[24],[-1],[5],[3],[3],[33],[13],[10],[27],[5],[3],[30],[2],[4],[2],[34],[5],[16],[-1],[17],[26],[4],[35],[20],[5],[4],[31],[19],[5],[18],[-2],[-1],[3],[18],[27],[4],[2],[27],[4],[-2],[-3],[2],[31],[15],[-2],[5],[31],[17],[7],[34],[23],[7],[31],[11],[-4],[35],[4],[31],[16],[4],[5],[-5],[22],[-6],[-4],[-2],[5],[4],[28],[15],[-2],[-1],[27],[2],[23],[19],[7],[2],[35],[5],[-3],[18],[2],[2],[-1],[15],[3],[3],[21],[-2],[-6],[11],[-4],[3],[5],[24],[7],[2],[6],[4],[17],[3],[5],[17],[-1],[10],[-6],[10],[18],[-5],[30],[27],[10],[12],[35],[20],[-2],[5],[-3],[2],[5],[33],[16],[6],[7],[8],[32],[-3],[-1],[10],[22],[7],[3],[32],[2],[4],[5],[23],[5],[3],[19],[6],[6],[8],[28],[-1],[19],[4],[6],[21],[-1],[-1],[27],[-2],[3],[19],[6],[10],[30],[15],[6],[34],[21],[3],[6],[18],[11],[13],[8],[24],[3],[19],[31],[7],[6],[29],[19],[6],[5],[30],[6],[3],[19],[3],[5],[31],[19],[8],[6],[7],[29],[6],[8],[35],[8],[6],[5],[18],[23],[8],[-3],[16],[23],[6],[8],[31],[16],[7],[39],[21],[3],[-1],[-5],[32],[21],[7],[8],[4],[28],[10],[11],[5],[3],[-4],[23],[5],[-8],[30],[16],[2],[3],[32],[14],[-4],[14],[2],[20],[6],[4],[29],[5],[-10],[19],[21],[10],[10],[27],[5],[3],[10],[-1],[14],[24],[12],[-3],[-2],[28],[5],[5],[-2],[-2],[28],[14],[3],[2],[6],[31],[16],[2],[22],[20],[2],[2],[14],[27],[13],[-5],[20],[21],[0],[2],[8],[7],[2],[-5],[-2],[-6],[3],[-3],[-3],[-2],[26],[5],[-2],[15],[23],[11],[-3],[35],[17],[-4],[7],[2],[30],[16],[-2],[3],[29],[11],[-5],[2],[24],[12],[-1],[2],[23],[3],[5],[30],[-3],[22],[5],[-8],[11],[-2],[13],[-1],[2],[29],[15],[2],[12],[24],[8],[-1],[-2],[6],[8],[27],[7],[-5],[-3],[10],[21],[10],[-2],[30],[7],[-5],[28],[-1],[2],[16],[-2],[3],[28],[-2],[-4],[23],[12],[2],[-2],[8],[-10],[22],[17],[-1],[13],[-5],[10],[22],[-1],[2],[30],[17],[4],[18],[-2],[30],[11],[-4],[3],[-5],[23],[-2],[-5],[24],[8],[-2],[-2],[14],[21],[-2],[5],[-13],[18],[11],[-10],[-6],[12],[-5],[3],[-4],[-1],[-2],[24],[6],[-9],[7],[16],[-4],[11],[-5],[-5],[23],[-5],[-5],[-6],[-6],[24],[3],[5],[32],[15],[-1],[3],[22],[3],[-6],[26],[8],[-5],[10],[-4],[18],[-2],[12],[23],[7],[-5],[29],[15],[2],[-1],[18],[-5],[-4],[6],[2],[6],[3],[29],[15],[-1],[4],[-3],[2],[6],[7],[5],[-5],[35],[2],[3],[7],[-3],[15],[21],[2],[23],[8],[6],[32],[11],[-5],[14],[27],[4],[20],[5],[6],[32],[18],[3],[5],[34],[4],[2],[23],[11],[-6],[32],[3],[10],[5],[12],[-3],[10],[-9],[18],[18],[6],[2],[16],[-4],[14],[19],[-3],[6],[22],[-2],[25],[5],[-12],[8],[18],[10],[-3],[-4],[22],[22],[4],[2],[-3],[26],[5],[2],[34],[7],[7],[21],[-2],[8],[8],[34],[-2],[-2],[29],[15],[-3],[18],[2],[2],[27],[11],[-2],[31],[19],[-3],[10],[8],[2],[32],[21],[5],[-1],[28],[14],[-6],[-6],[-4],[2],[3],[13],[2],[30],[6],[-4],[34],[3],[8],[35],[8],[38],[19],[5],[-1],[29],[14],[-2],[7],[10],[35],[2],[30],[15],[-1],[17],[2],[3],[-3],[-3],[2],[34],[20],[3],[6],[13],[-5],[2],[30],[-4],[15],[-3],[19],[18],[2],[34],[18],[-4],[24],[10],[-5],[18],[26],[14],[3],[36],[23],[6],[3],[25],[13],[-1],[13],[-2],[-3],[26],[0],[28],[13],[2],[-2],[-2],[12],[-6],[11],[23],[11],[-1],[33],[-3],[12],[23],[-2],[-2],[-2],[2],[3],[2],[34],[23],[-3],[22],[27],[13],[10],[20],[5],[38],[21],[7],[22],[10],[10],[12],[37],[21],[-3],[34],[23],[10],[10],[32],[16],[2],[14],[24],[-4],[-1],[-4],[28],[23],[6],[5],[19],[2],[15],[-1],[13],[22],[7],[20],[6],[5],[7],[6],[-1],[25],[-3],[20],[-3],[19],[11],[2],[35],[19],[-5],[19],[22],[6],[6],[22],[-1],[12],[27],[6],[7],[2],[33],[18],[5],[5],[31],[4],[3],[30],[30],[10],[20],[28],[8],[11],[24],[13],[-4],[15],[22],[4],[10],[7],[14],[5],[38],[27],[13],[11],[21],[7],[8],[4],[3],[6],[2],[20],[7],[8],[8],[10],[39],[24],[4],[4],[4],[4],[13],[-3],[14],[22],[8],[2],[3],[27],[8],[6],[2],[4],[8],[5],[5],[-3],[21],[5],[4],[27],[8],[2],[27],[18],[-1],[2],[7],[6],[27],[6],[34],[15],[-2],[16],[26],[5],[5],[31],[20],[2],[-3],[30],[14],[-1],[19],[29],[14],[2],[3],[4],[13],[-1],[32],[12],[-5],[18],[26],[11],[-3],[18],[27],[12],[-5],[13],[21],[11],[2],[4],[5],[4],[27],[7],[-7],[27],[15],[-3],[18],[6],[2],[3],[28],[10],[-4],[19],[7],[2],[31],[12],[2],[34],[19],[5],[6],[4],[-3],[23],[12],[-2],[3],[2],[-1],[-9],[9],[-3],[-3],[24],[13],[-5],[15],[-9],[7],[14],[-1],[-8],[-4],[-3],[22],[7],[-8],[-1],[-1],[2],[16],[-7],[30],[18],[5],[2],[29],[5],[-9],[18],[19],[5],[-4],[2],[8],[-9],[10],[18],[-2],[10],[23],[-6],[-6],[20],[-6],[3],[-1],[25],[12],[-5],[-5],[26],[12],[-5],[12],[16],[-5],[20],[-9],[12],[19],[-4],[2],[24],[13],[-2],[5],[-3],[2],[23],[3],[-3],[-1],[30],[13],[-2],[-2],[2],[26],[-2],[29],[-2],[3],[-3],[24],[8],[-6],[-2],[19],[4],[-12],[27],[12],[-3],[-10],[24],[-4],[-8],[-5],[-5],[-5],[14],[-7],[-9],[24],[-3],[-3],[19],[-3],[-3],[25],[11],[-9],[14],[20],[6],[2],[31],[19],[6],[6],[29],[10],[-9],[29],[17],[3],[5],[31],[11],[-3],[26],[22],[6],[2],[30],[-6],[15],[25],[2],[2],[26],[14],[4],[13],[18],[2],[23],[8],[-9],[18],[18],[4],[-9],[-3],[-5],[3],[3],[26],[-4],[16],[-8],[-9],[-6],[-3],[7],[-10],[-5],[-5],[10],[16],[4],[-3],[34],[16],[-1],[-2],[-8],[-13],[26],[15],[-4],[15],[-6],[-9],[22],[8],[-5],[30],[-2],[23],[8],[-5],[-8],[15],[-1],[2],[26],[-3],[6],[-11],[12],[17],[3],[-10],[2],[2],[2],[6],[-11],[-4],[7],[-3],[-1],[15],[-9],[11],[22],[3],[2],[21],[7],[6],[27],[8],[7],[29],[14],[3],[17],[3],[-1],[12],[25],[7],[8],[31],[15],[16],[34],[20],[7],[8],[7],[5],[4],[34],[16],[-3],[34],[21],[7],[7],[34],[22],[10],[11],[9],[-4],[-2],[29],[8],[-3],[20],[12],[-5],[26],[22],[2],[22],[22],[7],[2],[-2],[3],[19],[-1],[16],[26],[13],[-2],[36],[11],[10],[35],[5],[10],[12],[23],[8],[5],[26],[2],[7],[7],[31],[15],[2],[2],[25],[12],[2],[20],[5],[8],[6],[32],[22],[6],[15],[2],[34],[20],[4],[34],[21],[5],[4],[-4],[24],[8],[-4],[15],[7],[34],[2],[3],[4],[29],[13],[6],[36],[22],[6],[14],[27],[11],[-2],[16],[4],[7],[7],[5],[2],[37],[22],[3],[6],[5],[30],[14],[3],[7],[16],[3],[2],[2],[3],[4],[2],[5],[34],[7],[33],[7],[32],[20],[2],[29],[7],[7],[18],[2],[2],[7],[37],[21],[2],[6],[4],[9],[12],[16],[3],[35],[6],[7],[5],[7],[15],[-2],[30],[27],[5],[7],[27],[6],[12],[6],[36],[4],[2],[4],[10],[11],[-4],[26],[11],[-2],[34],[20],[7],[5],[35],[21],[8],[5],[12],[-6],[28],[21],[3],[5],[13],[-3],[-2],[17],[4],[2],[-1],[2],[4],[2],[34],[20],[2],[13],[-4],[27],[13],[-3],[12],[22],[11],[4],[5],[8],[8],[25],[4],[8],[4],[18],[21],[-1],[2],[2],[12],[-2],[10],[2],[27],[18],[-2],[24],[11],[-3],[5],[29],[3],[31],[10],[-8],[28],[2],[26],[6],[3],[9],[10],[23],[4],[3],[8],[-8],[14],[22],[10],[-4],[30],[14],[-6],[26],[-5],[-4],[25],[12],[-2],[3],[-5],[20],[8],[-5],[26],[11],[-2],[6],[23],[12],[-4],[31],[16],[-3],[-5],[22],[-4],[20],[-3],[6],[25],[10],[-5],[2],[-6],[6],[-8],[27],[19],[2],[-2],[30],[15],[-1],[6],[-4],[2],[-4],[23],[5],[-4],[29],[-1],[27],[12],[-6],[8],[20],[6],[-9],[28],[22],[6],[3],[31],[2],[-3],[3],[13],[-5],[14],[14],[3],[12],[22],[6],[-6],[26],[3],[-4],[3],[30],[9],[-10],[14],[19],[-5],[12],[21],[-6],[15],[-2],[-6],[13],[21],[5],[5],[4],[2],[2],[13],[-8],[10],[-7],[-9],[8],[-10],[12],[-2],[0],[3],[2],[-2],[7],[-7],[22],[-4],[17],[3],[-2],[27],[14],[-3],[2],[25],[-5],[-2],[22],[7],[-11],[29],[16],[-3],[6],[6],[22],[4],[-12],[10],[17],[-3],[20],[4],[-10],[-4],[24],[10],[-10],[16],[4],[-7],[18],[23],[8],[-9],[18],[15],[2],[-11],[3],[-1],[28],[12],[-5],[-1],[27],[12],[-1],[6],[6],[5],[27],[11],[-4],[-2],[-5],[23],[6],[-9],[12],[-2],[-2],[28],[17],[7],[5],[29],[14],[-2],[4],[31],[7],[5],[24],[-5],[-9],[-10],[10],[20],[7],[-3],[3],[30],[9],[-7],[8],[11],[-6],[13],[23],[-3],[-7],[6],[-10],[19],[-2],[16],[2],[2],[-4],[-6],[7],[-6],[-5],[-5],[-6],[11],[10],[-7],[-5],[12],[-5],[-5],[24],[11],[-8],[-5],[-5],[3],[-4],[23],[10],[-8],[11],[15],[-2],[-3],[27],[13],[-4],[-1],[-4],[4],[4],[-5],[2],[26],[11],[-5],[6],[24],[12],[-3],[12],[12],[-4],[14],[24],[12],[-2],[7],[31],[18],[3],[10],[31],[21],[12],[8],[5],[20],[25],[5],[6],[6],[3],[36],[24],[8],[13],[12],[34],[24],[11],[13],[10],[8],[33],[15],[3],[10],[28],[13],[3],[7],[7],[29],[9],[10],[2],[34],[14],[6],[34],[22],[2],[5],[3],[-3],[18],[6],[5],[5],[8],[36],[21],[7],[4],[32],[22],[10],[13],[39],[15],[-3],[20],[21],[8],[7],[33],[19],[6],[10],[8],[5],[32],[17],[2],[14],[22],[10],[-6],[32],[25],[4],[5],[31],[6],[11],[-4],[34],[19],[-1],[15],[5],[-1],[26],[-4],[4],[29],[6],[5],[23],[17],[2],[32],[16],[-4],[18],[24],[4],[12],[5],[6],[5],[7],[29],[14],[3],[18],[6],[4],[5],[5],[7],[7],[23],[6],[7],[7],[7],[8],[28],[11],[10],[37],[20],[7],[14],[28],[11],[-3],[31],[16],[2],[20],[5],[7],[27],[10],[11],[28],[5],[4],[-1],[18],[29],[15],[8],[26],[12],[27],[10],[11],[11],[7],[6],[20],[3],[6],[26],[15],[7],[36],[22],[9],[8],[33],[7],[5],[23],[7],[10],[19],[6],[14],[6],[15],[4],[33],[16],[7],[40],[5],[5],[32],[15],[-2],[21],[23],[6],[30],[13],[5],[31],[16],[5],[36],[21],[6],[5],[5],[6],[23],[30],[17],[-2],[18],[23],[8],[-4],[34],[7],[2],[4],[14],[2],[6],[37],[7],[22],[-2],[3],[2],[20],[5],[7],[3],[4],[-1],[2],[3],[25],[8],[-8],[-1],[-2],[31],[-2],[22],[9],[-3],[28],[2],[3],[7],[6],[2],[9],[2],[32],[7],[-7],[-2],[-7],[-8],[9],[16],[-9],[18],[-4],[3],[2],[23],[-3],[5],[3],[29],[16],[-2],[2],[26],[-3],[19],[5],[6],[32],[15],[2],[3],[33],[19],[5],[12],[13],[36],[4],[13],[27],[4],[-4],[2],[21],[5],[10],[2],[35],[21],[5],[3],[31],[3],[20],[4],[2],[29],[15],[2],[-2],[26],[18],[4],[-1],[6],[-9],[-4],[13],[2],[-9],[28],[17],[-4],[-2],[2],[-2],[2],[22],[-4],[-1],[-1],[22],[3],[-11],[27],[8],[-2],[3],[-6],[10],[3],[5],[-4],[9],[-9],[8],[18],[3],[4],[29],[11],[-2],[3],[4],[2],[27],[13],[-8],[22],[16],[-4],[24],[9],[-10],[8],[16],[3],[-10],[14],[4],[25],[-3],[-3],[4],[3],[-2],[19],[3],[-13],[24],[12],[-8],[-9],[-6],[14],[-9],[14],[-5],[21],[6],[-10],[8],[17],[3],[-10],[10],[-7],[-3],[-5],[-10],[7],[5],[-8],[2],[-5],[-14],[22],[10],[-5],[17],[3],[-6],[24],[7],[-6],[8],[-10],[6],[14],[-3],[-12],[18],[-6],[-9],[-12],[4],[9],[-5],[-3],[-5],[-8],[-15],[20],[-8],[8],[-7],[10],[21],[10],[-2],[29],[13],[3],[3],[28],[13],[-2],[4],[24],[2],[-3],[12],[-2],[15],[2],[18],[20],[-4],[16],[-1],[6],[30],[15],[3],[2],[29],[17],[4],[6],[28],[2],[3],[10],[-4],[30],[15],[-2],[-3],[23],[10],[-7],[-2],[-3],[26],[14],[-2],[13],[22],[7],[-5],[7],[8],[34],[-1],[19],[3],[18],[25],[2],[16],[23],[11],[-2],[15],[2],[2],[3],[14],[2],[-3],[25],[10],[-9],[14],[17],[3],[-10],[28],[-2],[2],[-4],[22],[8],[-9],[7],[18],[6],[-11],[24],[17],[4],[3],[26],[16],[4],[4],[31],[15],[0],[3],[3],[19],[4],[8],[6],[22],[5],[7],[33],[2],[23],[7],[6],[35],[20],[6],[10],[28],[13],[-2],[2],[14],[2],[4],[10],[-7],[30],[21],[-4],[14],[2],[6],[2],[27],[12],[-3],[13],[4],[5],[29],[-2],[28],[14],[-3],[16],[6],[10],[10],[14],[-2],[12],[31],[7],[5],[37],[23],[6],[13],[-2],[16],[14],[3],[4],[11],[2],[10],[5],[2],[36],[3],[27],[3],[6],[13],[2],[29],[12],[-6],[18],[0],[7],[40],[26],[12],[17],[38],[14],[11],[7],[38],[20],[8],[37],[21],[5],[5],[3],[27],[10],[11],[28],[12],[2],[20],[32],[13],[13],[6],[8],[11],[35],[2],[7],[36],[21],[-1],[27],[11],[-3],[2],[21],[-1],[3],[35],[21],[4],[2],[3],[5],[31],[15],[-3],[12],[24],[2],[-4],[26],[22],[3],[6],[27],[16],[5],[12],[29],[14],[2],[3],[4],[3]]}}