{"protected":{"ver":"v1","alg":"HS256","iat":1740144625},"signature":"6d001a58b255699f0a5b0a376fc9ab048577a320642534f94f1ab686a077bf07","payload":{"device_name":"E6:61:78:C1:27:19:92:28","device_type":"DATA_FORWARDER","interval_ms":0.0625,"sensors":[{"name":"audio","units":"wav"}],"values":[[3],[27],[11],[-6],[-10],[15],[-3],[-16],[3],[13],[-7],[24],[9],[-10],[-5],[12],[-5],[27],[16],[6],[5],[30],[12],[-9],[6],[17],[-4],[-6],[21],[6],[-14],[25],[10],[-6],[-6],[18],[5],[-8],[10],[16],[4],[0],[28],[13],[-5],[-5],[-7],[-8],[10],[19],[-7],[4],[17],[4],[-15],[28],[10],[-8],[29],[-4],[-6],[0],[0],[19],[-3],[0],[22],[-10],[-3],[9],[-8],[-3],[19],[2],[3],[-10],[-11],[4],[-8],[28],[20],[7],[8],[3],[-3],[24],[-3],[-4],[27],[13],[-3],[31],[15],[2],[0],[28],[0],[9],[-6],[-7],[-7],[23],[10],[-5],[30],[4],[2],[12],[-7],[18],[18],[-6],[-3],[0],[16],[17],[3],[5],[28],[1],[2],[8],[20],[9],[-7],[14],[3],[23],[4],[2],[15],[1],[14],[22],[9],[-7],[27],[21],[3],[5],[0],[3],[11],[-6],[20],[17],[-7],[12],[-6],[20],[1],[2],[1],[20],[2],[2],[31],[10],[-10],[20],[16],[0],[32],[4],[3],[3],[3],[4],[5],[32],[14],[-5],[4],[19],[4],[-7],[16],[4],[-3],[6],[3],[10],[1],[30],[0],[24],[5],[1],[27],[2],[0],[24],[9],[-10],[-4],[11],[23],[14],[2],[13],[21],[8],[-7],[-5],[0],[-8],[-3],[25],[11],[-4],[9],[5],[29],[16],[3],[5],[31],[16],[3],[4],[28],[11],[-3],[-6],[4],[-7],[19],[7],[4],[34],[9],[10],[34],[3],[10],[28],[13],[-3],[28],[6],[2],[30],[1],[5],[3],[25],[10],[-8],[20],[18],[6],[4],[30],[19],[2],[1],[26],[9],[-11],[28],[16],[5],[4],[29],[2],[6],[4],[32],[18],[0],[2],[1],[-5],[1],[1],[8],[6],[31],[16],[4],[7],[33],[13],[-4],[2],[2],[2],[5],[33],[19],[5],[8],[10],[39],[22],[6],[6],[35],[4],[14],[-4],[16],[14],[1],[34],[22],[5],[7],[7],[3],[33],[13],[2],[14],[1],[34],[16],[3],[6],[27],[10],[-3],[12],[20],[10],[-4],[28],[25],[5],[20],[29],[16],[1],[13],[-5],[10],[-7],[-6],[25],[11],[-3],[30],[-2],[-4],[8],[-10],[27],[18],[0],[0],[30],[12],[-4],[8],[21],[11],[-6],[10],[-14],[18],[6],[-10],[-6],[0],[17],[3],[-14],[9],[6],[-10],[27],[15],[-3],[17],[24],[9],[-6],[10],[-10],[-11],[-8],[-3],[-4],[19],[5],[0],[30],[17],[-3],[16],[0],[0],[29],[10],[-7],[9],[18],[-3],[0],[19],[-5],[-6],[-6],[18],[1],[2],[2],[9],[7],[33],[17],[1],[-3],[24],[6],[-10],[-7],[21],[2],[1],[25],[10],[-5],[6],[27],[12],[-4],[17],[11],[-3],[8],[24],[2],[-5],[1],[0],[23],[9],[-3],[1],[21],[10],[-7],[10],[-10],[-8],[-5],[-6],[1],[3],[-3],[0],[0],[0],[0],[-5],[-7],[3],[1],[26],[-5],[2],[2],[26],[13],[2],[4],[29],[12],[-5],[-4],[-6],[4],[-10],[27],[0],[1],[2],[-5],[-6],[24],[13],[-3],[0],[-4],[6],[-8],[16],[25],[11],[0],[2],[-6],[-5],[-4],[-3],[22],[10],[-3],[0],[29],[7],[26],[10],[0],[33],[18],[3],[1],[23],[9],[-5],[0],[20],[6],[-11],[-8],[-10],[21],[-7],[-8],[-7],[16],[3],[0],[-8],[-3],[1],[-7],[6],[-7],[2],[0],[22],[6],[-13],[16],[11],[-5],[2],[11],[-7],[-4],[30],[16],[1],[9],[-6],[4],[6],[0],[-4],[16],[24],[6],[-11],[16],[17],[-6],[2],[0],[25],[12],[0],[19],[5],[5],[28],[-8],[12],[2],[-4],[-3],[6],[-9],[25],[10],[-5],[1],[21],[6],[-7],[10],[13],[-3],[8],[24],[4],[-13],[-8],[6],[-11],[10],[16],[4],[0],[20],[3],[-12],[-10],[14],[-4],[27],[-7],[12],[18],[3],[0],[24],[14],[1],[-8],[22],[13],[-8],[8],[16],[2],[-14],[12],[11],[-5],[0],[-11],[14],[-4],[-8],[14],[-3],[0],[0],[-4],[12],[21],[-6],[-12],[24],[17],[4],[0],[-6],[-3],[-3],[-7],[1],[-6],[22],[4],[-12],[24],[15],[3],[1],[28],[-6],[12],[-5],[-4],[20],[5],[-8],[28],[15],[1],[2],[22],[6],[-9],[-5],[12],[-12],[33],[19],[3],[3],[1],[1],[27],[13],[-3],[0],[26],[12],[-4],[14],[1],[3],[30],[12],[0],[13],[23],[7],[-6],[3],[0],[4],[33],[0],[3],[3],[0],[1],[4],[4],[29],[12],[1],[4],[2],[33],[17],[4],[5],[4],[8],[26],[11],[-4],[28],[-3],[14],[-7],[3],[3],[27],[13],[-5],[26],[9],[2],[21],[8],[-6],[28],[22],[7],[3],[29],[18],[-4],[9],[2],[20],[20],[4],[0],[25],[-3],[2],[-4],[-3],[-3],[4],[27],[3],[2],[26],[14],[-4],[28],[15],[0],[-3],[3],[-4],[-4],[24],[8],[-3],[12],[0],[-4],[-6],[13],[26],[13],[0],[13],[21],[6],[-6],[-2],[3],[17],[-8],[10],[19],[3],[-7],[11],[-5],[-3],[-4],[19],[8],[-6],[1],[1],[29],[14],[2],[-3],[15],[-5],[25],[1],[-3],[5],[0],[24],[9],[-4],[29],[13],[0],[3],[3],[13],[25],[2],[30],[5],[6],[31],[19],[0],[25],[13],[0],[3],[2],[5],[9],[3],[3],[0],[4],[4],[3],[4],[26],[4],[32],[12],[-5],[11],[-5],[28],[17],[-3],[16],[18],[1],[2],[28],[16],[1],[-3],[14],[-4],[1],[26],[0],[13],[-5],[1],[5],[6],[-5],[33],[2],[0],[-7],[30],[20],[3],[12],[25],[-4],[0],[0],[-6],[16],[11],[-3],[10],[6],[26],[10],[1],[4],[5],[8],[5],[10],[32],[8],[2],[22],[9],[11],[37],[22],[10],[12],[16],[0],[30],[16],[2],[15],[4],[3],[20],[-6],[16],[25],[13],[4],[12],[4],[4],[-4],[8],[21],[1],[3],[1],[16],[3],[4],[4],[31],[18],[3],[6],[0],[4],[0],[-7],[1],[18],[3],[0],[24],[-5],[-4],[-7],[29],[-3],[-8],[16],[14],[-3],[-14],[-9],[4],[24],[-3],[25],[11],[-5],[17],[-4],[-4],[25],[0],[16],[-4],[11],[-5],[-4],[22],[-2],[0],[26],[-6],[-5],[6],[-7],[10],[-4],[22],[-5],[-4],[-6],[0],[11],[-8],[-12],[17],[11],[-4],[-13],[16],[1],[-14],[22],[17],[3],[-10],[16],[15],[-6],[-5],[-6],[-4],[2],[26],[11],[-6],[-5],[14],[-3],[16],[23],[6],[-4],[8],[-5],[29],[12],[-4],[0],[14],[-3],[0],[28],[14],[1],[4],[22],[5],[-7],[8],[22],[-4],[-6],[-2],[1],[-3],[2],[1],[1],[5],[8],[26],[11],[-4],[15],[-4],[19],[3],[4],[1],[0],[18],[8],[4],[14],[1],[31],[13],[-4],[12],[22],[2],[2],[-4],[2],[3],[25],[8],[0],[1],[19],[3],[3],[5],[19],[6],[-5],[17],[25],[8],[5],[31],[-3],[0],[0],[15],[26],[12],[5],[34],[19],[1],[0],[-4],[0],[27],[0],[22],[10],[-6],[20],[0],[5],[4],[28],[17],[-3],[12],[13],[-5],[0],[-5],[-5],[22],[8],[0],[30],[14],[2],[21],[4],[13],[-5],[0],[22],[-4],[20],[22],[9],[-4],[-4],[-3],[31],[14],[1],[6],[21],[1],[27],[11],[-5],[-6],[25],[11],[0],[21],[12],[-4],[-6],[21],[0],[21],[3],[4],[28],[15],[-5],[11],[21],[1],[28],[18],[0],[-9],[-3],[18],[-7],[0],[-11],[-8],[-3],[1],[32],[10],[-6],[12],[-5],[27],[16],[-3],[2],[2],[1],[28],[0],[20],[-5],[-6],[2],[3],[-3],[3],[30],[11],[-6],[-5],[9],[-7],[3],[3],[29],[14],[0],[1],[-4],[8],[-7],[2],[0],[0],[0],[8],[27],[14],[1],[5],[-8],[-4],[-8],[-7],[10],[2],[17],[0],[0],[16],[22],[10],[-3],[3],[17],[1],[2],[27],[0],[-4],[16],[26],[4],[4],[4],[32],[16],[6],[1],[4],[27],[13],[5],[33],[20],[9],[11],[33],[6],[23],[9],[0],[11],[0],[0],[5],[6],[33],[18],[8],[0],[32],[21],[10],[0],[30],[18],[3],[0],[9],[-3],[3],[26],[6],[6],[-7],[20],[20],[10],[-5],[12],[20],[9],[-7],[5],[5],[33],[19],[4],[8],[24],[3],[29],[2],[1],[-3],[4],[30],[4],[6],[34],[11],[0],[4],[10],[-9],[12],[20],[9],[-4],[29],[5],[-7],[12],[-3],[2],[29],[0],[-7],[-4],[-4],[13],[-10],[12],[-7],[21],[-6],[-5],[23],[-8],[-11],[-6],[28],[10],[-8],[0],[22],[1],[28],[17],[-7],[9],[22],[-4],[14],[0],[27],[13],[-5],[20],[20],[4],[3],[28],[16],[2],[2],[32],[1],[-4],[14],[13],[-5],[-3],[-3],[13],[21],[6],[-9],[-6],[3],[3],[20],[-6],[25],[9],[-9],[8],[17],[-6],[-3],[0],[0],[2],[2],[25],[-6],[24],[17],[5],[-7],[29],[16],[6],[0],[24],[17],[-4],[-3],[5],[-11],[16],[12],[1],[1],[8],[-6],[-3],[-7],[13],[-6],[-6],[1],[-7],[29],[19],[4],[0],[29],[-4],[2],[3],[30],[3],[28],[20],[6],[-7],[-3],[-3],[24],[11],[-10],[19],[3],[-6],[10],[21],[0],[2],[12],[0],[12],[-7],[26],[-6],[-6],[21],[-5],[5],[-10],[12],[22],[8],[-7],[6],[19],[6],[-5],[-4],[12],[25],[2],[1],[25],[12],[0],[3],[-12],[-7],[-4],[14],[2],[-3],[28],[-8],[16],[-6],[1],[15],[-3],[-5],[19],[-10],[10],[20],[-7],[22],[1],[1],[26],[15],[4],[4],[31],[16],[2],[4],[29],[12],[-3],[10],[19],[1],[-14],[27],[14],[-3],[27],[12],[-6],[11],[21],[8],[-4],[29],[13],[3],[6],[34],[18],[6],[2],[-6],[11],[2],[28],[16],[6],[0],[25],[10],[-6],[10],[19],[-7],[1],[4],[-5],[16],[25],[5],[1],[26],[9],[-7],[16],[23],[10],[0],[32],[14],[-5],[12],[24],[1],[0],[2],[27],[10],[0],[32],[22],[2],[4],[29],[19],[4],[5],[33],[0],[3],[20],[29],[5],[31],[15],[1],[4],[28],[16],[4],[20],[28],[12],[1],[8],[19],[0],[29],[13],[5],[11],[9],[12],[8],[36],[22],[10],[8],[34],[3],[0],[2],[3],[3],[6],[22],[1],[16],[24],[13],[-2],[12],[23],[10],[-3],[23],[11],[2],[8],[6],[-7],[12],[-4],[14],[22],[0],[-4],[28],[10],[-3],[-5],[26],[8],[-8],[-5],[-12],[24],[14],[1],[-3],[6],[-8],[25],[8],[-6],[0],[3],[-11],[16],[16],[2],[-11],[25],[-7],[-2],[-4],[24],[9],[-7],[2],[14],[-4],[2],[27],[-8],[10],[19],[6],[-8],[2],[-3],[26],[1],[-5],[26],[6],[-10],[16],[-10],[16],[2],[24],[5],[-14],[25],[15],[-7],[-10],[5],[-7],[27],[5],[0],[28],[-4],[-7],[-3],[-6],[1],[-3],[0],[19],[1],[0],[27],[9],[-11],[-3],[11],[-7],[0],[14],[1],[3],[11],[-10],[9],[11],[-5],[10],[24],[-3],[-4],[17],[0],[4],[25],[0],[3],[33],[4],[3],[29],[19],[6],[4],[25],[1],[2],[31],[19],[0],[14],[21],[3],[4],[28],[9],[-6],[29],[-3],[0],[27],[10],[-3],[17],[24],[7],[-6],[24],[15],[5],[8],[24],[5],[-8],[18],[-5],[5],[6],[2],[29],[5],[-10],[24],[17],[3],[3],[28],[16],[2],[2],[18],[4],[3],[33],[12],[-4],[29],[0],[1],[-4],[25],[11],[-6],[-10],[10],[-5],[-6],[20],[6],[-8],[8],[20],[4],[-11],[9],[19],[0],[2],[-8],[-8],[-6],[0],[18],[3],[2],[8],[-11],[3],[11],[-4],[-12],[19],[4],[-11],[8],[-9],[8],[-11],[8],[-7],[-12],[-8],[4],[-10],[-8],[-4],[-6],[25],[5],[-7],[12],[-5],[-5],[13],[21],[6],[-10],[-12],[6],[17],[3],[-14],[24],[6],[-6],[10],[20],[5],[-9],[26],[-5],[0],[22],[9],[-4],[32],[1],[21],[5],[4],[29],[13],[-6],[0],[-4],[-3],[27],[9],[-6],[-7],[-6],[13],[-7],[10],[12],[-4],[9],[-5],[4],[21],[1],[1],[13],[2],[-3],[25],[-7],[2],[-8],[-5],[17],[-11],[18],[17],[-3],[12],[24],[6],[-8],[26],[11],[-7],[0],[27],[13],[-4],[14],[24],[3],[2],[20],[4],[0],[29],[19],[2],[0],[29],[2],[2],[33],[15],[1],[4],[30],[8],[0],[26],[-8],[-7],[10],[-4],[0],[17],[-5],[10],[-5],[18],[24],[11],[10],[4],[10],[29],[1],[0],[8],[7],[11],[-6],[33],[9],[4],[30],[18],[1],[18],[5],[4],[22],[4],[3],[0],[22],[4],[8],[26],[14],[1],[17],[21],[6],[0],[1],[20],[3],[20],[5],[-10],[3],[5],[28],[12],[2],[29],[13],[-5],[-5],[25],[-4],[-4],[0],[-4],[16],[-6],[27],[13],[0],[1],[26],[3],[4],[28],[13],[2],[15],[-5],[2],[24],[-5],[8],[21],[5],[-6],[8],[-11],[16],[10],[-5],[15],[22],[2],[0],[27],[0],[21],[20],[1],[0],[1],[2],[11],[-6],[0],[26],[3],[0],[28],[14],[0],[4],[-5],[13],[17],[0],[0],[32],[0],[11],[-6],[14],[1],[0],[26],[11],[-4],[15],[25],[9],[0],[24],[18],[9],[0],[1],[16],[28],[6],[2],[17],[25],[-3],[2],[16],[24],[0],[1],[26],[14],[2],[17],[26],[12],[3],[28],[4],[9],[25],[13],[0],[8],[3],[11],[8],[34],[20],[3],[20],[21],[2],[27],[3],[13],[18],[-7],[32],[16],[-4],[16],[21],[12],[1],[11],[10],[27],[10],[-4],[20],[23],[7],[0],[4],[13],[8],[34],[25],[11],[8],[36],[22],[9],[8],[29],[12],[0],[32],[2],[3],[5],[4],[3],[28],[1],[1],[4],[22],[12],[1],[1],[14],[2],[33],[18],[1],[3],[3],[1],[13],[-6],[-6],[5],[-11],[13],[13],[-11],[0],[25],[0],[0],[20],[2],[-8],[24],[11],[-5],[-6],[24],[11],[1],[0],[-5],[22],[11],[-4],[4],[25],[3],[2],[-7],[5],[-6],[-5],[-7],[-4],[0],[17],[-4],[12],[19],[-3],[-15],[26],[17],[-3],[-4],[17],[1],[0],[17],[4],[-10],[17],[-6],[8],[21],[5],[-7],[-3],[27],[14],[-5],[12],[18],[4],[-10],[13],[10],[-5],[4],[22],[8],[-5],[10],[18],[-5],[2],[-6],[16],[-3],[-3],[24],[-11],[9],[1],[1],[19],[-5],[-6],[-4],[24],[-4],[-5],[-6],[-3],[29],[17],[-4],[11],[20],[5],[-12],[12],[15],[-7],[-8],[-8],[21],[-4],[25],[13],[-3],[0],[-6],[-5],[-7],[0],[-3],[16],[-3],[-5],[27],[14],[-12],[17],[13],[-6],[-5],[9],[-7],[16],[14],[-5],[-4],[-6],[-4],[21],[8],[4],[32],[-3],[13],[13],[-5],[12],[22],[9],[-5],[11],[21],[5],[-10],[16],[10],[-3],[13],[21],[3],[-7],[-6],[-5],[-7],[10],[22],[3],[2],[1],[-5],[-4],[10],[-7],[28],[15],[-4],[-4],[1],[0],[20],[3],[-10],[21],[11],[-3],[-3],[8],[-5],[27],[2],[5],[2],[28],[13],[-7],[-7],[-4],[29],[13],[0],[2],[30],[13],[1],[2],[11],[-4],[8],[20],[5],[-6],[28],[11],[-6],[20],[2],[26],[5],[3],[30],[2],[25],[16],[2],[2],[4],[5],[29],[1],[-3],[27],[12],[1],[0],[-6],[-3],[4],[3],[27],[0],[21],[1],[0],[-3],[-5],[-9],[32],[18],[-4],[4],[4],[0],[17],[0],[-3],[26],[9],[-6],[8],[12],[-4],[0],[27],[10],[-4],[0],[-5],[15],[0],[4],[15],[2],[5],[29],[5],[2],[6],[3],[31],[16],[2],[2],[5],[1],[5],[3],[1],[2],[2],[21],[5],[9],[30],[10],[13],[8],[19],[3],[16],[27],[16],[3],[33],[18],[5],[20],[30],[8],[6],[4],[4],[14],[-3],[16],[21],[2],[24],[5],[25],[9],[-5],[18],[24],[8],[-4],[31],[18],[5],[4],[27],[9],[0],[32],[4],[3],[0],[3],[5],[1],[12],[-2],[16],[22],[4],[5],[4],[21],[5],[-3],[0],[4],[19],[3],[14],[-3],[0],[28],[17],[1],[16],[6],[36],[5],[18],[2],[11],[-6],[16],[22],[10],[0],[26],[21],[1],[2],[3],[2],[0],[12],[-3],[0],[0],[1],[25],[12],[-5],[13],[24],[11],[-3],[13],[24],[10],[-5],[-5],[12],[17],[3],[3],[31],[14],[2],[4],[25],[12],[0],[8],[2],[14],[3],[5],[13],[-5],[27],[10],[-5],[12],[20],[9],[-5],[-6],[22],[9],[-4],[2],[0],[-3],[2],[6],[-10],[26],[17],[5],[5],[20],[5],[5],[31],[1],[15],[2],[2],[20],[4],[8],[2],[10],[24],[10],[-7],[12],[24],[-3],[16],[20],[0],[1],[28],[9],[9],[31],[16],[-4],[-3],[-3],[-5],[0],[27],[0],[2],[16],[4],[1],[2],[1],[-3],[7],[4],[28],[12],[2],[11],[20],[2],[3],[1],[6],[3],[30],[11],[-7],[16],[15],[-5],[12],[1],[7],[6],[29],[15],[0],[-7],[-6],[9],[-3],[4],[-14],[8],[13],[-7],[-5],[-3],[28],[-4],[-4],[-6],[25],[10],[-7],[-5],[17],[3],[-8],[-6],[16],[-6],[22],[9],[-8],[10],[18],[3],[-11],[-7],[0],[12],[-10],[-3],[-5],[22],[-6],[27],[12],[-3],[-4],[22],[8],[-4],[-6],[-6],[-7],[-5],[21],[-6],[-11],[-14],[-6],[29],[-6],[-8],[22],[6],[-8],[0],[18],[3],[-13],[12],[-13],[5],[-11],[3],[-11],[-12],[21],[6],[-8],[8],[24],[-5],[15],[17],[-6],[22],[0],[10],[-7],[-5],[-6],[19],[5],[5],[29],[15],[-10],[28],[18],[4],[5],[2],[3],[6],[1],[32],[13],[2],[12],[4],[30],[13],[1],[17],[4],[34],[19],[4],[4],[33],[19],[2],[12],[1],[4],[4],[9],[5],[22],[5],[35],[24],[10],[6],[30],[2],[17],[6],[5],[31],[15],[0],[1],[0],[0],[18],[1],[14],[24],[9],[-6],[-6],[12],[20],[7],[0],[28],[-3],[-3],[2],[2],[-3],[1],[1],[18],[-5],[23],[-5],[-7],[0],[-6],[12],[-5],[11],[4],[3],[2],[3],[27],[1],[-5],[-5],[16],[-4],[4],[0],[2],[27],[11],[0],[0],[0],[24],[10],[-7],[14],[23],[0],[1],[-4],[-3],[-5],[0],[34],[18],[3],[2],[-6],[-5],[16],[-8],[11],[0],[-4],[3],[2],[25],[10],[-6],[0],[24],[0],[-4],[23],[8],[-9],[9],[15],[0],[0],[27],[11],[-4],[4],[22],[-6],[13],[20],[2],[0],[-3],[18],[-4],[25],[13],[-3],[0],[1],[28],[13],[1],[13],[21],[9],[-6],[16],[-4],[-5],[11],[-3],[16],[18],[5],[4],[28],[11],[0],[17],[-3],[14],[14],[1],[15],[25],[4],[6],[29],[17],[0],[33],[21],[-3],[15],[13],[-5],[15],[3],[4],[8],[7],[33],[14],[2],[4],[5],[7],[11],[4],[19],[3],[4],[28],[14],[3],[30],[15],[-5],[22],[14],[2],[8],[4],[8],[11],[25],[8],[6],[34],[21],[5],[5],[30],[15],[2],[4],[25],[8],[-4],[20],[7],[5],[32],[16],[3],[3],[4],[3],[27],[-5],[12],[25],[6],[-7],[13],[2],[3],[-5],[35],[19],[1],[16],[24],[5],[4],[31],[16],[-5],[2],[1],[0],[0],[8],[-8],[26],[4],[6],[1],[-3],[1],[9],[6],[27],[13],[-4],[0],[18],[3],[3],[29],[13],[-6],[-6],[24],[7],[-8],[11],[13],[0],[-3],[22],[0],[1],[-4],[1],[1],[26],[11],[-6],[4],[14],[-4],[-5],[24],[11],[-5],[8],[22],[-3],[27],[-4],[2],[-3],[6],[5],[29],[13],[-3],[12],[20],[0],[25],[7],[-12],[20],[21],[8],[0],[25],[14],[2],[4],[33],[17],[2],[2],[26],[12],[-5],[24],[5],[-6],[0],[0],[27],[-5],[-10],[10],[18],[6],[-10],[8],[9],[-12],[-4],[-7],[-9],[-5],[25],[4],[2],[27],[13],[3],[6],[18],[-3],[-5],[20],[9],[-3],[-5],[-5],[1],[8],[4],[3],[31],[18],[2],[4],[11],[0],[2],[-4],[-12],[33],[19],[8],[5],[31],[17],[4],[2],[27],[5],[4],[3],[2],[0],[6],[5],[35],[19],[0],[21],[8],[-4],[26],[-4],[1],[15],[0],[16],[27],[2],[29],[11],[-3],[33],[0],[1],[28],[2],[2],[26],[4],[1],[24],[-2],[5],[0],[33],[18],[1],[5],[5],[32],[19],[-3],[1],[3],[4],[25],[5],[1],[30],[17],[0],[35],[9],[-8],[10],[22],[5],[4],[27],[6],[0],[29],[17],[2],[4],[3],[35],[19],[6],[4],[-6],[16],[21],[5],[0],[29],[1],[2],[-5],[1],[2],[-5],[1],[2],[26],[12],[1],[30],[19],[4],[1],[26],[-4],[28],[13],[2],[0],[14],[-5],[27],[-7],[6],[-7],[12],[20],[3],[0],[25],[8],[-5],[-3],[21],[8],[-5],[0],[4],[2],[28],[13],[-3],[-4],[22],[11],[-7],[24],[-6],[-5],[1],[-5],[1],[-5],[-8],[0],[27],[12],[-3],[2],[-6],[12],[21],[0],[17],[-5],[-7],[18],[-5],[12],[19],[-8],[20],[21],[6],[-7],[28],[6],[4],[0],[-4],[19],[3],[1],[-3],[22],[8],[-7],[12],[-6],[30],[0],[34],[2],[4],[8],[26],[10],[-7],[9],[1],[1],[21],[-3],[-3],[-8],[17],[16],[-5],[-4],[1],[14],[-5],[24],[13],[-5],[13],[21],[2],[16],[25],[1],[1],[27],[3],[31],[-6],[4],[0],[2],[28],[5],[4],[13],[-4],[13],[24],[1],[-7],[27],[17],[3],[0],[27],[-3],[27],[9],[-6],[32],[20],[0],[25],[16],[1],[3],[30],[15],[0],[27],[16],[-3],[-7],[12],[19],[-4],[0],[18],[0],[0],[0],[12],[20],[3],[-5],[21],[11],[5],[34],[22],[-3],[-8],[20],[2],[2],[2],[20],[1],[30],[17],[0],[8],[0],[27],[11],[-6],[3],[3],[17],[-3],[32],[17],[-5],[13],[24],[11],[-3],[0],[25],[6],[-7],[26],[1],[16],[1],[-3],[27],[15],[0],[2],[26],[12],[-8],[28],[11],[-4],[14],[0],[-7],[10],[19],[-3],[-11],[24],[14],[-5],[11],[19],[6],[0],[21],[2],[5],[32],[18],[-3],[-3],[-4],[-4],[7],[-6],[32],[21],[2],[10],[18],[-5],[2],[1],[-6],[18],[9],[-5],[1],[-6],[18],[3],[4],[31],[15],[1],[-4],[-3],[20],[5],[-10],[32],[18],[2],[1],[2],[0],[2],[4],[4],[26],[10],[-5],[10],[-7],[10],[-5],[-3],[14],[-6],[0],[0],[19],[-6],[-3],[2],[28],[13],[-7],[8],[-11],[11],[20],[1],[2],[25],[11],[-5],[-6],[23],[5],[-10],[5],[23],[9],[-5],[24],[11],[-4],[-6],[9],[-6],[4],[-5],[14],[19],[-3],[0],[30],[-4],[-5],[-3],[4],[16],[-5],[2],[4],[27],[5],[-10],[9],[-6],[26],[4],[2],[19],[-7],[9],[0],[-4],[1],[22],[6],[-13],[18],[-6],[23],[10],[-5],[28],[16],[-3],[-3],[21],[3],[-12],[16],[-4],[15],[24],[5],[-6],[0],[1],[0],[24],[9],[-6],[28],[4],[8],[4],[30],[16],[3],[2],[28],[10],[-3],[0],[22],[-7],[0],[2],[31],[13],[0],[-5],[30],[1],[4],[2],[2],[3],[28],[8],[-7],[12],[18],[3],[5],[21],[9],[-8],[20],[18],[3],[1],[16],[-3],[4],[24],[6],[5],[-4],[14],[20],[6],[0],[32],[21],[8],[8],[34],[22],[2],[14],[0],[20],[21],[-3],[15],[25],[9],[0],[27],[2],[24],[26],[2],[16],[27],[16],[3],[18],[5],[6],[10],[0],[24],[12],[-4],[-3],[25],[-6],[22],[9],[0],[18],[18],[1],[2],[2],[1],[25],[12],[-5],[8],[21],[-5],[0],[22],[-4],[-10],[6],[17],[2],[0],[-5],[26],[6],[-7],[-6],[22],[6],[-9],[4],[-7],[-12],[25],[12],[0],[-3],[-3],[2],[13],[-3],[0],[3],[27],[16],[-9],[20],[19],[1],[0],[22],[9],[-5],[-5],[11],[12],[0],[-4],[10],[21],[8],[-8],[8],[19],[6],[-10],[27],[-4],[9],[23],[11],[-7],[8],[-7],[5],[0],[27],[13],[-5],[-6],[17],[3],[2],[27],[6],[-8],[24],[14],[-3],[28],[18],[-7],[10],[17],[-7],[1],[-4],[1],[20],[4],[2],[26],[12],[-4],[0],[8],[-8],[26],[21],[3],[2],[4],[35],[6],[2],[30],[8],[0],[32],[17],[-3],[21],[6],[-10],[31],[14],[-4],[13],[25],[10],[9],[35],[13],[-7],[24],[1],[5],[30],[4],[5],[27],[14],[1],[18],[27],[1],[9],[31],[2],[13],[2],[35],[21],[3],[18],[3],[-5],[32],[22],[6],[8],[32],[20],[6],[4],[21],[9],[-6],[24],[14],[-7],[10],[-8],[28],[18],[-6],[10],[18],[5],[0],[-7],[17],[18],[0],[12],[21],[7],[-3],[29],[7],[-6],[12],[17],[-5],[-5],[-7],[9],[-6],[-9],[-7],[11],[-6],[-6],[17],[-11],[6],[-7],[-6],[-13],[3],[11],[-7],[-7],[21],[-4],[25],[9],[-8],[0],[16],[-6],[-7],[-6],[-4],[12],[-7],[0],[24],[8],[-7],[4],[19],[-6],[0],[-4],[12],[19],[-4],[0],[20],[-10],[20],[17],[3],[-4],[-14],[18],[16],[-3],[-5],[-5],[-4],[-3],[-3],[1],[1],[7],[-8],[12],[12],[0],[-5],[22],[7],[-7],[19],[6],[-11],[25],[-5],[13],[2],[29],[-4],[1],[-5],[11],[-5],[15],[1],[1],[31],[3],[2],[28],[8],[7],[25],[10],[-3],[2],[-3],[11],[22],[4],[5],[30],[15],[-2],[0],[26],[8],[-4],[15],[1],[9],[21],[0],[-3],[14],[0],[4],[24],[7],[-7],[13],[1],[15],[23],[11],[-4],[14],[17],[-3],[-7],[11],[0],[30],[13],[1],[4],[30],[10],[0],[26],[3],[27],[9],[-3],[18],[-4],[0],[4],[6],[0],[30],[21],[5],[4],[29],[1],[10],[-5],[14],[18],[3],[-5],[26],[0],[6],[4],[29],[9],[-5],[2],[4],[7],[26],[9],[-7],[28],[0],[17],[4],[5],[30],[-6],[-3],[-7],[8],[-5],[26],[-5],[-5],[0],[0],[3],[1],[17],[-7],[-7],[27],[15],[-6],[-5],[13],[16],[-4],[-3],[24],[8],[-7],[8],[24],[8],[-9],[-7],[21],[5],[-11],[18],[17],[0],[2],[29],[18],[5],[2],[27],[12],[-7],[26],[20],[3],[2],[-3],[-3],[26],[2],[28],[10],[-6],[13],[3],[4],[23],[1],[12],[15],[2],[16],[27],[9],[-7],[9],[-4],[5],[3],[4],[4],[22],[2],[2],[19],[-4],[8],[1],[2],[-5],[22],[2],[1],[35],[12],[-4],[29],[5],[8],[31],[10],[0],[29],[17],[1],[10],[21],[8],[-4],[-3],[12],[23],[3],[3],[22],[1],[15],[-7],[-7],[-5],[-5],[0],[18],[0],[0],[2],[25],[2],[2],[3],[22],[3],[17],[25],[7],[-9],[18],[-8],[11],[22],[4],[0],[21],[6],[-7],[20],[21],[3],[8],[6],[3],[28],[19],[6],[5],[32],[19],[-4],[27],[22],[5],[-5],[33],[11],[0],[5],[13],[-4],[31],[12],[-3],[0],[26],[0],[0],[4],[2],[6],[24],[6],[4],[30],[14],[-3],[1],[4],[0],[28],[4],[31],[16],[-3],[0],[28],[12],[3],[15],[-6],[12],[-4],[15],[4],[2],[0],[30],[20],[5],[4],[31],[12],[-6],[12],[-4],[-5],[25],[2],[23],[9],[-11],[4],[22],[0],[22],[4],[-14],[22],[16],[1],[1],[-3],[-4],[-4],[-11],[29],[17],[1],[21],[6],[4],[33],[11],[-8],[12],[10],[-5],[4],[15],[-6],[11],[1],[7],[7],[24],[6],[-5],[24],[11],[-4],[-4],[13],[24],[9],[-8],[16],[19],[3],[-11],[25],[14],[-5],[10],[18],[3],[-5],[2],[17],[-5],[-7],[21],[0],[-3],[8],[-7],[12],[19],[9],[-8],[4],[17],[5],[-6],[28],[8],[-17],[25],[8],[-10],[20],[17],[-3],[24],[0],[0],[2],[9],[-6],[2],[4],[27],[-5],[-5],[-3],[-3],[0],[22],[7],[-7],[25],[10],[-7],[0],[21],[9],[-3],[4],[-4],[-3],[-5],[2],[1],[23],[0],[6],[-7],[8],[-7],[20],[16],[1],[-5],[-7],[10],[-4],[13],[22],[7],[-12],[16],[14],[-4],[-3],[-4],[26],[14],[-4],[0],[27],[-3],[14],[1],[-2],[29],[14],[-11],[11],[18],[2],[19],[5],[0],[25],[5],[-8],[26],[19],[-5],[10],[-6],[4],[21],[5],[-12],[0],[28],[12],[-4],[10],[18],[-3],[22],[6],[-10],[16],[2],[2],[32],[6],[5],[29],[13],[-3],[1],[28],[12],[1],[29],[16],[1],[1],[19],[5],[-8],[16],[11],[-5],[11],[21],[2],[26],[9],[-3],[0],[-4],[0],[29],[7],[-4],[0],[-6],[17],[2],[1],[26],[-7],[14],[2],[17],[17],[1],[0],[-5],[24],[9],[-3],[21],[0],[28],[19],[1],[-3],[14],[-3],[16],[20],[5],[5],[33],[18],[5],[3],[30],[15],[5],[4],[19],[3],[14],[0],[3],[1],[4],[8],[8],[3],[29],[17],[-3],[8],[27],[9],[9],[6],[28],[9],[1],[34],[17],[0],[15],[26],[1],[27],[3],[4],[30],[7],[7],[22],[1],[13],[1],[-3],[9],[-8],[29],[6],[3],[17],[3],[2],[-3],[-4],[4],[4],[25],[1],[3],[2],[2],[28],[5],[2],[1],[26],[2],[21],[1],[17],[2],[2],[27],[0],[13],[-2],[31],[9],[-4],[3],[-3],[14],[0],[3],[6],[3],[-3],[34],[3],[7],[5],[3],[11],[-4],[29],[4],[13],[-6],[16],[24],[10],[0],[32],[15],[1],[8],[1],[3],[3],[34],[18],[0],[24],[6],[0],[24],[-3],[8],[24],[8],[-3],[32],[17],[3],[5],[29],[14],[-3],[14],[28],[13],[-2],[13],[24],[2],[13],[17],[4],[1],[26],[0],[-3],[12],[24],[11],[-3],[28],[10],[0],[0],[1],[4],[23],[5],[4],[28],[17],[1],[1],[29],[9],[2],[32],[17],[-4],[0],[-5],[12],[-4],[-8],[16],[2],[12],[17],[1],[1],[28],[7],[0],[-5],[13],[0],[1],[25],[12],[1],[33],[17],[3],[4],[29],[0],[21],[6],[-11],[25],[11],[-3],[29],[2],[0],[28],[13],[2],[0],[25],[14],[4],[33],[15],[2],[-5],[20],[10],[-5],[8],[22],[4],[6],[25],[4],[-9],[20],[22],[3],[12],[25],[6],[8],[33],[20],[5],[6],[31],[-4],[5],[4],[28],[17],[-7],[11],[12],[0],[20],[18],[4],[0],[25],[5],[-8],[27],[-7],[27],[-4],[0],[-3],[-3],[0],[0],[1],[28],[16],[3],[4],[27],[-6],[0],[-7],[-3],[-5],[11],[20],[0],[4],[0],[13],[-10],[0],[13],[0],[32],[15],[-4],[11],[11],[-6],[-7],[22],[5],[6],[-4],[2],[-5],[12],[22],[5],[-8],[28],[15],[1],[8],[22],[1],[1],[27],[5],[0],[33],[1],[19],[2],[-11],[12],[17],[0],[3],[5],[0],[31],[15],[-3],[-3],[23],[9],[-4],[26],[10],[1],[-6],[20],[5],[-7],[16],[21],[8],[-7],[12],[-2],[20],[-3],[3],[1],[2],[2],[1],[18],[16],[1],[12],[22],[2],[33],[18],[-5],[26],[1],[3],[1],[0],[2],[1],[4],[6],[3],[19],[4],[26],[5],[4],[30],[13],[2],[3],[4],[29],[14],[3],[5],[2],[14],[-3],[16],[21],[4],[3],[30],[4],[5],[3],[5],[9],[11],[29],[13],[-5],[14],[13],[0],[28],[21],[4],[26],[11],[0],[7],[8],[32],[19],[5],[6],[31],[17],[5],[2],[2],[0],[4],[32],[17],[3],[5],[31],[1],[0],[-4],[17],[3],[1],[15],[2],[1],[13],[1],[1],[0],[9],[-4],[8],[24],[-3],[20],[1],[2],[24],[10],[-7],[8],[21],[-4],[-4],[6],[4],[28],[-5],[17],[22],[0],[27],[9],[-6],[2],[25],[13],[-3],[30],[14],[2],[5],[24],[8],[4],[30],[13],[-3],[-3],[19],[3],[4],[31],[17],[-4],[12],[18],[-5],[-4],[0],[32],[0],[34],[17],[2],[2],[28],[14],[1],[10],[15],[3],[2],[2],[5],[2],[26],[6],[0],[35],[20],[-5],[18],[22],[3],[19],[1],[2],[31],[14],[5],[8],[4],[8],[25],[1],[18],[5],[21],[5],[8],[33],[6],[1],[25],[3],[5],[8],[5],[26],[11],[0],[32],[22],[2],[0],[1],[3],[16],[1],[20],[1],[0],[0],[32],[19],[3],[5],[18],[-5],[26],[12],[-4],[11],[21],[9],[-3],[4],[-4],[16],[18],[6],[8],[33],[18],[0],[18],[2],[21],[9],[-8],[22],[12],[0],[12],[18],[4],[3],[27],[9],[-4],[0],[0],[25],[19],[6],[0],[26],[-10],[16],[16],[3],[-6],[25],[11],[-6],[11],[17],[1],[0],[28],[1],[22],[-4],[0],[-5],[19],[5],[0],[29],[16],[1],[1],[20],[-3],[26],[5],[0],[26],[13],[-8],[9],[15],[-11],[6],[-5],[27],[12],[-7],[22],[7],[-11],[8],[17],[4],[9],[24],[5],[-11],[10],[-4],[18],[3],[0],[24],[11],[-8],[0],[-3],[-6],[24],[10],[-4],[-7],[17],[3],[5],[-4],[9],[-7],[-7],[19],[3],[-12],[-6],[13],[1],[2],[27],[10],[-6],[-8],[-7],[-5],[4],[1],[25],[-5],[24],[8],[-8],[-5],[20],[6],[-7],[28],[11],[-5],[-5],[-5],[-5],[4],[-13],[28],[14],[-4],[27],[12],[0],[4],[25],[11],[-4],[8],[21],[8],[-9],[-4],[-7],[11],[-6],[16],[20],[-4],[12],[21],[-4],[14],[-3],[0],[21],[6],[-7],[4],[22],[3],[1],[24],[11],[-3],[1],[21],[3],[-9],[1],[3],[2],[26],[17],[3],[2],[27],[6],[4],[28],[6],[-14],[20],[15],[0],[14],[0],[16],[20],[2],[-4],[-5],[24],[10],[-6],[11],[11],[0],[0],[-3],[-8],[1],[-4],[13],[20],[-7],[8],[-8],[9],[-4],[-10],[12],[-5],[21],[8],[-3],[0],[-6],[-7],[26],[11],[0],[19],[6],[2],[26],[11],[-5],[0],[0],[18],[1],[0],[29],[17],[-4],[11],[-7],[12],[19],[-2],[5],[0],[18],[-7],[16],[17],[3],[3],[21],[-3],[-3],[27],[-6],[1],[2],[3],[-4],[20],[6],[-11],[16],[-4],[26],[14],[-2],[12],[-3],[-4],[0],[13],[-5],[5],[19],[4],[6],[30],[16],[2],[-4],[25],[10],[-3],[1],[26],[12],[0],[13],[26],[2],[3],[28],[11],[-3],[16],[18],[3],[31],[9],[2],[26],[16],[-6],[12],[22],[5],[-7],[-7],[0],[24],[10],[-5],[16],[19],[5],[5],[27],[-6],[21],[6],[0],[28],[18],[5],[6],[31],[15],[2],[6],[0],[-4],[33],[1],[-3],[3],[5],[5],[4],[4],[0],[0],[-8],[28],[22],[4],[2],[0],[2],[0],[0],[0],[0],[27],[-6],[10],[16],[1],[0],[3],[17],[6],[3],[4],[6],[30],[17],[4],[3],[-5],[-4],[-6],[9],[15],[-7],[-4],[1],[25],[3],[-3],[24],[-7],[-11],[28],[13],[1],[1],[25],[8],[-3],[-2],[0],[20],[4],[25],[7],[0],[13],[0],[12],[25],[11],[-5],[13],[17],[5],[-3],[27],[-5],[1],[-7],[5],[-11],[-5],[-4],[-5],[13],[20],[0],[-6],[-3],[16],[15],[-4],[16],[19],[1],[2],[3],[10],[-7],[10],[20],[-5],[12],[21],[9],[-5],[25],[8],[-11],[30],[11],[-5],[12],[20],[-6],[1],[4],[3],[27],[2],[0],[26],[9],[-8],[10],[17],[5],[-7],[16],[1],[-7],[28],[11],[-4],[24],[17],[1],[3],[23],[9],[-7],[24],[5],[26],[10],[-3],[14],[3],[17],[3],[33],[19],[2],[8],[34],[0],[11],[-7],[25],[0],[-3],[1],[10],[21],[6],[-7],[28],[-3],[12],[-5],[12],[20],[1],[-7],[26],[11],[-4],[0],[6],[-6],[25],[1],[-3],[11],[20],[8],[-5],[5],[-12],[28],[-6],[13],[16],[-3],[-4],[0],[28],[0],[24],[-4],[9],[-5],[0],[25],[16],[-3],[4],[8],[0],[8],[-10],[18],[18],[1],[1],[28],[14],[1],[0],[25],[5],[-10],[21],[2],[-5],[21],[-10],[-6],[2],[3],[27],[-3],[-9],[19],[0],[-8],[8],[-10],[14],[-4],[-5],[25],[0],[-7],[8],[19],[-6],[-8],[30],[15],[3],[2],[26],[12],[-3],[2],[13],[-3],[0],[21],[-6],[17],[2],[1],[0],[4],[14],[-6],[12],[17],[4],[3],[33],[19],[8],[5],[4],[1],[4],[34],[19],[2],[3],[24],[10],[-10],[29],[13],[-4],[13],[29],[11],[-5],[16],[1],[17],[4],[-3],[13],[21],[8],[0],[24],[8],[9],[0],[28],[17],[2],[0],[24],[-7],[16],[22],[0],[30],[15],[-7],[24],[0],[3],[8],[2],[31],[4],[3],[16],[22],[0],[4],[5],[33],[1],[26],[7],[-6],[16],[2],[1],[28],[-5],[13],[25],[13],[1],[6],[4],[29],[18],[1],[7],[5],[16],[1],[4],[29],[6],[13],[0],[29],[3],[3],[33],[3],[18],[10],[-5],[24],[1],[0],[15],[2],[30],[6],[0],[1],[2],[0],[9],[-5],[16],[2],[21],[6],[3],[31],[18],[3],[1],[27],[11],[-3],[3],[26],[12],[-3],[0],[16],[2],[1],[26],[8],[-5],[12],[22],[2],[6],[5],[-3],[0],[25],[7],[4],[28],[16],[0],[-3],[16],[2],[2],[30],[12],[-4],[8],[21],[1],[1],[4],[3],[-6],[12],[-4],[34],[18],[3],[4],[0],[2],[29],[12],[-5],[13],[25],[11],[3],[-3],[0],[1],[2],[5],[0],[32],[21],[1],[4],[6],[7],[-5],[3],[3],[0],[-5],[5],[3],[1],[1],[4],[1],[16],[25],[6],[-8],[12],[22],[3],[5],[28],[12],[3],[38],[16],[2],[6],[8],[31],[14],[-4],[17],[15],[1],[2],[28],[7],[20],[5],[6],[5],[4],[7],[30],[13],[-3],[14],[20],[6],[6],[9],[7],[5],[31],[17],[5],[6],[34],[5],[8],[4],[28],[13],[0],[34],[21],[3],[3],[9],[1],[32],[4],[6],[27],[0],[15],[25],[2],[2],[26],[12],[1],[16],[29],[12],[-4],[31],[15],[0],[8],[23],[10],[-7],[20],[25],[10],[0],[33],[-4],[10],[25],[9],[-6],[10],[19],[-5],[0],[0],[29],[18],[4],[5],[32],[18],[-5],[0],[30],[-3],[25],[8],[-10],[12],[13],[-3],[13],[-3],[0],[28],[11],[-5],[-5],[3],[-13],[4],[10],[-13],[24],[5],[-9],[23],[5],[-8],[0],[21],[5],[-10],[8],[18],[-7],[0],[9],[-8],[21],[0],[9],[-8],[-9],[8],[11],[-6],[0],[21],[-10],[18],[3],[-10],[-4],[26],[-5],[17],[3],[-13],[16],[13],[0],[-3],[26],[-8],[-6],[-8],[9],[18],[-7],[6],[-9],[1],[-8],[5],[-12],[8],[17],[2],[0],[27],[11],[-6],[-5],[24],[11],[-7],[-6],[-10],[27],[16],[1],[1],[26],[11],[0],[-4],[23],[6],[-10],[18],[13],[-4],[0],[28],[17],[-3],[0],[7],[-7],[27],[3],[1],[26],[-10],[-5],[-4],[29],[8],[-7],[24],[19],[5],[0],[1],[0],[-5],[0],[0],[29],[-4],[2],[1],[2],[1],[23],[-3],[-7],[12],[21],[10],[-8],[7],[-5],[11],[1],[2],[0],[10],[-4],[-4],[10],[22],[12],[-3],[30],[-3],[0],[-7],[-6],[11],[20],[5],[0],[26],[2],[1],[22],[8],[-10],[8],[19],[7],[-4],[-4],[10],[-3],[-6],[-8],[14],[-4],[-6],[23],[0],[0],[1],[27],[0],[29],[14],[3],[-3],[24],[9],[-9],[2],[15],[3],[-7],[13],[1],[13],[-5],[1],[-4],[0],[-6],[21],[-5],[-6],[20],[17],[-3],[-4],[1],[16],[22],[6],[-11],[10],[16],[1],[-4],[26],[-3],[0],[26],[1],[-3],[27],[8],[-5],[8],[18],[8],[-8],[10],[22],[12],[-3],[11],[21],[-5],[6],[18],[0],[27],[12],[-4],[1],[28],[11],[0],[0],[12],[-5],[15],[21],[0],[-4],[-4],[12],[20],[8],[-5],[17],[0],[4],[2],[27],[5],[0],[0],[12],[20],[8],[-10],[20],[0],[2],[21],[5],[5],[3],[2],[10],[2],[24],[20],[4],[4],[30],[17],[1],[3],[21],[6],[3],[27],[14],[2],[16],[24],[-9],[24],[-4],[8],[-6],[25],[12],[2],[16],[29],[12],[0],[14],[25],[10],[-4],[0],[13],[-5],[13],[4],[5],[32],[11],[-5],[37],[20],[1],[2],[-5],[12],[3],[22],[10],[4],[33],[24],[5],[5],[29],[8],[0],[35],[21],[4],[12],[4],[2],[1],[26],[14],[2],[28],[16],[2],[4],[31],[1],[-4],[14],[-3],[-4],[26],[12],[-5],[-5],[24],[2],[2],[27],[-5],[0],[0],[28],[6],[0],[18],[0],[-5],[-3],[0],[27],[11],[-5],[4],[21],[8],[-6],[28],[15],[0],[2],[27],[15],[3],[1],[26],[13],[-5],[0],[16],[-5],[13],[23],[13],[-3],[0],[21],[-3],[17],[25],[11],[-5],[8],[22],[10],[-5],[10],[-6],[4],[1],[-3],[1],[0],[0],[25],[6],[-6],[26],[2],[-7],[-6],[6],[12],[-8],[8],[13],[3],[5],[31],[19],[3],[17],[22],[4],[3],[22],[2],[-15],[22],[-5],[24],[1],[-5],[21],[-6],[10],[-5],[-3],[20],[8],[-6],[0],[27],[9],[-4],[12],[14],[1],[0],[26],[10],[1],[0],[27],[8],[1],[28],[4],[-13],[-8],[19],[11],[-6],[25],[9],[-3],[2],[27],[6],[-7],[26],[8],[-8],[27],[10],[-7],[-5],[9],[-7],[-4],[20],[-7],[-8],[5],[1],[-6],[1],[10],[27],[1],[0],[2],[-11],[3],[-19],[8],[17],[3],[0],[24],[-5],[0],[19],[3],[1],[1],[29],[13],[4],[2],[20],[3],[-15],[5],[-6],[-4],[-7],[26],[16],[3],[12],[14],[-9],[-6],[-6],[-10],[28],[8],[-5],[17],[0],[2],[9],[-7],[-16],[-3],[11],[2],[-10],[-11],[-3],[-5],[34],[20],[2],[-3],[2],[5],[14],[21],[22],[20],[8],[0],[26],[-20],[1],[-26],[-20],[-10],[-8],[13],[9],[29],[16],[15],[25],[25],[-2],[-7],[18],[-3],[-10],[13],[-11],[-9],[0],[29],[3],[29],[4],[1],[6],[16],[18],[20],[16],[12],[4],[8],[13],[-4],[-8],[-26],[0],[11],[4],[1],[33],[10],[5],[21],[1],[1],[0],[0],[28],[4],[-9],[14],[20],[20],[8],[9],[16],[24],[9],[1],[3],[14],[16],[10],[14],[26],[8],[-7],[-7],[18],[6],[5],[5],[41],[27],[14],[44],[13],[-7],[-6],[18],[8],[1],[5],[35],[19],[6],[5],[28],[-3],[18],[11],[20],[32],[23],[3],[21],[24],[0],[-10],[13],[-15],[-5],[-13],[9],[22],[15],[30],[28],[4],[1],[-5],[-5],[2],[1],[8],[14],[28],[17],[20],[36],[40],[16],[32],[11],[-18],[-20],[-26],[-50],[-23],[-28],[-19],[34],[43],[50],[36],[61],[27],[-5],[1],[-23],[-31],[-28],[-20],[-19],[15],[-11],[19],[19],[-13],[-15],[0],[1],[10],[35],[42],[6],[43],[9],[-11],[-20],[-28],[-39],[-38],[-7],[-3],[-17],[16],[35],[17],[19],[30],[13],[-21],[-28],[-7],[-27],[-32],[3],[-6],[-6],[3],[24],[30],[11],[27],[65],[70],[66],[70],[88],[64],[39],[24],[6],[11],[-13],[-29],[-8],[21],[15],[62],[48],[52],[72],[78],[66],[43],[59],[28],[21],[10],[1],[-11],[-19],[-19],[0],[11],[8],[6],[37],[18],[69],[44],[37],[19],[33],[-19],[-7],[-30],[-55],[-14],[-19],[-26],[9],[22],[10],[-8],[20],[6],[-19],[13],[25],[16],[0],[-5],[-46],[-34],[-101],[-93],[-83],[-66],[-53],[2],[10],[-28],[-47],[-84],[-148],[-220],[-288],[-285],[-106],[113],[414],[450],[523],[467],[285],[121],[-88],[-231],[-353],[-480],[-413],[-265],[-140],[-42],[120],[245],[259],[179],[82],[96],[97],[95],[153],[222],[219],[62],[14],[-33],[-125],[-226],[-347],[-359],[-279],[-133],[59],[252],[394],[387],[320],[309],[222],[78],[-62],[-166],[-199],[-176],[-131],[-66],[16],[12],[-16],[-16],[-36],[-22],[6],[27],[88],[205],[293],[298],[274],[256],[121],[-51],[-182],[-259],[-305],[-301],[-196],[-77],[73],[163],[200],[261],[292],[237],[152],[96],[3],[-50],[-66],[-78],[-52],[-95],[-148],[-163],[-117],[-39],[-7],[29],[118],[137],[163],[154],[144],[76],[-47],[-158],[-227],[-257],[-253],[-211],[-176],[-86],[-30],[40],[44],[13],[-31],[-110],[-185],[-237],[-340],[-454],[-390],[-64],[271],[511],[578],[651],[613],[256],[33],[-108],[-280],[-523],[-627],[-429],[-272],[-239],[-74],[167],[308],[224],[124],[157],[204],[131],[179],[354],[346],[183],[43],[-21],[-126],[-303],[-418],[-504],[-488],[-350],[-135],[160],[408],[477],[508],[432],[372],[248],[82],[-86],[-182],[-220],[-177],[-116],[-78],[-40],[-26],[-47],[-83],[-85],[-16],[29],[92],[185],[299],[336],[345],[324],[213],[85],[-42],[-220],[-320],[-326],[-270],[-156],[-44],[83],[218],[255],[277],[288],[282],[181],[64],[-14],[-31],[-88],[-89],[-124],[-154],[-164],[-147],[-118],[-38],[36],[71],[105],[180],[181],[165],[134],[21],[-100],[-191],[-287],[-310],[-278],[-223],[-118],[-70],[13],[33],[4],[-9],[-79],[-157],[-240],[-379],[-516],[-619],[-255],[410],[774],[833],[760],[840],[505],[-95],[-272],[-256],[-539],[-916],[-818],[-270],[-98],[-215],[89],[568],[469],[97],[-20],[248],[342],[162],[294],[511],[363],[-22],[-182],[-84],[-241],[-583],[-729],[-680],[-522],[-234],[184],[562],[631],[574],[596],[528],[332],[178],[-40],[-274],[-396],[-331],[-138],[-73],[-74],[-87],[-35],[-43],[-84],[-27],[56],[179],[236],[300],[424],[481],[461],[319],[186],[26],[-211],[-468],[-544],[-463],[-276],[-141],[5],[202],[365],[479],[491],[446],[346],[183],[-33],[-122],[-173],[-200],[-231],[-293],[-275],[-173],[-93],[-32],[61],[161],[186],[165],[181],[198],[110],[-56],[-175],[-234],[-292],[-310],[-335],[-275],[-211],[-186],[-167],[-183],[-196],[-274],[-426],[-562],[-148],[558],[882],[967],[916],[971],[577],[-133],[-405],[-428],[-749],[-1163],[-1052],[-400],[-135],[-195],[197],[796],[742],[274],[52],[237],[248],[31],[210],[445],[300],[-7],[-112],[35],[-148],[-573],[-790],[-789],[-665],[-368],[135],[576],[709],[664],[709],[673],[440],[144],[-117],[-338],[-513],[-479],[-209],[-5],[20],[-5],[39],[99],[8],[-70],[-12],[88],[163],[262],[445],[581],[627],[512],[258],[-26],[-311],[-613],[-752],[-631],[-392],[-128],[144],[341],[546],[670],[691],[515],[273],[20],[-239],[-380],[-366],[-262],[-235],[-250],[-200],[-116],[3],[108],[110],[131],[174],[182],[100],[48],[28],[-118],[-284],[-376],[-387],[-388],[-433],[-382],[-277],[-232],[-248],[-310],[-380],[-353],[143],[732],[1041],[993],[878],[865],[385],[-210],[-435],[-543],[-920],[-1316],[-1054],[-422],[-192],[-128],[325],[816],[778],[349],[203],[410],[308],[115],[212],[333],[164],[-187],[-242],[-107],[-292],[-609],[-756],[-727],[-526],[-171],[292],[605],[629],[665],[732],[661],[401],[110],[-132],[-401],[-587],[-474],[-240],[-139],[-128],[-8],[121],[160],[120],[169],[181],[171],[198],[306],[408],[521],[547],[397],[177],[-146],[-469],[-694],[-757],[-590],[-362],[-92],[196],[440],[682],[815],[789],[566],[261],[-92],[-348],[-495],[-513],[-453],[-351],[-315],[-255],[-72],[97],[220],[254],[301],[259],[179],[138],[67],[-64],[-211],[-382],[-513],[-566],[-535],[-457],[-399],[-368],[-326],[-322],[-429],[-159],[634],[1145],[1256],[1107],[1053],[853],[50],[-446],[-554],[-816],[-1284],[-1427],[-819],[-254],[-178],[95],[699],[940],[555],[187],[304],[489],[249],[147],[285],[257],[-52],[-241],[-106],[-192],[-589],[-823],[-800],[-630],[-345],[114],[586],[724],[682],[773],[729],[470],[154],[-79],[-295],[-513],[-544],[-331],[-147],[-176],[-170],[-88],[49],[117],[147],[285],[395],[417],[471],[516],[624],[539],[299],[24],[-253],[-522],[-722],[-735],[-568],[-313],[-44],[249],[493],[628],[733],[670],[502],[254],[3],[-225],[-336],[-371],[-414],[-430],[-447],[-431],[-298],[-99],[125],[257],[342],[376],[392],[323],[173],[-10],[-219],[-527],[-751],[-769],[-685],[-558],[-430],[-324],[-267],[-302],[-69],[588],[1129],[1213],[1044],[1019],[819],[179],[-258],[-363],[-647],[-1156],[-1364],[-979],[-589],[-474],[-80],[552],[834],[659],[516],[597],[655],[385],[255],[287],[69],[-276],[-409],[-260],[-301],[-561],[-696],[-694],[-591],[-339],[97],[505],[675],[662],[704],[749],[637],[316],[-74],[-335],[-514],[-568],[-472],[-276],[-155],[-140],[-111],[4],[120],[182],[220],[284],[452],[608],[658],[672],[612],[380],[-29],[-379],[-646],[-864],[-868],[-628],[-278],[120],[403],[658],[868],[857],[727],[461],[108],[-289],[-531],[-551],[-508],[-453],[-379],[-322],[-257],[-141],[-6],[120],[162],[157],[172],[248],[216],[157],[-14],[-214],[-454],[-652],[-773],[-779],[-765],[-787],[-662],[-199],[562],[1193],[1456],[1489],[1329],[914],[225],[-303],[-532],[-807],[-1167],[-1192],[-756],[-400],[-259],[50],[550],[662],[368],[194],[309],[421],[392],[484],[592],[445],[45],[-186],[-235],[-399],[-733],[-893],[-881],[-724],[-350],[204],[603],[738],[675],[659],[672],[478],[215],[-50],[-303],[-486],[-452],[-315],[-202],[-155],[-216],[-233],[-147],[-28],[99],[166],[328],[527],[654],[713],[708],[586],[322],[-79],[-419],[-656],[-832],[-810],[-571],[-280],[56],[378],[612],[747],[778],[694],[472],[176],[-78],[-249],[-323],[-398],[-465],[-432],[-366],[-344],[-239],[-50],[114],[124],[105],[143],[153],[41],[-102],[-261],[-452],[-593],[-613],[-583],[-564],[-552],[-513],[-102],[625],[1135],[1300],[1257],[1100],[728],[121],[-327],[-535],[-827],[-1178],[-1194],[-762],[-420],[-287],[105],[573],[771],[599],[480],[601],[587],[447],[416],[374],[138],[-184],[-357],[-371],[-514],[-755],[-869],[-787],[-581],[-185],[345],[754],[824],[787],[836],[738],[440],[109],[-181],[-464],[-617],[-567],[-358],[-240],[-224],[-173],[-91],[28],[105],[138],[224],[450],[580],[693],[659],[578],[403],[34],[-339],[-578],[-739],[-804],[-700],[-397],[26],[310],[475],[616],[685],[609],[411],[171],[-27],[-255],[-430],[-455],[-331],[-264],[-269],[-278],[-204],[-101],[-36],[24],[106],[148],[96],[5],[-79],[-246],[-446],[-599],[-764],[-851],[-884],[-813],[-515],[212],[1017],[1485],[1526],[1390],[1177],[585],[-63],[-393],[-733],[-1185],[-1406],[-1088],[-593],[-326],[-78],[387],[675],[541],[296],[354],[512],[448],[440],[654],[656],[346],[0],[-134],[-298],[-672],[-992],[-1005],[-797],[-458],[18],[540],[853],[861],[826],[740],[549],[256],[-119],[-406],[-513],[-464],[-326],[-131],[-18],[60],[52],[63],[94],[69],[119],[269],[392],[468],[536],[522],[348],[93],[-175],[-371],[-513],[-591],[-504],[-261],[30],[274],[461],[609],[555],[392],[224],[9],[-184],[-400],[-505],[-459],[-343],[-256],[-177],[-40],[62],[61],[51],[128],[61],[-50],[-101],[-154],[-294],[-528],[-704],[-837],[-972],[-1043],[-878],[-287],[544],[1124],[1473],[1485],[1445],[1086],[423],[-79],[-446],[-908],[-1358],[-1345],[-880],[-557],[-402],[11],[472],[606],[435],[368],[537],[616],[497],[555],[616],[475],[134],[-127],[-241],[-494],[-873],[-1080],[-1002],[-666],[-198],[356],[836],[1090],[1175],[1040],[790],[490],[77],[-333],[-648],[-736],[-652],[-456],[-233],[-18],[97],[231],[327],[370],[386],[406],[366],[360],[382],[365],[232],[35],[-222],[-410],[-526],[-604],[-567],[-367],[-50],[214],[467],[715],[809],[681],[502],[250],[-44],[-381],[-650],[-728],[-637],[-570],[-511],[-398],[-194],[-39],[41],[164],[207],[179],[-47],[-257],[-314],[-348],[-495],[-579],[-446],[-87],[258],[420],[486],[505],[403],[136],[-83],[-151],[-268],[-504],[-499],[-266],[-33],[53],[166],[290],[296],[147],[18],[-44],[2],[101],[179],[265],[281],[267],[187],[72],[-30],[-202],[-330],[-392],[-292],[-45],[256],[484],[542],[555],[444],[302],[165],[-15],[-168],[-279],[-333],[-257],[-36],[146],[264],[280],[265],[243],[228],[163],[128],[87],[52],[60],[72],[60],[46],[66],[3],[-63],[-60],[-22],[-10],[-14],[79],[120],[133],[41],[-10],[22],[3],[-80],[-167],[-134],[-119],[-146],[-76],[-20],[-32],[-122],[-230],[-218],[-180],[-219],[-329],[-410],[-460],[-567],[-655],[-563],[-334],[93],[521],[829],[1001],[949],[747],[398],[-3],[-384],[-693],[-940],[-1004],[-841],[-563],[-272],[21],[323],[500],[511],[416],[299],[245],[259],[258],[235],[192],[182],[85],[-76],[-259],[-411],[-595],[-748],[-627],[-271],[92],[322],[537],[749],[846],[669],[546],[355],[27],[-275],[-402],[-317],[-207],[-188],[-73],[105],[236],[228],[251],[305],[299],[202],[212],[303],[299],[206],[138],[74],[-44],[-190],[-278],[-326],[-251],[-138],[-11],[123],[225],[352],[417],[363],[267],[154],[-45],[-228],[-279],[-230],[-200],[-195],[-218],[-199],[-213],[-266],[-308],[-355],[-463],[-540],[-567],[-563],[-543],[-336],[155],[638],[892],[955],[914],[698],[356],[28],[-202],[-456],[-745],[-894],[-739],[-515],[-378],[-227],[28],[238],[252],[236],[346],[436],[447],[499],[504],[405],[243],[10],[-156],[-274],[-436],[-595],[-732],[-712],[-487],[-124],[173],[367],[524],[597],[593],[520],[418],[241],[21],[-148],[-216],[-167],[-133],[-125],[-108],[-80],[28],[176],[216],[268],[351],[318],[225],[176],[154],[66],[-64],[-144],[-103],[-102],[-101],[-50],[45],[93],[177],[261],[298],[275],[252],[192],[94],[-63],[-190],[-267],[-322],[-366],[-338],[-235],[-158],[-79],[-31],[89],[95],[-6],[-96],[-199],[-335],[-492],[-569],[-605],[-606],[-462],[-125],[423],[752],[857],[743],[590],[356],[29],[-221],[-380],[-582],[-677],[-544],[-311],[-161],[-25],[173],[280],[282],[257],[204],[240],[255],[307],[342],[290],[130],[-60],[-168],[-281],[-413],[-490],[-513],[-398],[-128],[167],[440],[588],[585],[513],[435],[316],[127],[-108],[-313],[-420],[-393],[-310],[-198],[-68],[28],[77],[206],[297],[340],[386],[383],[344],[284],[202],[139],[25],[-99],[-213],[-256],[-259],[-299],[-240],[-101],[68],[181],[298],[351],[339],[307],[204],[104],[11],[-149],[-247],[-244],[-210],[-202],[-188],[-173],[-136],[-91],[-104],[-125],[-113],[-180],[-288],[-349],[-420],[-484],[-539],[-520],[-280],[123],[582],[790],[882],[857],[660],[330],[30],[-230],[-513],[-808],[-922],[-760],[-483],[-239],[16],[360],[541],[522],[479],[428],[418],[364],[288],[265],[215],[111],[-113],[-216],[-250],[-363],[-516],[-563],[-406],[-133],[50],[274],[511],[604],[585],[568],[517],[383],[120],[-146],[-267],[-312],[-349],[-286],[-175],[-20],[44],[102],[189],[270],[230],[142],[118],[90],[42],[1],[-16],[30],[15],[-46],[-36],[36],[25],[-23],[40],[155],[172],[120],[93],[97],[86],[-51],[-126],[-129],[-205],[-279],[-267],[-188],[-108],[-40],[-47],[33],[46],[21],[-21],[-163],[-310],[-449],[-532],[-619],[-656],[-604],[-490],[-273],[196],[740],[1061],[1056],[892],[747],[349],[-101],[-414],[-663],[-888],[-954],[-721],[-398],[-163],[106],[372],[512],[501],[398],[373],[365],[338],[342],[370],[291],[44],[-149],[-189],[-282],[-453],[-520],[-525],[-372],[-66],[238],[511],[683],[666],[603],[506],[380],[160],[-118],[-358],[-457],[-403],[-285],[-194],[-68],[76],[163],[255],[357],[351],[289],[212],[166],[148],[63],[-28],[-94],[-220],[-316],[-293],[-207],[-119],[-13],[179],[296],[314],[301],[288],[250],[120],[-35],[-127],[-198],[-321],[-356],[-272],[-250],[-247],[-215],[-98],[-35],[17],[131],[153],[85],[-37],[-183],[-257],[-401],[-572],[-688],[-773],[-760],[-592],[-139],[494],[928],[1084],[1099],[973],[653],[178],[-260],[-593],[-896],[-1021],[-871],[-499],[-187],[36],[349],[529],[490],[335],[219],[235],[224],[238],[318],[339],[251],[91],[-58],[-210],[-419],[-572],[-651],[-543],[-263],[110],[451],[704],[764],[725],[592],[386],[141],[-119],[-340],[-504],[-490],[-333],[-158],[-23],[56],[107],[168],[273],[274],[285],[313],[296],[260],[177],[107],[30],[-82],[-262],[-356],[-367],[-318],[-244],[-110],[92],[204],[258],[299],[349],[324],[263],[172],[13],[-118],[-219],[-288],[-327],[-295],[-277],[-276],[-238],[-181],[-68],[73],[65],[21],[0],[-45],[-194],[-370],[-474],[-513],[-627],[-667],[-536],[-242],[156],[602],[941],[1071],[926],[726],[412],[-10],[-283],[-563],[-772],[-798],[-646],[-375],[-199],[2],[251],[359],[320],[270],[243],[273],[253],[272],[368],[351],[227],[62],[-72],[-170],[-312],[-437],[-511],[-410],[-165],[49],[299],[488],[618],[576],[435],[356],[195],[-45],[-270],[-388],[-327],[-237],[-221],[-150],[-15],[106],[134],[200],[343],[364],[293],[258],[315],[277],[172],[102],[24],[-78],[-216],[-324],[-405],[-397],[-314],[-208],[-14],[187],[336],[419],[491],[477],[397],[280],[64],[-111],[-274],[-392],[-407],[-380],[-322],[-234],[-98],[-12],[53],[54],[8],[-84],[-196],[-279],[-312],[-321],[-294],[-304],[-380],[-454],[-459],[-276],[129],[522],[795],[853],[814],[652],[386],[162],[-97],[-393],[-645],[-743],[-682],[-543],[-385],[-132],[186],[378],[422],[405],[436],[407],[331],[312],[245],[153],[46],[-48],[-88],[-117],[-222],[-380],[-490],[-398],[-213],[-20],[164],[371],[504],[515],[476],[434],[288],[-45],[-326],[-423],[-402],[-391],[-288],[-129],[4],[108],[249],[350],[393],[329],[261],[156],[120],[79],[27],[-13],[-67],[-159],[-256],[-269],[-264],[-236],[-131],[33],[198],[354],[486],[593],[560],[460],[298],[8],[-241],[-462],[-523],[-522],[-435],[-319],[-156],[18],[180],[288],[344],[341],[164],[-29],[-124],[-163],[-257],[-309],[-341],[-373],[-427],[-447],[-456],[-491],[-480],[-341],[160],[660],[972],[1109],[1112],[950],[534],[69],[-319],[-721],[-1080],[-1185],[-987],[-626],[-324],[86],[514],[792],[740],[607],[456],[336],[166],[121],[161],[89],[-6],[-120],[-166],[-208],[-333],[-495],[-651],[-603],[-358],[-13],[332],[611],[731],[720],[602],[467],[257],[-108],[-445],[-625],[-594],[-467],[-301],[-93],[110],[186],[224],[252],[221],[193],[139],[131],[169],[223],[188],[101],[44],[-36],[-172],[-257],[-288],[-250],[-163],[24],[236],[391],[456],[416],[390],[332],[177],[6],[-165],[-277],[-332],[-310],[-262],[-176],[-94],[-83],[-28],[82],[147],[169],[184],[145],[149],[106],[-20],[-163],[-301],[-466],[-582],[-605],[-485],[-398],[-336],[-284],[-193],[-40],[161],[559],[834],[896],[800],[646],[414],[46],[-239],[-466],[-685],[-856],[-867],[-621],[-367],[-177],[159],[435],[562],[510],[474],[438],[339],[274],[188],[74],[-84],[-229],[-328],[-283],[-315],[-394],[-416],[-330],[-188],[17],[191],[347],[440],[444],[404],[387],[308],[65],[-164],[-264],[-325],[-347],[-288],[-202],[-114],[-51],[22],[137],[246],[238],[229],[235],[293],[283],[218],[179],[105],[28],[-83],[-168],[-140],[-162],[-127],[-94],[0],[146],[229],[259],[302],[302],[276],[121],[12],[-54],[-102],[-178],[-204],[-215],[-166],[-131],[-50],[64],[212],[237],[163],[114],[86],[-50],[-211],[-294],[-335],[-397],[-405],[-387],[-279],[-216],[-193],[-148],[-142],[-135],[-90],[-46],[143],[488],[715],[770],[677],[511],[252],[-96],[-395],[-603],[-752],[-800],[-739],[-460],[-142],[123],[313],[456],[546],[458],[293],[216],[168],[143],[116],[108],[45],[-46],[-142],[-260],[-320],[-343],[-425],[-414],[-274],[-45],[194],[370],[456],[475],[388],[265],[117],[-39],[-158],[-288],[-311],[-200],[-106],[49],[99],[100],[109],[130],[147],[144],[181],[175],[186],[224],[233],[202],[142],[35],[-70],[-128],[-148],[-161],[-117],[-42],[43],[155],[233],[228],[150],[137],[118],[122],[61],[66],[60],[-6],[-54],[-32],[-54],[-127],[-175],[-163],[-172],[-169],[-154],[-71],[0],[57],[90],[59],[25],[-12],[-96],[-162],[-168],[-157],[-196],[-194],[-163],[-166],[-188],[-218],[-291],[-370],[-389],[-320],[-92],[244],[556],[734],[719],[642],[457],[211],[-110],[-379],[-591],[-724],[-684],[-519],[-306],[-58],[171],[342],[405],[355],[300],[228],[139],[111],[117],[109],[112],[47],[-3],[-85],[-176],[-280],[-383],[-378],[-279],[-115],[152],[331],[422],[415],[406],[410],[249],[18],[-154],[-262],[-290],[-258],[-138],[21],[118],[114],[166],[241],[290],[233],[221],[200],[131],[88],[105],[74],[33],[-32],[-61],[-86],[-78],[-90],[-62],[5],[51],[140],[225],[229],[216],[218],[168],[70],[-35],[-144],[-235],[-224],[-229],[-203],[-138],[-88],[-9],[48],[113],[158],[137],[106],[58],[5],[-38],[-85],[-150],[-197],[-294],[-306],[-245],[-189],[-125],[-79],[-22],[9],[13],[-28],[-52],[-133],[-226],[-369],[-451],[-452],[-360],[-59],[336],[602],[665],[632],[511],[250],[51],[-152],[-348],[-473],[-563],[-481],[-261],[-78],[112],[242],[308],[242],[149],[144],[116],[117],[170],[178],[192],[161],[117],[81],[-4],[-165],[-342],[-439],[-459],[-324],[-62],[169],[329],[452],[526],[494],[373],[234],[39],[-167],[-280],[-289],[-200],[-69],[80],[157],[195],[204],[142],[96],[9],[-61],[-82],[-29],[89],[199],[272],[245],[188],[109],[-44],[-140],[-209],[-226],[-239],[-127],[30],[139],[203],[241],[229],[97],[-40],[-91],[-173],[-235],[-204],[-93],[28],[108],[134],[178],[203],[88],[-28],[-46],[-107],[-183],[-182],[-116],[-68],[-53],[-45],[-46],[-66],[-103],[-140],[-154],[-154],[-81],[-39],[8],[69],[115],[63],[-38],[-100],[-174],[-240],[-315],[-357],[-347],[-235],[-163],[-5],[260],[469],[598],[570],[511],[361],[157],[-80],[-259],[-344],[-445],[-492],[-400],[-240],[-87],[66],[206],[311],[292],[264],[291],[264],[236],[191],[98],[30],[-49],[-88],[-110],[-86],[-117],[-197],[-200],[-162],[-71],[17],[96],[205],[270],[277],[271],[275],[208],[113],[-24],[-100],[-156],[-142],[-90],[-40],[28],[96],[144],[150],[168],[126],[88],[-19],[-64],[-115],[-77],[-54],[-16],[60],[85],[88],[68],[81],[11],[-51],[-85],[-61],[-27],[38],[148],[138],[84],[72],[22],[-68],[-143],[-202],[-189],[-199],[-168],[-63],[106],[146],[153],[202],[197],[133],[63],[-14],[-72],[-91],[-150],[-142],[-79],[-20],[-12],[31],[85],[79],[-3],[-47],[-45],[-98],[-86],[-48],[-28],[-48],[-58],[-38],[-55],[-127],[-173],[-221],[-271],[-302],[-275],[-168],[-71],[61],[273],[530],[663],[544],[461],[271],[36],[-232],[-373],[-416],[-502],[-472],[-264],[-61],[69],[153],[254],[306],[270],[187],[139],[130],[74],[32],[96],[81],[-3],[-62],[-75],[-93],[-127],[-124],[-109],[-63],[35],[107],[173],[258],[206],[174],[155],[75],[0],[-82],[-115],[-119],[-108],[-39],[2],[75],[94],[86],[104],[120],[65],[-12],[-54],[-108],[-147],[-181],[-154],[-110],[-83],[-32],[25],[91],[98],[125],[113],[104],[140],[98],[100],[85],[30],[1],[20],[-20],[-35],[-38],[-62],[-82],[-40],[29],[52],[80],[131],[157],[149],[148],[174],[128],[48],[-34],[-47],[-68],[-90],[-79],[-24],[-11],[5],[53],[64],[66],[62],[60],[1],[13],[-20],[-43],[-49],[-15],[-31],[-40],[-99],[-139],[-156],[-143],[-156],[-102],[-94],[-71],[-98],[-104],[-96],[-58],[-84],[-40],[-34],[26],[128],[197],[223],[244],[208],[43],[-51],[-149],[-215],[-271],[-257],[-178],[-91],[-9],[30],[115],[178],[154],[108],[93],[66],[52],[69],[80],[96],[77],[-38],[-130],[-157],[-179],[-216],[-243],[-200],[-120],[-47],[48],[160],[203],[170],[139],[131],[99],[65],[29],[25],[51],[78],[57],[49],[77],[14],[-42],[-32],[-56],[-90],[-70],[20],[70],[98],[144],[180],[178],[158],[189],[184],[162],[140],[107],[83],[62],[14],[-20],[-52],[-45],[-60],[-40],[11],[53],[68],[120],[170],[205],[206],[226],[166],[88],[44],[-22],[-79],[-136],[-150],[-176],[-178],[-144],[-78],[-60],[-29],[50],[100],[134],[140],[152],[99],[20],[-44],[-46],[-84],[-130],[-165],[-140],[-136],[-144],[-131],[-66],[-39],[-26],[-36],[-55],[-28],[-61],[-50],[-49],[-28],[-82],[-120],[-162],[-205],[-210],[-260],[-298],[-268],[-192],[-59],[21],[77],[173],[215],[201],[184],[147],[17],[-123],[-199],[-219],[-190],[-146],[-72],[11],[5],[-13],[1],[3],[1],[26],[54],[46],[24],[64],[97],[152],[148],[96],[48],[48],[29],[59],[118],[107],[112],[104],[86],[123],[121],[78],[48],[-3],[12],[67],[105],[155],[214],[193],[194],[185],[137],[88],[18],[-55],[-69],[-47],[-53],[-22],[66],[115],[92],[96],[137],[107],[59],[56],[61],[64],[29],[-11],[-5],[-11],[-66],[-98],[-80],[-80],[-38],[-7],[40],[81],[121],[99],[84],[89],[19],[-48],[-114],[-166],[-191],[-171],[-167],[-128],[-52],[-26],[-5],[21],[61],[68],[56],[52],[29],[-24],[-78],[-105],[-111],[-126],[-128],[-149],[-143],[-95],[-96],[-95],[-32],[-50],[-39],[-37],[-30],[3],[23],[-28],[-71],[-71],[-42],[-50],[-38],[-11],[-47],[-99],[-114],[-146],[-128],[-149],[-153],[-107],[-55],[0],[102],[139],[181],[257],[256],[229],[194],[130],[102],[-27],[-92],[-126],[-133],[-76],[-46],[16],[62],[85],[129],[132],[146],[157],[166],[117],[84],[72],[84],[93],[83],[53],[70],[24],[25],[2],[20],[-14],[-19],[18],[33],[29],[43],[57],[62],[68],[79],[45],[44],[25],[38],[8],[32],[18],[40],[58],[48],[44],[39],[25],[-11],[-34],[-37],[-61],[-56],[-45],[-19],[-24],[-11],[-5],[-7],[6],[-10],[0],[-14],[-49],[-46],[-11],[-30],[-45],[-68],[-82],[-95],[-80],[-108],[-86],[-28],[-18],[-14],[40],[21],[12],[-18],[-27],[17],[12],[29],[74],[87],[85],[87],[49],[26],[-15],[-50],[-79],[-55],[-45],[-36],[-20],[31],[32],[26],[5],[0],[-4],[-30],[-10],[29],[20],[37],[17],[-8],[3],[-46],[-72],[-64],[-85],[-59],[-19],[-21],[-37],[-69],[-77],[-109],[-134],[-132],[-120],[-93],[-46],[52],[101],[155],[185],[212],[164],[118],[93],[37],[-56],[-68],[-96],[-93],[-112],[-44],[-6],[4],[25],[50],[75],[89],[112],[120],[142],[178],[157],[121],[78],[12],[-60],[-124],[-148],[-116],[-95],[-46],[33],[121],[152],[204],[180],[124],[83],[22],[-5],[-42],[-27],[-35],[-44],[-33],[-46],[-59],[-56],[-45],[-28],[31],[30],[31],[74],[104],[72],[37],[44],[30],[-7],[-15],[34],[-4],[5],[12],[18],[26],[60],[49],[36],[24],[36],[21],[32],[66],[50],[22],[24],[48],[13],[-27],[-32],[-5],[-26],[-45],[-24],[35],[42],[34],[40],[39],[22],[-20],[-49],[-51],[-52],[-63],[-34],[-30],[23],[25],[18],[31],[-8],[-42],[-51],[-29],[-31],[-26],[14],[28],[22],[58],[69],[19],[-7],[-33],[-16],[-46],[-61],[-36],[4],[-21],[-52],[-16],[-21],[-60],[-78],[-77],[-88],[-87],[-92],[-76],[-52],[-32],[-51],[-45],[-23],[19],[1],[-12],[13],[70],[92],[105],[136],[91],[38],[-7],[-86],[-137],[-145],[-102],[-91],[-64],[8],[102],[113],[136],[110],[97],[91],[48],[15],[32],[11],[6],[-25],[-24],[-31],[-60],[-53],[-32],[4],[44],[66],[73],[93],[116],[62],[6],[2],[-39],[-88],[-85],[-79],[-56],[13],[32],[77],[134],[159],[99],[72],[116],[91],[43],[33],[5],[9],[-31],[-37],[15],[-14],[-26],[-24],[33],[46],[69],[94],[119],[63],[53],[39],[4],[-22],[8],[-17],[-42],[-12],[36],[45],[61],[74],[90],[57],[12],[3],[-11],[-49],[-83],[-68],[-99],[-95],[-80],[-58],[-42],[3],[4],[21],[50],[18],[48],[32],[-7],[-4],[40],[14],[-28],[-23],[-10],[-35],[-53],[-5],[7],[-14],[-11],[-6],[-20],[-11],[41],[34],[26],[8],[22],[-11],[-32],[-40],[-30],[-70],[-83],[-80],[-58],[-18],[-45],[-29],[-30],[-41],[-47],[-33],[-45],[-50],[-38],[-49],[-17],[31],[23],[20],[11],[36],[-14],[-48],[-33],[-21],[-47],[-75],[-46],[-10],[-5],[4],[52],[58],[64],[44],[50],[77],[74],[41],[17],[23],[28],[67],[68],[84],[82],[49],[73],[63],[37],[5],[29],[7],[43],[45],[59],[74],[96],[48],[50],[18],[40],[38],[29],[52],[59],[44],[49],[89],[56],[46],[19],[27],[2],[-10],[17],[9],[-6],[26],[1],[-17],[12],[-12],[-10],[56],[56],[52],[83],[68],[73],[64],[38],[-7],[-38],[-24],[-42],[-52],[-20],[-10],[0],[29],[57],[63],[56],[88],[70],[42],[29],[9],[-32],[-30],[-48],[-36],[-94],[-80],[-54],[-54],[0],[-8],[21],[28],[18],[-6],[15],[-4],[0],[-26],[-34],[-33],[-23],[-50],[-50],[-39],[-50],[-79],[-78],[-36],[-55],[-67],[-52],[-30],[-48],[-55],[-28],[-24],[-19],[-69],[-90],[-90],[-61],[-26],[-12],[12],[50],[56],[81],[64],[54],[3],[-13],[-84],[-82],[-93],[-86],[-27],[16],[19],[38],[40],[57],[32],[12],[44],[30],[25],[46],[65],[61],[61],[47],[18],[4],[36],[21],[69],[82],[102],[102],[80],[116],[114],[80],[98],[58],[60],[91],[77],[65],[73],[38],[11],[20],[38],[49],[53],[100],[86],[90],[62],[25],[43],[33],[-14],[-6],[24],[25],[70],[88],[88],[89],[93],[43],[-11],[-33],[-55],[-91],[-93],[-39],[-32],[-7],[37],[77],[71],[58],[61],[19],[-14],[0],[-26],[-45],[-48],[-32],[-54],[-41],[-7],[-27],[-47],[-29],[-46],[-32],[-36],[8],[-20],[-44],[-35],[-51],[-59],[-50],[-77],[-90],[-70],[-48],[-39],[-32],[22],[-13],[6],[-24],[-59],[-55],[-94],[-100],[-61],[-66],[-53],[-45],[-67],[-30],[-31],[-40],[-36],[-36],[-9],[-39],[-63],[-41],[-27],[-14],[24],[2],[32],[-10],[-42],[-35],[-21],[-8],[14],[56],[92],[72],[34],[36],[67],[42],[41],[38],[58],[40],[28],[59],[53],[41],[36],[45],[20],[4],[17],[16],[44],[69],[66],[114],[109],[95],[85],[73],[66],[57],[48],[48],[57],[81],[96],[89],[85],[35],[32],[18],[-28],[-47],[-56],[-53],[-12],[3],[27],[62],[76],[50],[44],[43],[15],[38],[34],[37],[26],[44],[26],[-6],[-34],[-32],[-68],[-74],[-112],[-120],[-82],[-49],[-46],[-35],[4],[21],[6],[-14],[4],[-34],[-59],[-63],[-56],[-9],[5],[-5],[-7],[3],[-22],[-52],[-64],[-74],[-71],[-91],[-66],[-50],[-15],[41],[39],[31],[6],[-4],[-44],[-37],[-10],[-33],[-43],[-14],[-18],[0],[40],[37],[14],[20],[-4],[-27],[-26],[-28],[1],[-23],[-53],[-46],[7],[8],[37],[30],[50],[6],[-21],[-4],[40],[27],[28],[52],[70],[101],[80],[83],[81],[19],[-18],[-11],[13],[17],[64],[95],[71],[49],[89],[92],[78],[77],[75],[43],[20],[14],[56],[51],[48],[53],[29],[16],[26],[22],[3],[26],[2],[43],[48],[50],[51],[51],[18],[-7],[17],[-13],[-30],[-29],[-20],[-20],[27],[31],[28],[51],[34],[16],[-8],[-15],[-36],[-33],[-16],[-18],[-37],[-33],[-17],[-31],[-21],[20],[3],[-35],[-50],[-21],[-26],[-45],[-53],[-49],[-48],[-34],[-32],[13],[27],[29],[30],[15],[-14],[-31],[-28],[-55],[-60],[-69],[-76],[-101],[-56],[-46],[-22],[17],[1],[42],[50],[50],[96],[100],[70],[25],[16],[-28],[-24],[-35],[-36],[-37],[-49],[-45],[25],[36],[54],[54],[64],[50],[80],[55],[27],[32],[24],[-5],[4],[36],[8],[10],[5],[20],[-3],[-16],[0],[2],[5],[4],[32],[49],[21],[22],[36],[3],[0],[-18],[-30],[5],[3],[13],[15],[32],[17],[35],[37],[49],[69],[14],[8],[-4],[34],[0],[-4],[20],[12],[14],[49],[53],[54],[72],[28],[20],[61],[36],[6],[11],[17],[-5],[-23],[14],[21],[20],[13],[20],[24],[51],[22],[9],[18],[-8],[-53],[-87],[-64],[-40],[-47],[-22],[9],[54],[33],[18],[28],[26],[13],[-34],[-42],[-48],[-44],[-40],[9],[4],[-26],[-32],[-42],[-36],[-34],[-27],[-4],[38],[28],[24],[73],[82],[67],[47],[52],[12],[0],[-32],[-30],[-16],[-4],[-23],[-9],[43],[37],[11],[5],[39],[24],[3],[25],[21],[25],[22],[21],[45],[75],[33],[-4],[-10],[14],[-5],[-15],[4],[43],[31],[16],[59],[49],[27],[16],[1],[-37],[-24],[5],[25],[44],[88],[82],[65],[44],[41],[9],[-15],[-12],[3],[-5],[-13],[14],[5],[11],[20],[-13],[-20],[10],[-6],[36],[19],[-9],[-16],[-27],[-18],[-13],[17],[7],[17],[52],[42],[28],[13],[13],[-31],[-61],[-67],[-32],[-42],[-13],[24],[37],[10],[2],[-5],[-27],[-30],[-53],[-22],[1],[3],[24],[34],[48],[5],[-35],[-44],[-60],[-62],[-49],[-19],[36],[28],[28],[89],[80],[41],[11],[3],[-42],[-78],[-39],[-38],[-43],[-36],[11],[26],[33],[37],[58],[32],[4],[22],[16],[25],[45],[56],[52],[61],[22],[46],[11],[-36],[-28],[-51],[-64],[-48],[22],[33],[68],[88],[121],[89],[38],[44],[29],[31],[56],[70],[45],[27],[33],[29],[3],[2],[3],[-33],[-54],[0],[25],[30],[43],[61],[74],[53],[44],[9],[8],[25],[47],[25],[20],[26],[32],[-15],[5],[11],[-32],[-70],[-24],[-4],[-8],[3],[-6],[16],[11],[-31],[-21],[9],[10],[-4],[25],[21],[1],[-13],[-17],[-13],[-34],[-36],[-50],[-44],[-28],[-30],[-5],[1],[4],[-4],[-30],[-8],[-31],[-52],[-19],[-13],[-4],[12],[34],[25],[9],[16],[-16],[-53],[-60],[-58],[-33],[-30],[36],[45],[41],[30],[43],[10],[-21],[-8],[-25],[-31],[7],[37],[42],[43],[67],[30],[16],[-15],[12],[3],[-8],[7],[51],[45],[36],[66],[43],[9],[-7],[4],[13],[-10],[13],[59],[48],[48],[46],[46],[30],[20],[37],[19],[19],[17],[-4],[19],[53],[40],[40],[74],[52],[15],[-8],[14],[-15],[-18],[11],[6],[14],[37],[31],[41],[62],[22],[9],[26],[11],[2],[29],[24],[58],[30],[-10],[-27],[-16],[-39],[2],[-15],[-7],[0],[17],[2],[-18],[0],[4],[-21],[-42],[-8],[-11],[-15],[25],[22],[9],[10],[-29],[-34],[-56],[-66],[-64],[-23],[-29],[-22],[-7],[-20],[-24],[-17],[-37],[-36],[10],[34],[23],[15],[21],[-5],[-23],[5],[-18],[-43],[-34],[-20],[-15],[-7],[6],[10],[38],[27],[16],[42],[14],[21],[18],[21],[22],[54],[46],[31],[30],[9],[29],[-15],[-21],[-28],[-7],[-22],[-19],[32],[51],[58],[64],[62],[32],[52],[22],[-5],[3],[45],[41],[30],[41],[51],[79],[57],[33],[6],[-16],[3],[1],[11],[44],[58],[53],[49],[72],[35],[4],[-12],[-13],[-10],[31],[35],[26],[21],[26],[18],[20],[1],[-21],[-5],[11],[-11],[-22],[9],[41],[17],[0],[-6],[-8],[-5],[-44],[-40],[-29],[-48],[-66],[-46],[-37],[-32],[-36],[-22],[34],[5],[13],[5],[18],[38],[6],[-7],[12],[29],[-5],[-38],[-39],[-71],[-82],[-74],[-56],[0],[14],[13],[38],[29],[56],[17],[-7],[-3],[-27],[-40],[-23],[-5],[-5],[-10],[9],[15],[12],[40],[17],[13],[6],[45],[23],[-7],[7],[18],[-10],[-13],[17],[4],[2],[14],[12],[32],[41],[51],[47],[48],[35],[9],[18],[3],[-18],[-7],[21],[18],[21],[37],[31],[44],[41],[36],[13],[28],[30],[8],[16],[20],[9],[-25],[-39],[-39],[-17],[-34],[-21],[20],[56],[92],[75],[66],[87],[27],[10],[5],[26],[-5],[-28],[-34],[-42],[-48],[-40],[-19],[-37],[-11],[-7],[25],[57],[43],[41],[53],[2],[-13],[-43],[-13],[-51],[-54],[-19],[-24],[-29],[-17],[7],[26],[53],[21],[18],[49],[26],[27],[20],[29],[-6],[-28],[-60],[-87],[-76],[-74],[-41],[-36],[-26],[18],[21],[17],[40],[20],[16],[4],[32],[25],[-15],[-29],[-33],[-28],[-29],[-31],[-20],[29],[21],[17],[29],[56],[36],[22],[45],[-4],[5],[-18],[-19],[-3],[35],[18],[0],[37],[28],[10],[48],[43],[22],[16],[44],[33],[4],[-6],[-22],[3],[-14],[-36],[-32],[11],[10],[19],[19],[41],[29],[46],[21],[4],[16],[13],[-9],[5],[18],[-8],[-18],[14],[-3],[10],[26],[36],[33],[24],[40],[11],[37],[27],[32],[35],[25],[8],[19],[-31],[-15],[-7],[-36],[-22],[27],[37],[37],[58],[45],[72],[44],[-5],[-16],[-14],[-47],[-60],[-17],[-22],[-25],[8],[9],[22],[48],[11],[46],[14],[33],[15],[1],[5],[-22],[-8],[-46],[-58],[-48],[-48],[-32],[-6],[-3],[52],[35],[34],[52],[61],[37],[4],[17],[-9],[-33],[-43],[-48],[-44],[-28],[-18],[8],[28],[45],[77],[34],[24],[34],[1],[6],[6],[-10],[17],[-9],[-17],[-8],[-10],[19],[2],[-3],[41],[35],[27],[78],[58],[33],[43],[43],[17],[-7],[11],[-13],[-27],[-27],[-17],[1],[32],[17],[10],[66],[41],[49],[10],[19],[27],[10],[-8],[-4],[15],[27],[10],[-8],[20],[40],[36],[26],[50],[24],[-6],[18],[-9],[-23],[6],[-14],[-32],[-30],[11],[2],[10],[40],[35],[34],[44],[53],[39],[12],[0],[-34],[-63],[-68],[-51],[-60],[-48],[-18],[24],[24],[25],[58],[42],[29],[18],[15],[-16],[0],[-30],[-20],[3],[-21],[-24],[-30],[3],[-23],[-27],[5],[-15],[-5],[20],[6],[28],[69],[40],[6],[-11],[-22],[-47],[-63],[-26],[-26],[-7],[4],[48],[44],[43],[57],[33],[21],[23],[12],[-15],[-26],[0],[-27],[-16],[-3],[39],[25],[19],[32],[58],[37],[22],[40],[29],[27],[44],[19],[12],[29],[8],[0],[24],[13],[4],[16],[11],[45],[25],[27],[26],[43],[21],[22],[21],[6],[-4],[19],[6],[3],[4],[29],[19],[8],[29],[-6],[18],[5],[-3],[4],[-6],[-4],[-6],[5],[-21],[-23],[-34],[-19],[-36],[-36],[11],[13],[14],[25],[53],[29],[12],[28],[3],[-18],[-18],[2],[-22],[-22],[-19],[-4],[10],[-6],[-24],[-17],[-12],[-25],[-28],[-22],[-19],[-13],[16],[12],[-18],[-24],[11],[8],[3],[21],[36],[9],[0],[-20],[0],[-14],[-42],[-51],[-51],[-10],[-5],[13],[56],[40],[23],[17],[9],[10],[35],[18],[-3],[41],[39],[17],[14],[-18],[4],[-26],[-42],[-21],[-15],[40],[36],[70],[61],[53],[68],[41],[4],[-3],[-31],[-36],[9],[-10],[12],[42],[29],[15],[41],[25],[2],[6],[-7],[35],[24],[3],[50],[16],[44],[-6],[-17],[-27],[-19],[-36],[-20],[4],[-12],[18],[45],[44],[30],[50],[31],[9],[-8],[9],[-21],[-21],[-16],[9],[3],[-4],[12],[-10],[2],[11],[-14],[-32],[4],[8],[-8],[15],[1],[9],[29],[10],[1],[27],[-14],[5],[-10],[-13],[16],[25],[21],[24],[44],[1],[4],[19],[-20],[3],[-16],[-22],[-18],[-11],[0],[17],[22],[25],[32],[19],[42],[17],[-8],[-13],[14],[-11],[-20],[9],[-15],[0],[-13],[8],[22],[10],[-8],[17],[-3],[-3],[2],[14],[24],[1],[-7],[-15],[-17],[-19],[11],[-3],[-10],[34],[27],[25],[30],[59],[30],[13],[42],[13],[-11],[-5],[-20],[11],[-7],[3],[37],[37],[32],[36],[41],[8],[23],[-6],[-14],[-21],[-24],[-15],[-10],[-21],[4],[19],[5],[-5],[9],[4],[13],[1],[24],[8],[36],[23],[7],[27],[-3],[13],[17],[-11],[-25],[-18],[-34],[-26],[-15],[25],[17],[9],[11],[41],[16],[10],[0],[-8],[-10],[-14],[-15],[-12],[9],[16],[-6],[8],[4],[15],[19],[1],[-14],[10],[-22],[-22],[9],[-13],[-3],[11],[3],[1],[20],[43],[32],[31],[51],[21],[8],[22],[-4],[-22],[-24],[4],[-17],[1],[38],[16],[29],[10],[30],[9],[-9],[27],[15],[-8],[2],[-5],[2],[-6],[-11],[0],[4],[32],[4],[21],[18],[52],[11],[9],[41],[19],[3],[10],[-4],[16],[11],[-8],[-6],[35],[27],[11],[14],[20],[16],[13],[25],[6],[18],[27],[15],[2],[16],[21],[-3],[-5],[22],[17],[8],[8],[6],[16],[29],[59],[37],[17],[10],[-3],[-8],[-11],[13],[-3],[-18],[17],[13],[8],[16],[-6],[3],[-14],[14],[-5],[-16],[0],[13],[-6],[-20],[-4],[9],[-5],[-4],[30],[16],[8],[36],[6],[-24],[5],[-17],[-34],[-23],[-8],[-18],[-31],[-15],[-6],[-15],[-22],[8],[-21],[11],[4],[0],[4],[8],[14],[-10],[20],[10],[-13],[-18],[-12],[-7],[4],[22],[15],[44],[16],[13],[34],[8],[-14],[5],[10],[-12],[18],[-5],[12],[28],[51],[36],[25],[34],[9],[8],[29],[21],[10],[5],[5],[9],[15],[10],[11],[27],[5],[-3],[29],[9],[50],[26],[16],[43],[14],[-9],[-15],[-18],[-14],[11],[2],[0],[27],[19],[42],[12],[25],[2],[-18],[12],[16],[1],[-7],[9],[-11],[-27],[4],[-17],[-24],[2],[-3],[-11],[26],[13],[5],[1],[3],[22],[0],[-14],[-9],[-3],[-23],[0],[-6],[-28],[-33],[-7],[-22],[-27],[5],[11],[2],[9],[31],[3],[-7],[-20],[-26],[-31],[-25],[-22],[-20],[-14],[4],[-10],[4],[-3],[-28],[-20],[-5],[-22],[-19],[6],[7],[12],[41],[12],[13],[12],[24],[-13],[16],[4],[-11],[-12],[19],[-4],[2],[-5],[-6],[-7],[-4],[-7],[22],[19],[35],[70],[45],[71],[42],[43],[11],[0],[-12],[-14],[8],[4],[10],[54],[45],[34],[29],[36],[39],[10],[-11],[12],[27],[17],[18],[45],[29],[10],[-5],[18],[-16],[-13],[-9],[31],[28],[22],[21],[39],[19],[0],[-7],[-16],[6],[-10],[-20],[-12],[-10],[-5],[19],[28],[6],[5],[6],[2],[-6],[-13],[4],[4],[-13],[-29],[8],[-29],[-27],[-14],[-17],[20],[29],[10],[31],[9],[22],[7],[-3],[0],[8],[-26],[-26],[-15],[-40],[-24],[-19],[-32],[12],[2],[-7],[16],[25],[13],[9],[9],[9],[31],[18],[8],[-14],[-20],[-16],[-29],[-13],[-18],[20],[9],[14],[53],[41],[22],[13],[27],[-7],[8],[2],[8],[14],[18],[45],[34],[21],[27],[5],[37],[17],[-6],[40],[14],[13],[10],[13],[19],[-11],[8],[-11],[2],[19],[13],[64],[54],[36],[34],[62],[48],[29],[21],[30],[-6],[2],[7],[-18],[-13],[4],[3],[21],[37],[22],[25],[18],[17],[13],[4],[1],[-8],[9],[-7],[-12],[24],[16],[-5],[16],[0],[2],[29],[17],[-3],[3],[6],[33],[4],[20],[-7],[-18],[9],[-16],[-11],[-6],[0],[11],[13],[12],[5],[25],[6],[-16],[-22],[10],[-6],[-22],[-16],[-14],[1],[6],[29],[16],[-3],[12],[1],[20],[31],[18],[7],[19],[-6],[-5],[-5],[-35],[-40],[-38],[-35],[-7],[-11],[9],[56],[53],[43],[40],[54],[26],[0],[-18],[-22],[-31],[-17],[-26],[4],[17],[9],[8],[37],[30],[16],[30],[47],[33],[34],[56],[13],[13],[25],[-12],[-26],[-16],[-20],[17],[6],[5],[48],[21],[25],[23],[19],[21],[18],[37],[15],[-10],[12],[14],[-7],[0],[3],[3],[8],[10],[19],[33],[19],[22],[20],[38],[16],[-5],[5],[-14],[1],[-12],[27],[-9],[6],[-7],[1],[3],[5],[38],[27],[14],[12],[36],[11],[-12],[10],[-14],[-30],[-30],[-7],[-19],[-22],[3],[15],[1],[6],[35],[9],[8],[26],[6],[-16],[12],[5],[-9],[7],[-15],[-12],[26],[-3],[24],[27],[12],[20],[4],[-5],[-8],[14],[-12],[-13],[-12],[-10],[-5],[-11],[-14],[-8],[10],[-5],[8],[35],[22],[8],[29],[44],[16],[3],[-7],[11],[-22],[-31],[1],[-8],[-15],[2],[36],[31],[24],[50],[36],[3],[6],[10],[-16],[-19],[-13],[-19],[20],[3],[-12],[17],[13],[12],[36],[25],[14],[15],[9],[30],[7],[-18],[-28],[-22],[-22],[-28],[0],[-4],[4],[16],[21],[29],[62],[40],[12],[6],[26],[9],[-10],[-10],[8],[-12],[-29],[-12],[-7],[-17],[-14],[8],[0],[9],[9],[24],[35],[13],[-5],[26],[8],[-10],[-12],[11],[-16],[22],[-7],[14],[1],[3],[7],[-11],[3],[-13],[24],[-5],[30],[22],[12],[12],[27],[6],[-4],[20],[5],[-19],[-15],[-8],[17],[13],[28],[14],[34],[26],[5],[0],[-12],[-14],[-11],[2],[39],[15],[14],[10],[16],[18],[-11],[-13],[13],[4],[-3],[41],[36],[31],[36],[48],[26],[3],[-11],[4],[1],[-18],[-18],[-8],[-8],[2],[6],[41],[10],[6],[11],[20],[30],[14],[33],[33],[12],[22],[22],[-13],[6],[-10],[-11],[-14],[0],[35],[28],[17],[49],[36],[12],[3],[-7],[-6],[2],[18],[9],[1],[10],[0],[-10],[22],[-5],[30],[0],[25],[34],[22],[30],[11],[41],[15],[-12],[-17],[-15],[11],[-4],[-10],[38],[29],[6],[8],[34],[22],[10],[7],[6],[46],[33],[9],[28],[0],[18],[-9],[-29],[-28],[3],[-8],[-11],[20],[41],[30],[14],[27],[8],[24],[1],[-20],[-14],[12],[-6],[6],[38],[24],[7],[3],[27],[6],[-14],[-14],[-12],[-12],[-12],[24],[-7],[12],[-9],[18],[-7],[0],[25],[13],[10],[50],[39],[25],[26],[38],[13],[25],[26],[1],[-4],[-14],[-8],[5],[9],[18],[7],[23],[33],[8],[7],[10],[30],[10],[2],[-4],[14],[-5],[-5],[22],[-8],[-7],[-6],[-8],[-11],[34],[6],[13],[18],[53],[20],[14],[20],[30],[3],[-7],[12],[-6],[-19],[2],[-8],[2],[0],[5],[33],[24],[8],[19],[27],[11],[12],[38],[37],[26],[19],[19],[1],[-7],[-10],[-18],[3],[4],[-6],[0],[33],[22],[6],[39],[25],[10],[4],[-5],[2],[4],[1],[37],[14],[8],[0],[17],[-5],[-17],[-15],[14],[3],[-10],[16],[20],[2],[-5],[3],[4],[25],[1],[14],[0],[4],[21],[3],[1],[20],[-14],[16],[1],[-4],[16],[3],[8],[-5],[24],[26],[14],[34],[19],[12],[48],[28],[8],[5],[30],[-7],[2],[-16],[22],[-9],[0],[13],[-3],[1],[31],[17],[9],[42],[26],[9],[7],[32],[17],[2],[12],[-5],[-3],[-5],[26],[11],[-4],[2],[32],[2],[0],[0],[-8],[4],[-17],[-15],[19],[-4],[-9],[4],[-7],[11],[4],[-13],[16],[1],[-8],[-7],[-11],[16],[-15],[6],[-15],[-29],[-21],[-11],[-26],[0],[10],[-8],[11],[-5],[-8],[15],[-4],[-16],[20],[-19],[-8],[3],[-19],[-20],[9],[-11],[-26],[13],[5],[-4],[3],[11],[-4],[19],[29],[12],[1],[2],[5],[0],[17],[-4],[-22],[-11],[2],[-8],[-17],[9],[18],[9],[0],[12],[27],[13],[15],[5],[8],[20],[3],[0],[-5],[0],[3],[24],[35],[22],[11],[42],[14],[2],[27],[9],[-10],[9],[24],[13],[4],[9],[12],[14],[27],[6],[15],[44],[15],[10],[10],[26],[3],[14],[17],[3],[4],[3],[25],[14],[16],[8],[4],[3],[21],[3],[-11],[9],[19],[3],[-8],[32],[18],[-9],[5],[-10],[-11],[-13],[-12],[-8],[-13],[26],[16],[-2],[0],[33],[11],[-10],[-12],[12],[-8],[-15],[19],[3],[-11],[18],[15],[-3],[16],[14],[-11],[8],[16],[1],[-11],[29],[15],[1],[8],[3],[0],[-8],[4],[-15],[-13],[-3],[-12],[2],[29],[6],[5],[20],[5],[10],[2],[14],[-3],[14],[25],[8],[-5],[30],[20],[-7],[4],[14],[1],[-13],[29],[1],[8],[40],[11],[12],[9],[17],[22],[-5],[-7],[-13],[-12],[8],[2],[21],[13],[35],[34],[14],[21],[28],[3],[24],[8],[-3],[29],[9],[16],[13],[32],[35],[10],[2],[27],[10],[-6],[2],[5],[27],[16],[14],[13],[33],[8],[-20],[16],[3],[-10],[3],[34],[21],[12],[11],[10],[-6],[21],[5],[-19],[-5],[11],[1],[24],[8],[-4],[1],[-8],[9],[-13],[-11],[-5],[0],[35],[26],[8],[16],[2],[-4],[0],[15],[-4],[-9],[29],[19],[9],[9],[31],[15],[-6],[26],[-3],[-16],[16],[-6],[-15],[14],[30],[20],[10],[45],[32],[6],[-4],[12],[-16],[-18],[-15],[18],[10],[0],[32],[19],[-3],[12],[18],[9],[2],[8],[20],[5],[11],[36],[19],[1],[12],[21],[-2],[5],[9],[24],[12],[19],[0],[16],[13],[-15],[8],[19],[8],[0],[41],[29],[11],[8],[4],[3],[1],[-3],[20],[6],[12],[9],[9],[5],[13],[16],[-16],[11],[5],[-14],[-11],[25],[18],[9],[16],[8],[8],[16],[12],[-7],[-7],[-13],[-14],[-10],[8],[10],[-8],[-6],[22],[-10],[18],[8],[-4],[4],[2],[8],[33],[17],[-2],[11],[13],[-15],[-16],[-15],[-15],[13],[1],[-8],[20],[24],[8],[0],[21],[4],[-11],[8],[12],[-11],[11],[21],[7],[-7],[18],[18],[4],[1],[30],[16],[-5],[27],[14],[-4],[10],[5],[12],[-6],[24],[20],[9],[4],[32],[8],[10],[16],[4],[36],[26],[7],[0],[24],[2],[-15],[4],[16],[2],[9],[12],[42],[33],[19],[13],[35],[17],[1],[3],[27],[2],[2],[23],[7],[-10],[-12],[-16],[14],[5],[-5],[24],[38],[25],[14],[38],[5],[0],[19],[-5],[-24],[-23],[3],[-10],[-11],[10],[32],[9],[13],[8],[24],[1],[1],[22],[8],[-7],[-4],[27],[3],[-8],[19],[-3],[-15],[-13],[16],[1],[25],[11],[2],[34],[24],[-6],[2],[8],[-14],[0],[-16],[-18],[-8],[17],[0],[30],[6],[3],[-3],[29],[-5],[-10],[24],[16],[1],[-3],[20],[-11],[-8],[-7],[13],[3],[-9],[7],[12],[42],[17],[35],[9],[-6],[11],[-8],[-21],[-15],[8],[-7],[7],[5],[5],[11],[12],[11],[10],[29],[8],[21],[27],[3],[2],[27],[10],[-5],[1],[28],[12],[1],[11],[2],[40],[24],[0],[21],[22],[0],[-3],[-5],[12],[13],[-7],[-3],[19],[1],[0],[34],[19],[5],[8],[40],[17],[0],[1],[4],[26],[10],[-8],[1],[-13],[12],[18],[5],[32],[5],[5],[34],[10],[4],[0],[29],[0],[29],[14],[2],[17],[22],[9],[-5],[18],[10],[-3],[13],[3],[19],[29],[11],[40],[19],[-4],[0],[-8],[5],[-11],[4],[21],[8],[-6],[13],[10],[0],[13],[-6],[14],[25],[10],[-3],[32],[22],[11],[2],[-5],[-9],[-13],[-8],[-14],[24],[16],[5],[8],[28],[4],[-7],[-4],[-9],[24],[21],[0],[15],[0],[24],[22],[6],[0],[26],[5],[1],[21],[3],[-8],[-3],[-14],[-11],[27],[9],[-7],[-3],[1],[20],[-5],[3],[29],[15],[-5],[13],[24],[11],[-3],[17],[3],[30],[2],[0],[3],[26],[10],[-7],[10],[19],[11],[0],[32],[11],[-7],[0],[10],[-5],[-4],[33],[2],[5],[45],[26],[12],[12],[21],[0],[18],[1],[-12],[-10],[-11],[-11],[-11],[-10],[21],[-4],[-18],[20],[4],[6],[13],[12],[42],[28],[5],[10],[13],[-15],[4],[11],[-6],[-4],[26],[14],[5],[38],[25],[9],[9],[36],[7],[10],[35],[9],[20],[3],[2],[-4],[-6],[27],[13],[1],[10],[21],[10],[8],[38],[17],[1],[21],[18],[3],[2],[29],[15],[-3],[-5],[24],[11],[-4],[12],[-6],[0],[21],[-3],[20],[11],[11],[7],[6],[-3],[11],[-8],[14],[5],[8],[33],[16],[0],[0],[22],[7],[-4],[3],[26],[11],[4],[10],[30],[7],[6],[3],[1],[0],[24],[2],[0],[-4],[4],[20],[4],[1],[22],[3],[-12],[21],[0],[-8],[18],[-3],[2],[4],[8],[27],[4],[19],[-7],[9],[11],[-12],[16],[14],[-8],[-12],[19],[5],[-11],[-11],[-9],[-11],[-14],[6],[14],[-8],[16],[-7],[-10],[-16],[-18],[-4],[12],[-4],[-11],[25],[13],[1],[-6],[22],[8],[-7],[-10],[9],[-3],[-12],[-8],[-5],[21],[6],[-13],[-7],[-21],[8],[6],[-6],[-13],[16],[12],[-3],[-4],[-6],[28],[14],[-4],[-4],[-7],[8],[13],[-11],[-15],[21],[3],[-13],[9],[-11],[21],[8],[-11],[25],[-5],[12],[2],[4],[33],[17],[6],[37],[13],[0],[32],[19],[1],[-13],[22],[16],[4],[0],[3],[8],[25],[10],[8],[30],[14],[3],[4],[28],[13],[1],[17],[22],[6],[4],[29],[15],[1],[17],[3],[10],[9],[14],[-4],[11],[17],[-5],[10],[-6],[-3],[15],[4],[4],[28],[8],[-8],[27],[4],[-13],[14],[-13],[-11],[18],[-12],[0],[11],[-10],[20],[5],[-7],[26],[3],[5],[35],[22],[3],[0],[26],[11],[-13],[2],[-16],[-5],[-6],[29],[18],[1],[35],[8],[-8],[0],[16],[0],[23],[4],[19],[28],[10],[-6],[-7],[-6],[9],[-11],[10],[25],[13],[2],[8],[44],[21],[4],[14],[-4],[-12],[19],[3],[-7],[13],[4],[22],[33],[12],[-4],[10],[-5],[25],[10],[-6],[12],[-7],[18],[22],[-5],[14],[18],[1],[-6],[20],[1],[2],[36],[5],[1],[32],[13],[-7],[-10],[20],[8],[-12],[33],[22],[9],[10],[33],[9],[4],[-5],[7],[-19],[-15],[-13],[17],[-9],[21],[-12],[-9],[-5],[21],[8],[-7],[10],[0],[26],[24],[8],[4],[30],[13],[-11],[13],[-5],[-4],[-7],[28],[-5],[-8],[22],[13],[0],[-10],[29],[22],[4],[6],[3],[28],[1],[5],[5],[29],[-8],[9],[19],[-3],[33],[18],[2],[-3],[25],[13],[-11],[32],[18],[5],[10],[39],[21],[9],[8],[32],[-4],[-4],[-5],[-6],[-5],[8],[25],[10],[1],[20],[35],[11],[12],[37],[25],[9],[13],[14],[31],[5],[-11],[24],[-9],[-9],[-8],[19],[8],[-6],[5],[12],[9],[6],[2],[7],[2],[2],[28],[0],[-7],[-5],[-10],[-9],[9],[-7],[6],[-6],[19],[1],[2],[3],[8],[11],[33],[14],[-5],[-6],[20],[-7],[-17],[12],[4],[-11],[-7],[22],[11],[1],[14],[6],[7],[33],[4],[1],[4],[2],[-3],[26],[9],[-10],[-7],[18],[6],[-10],[12],[23],[-8],[24],[19],[4],[4],[27],[17],[-5],[10],[20],[10],[-5],[20],[16],[5],[19],[0],[30],[11],[-6],[32],[19],[1],[4],[22],[9],[-7],[32],[9],[0],[25],[17],[0],[2],[1],[-4],[2],[28],[13],[-4],[0],[4],[5],[34],[15],[0],[2],[12],[-4],[20],[28],[11],[0],[27],[10],[-4],[9],[-7],[10],[2],[27],[14],[2],[4],[2],[25],[12],[-5],[14],[27],[13],[2],[20],[22],[3],[17],[21],[4],[-11],[22],[16],[-5],[0],[-5],[-10],[6],[-8],[0],[25],[11],[-3],[17],[18],[2],[16],[2],[-4],[15],[-3],[2],[26],[15],[4],[4],[27],[11],[-4],[26],[11],[-9],[8],[20],[8],[-8],[10],[17],[3],[0],[28],[20],[2],[22],[6],[0],[24],[-10],[-12],[-11],[-8],[-12],[-11],[-8],[14],[0],[-5],[15],[25],[10],[-6],[-4],[-7],[12],[13],[0],[13],[-5],[-8],[-12],[6],[-14],[24],[20],[2],[4],[1],[4],[9],[27],[11],[-5],[11],[-3],[26],[4],[3],[4],[10],[-8],[22],[8],[-4],[27],[5],[-7],[27],[11],[-4],[2],[30],[13],[2],[19],[3],[-3],[3],[13],[-5],[12],[1],[1],[-6],[17],[-6],[0],[19],[5],[-6],[-3],[4],[27],[7],[6],[6],[34],[7],[-8],[-5],[-6],[13],[-7],[1],[11],[-3],[2],[-5],[20],[22],[2],[30],[15],[-5],[24],[14],[-7],[-5],[-6],[-3],[19],[3],[4],[32],[17],[1],[0],[23],[4],[3],[16],[0],[20],[1],[15],[19],[6],[-8],[30],[19],[5],[5],[21],[7],[5],[33],[1],[12],[19],[-5],[12],[26],[13],[3],[33],[9],[7],[27],[11],[2],[3],[6],[33],[6],[5],[5],[4],[30],[15],[-6],[-5],[10],[-7],[8],[-3],[1],[7],[6],[33],[5],[17],[-6],[8],[17],[1],[-13],[18],[-7],[9],[19],[5],[-4],[3],[5],[15],[15],[40],[21],[7],[18],[28],[-4],[-8],[-15],[-13],[-13],[9],[-12],[-6],[2],[1],[2],[4],[5],[3],[24],[4],[0],[-3],[-6],[10],[-6],[25],[12],[-5],[0],[9],[-3],[20],[2],[4],[26],[10],[-6],[11],[17],[3],[-13],[2],[11],[-8],[-8],[23],[10],[3],[4],[1],[1],[18],[22],[6],[-9],[18],[18],[-4],[4],[15],[-7],[9],[-6],[0],[19],[5],[5],[35],[22],[1],[32],[0],[-7],[8],[-5],[-6],[21],[11],[0],[32],[17],[1],[8],[8],[8],[0],[29],[8],[-10],[20],[0],[-4],[31],[11],[1],[4],[6],[8],[3],[12],[25],[12],[-4],[24],[4],[5],[36],[14],[-3],[8],[19],[-7],[6],[8],[34],[18],[2],[2],[1],[2],[21],[3],[4],[2],[0],[25],[12],[4],[9],[8],[3],[2],[16],[25],[10],[-3],[25],[9],[-7],[8],[17],[8],[-8],[28],[19],[2],[10],[0],[34],[15],[-5],[25],[0],[-6],[0],[-4],[3],[27],[10],[-7],[11],[17],[-9],[4],[19],[4],[-11],[9],[-5],[22],[9],[-6],[12],[14],[-5],[-14],[-8],[-9],[25],[11],[-3],[10],[-8],[28],[13],[-7],[12],[14],[-11],[7],[5],[-8],[-6],[30],[-5],[17],[-3],[-6],[25],[14],[-4],[1],[27],[0],[3],[-4],[-5],[2],[0],[0],[-15],[22],[10],[-4],[-6],[-6],[-6],[-7],[3],[-15],[12],[-4],[-3],[11],[-6],[17],[2],[-12],[-6],[3],[32],[13],[-10],[16],[17],[-9],[-9],[8],[-8],[0],[-3],[-5],[31],[17],[0],[0],[-5],[-8],[-7],[-5],[22],[-7],[-5],[-5],[3],[6],[34],[3],[8],[7],[27],[1],[3],[-3],[25],[10],[-5],[4],[-10],[-8],[-4],[12],[-3],[18],[10],[-11],[25],[13],[0],[5],[21],[6],[0],[24],[-7],[-3],[-7],[12],[-3],[-11],[9],[0],[3],[36],[8],[32],[24],[11],[8],[2],[12],[-10],[0],[19],[-4],[-3],[26],[14],[-5],[12],[5],[15],[16],[40],[24],[9],[4],[4],[1],[-5],[-8],[-13],[-14],[28],[17],[4],[8],[8],[35],[10],[9],[6],[20],[5],[16],[25],[10],[1],[29],[6],[7],[33],[1],[4],[5],[2],[37],[8],[9],[11],[9],[36],[4],[11],[19],[3],[2],[0],[-10],[-7],[0],[30],[16],[3],[4],[28],[13],[5],[33],[16],[2],[0],[22],[8],[-6],[27],[12],[-7],[8],[-5],[8],[24],[9],[1],[5],[2],[26],[12],[-13],[12],[13],[-3],[17],[-6],[-3],[28],[11],[0],[3],[-5],[-5],[-8],[17],[3],[-11],[-5],[-6],[-3],[29],[13],[0],[26],[10],[-5],[12],[19],[6],[-7],[24],[21],[3],[3],[25],[10],[-9],[-9],[17],[1],[-8],[16],[4],[12],[31],[17],[6],[26],[9],[-5],[16],[0],[28],[4],[3],[5],[30],[2],[12],[26],[5],[11],[25],[11],[4],[36],[18],[9],[7],[1],[18],[-3],[6],[10],[32],[12],[-3],[14],[6],[5],[33],[15],[0],[-4],[25],[13],[2],[4],[22],[5],[8],[0],[13],[-3],[18],[1],[1],[4],[3],[17],[22],[11],[0],[1],[0],[28],[10],[-3],[2],[4],[8],[32],[23],[5],[4],[28],[14],[-7],[-5],[13],[-4],[16],[0],[28],[20],[-5],[14],[25],[3],[14],[-3],[26],[12],[-7],[-5],[10],[-7],[12],[18],[4],[-11],[32],[18],[0],[4],[4],[5],[22],[6],[5],[28],[12],[-7],[-5],[-6],[-6],[13],[20],[2],[1],[5],[26],[10],[0],[2],[2],[14],[5],[37],[4],[0],[-5],[20],[19],[5],[6],[33],[20],[6],[6],[33],[16],[4],[4],[1],[-3],[25],[-3],[-4],[-4],[14],[-4],[12],[19],[8],[-7],[24],[22],[8],[0],[28],[16],[-4],[18],[1],[-4],[18],[2],[-11],[-6],[14],[-6],[13],[-9],[32],[16],[1],[0],[24],[-4],[0],[-6],[9],[-12],[-10],[13],[-2],[-3],[29],[13],[-5],[-6],[25],[6],[-12],[3],[8],[-11],[-7],[-6],[-10],[24],[9],[-5],[-6],[22],[9],[-4],[32],[20],[7],[9],[4],[2],[31],[16],[-5],[-6],[22],[0],[30],[-4],[14],[-5],[22],[24],[2],[35],[21],[2],[32],[13],[-4],[11],[21],[5],[4],[28],[12],[-11],[17],[18],[6],[28],[21],[-4],[18],[24],[9],[5],[0],[-3],[10],[-5],[-2],[32],[18],[1],[24],[-8],[0],[17],[0],[0],[-4],[3],[3],[28],[13],[3],[4],[21],[1],[-7],[5],[9],[14],[2],[35],[6],[28],[12],[1],[3],[29],[2],[34],[19],[3],[3],[2],[-3],[23],[11],[0],[25],[12],[-5],[26],[18],[-4],[13],[20],[-4],[6],[-8],[-8],[5],[-8],[-6],[-6],[11],[-10],[28],[19],[1],[16],[0],[10],[-7],[20],[19],[0],[-3],[2],[2],[24],[1],[32],[17],[0],[28],[17],[1],[3],[27],[14],[0],[18],[20],[5],[4],[29],[13],[-3],[-8],[-4],[10],[0],[4],[8],[31],[16],[2],[20],[6],[20],[26],[11],[-4],[0],[32],[20],[7],[10],[36],[18],[6],[6],[29],[14],[1],[17],[29],[15],[-3],[24],[4],[16],[23],[-6],[20],[21],[6],[-8],[33],[20],[8],[10],[8],[17],[28],[11],[-3],[17],[17],[1],[3],[32],[12],[9],[37],[6],[8],[33],[16],[1],[3],[2],[5],[32],[17],[2],[16],[11],[11],[19],[3],[20],[21],[7],[8],[33],[12],[2],[32],[18],[2],[1],[0],[30],[14],[2],[3],[6],[18],[8],[32],[14],[2],[32],[18],[-3],[-3],[3],[1],[5],[0],[28],[19],[9],[8],[36],[20],[4],[2],[26],[4],[3],[29],[-3],[2],[-6],[10],[18],[4],[-11],[25],[-7],[-4],[28],[4],[20],[-5],[11],[-8],[18],[19],[-6],[12],[-5],[0],[-4],[2],[-6],[32],[20],[3],[5],[34],[18],[3],[1],[16],[3],[4],[-3],[13],[-4],[-5],[-9],[-7],[-11],[16],[2],[2],[22],[4],[3],[26],[7],[-7],[22],[8],[-7],[19],[22],[10],[10],[11],[10],[21],[-4],[11],[17],[4],[-7],[1],[27],[14],[-5],[1],[0],[1],[1],[26],[5],[3],[22],[1],[14],[20],[2],[-14],[20],[10],[-8],[21],[2],[32],[16],[1],[18],[20],[0],[21],[-10],[9],[-8],[21],[6],[-8],[2],[17],[3],[-8],[24],[11],[-5],[0],[18],[1],[-3],[24],[6],[-12],[4],[-7],[-7],[-8],[22],[12],[-5],[0],[21],[2],[-10],[28],[13],[-6],[-10],[10],[-6],[6],[12],[-5],[-15],[-11],[-3],[-4],[-7],[18],[3],[0],[13],[-7],[-5],[16],[-5],[-15],[12],[9],[-3],[-9],[17],[3],[-7],[22],[-6],[13],[-3],[-3],[19],[-10],[18],[-7],[-9],[-13],[22],[-7],[-8],[24],[5],[-12],[10],[11],[-6],[2],[19],[5],[-8],[-5],[11],[1],[9],[20],[0],[-5],[-6],[-13],[20],[-5],[-4],[1],[29],[1],[2],[25],[-7],[-9],[-10],[8],[-13],[8],[14],[1],[3],[25],[8],[-7],[-10],[-3],[-4],[25],[9],[-8],[-7],[23],[1],[4],[0],[24],[10],[-8],[-5],[-3],[3],[2],[12],[-12],[28],[10],[-5],[-3],[-3],[-4],[28],[0],[1],[0],[-7],[-6],[9],[-12],[28],[13],[-8],[12],[18],[6],[0],[31],[12],[-5],[13],[20],[6],[-7],[1],[3],[28],[10],[-5],[16],[19],[-11],[27],[11],[-3],[2],[20],[9],[13],[28],[10],[-7],[27],[19],[5],[8],[4],[-4],[26],[13],[-3],[-6],[21],[2],[-11],[33],[21],[8],[14],[8],[3],[20],[5],[3],[-3],[6],[-13],[18],[11],[-4],[8],[22],[0],[0],[29],[14],[0],[16],[4],[8],[25],[8],[-15],[24],[8],[-13],[-8],[21],[9],[-7],[24],[11],[3],[4],[4],[4],[21],[1],[0],[-6],[-10],[17],[4],[-13],[17],[16],[-8]]}}