{"protected":{"ver":"v1","alg":"HS256","iat":1740064623},"signature":"d76886b0b8bf7f84a6dff89892a1480b770a17f44a1a2778f7afb877d60ffac4","payload":{"device_name":"E6:61:78:C1:27:19:92:28","device_type":"DATA_FORWARDER","interval_ms":0.0625,"sensors":[{"name":"audio","units":"wav"}],"values":[[3],[10],[31],[5],[2],[3],[23],[8],[8],[33],[4],[7],[34],[19],[7],[10],[32],[11],[6],[32],[16],[2],[-3],[4],[15],[21],[8],[19],[29],[11],[-6],[11],[23],[-3],[13],[-6],[13],[16],[-1],[-4],[23],[12],[-3],[-3],[4],[-10],[17],[3],[-12],[12],[18],[-2],[2],[20],[-4],[-5],[-4],[-4],[-4],[-6],[-3],[-1],[23],[2],[3],[-3],[-4],[-3],[-3],[17],[4],[2],[22],[-3],[18],[-5],[18],[-2],[-3],[4],[2],[11],[-5],[26],[-6],[-5],[-11],[22],[-10],[12],[-8],[2],[4],[26],[13],[-5],[-5],[-8],[-3],[-4],[-3],[14],[-7],[-7],[24],[13],[-9],[8],[-5],[-2],[25],[-3],[18],[3],[4],[2],[28],[13],[-3],[-3],[25],[10],[-4],[2],[19],[5],[-8],[10],[13],[-2],[27],[3],[-2],[23],[10],[-6],[-6],[-6],[-6],[2],[-2],[7],[-4],[-5],[4],[2],[-8],[-8],[2],[22],[-2],[-3],[24],[10],[-5],[2],[-6],[8],[-5],[-3],[-3],[31],[16],[2],[30],[13],[-7],[18],[-2],[5],[14],[-4],[26],[28],[5],[16],[17],[-1],[16],[2],[-3],[6],[2],[4],[17],[-1],[6],[28],[10],[8],[6],[30],[14],[-6],[-5],[-4],[2],[20],[8],[-5],[5],[-11],[28],[3],[-2],[13],[21],[8],[-5],[12],[22],[8],[-3],[-3],[10],[10],[7],[25],[7],[20],[-3],[15],[19],[4],[3],[31],[18],[7],[3],[17],[5],[-2],[2],[28],[11],[2],[3],[33],[20],[6],[10],[31],[16],[3],[34],[7],[-7],[2],[30],[15],[3],[-2],[24],[2],[2],[27],[12],[-2],[-3],[-1],[11],[-5],[30],[5],[7],[35],[20],[10],[7],[3],[14],[-2],[2],[5],[38],[22],[-3],[14],[-4],[16],[6],[8],[-7],[12],[11],[-3],[27],[14],[-1],[14],[5],[2],[-2],[14],[22],[10],[-5],[18],[14],[-3],[2],[27],[4],[-4],[15],[15],[2],[23],[3],[4],[27],[14],[-1],[4],[3],[6],[5],[31],[5],[2],[3],[-1],[-4],[3],[10],[29],[13],[-3],[27],[11],[-1],[-2],[26],[11],[-5],[22],[22],[4],[14],[5],[-1],[3],[4],[22],[3],[13],[25],[11],[-4],[15],[14],[-2],[4],[23],[11],[-5],[-2],[2],[22],[3],[2],[35],[19],[5],[2],[31],[20],[-5],[22],[24],[11],[-6],[30],[14],[-3],[28],[2],[10],[2],[14],[-3],[18],[24],[5],[3],[20],[3],[28],[7],[11],[2],[30],[24],[3],[18],[8],[15],[-3],[34],[23],[8],[6],[34],[5],[17],[-2],[10],[32],[12],[10],[22],[7],[10],[6],[35],[7],[5],[24],[28],[13],[-4],[24],[20],[4],[10],[29],[14],[3],[35],[17],[-8],[14],[-3],[4],[31],[-2],[7],[6],[30],[7],[35],[4],[27],[-3],[-4],[24],[3],[2],[24],[11],[2],[5],[30],[11],[10],[4],[8],[6],[2],[32],[5],[17],[3],[10],[28],[16],[-1],[15],[27],[13],[-1],[15],[4],[6],[31],[8],[4],[33],[17],[3],[12],[2],[29],[7],[9],[36],[20],[7],[10],[7],[27],[13],[16],[10],[38],[21],[6],[29],[12],[8],[42],[8],[10],[22],[31],[19],[11],[23],[30],[10],[12],[-3],[21],[5],[24],[34],[14],[32],[18],[6],[38],[20],[7],[18],[32],[16],[7],[22],[31],[15],[-3],[34],[7],[14],[13],[37],[23],[11],[9],[32],[4],[35],[6],[37],[22],[2],[26],[22],[7],[12],[36],[21],[7],[7],[5],[30],[7],[6],[32],[3],[3],[4],[32],[6],[8],[7],[8],[30],[5],[24],[12],[-2],[23],[18],[-1],[4],[29],[8],[6],[22],[23],[3],[5],[30],[16],[7],[6],[18],[3],[20],[29],[16],[5],[5],[18],[27],[12],[-6],[12],[2],[33],[5],[5],[19],[8],[7],[4],[2],[2],[3],[29],[-1],[2],[31],[4],[17],[5],[3],[29],[17],[7],[6],[26],[5],[4],[15],[-1],[3],[20],[2],[5],[4],[32],[18],[-2],[17],[3],[4],[5],[6],[27],[15],[5],[37],[7],[24],[4],[18],[24],[2],[22],[10],[3],[36],[20],[4],[4],[26],[9],[11],[38],[16],[-2],[26],[21],[5],[-10],[28],[4],[17],[-2],[16],[2],[5],[-3],[7],[8],[33],[11],[-5],[14],[19],[5],[5],[32],[13],[2],[3],[6],[27],[18],[3],[4],[-3],[18],[14],[-9],[22],[2],[31],[13],[-9],[14],[14],[-5],[2],[3],[5],[31],[10],[8],[2],[6],[14],[2],[19],[28],[12],[3],[5],[19],[27],[7],[7],[6],[25],[10],[-3],[4],[3],[3],[4],[3],[6],[3],[3],[2],[-3],[8],[12],[38],[7],[6],[37],[4],[6],[4],[10],[31],[16],[6],[4],[9],[35],[24],[11],[12],[5],[6],[34],[23],[6],[7],[3],[2],[28],[10],[-3],[27],[11],[0],[18],[-1],[14],[28],[13],[-1],[31],[-2],[-3],[14],[5],[5],[7],[8],[31],[19],[-3],[18],[2],[5],[-9],[21],[7],[2],[27],[10],[-5],[23],[10],[-8],[10],[19],[4],[-11],[14],[17],[8],[-7],[14],[20],[2],[-5],[11],[21],[-2],[3],[-1],[2],[4],[7],[7],[2],[18],[-1],[5],[-2],[-4],[27],[14],[-9],[18],[18],[3],[3],[29],[-4],[24],[-5],[-6],[2],[-4],[-4],[-4],[11],[-4],[28],[13],[3],[29],[2],[-2],[2],[2],[24],[-3],[-2],[-5],[12],[-4],[2],[7],[2],[31],[12],[-5],[36],[20],[4],[5],[31],[18],[-4],[14],[3],[7],[4],[27],[12],[-1],[5],[3],[2],[29],[3],[14],[-4],[-3],[21],[4],[-12],[-8],[-6],[28],[-7],[-9],[4],[8],[-12],[13],[-10],[-11],[-10],[6],[20],[-4],[-7],[-5],[27],[-10],[14],[-1],[26],[12],[-4],[2],[11],[-5],[-9],[21],[9],[-3],[6],[2],[15],[-3],[2],[4],[11],[-7],[10],[18],[5],[-8],[26],[-5],[12],[21],[-3],[11],[21],[5],[-8],[27],[10],[-6],[-4],[26],[11],[2],[-3],[2],[2],[2],[-3],[18],[6],[-6],[28],[12],[-4],[13],[23],[11],[-3],[31],[14],[-3],[10],[2],[4],[30],[15],[-1],[3],[27],[10],[-9],[10],[18],[8],[-5],[32],[2],[3],[4],[17],[-3],[14],[-1],[-2],[2],[-1],[21],[2],[17],[5],[6],[31],[15],[3],[5],[5],[2],[6],[2],[10],[10],[3],[2],[-3],[16],[5],[5],[33],[15],[-4],[11],[19],[-3],[-4],[21],[5],[-11],[6],[20],[7],[-7],[21],[17],[2],[2],[26],[11],[-1],[-1],[-8],[15],[-2],[3],[2],[2],[26],[-5],[-6],[-3],[23],[-2],[3],[30],[2],[27],[11],[-4],[12],[15],[3],[5],[29],[7],[5],[2],[19],[-1],[24],[9],[-6],[-2],[5],[5],[31],[18],[-2],[3],[2],[2],[21],[-6],[22],[2],[32],[16],[-2],[6],[-6],[-5],[18],[-5],[13],[-2],[6],[-2],[-3],[-1],[12],[-2],[3],[28],[2],[2],[3],[3],[-2],[4],[-4],[2],[20],[3],[-12],[18],[4],[-8],[22],[-1],[16],[-2],[2],[19],[-5],[-4],[24],[3],[24],[-2],[12],[21],[10],[-3],[12],[21],[8],[-6],[29],[13],[-3],[2],[29],[6],[-3],[6],[17],[-1],[-3],[-4],[-3],[31],[3],[4],[29],[13],[-5],[14],[3],[10],[2],[2],[-2],[19],[2],[4],[-8],[8],[-6],[18],[3],[2],[24],[2],[-12],[21],[-6],[-5],[23],[9],[-11],[20],[15],[-5],[-5],[-3],[8],[-5],[-11],[10],[13],[-8],[7],[21],[6],[-5],[-5],[25],[-2],[8],[-10],[7],[-11],[10],[-6],[10],[-6],[12],[-7],[11],[-5],[-7],[6],[21],[7],[-9],[12],[19],[2],[2],[29],[-4],[-2],[-3],[-3],[-10],[26],[-2],[27],[7],[-9],[14],[-4],[18],[21],[-4],[2],[27],[2],[16],[-9],[26],[7],[-6],[12],[20],[6],[-9],[14],[19],[7],[-9],[20],[6],[-9],[6],[26],[12],[-3],[14],[22],[9],[-6],[14],[2],[-3],[-5],[-4],[23],[13],[-11],[5],[18],[-2],[-5],[12],[15],[-6],[4],[4],[29],[2],[-5],[-6],[-11],[19],[4],[-11],[18],[15],[-7],[11],[14],[-6],[13],[17],[4],[2],[-1],[2],[30],[11],[-2],[32],[8],[-8],[8],[12],[-4],[-3],[-9],[13],[-6],[-5],[3],[31],[-3],[-2],[3],[-4],[-13],[-8],[7],[-7],[-6],[-8],[-8],[-5],[28],[14],[-3],[-3],[-5],[21],[11],[-2],[-3],[-4],[-6],[-5],[10],[-5],[11],[22],[4],[2],[27],[15],[-8],[19],[-3],[-5],[12],[-5],[-3],[-1],[2],[11],[27],[12],[-4],[2],[-4],[-2],[-3],[3],[-2],[3],[32],[16],[-3],[-3],[27],[13],[-4],[22],[-3],[17],[3],[-1],[-8],[23],[7],[-4],[14],[15],[-5],[22],[20],[-1],[18],[5],[5],[23],[7],[2],[27],[-5],[-1],[15],[2],[37],[22],[7],[7],[31],[15],[6],[2],[29],[14],[2],[2],[28],[15],[-1],[19],[27],[10],[-3],[20],[24],[10],[3],[34],[6],[34],[4],[28],[20],[7],[6],[31],[5],[36],[22],[8],[11],[38],[26],[10],[6],[29],[4],[16],[3],[4],[16],[2],[32],[5],[7],[19],[3],[7],[30],[15],[3],[34],[2],[6],[34],[20],[7],[6],[6],[8],[32],[16],[3],[5],[5],[30],[10],[-3],[4],[18],[27],[4],[4],[6],[12],[13],[29],[7],[8],[2],[6],[5],[23],[23],[7],[5],[17],[3],[6],[30],[13],[-4],[18],[25],[11],[-6],[32],[21],[6],[8],[6],[6],[8],[10],[4],[22],[27],[16],[5],[34],[19],[5],[23],[29],[14],[12],[35],[20],[6],[18],[35],[20],[7],[10],[6],[5],[7],[27],[8],[8],[32],[20],[6],[11],[27],[3],[17],[24],[4],[10],[9],[34],[10],[8],[21],[3],[4],[32],[20],[10],[27],[12],[3],[34],[6],[2],[31],[23],[7],[6],[15],[-2],[26],[26],[13],[4],[6],[7],[36],[18],[9],[36],[2],[18],[3],[14],[3],[16],[28],[11],[-3],[18],[23],[10],[-1],[18],[-9],[10],[8],[-4],[13],[20],[-5],[24],[20],[6],[8],[2],[30],[3],[8],[11],[34],[16],[3],[35],[11],[-5],[31],[4],[4],[33],[18],[3],[6],[21],[2],[16],[12],[2],[20],[22],[-1],[18],[23],[10],[3],[37],[15],[-1],[19],[2],[7],[7],[32],[22],[5],[7],[6],[30],[14],[-1],[17],[27],[12],[-5],[26],[23],[14],[3],[36],[11],[27],[10],[7],[35],[19],[7],[20],[3],[4],[-1],[-4],[28],[14],[-1],[6],[21],[3],[6],[13],[12],[31],[6],[5],[31],[17],[2],[-4],[15],[2],[3],[3],[30],[24],[8],[6],[31],[14],[-1],[4],[30],[21],[4],[19],[28],[12],[-3],[20],[24],[9],[2],[35],[6],[4],[27],[10],[2],[34],[23],[6],[21],[4],[-3],[0],[18],[-8],[31],[22],[7],[10],[34],[2],[13],[-4],[18],[7],[27],[10],[4],[23],[-2],[2],[26],[11],[-4],[-5],[-4],[15],[8],[-5],[2],[3],[2],[26],[4],[4],[31],[17],[2],[0],[-1],[3],[24],[8],[-5],[-2],[15],[-6],[11],[20],[2],[2],[27],[13],[3],[-2],[27],[8],[-8],[11],[-2],[7],[-9],[18],[16],[3],[-1],[28],[10],[-8],[12],[22],[9],[-6],[26],[-1],[-3],[28],[4],[14],[-3],[31],[13],[-2],[4],[28],[8],[6],[28],[4],[-10],[-1],[5],[8],[22],[4],[7],[6],[20],[4],[2],[-3],[19],[4],[5],[6],[-6],[-3],[-2],[-4],[-2],[-3],[27],[9],[-4],[29],[13],[-1],[31],[-3],[5],[2],[26],[2],[-4],[13],[24],[5],[3],[30],[-2],[13],[-2],[12],[-3],[12],[22],[-4],[2],[23],[5],[6],[30],[13],[-2],[-1],[26],[-4],[10],[-9],[33],[3],[3],[5],[4],[27],[11],[-4],[32],[18],[10],[11],[34],[23],[8],[8],[35],[13],[3],[18],[32],[21],[10],[21],[6],[21],[13],[11],[10],[15],[-1],[19],[29],[16],[4],[20],[31],[7],[18],[4],[10],[22],[5],[10],[12],[37],[16],[3],[21],[5],[3],[36],[22],[4],[11],[29],[5],[18],[3],[14],[24],[8],[8],[33],[9],[2],[26],[19],[6],[8],[32],[20],[5],[2],[31],[15],[-2],[2],[26],[3],[5],[20],[8],[12],[37],[25],[13],[14],[8],[10],[28],[13],[9],[35],[21],[8],[11],[38],[12],[37],[19],[10],[39],[23],[12],[38],[19],[5],[46],[27],[13],[20],[-4],[37],[19],[3],[22],[26],[10],[8],[35],[23],[11],[11],[35],[3],[22],[27],[3],[16],[29],[16],[4],[30],[30],[10],[8],[36],[11],[26],[11],[13],[27],[8],[10],[37],[23],[5],[26],[10],[10],[37],[7],[8],[36],[20],[9],[5],[30],[4],[11],[-2],[30],[7],[6],[5],[30],[11],[-3],[14],[8],[8],[33],[17],[4],[7],[29],[12],[-2],[22],[23],[8],[6],[3],[21],[6],[6],[33],[19],[7],[12],[6],[30],[27],[11],[11],[35],[8],[38],[23],[3],[12],[-1],[28],[23],[8],[4],[4],[25],[12],[12],[39],[10],[27],[7],[8],[11],[8],[32],[18],[5],[2],[31],[20],[4],[34],[20],[6],[7],[32],[19],[6],[7],[5],[4],[19],[3],[17],[27],[14],[2],[14],[3],[2],[9],[11],[3],[2],[4],[3],[18],[28],[14],[-2],[18],[24],[11],[2],[34],[16],[6],[7],[5],[11],[14],[11],[35],[19],[5],[7],[27],[8],[19],[3],[22],[22],[8],[10],[34],[17],[8],[39],[18],[5],[30],[29],[7],[13],[39],[20],[5],[15],[26],[10],[-3],[19],[30],[4],[4],[29],[12],[-3],[15],[15],[2],[26],[21],[5],[4],[2],[-1],[21],[-1],[14],[23],[9],[-5],[14],[26],[3],[14],[26],[3],[3],[4],[5],[2],[19],[5],[6],[34],[23],[6],[5],[3],[2],[4],[28],[13],[5],[3],[5],[6],[5],[6],[21],[-2],[10],[-5],[11],[-3],[15],[4],[4],[24],[4],[4],[29],[10],[-2],[-2],[14],[2],[21],[8],[2],[28],[21],[10],[-2],[3],[2],[3],[3],[14],[22],[7],[5],[30],[2],[3],[4],[27],[13],[4],[31],[20],[5],[2],[29],[-2],[18],[-5],[-6],[-4],[-3],[19],[3],[4],[28],[3],[26],[13],[-5],[6],[2],[7],[-8],[26],[13],[-1],[-2],[6],[-17],[28],[13],[-1],[-1],[26],[-9],[-3],[3],[3],[4],[-3],[15],[-4],[-2],[27],[-3],[7],[-8],[11],[-6],[-8],[18],[-1],[-11],[-10],[-4],[27],[15],[-2],[3],[28],[9],[-12],[23],[12],[-3],[-10],[26],[-6],[-6],[-10],[16],[-8],[12],[-6],[10],[-14],[18],[8],[-9],[-11],[14],[-10],[-8],[-6],[-9],[-6],[-4],[-6],[-4],[14],[17],[2],[-13],[-14],[3],[-11],[-10],[18],[-9],[15],[-5],[-2],[26],[12],[-3],[-9],[17],[-3],[-7],[-8],[-3],[-2],[14],[-8],[-5],[24],[9],[-8],[-5],[18],[3],[2],[27],[-8],[-6],[10],[-5],[26],[9],[-9],[-2],[11],[-5],[-2],[7],[-6],[-3],[17],[-5],[-4],[-4],[-6],[10],[-6],[-4],[15],[-5],[-4],[23],[-4],[-4],[25],[8],[-4],[-12],[-6],[-3],[23],[8],[-5],[-3],[-8],[2],[2],[-4],[23],[-9],[-4],[-3],[26],[11],[-7],[12],[15],[-2],[2],[26],[16],[5],[5],[19],[-8],[11],[-5],[-11],[8],[-4],[2],[18],[2],[4],[31],[-6],[8],[-6],[-4],[29],[8],[-7],[13],[22],[10],[-4],[14],[21],[11],[-1],[6],[3],[32],[19],[3],[3],[28],[10],[11],[5],[22],[-2],[14],[23],[2],[15],[-4],[6],[16],[-4],[12],[23],[9],[-5],[20],[16],[-2],[-1],[30],[14],[-9],[10],[13],[-1],[3],[28],[-4],[4],[35],[18],[3],[3],[25],[10],[-4],[4],[27],[13],[16],[31],[14],[-1],[15],[5],[11],[10],[4],[23],[-2],[20],[27],[6],[2],[26],[2],[22],[28],[15],[7],[15],[39],[15],[13],[8],[10],[4],[4],[8],[37],[7],[10],[24],[3],[18],[29],[15],[4],[23],[6],[7],[35],[7],[10],[30],[14],[-2],[14],[24],[14],[2],[7],[20],[4],[-1],[26],[14],[3],[29],[15],[3],[32],[18],[3],[3],[30],[19],[-5],[13],[21],[3],[-9],[-2],[-2],[21],[3],[-11],[10],[2],[-9],[4],[3],[28],[15],[-1],[2],[19],[-2],[19],[-4],[-5],[24],[7],[-9],[12],[20],[5],[-11],[5],[6],[-8],[-4],[-5],[-4],[19],[-4],[-2],[2],[-9],[-3],[5],[4],[23],[-6],[18],[5],[-9],[-6],[-6],[-5],[-7],[-5],[6],[-8],[27],[19],[-4],[-6],[11],[20],[-4],[13],[-1],[2],[5],[31],[13],[-3],[-4],[28],[-3],[21],[3],[3],[2],[-4],[-3],[-2],[27],[-6],[-1],[-2],[2],[24],[5],[3],[27],[10],[-8],[-5],[-2],[11],[-2],[18],[5],[4],[-2],[11],[-4],[26],[13],[-3],[19],[-1],[2],[19],[3],[2],[23],[6],[-5],[24],[-4],[23],[7],[-5],[6],[-6],[-9],[-6],[-9],[-6],[-4],[-6],[-5],[-4],[2],[13],[-9],[27],[-5],[16],[-4],[-13],[5],[-1],[-13],[10],[17],[3],[-9],[19],[16],[-6],[10],[21],[-4],[-9],[-8],[-6],[22],[8],[-5],[-8],[-9],[6],[-8],[8],[20],[-7],[2],[2],[-6],[-8],[-5],[2],[20],[8],[-4],[-2],[12],[-6],[25],[11],[-8],[-11],[4],[-11],[6],[10],[-5],[-5],[-12],[7],[-8],[-4],[-8],[21],[4],[-12],[30],[-5],[17],[-3],[-10],[-6],[-2],[2],[-5],[13],[-4],[-4],[-3],[-3],[27],[12],[-3],[19],[-5],[-8],[8],[-5],[-6],[-5],[4],[-10],[31],[-1],[-5],[20],[3],[-10],[23],[-3],[24],[5],[-10],[10],[19],[-2],[7],[23],[-8],[-6],[-4],[31],[11],[-8],[11],[13],[-6],[26],[12],[-10],[11],[-4],[27],[12],[-6],[-6],[-2],[-6],[19],[-1],[-15],[24],[10],[-6],[2],[-8],[20],[6],[-10],[7],[4],[-11],[23],[9],[-8],[26],[3],[-12],[10],[-2],[-5],[26],[11],[-3],[-3],[-3],[20],[3],[20],[2],[5],[24],[3],[-1],[27],[-2],[3],[2],[28],[10],[-5],[27],[13],[2],[4],[4],[2],[32],[-3],[-2],[30],[7],[2],[3],[8],[7],[7],[29],[15],[4],[18],[5],[10],[29],[18],[4],[15],[23],[10],[32],[17],[3],[22],[14],[-4],[35],[25],[8],[35],[21],[8],[8],[33],[20],[7],[11],[29],[12],[11],[35],[13],[2],[34],[22],[12],[16],[5],[32],[16],[6],[17],[27],[15],[-1],[18],[21],[7],[16],[4],[19],[25],[12],[-2],[26],[3],[19],[27],[12],[6],[29],[5],[22],[28],[12],[36],[19],[5],[7],[28],[5],[24],[11],[10],[8],[7],[7],[38],[21],[7],[7],[33],[19],[-3],[3],[-1],[6],[25],[7],[39],[19],[3],[7],[2],[34],[6],[5],[5],[24],[3],[20],[11],[5],[6],[5],[30],[14],[3],[20],[7],[8],[8],[33],[4],[4],[38],[28],[14],[10],[9],[35],[21],[7],[6],[8],[27],[10],[8],[36],[18],[-1],[20],[28],[16],[4],[8],[27],[13],[15],[41],[27],[12],[11],[5],[14],[14],[37],[18],[8],[40],[13],[14],[13],[26],[14],[37],[14],[15],[39],[15],[2],[30],[29],[12],[5],[7],[24],[5],[6],[38],[26],[8],[20],[14],[36],[20],[7],[24],[10],[18],[17],[36],[10],[30],[17],[6],[32],[18],[5],[8],[30],[12],[11],[6],[20],[20],[2],[4],[29],[5],[5],[8],[8],[34],[15],[-1],[18],[27],[5],[27],[8],[5],[33],[21],[8],[38],[23],[3],[18],[29],[13],[3],[7],[3],[8],[4],[10],[6],[6],[6],[27],[12],[10],[39],[21],[7],[14],[26],[5],[7],[37],[13],[6],[33],[7],[10],[13],[13],[13],[30],[12],[11],[14],[10],[33],[13],[16],[14],[40],[27],[11],[11],[28],[8],[17],[5],[38],[23],[8],[24],[9],[7],[2],[16],[23],[-3],[15],[24],[12],[-1],[-1],[14],[26],[4],[2],[17],[-1],[6],[4],[34],[21],[3],[28],[5],[4],[31],[19],[5],[19],[20],[3],[-2],[13],[17],[3],[10],[26],[10],[-4],[16],[4],[6],[22],[6],[4],[5],[24],[5],[2],[7],[10],[35],[21],[6],[4],[6],[29],[14],[-3],[14],[2],[31],[9],[2],[29],[-2],[-8],[31],[20],[-1],[19],[29],[-2],[17],[-4],[2],[-6],[-5],[24],[7],[-4],[29],[14],[-3],[-4],[-10],[18],[15],[-1],[-8],[-3],[17],[-2],[2],[29],[2],[2],[-2],[-3],[16],[-7],[11],[20],[2],[-14],[18],[15],[-5],[10],[22],[-3],[13],[2],[4],[5],[-11],[12],[21],[5],[2],[24],[-1],[-3],[22],[8],[2],[30],[6],[12],[2],[26],[2],[8],[5],[22],[2],[-10],[26],[16],[4],[4],[-1],[6],[20],[4],[-13],[10],[13],[-3],[2],[15],[-2],[4],[19],[-3],[-1],[23],[-5],[-6],[17],[-8],[2],[23],[8],[-8],[21],[6],[-7],[-6],[-6],[-3],[-7],[19],[-5],[-3],[-5],[-7],[-5],[-5],[23],[-3],[16],[-1],[2],[-9],[20],[4],[-10],[2],[17],[-4],[-5],[9],[-9],[11],[15],[-2],[2],[17],[4],[35],[20],[-1],[16],[21],[-8],[18],[19],[-3],[-4],[29],[18],[2],[7],[-8],[20],[14],[2],[22],[7],[4],[28],[3],[2],[19],[-4],[-2],[11],[-4],[11],[22],[-1],[2],[24],[11],[-1],[0],[-5],[-4],[2],[23],[10],[-2],[3],[-5],[16],[-3],[2],[4],[2],[-3],[23],[-2],[12],[-6],[11],[21],[-2],[24],[7],[-8],[18],[19],[-3],[2],[-6],[16],[-3],[-3],[23],[11],[-9],[-2],[32],[-5],[10],[22],[7],[-5],[12],[-4],[19],[6],[-9],[8],[-9],[10],[-4],[-5],[2],[-3],[-4],[22],[-2],[-5],[5],[3],[16],[2],[-1],[-3],[15],[28],[6],[6],[22],[2],[-2],[-3],[18],[2],[-2],[26],[8],[-6],[-5],[27],[12],[2],[28],[19],[4],[7],[4],[29],[12],[-3],[-2],[-3],[13],[4],[15],[4],[29],[13],[-3],[12],[26],[6],[6],[31],[17],[5],[5],[4],[5],[29],[5],[3],[28],[15],[0],[5],[29],[14],[-4],[6],[2],[30],[4],[3],[3],[4],[8],[2],[-5],[-3],[-3],[24],[10],[-3],[2],[4],[7],[5],[27],[5],[-9],[26],[10],[-10],[7],[35],[16],[-8],[8],[22],[-3],[32],[11],[-3],[25],[7],[-8],[19],[-8],[-3],[6],[9],[26],[8],[2],[31],[2],[25],[-2],[29],[-1],[-9],[28],[15],[4],[4],[-6],[12],[-8],[12],[-3],[-2],[3],[-4],[23],[6],[-6],[28],[13],[-1],[0],[21],[2],[21],[-5],[-9],[28],[17],[6],[6],[30],[-10],[30],[4],[5],[31],[-1],[-1],[2],[11],[-2],[3],[-2],[-6],[-2],[25],[3],[5],[3],[2],[-3],[-2],[-1],[3],[2],[31],[15],[3],[0],[2],[3],[14],[-3],[13],[22],[8],[2],[22],[8],[-2],[7],[12],[-3],[4],[27],[2],[18],[5],[11],[22],[3],[18],[2],[28],[7],[-13],[32],[14],[-6],[14],[-1],[13],[-5],[16],[17],[7],[-5],[14],[23],[8],[2],[29],[20],[7],[3],[-4],[3],[2],[10],[2],[32],[2],[4],[4],[2],[36],[23],[3],[2],[7],[24],[4],[2],[36],[23],[13],[11],[37],[7],[6],[32],[10],[2],[32],[23],[6],[10],[36],[11],[9],[34],[2],[2],[-2],[28],[-3],[5],[5],[31],[17],[8],[35],[20],[5],[3],[35],[13],[3],[17],[29],[13],[4],[22],[13],[12],[29],[2],[17],[29],[-6],[28],[19],[-4],[6],[32],[6],[-5],[22],[13],[-6],[7],[4],[6],[29],[11],[-9],[22],[18],[4],[4],[22],[10],[-6],[4],[19],[3],[2],[-10],[7],[-5],[3],[12],[31],[-5],[2],[39],[12],[-5],[26],[18],[2],[4],[23],[12],[5],[5],[24],[12],[12],[7],[4],[5],[6],[8],[16],[-3],[26],[19],[3],[32],[20],[2],[4],[-5],[30],[24],[-1],[22],[23],[5],[6],[21],[8],[10],[36],[22],[10],[15],[35],[19],[5],[5],[11],[-8],[29],[17],[-1],[3],[3],[-3],[2],[-4],[32],[14],[-2],[2],[24],[11],[-3],[11],[21],[7],[-4],[3],[29],[12],[-1],[29],[12],[-3],[13],[23],[10],[-2],[29],[13],[2],[22],[8],[-6],[32],[19],[4],[-3],[-5],[22],[19],[-3],[-3],[-3],[30],[14],[-2],[3],[22],[4],[4],[-1],[4],[6],[32],[16],[-17],[2],[58],[21],[-10],[-1],[30],[-22],[28],[-5],[-3],[15],[-4],[-22],[-8],[49],[2],[-9],[4],[19],[-6],[9],[11],[6],[-3],[20],[3],[31],[-1],[4],[28],[20],[3],[-6],[6],[12],[4],[-2],[21],[-30],[33],[38],[10],[-17],[24],[19],[39],[20],[-15],[6],[12],[35],[20],[7],[2],[-2],[8],[39],[-4],[14],[-4],[29],[-1],[2],[16],[-3],[2],[2],[5],[2],[27],[8],[2],[17],[23],[-1],[-10],[15],[26],[-2],[-11],[18],[-3],[28],[12],[-6],[11],[26],[12],[-5],[7],[-7],[11],[-3],[11],[22],[10],[-2],[15],[24],[-3],[-4],[-8],[22],[3],[3],[5],[7],[-8],[-12],[29],[-17],[21],[6],[12],[3],[-16],[10],[4],[37],[7],[5],[12],[-4],[10],[19],[-4],[10],[36],[16],[5],[7],[31],[7],[11],[10],[6],[10],[10],[32],[-4],[9],[13],[25],[-2],[-2],[34],[16],[10],[32],[22],[14],[19],[30],[19],[-3],[14],[23],[13],[-3],[10],[2],[8],[38],[11],[6],[27],[-3],[32],[22],[3],[23],[-1],[23],[10],[4],[5],[-2],[-5],[17],[4],[-1],[27],[15],[4],[4],[29],[10],[-1],[32],[23],[4],[19],[24],[13],[-1],[16],[19],[-1],[2],[29],[4],[24],[7],[14],[-2],[3],[10],[20],[6],[8],[35],[24],[11],[10],[35],[3],[6],[7],[33],[7],[4],[31],[6],[2],[30],[27],[10],[11],[7],[20],[-3],[34],[22],[11],[11],[36],[19],[5],[5],[30],[13],[-3],[10],[25],[12],[-4],[13],[-1],[29],[5],[30],[14],[4],[6],[32],[15],[3],[28],[15],[-5],[20],[-1],[-1],[29],[14],[-4],[-3],[12],[4],[3],[4],[2],[34],[-3],[11],[-2],[31],[10],[10],[5],[-3],[2],[17],[3],[26],[7],[8],[4],[-3],[-2],[6],[6],[7],[5],[7],[7],[29],[15],[5],[-2],[23],[-3],[10],[15],[-1],[5],[37],[23],[5],[3],[-3],[8],[-11],[4],[23],[8],[14],[14],[12],[-12],[4],[-4],[14],[5],[-5],[-8],[30],[19],[24],[19],[-9],[28],[13],[16],[14],[11],[3],[28],[4],[10],[-4],[8],[-3],[9],[15],[5],[23],[13],[-2],[3],[4],[27],[16],[-5],[2],[24],[16],[-3],[14],[28],[14],[-3],[8],[19],[7],[3],[22],[22],[6],[-6],[6],[19],[5],[-3],[3],[16],[-3],[7],[30],[6],[5],[21],[7],[4],[6],[7],[17],[3],[3],[3],[10],[38],[-4],[-5],[8],[4],[29],[4],[4],[29],[13],[2],[4],[6],[15],[2],[8],[5],[28],[11],[-4],[26],[15],[4],[14],[-1],[18],[17],[-2],[-5],[24],[14],[2],[-3],[16],[6],[-5],[18],[4],[2],[15],[-9],[4],[-10],[-6],[-5],[6],[24],[10],[-5],[30],[14],[-4],[-5],[20],[-3],[-1],[27],[10],[-5],[2],[20],[5],[-10],[-4],[21],[3],[-8],[-4],[-5],[31],[14],[3],[4],[31],[17],[3],[3],[27],[8],[-2],[29],[12],[-2],[26],[-4],[-3],[2],[2],[-2],[18],[27],[6],[3],[4],[33],[18],[2],[3],[31],[17],[2],[18],[23],[7],[2],[31],[16],[5],[31],[11],[-10],[30],[-4],[21],[2],[-6],[34],[21],[6],[-2],[-6],[-3],[2],[2],[11],[-6],[18],[24],[-1],[-1],[22],[4],[2],[27],[12],[-2],[-1],[2],[27],[6],[5],[-4],[3],[4],[3],[5],[6],[22],[3],[2],[7],[29],[15],[3],[19],[3],[10],[18],[-6],[2],[23],[3],[4],[-1],[-1],[-3],[14],[-3],[-2],[29],[2],[27],[2],[30],[6],[2],[23],[7],[-7],[-4],[21],[6],[-7],[12],[15],[-3],[-1],[27],[9],[-6],[-4],[19],[-5],[28],[-3],[11],[-3],[24],[8],[-10],[30],[-3],[-5],[-1],[-2],[27],[12],[3],[2],[22],[-3],[-5],[19],[-6],[-9],[-10],[28],[12],[-5],[-3],[-5],[8],[19],[-2],[29],[-6],[-2],[15],[-8],[-5],[25],[-4],[-2],[-6],[-1],[2],[20],[-1],[4],[5],[4],[-3],[15],[22],[4],[2],[-2],[21],[7],[6],[34],[19],[2],[2],[10],[-4],[32],[10],[8],[12],[3],[16],[5],[7],[24],[2],[-1],[23],[5],[4],[28],[-5],[26],[2],[-4],[2],[-1],[28],[6],[6],[34],[7],[5],[4],[17],[-3],[-4],[-6],[-8],[26],[19],[3],[3],[6],[5],[8],[4],[28],[8],[-2],[30],[9],[8],[35],[16],[-5],[15],[2],[-1],[21],[-1],[-3],[2],[12],[2],[33],[2],[26],[5],[4],[28],[12],[-4],[10],[25],[11],[-3],[23],[4],[-1],[13],[-5],[14],[-5],[27],[15],[-4],[15],[23],[8],[-5],[14],[24],[10],[6],[30],[21],[4],[-3],[25],[16],[2],[8],[5],[2],[5],[7],[2],[2],[2],[6],[6],[27],[-1],[26],[17],[-1],[2],[29],[18],[3],[28],[7],[2],[32],[9],[-11],[28],[-5],[-10],[32],[13],[-2],[12],[18],[3],[8],[37],[-3],[-5],[29],[19],[7],[8],[33],[18],[6],[12],[22],[8],[6],[27],[-5],[28],[16],[-1],[28],[7],[9],[38],[20],[4],[9],[33],[22],[9],[14],[30],[4],[38],[26],[7],[4],[36],[22],[7],[5],[3],[6],[36],[0],[18],[29],[15],[4],[15],[26],[12],[-3],[8],[7],[31],[11],[2],[4],[2],[-2],[-1],[26],[3],[28],[19],[-3],[13],[20],[-4],[14],[-1],[15],[20],[-4],[16],[5],[8],[36],[18],[8],[25],[8],[7],[32],[4],[8],[36],[4],[23],[5],[6],[25],[12],[3],[35],[25],[12],[16],[38],[14],[12],[38],[11],[31],[9],[23],[10],[11],[10],[12],[11],[11],[15],[17],[32],[15],[10],[39],[17],[5],[21],[32],[19],[7],[24],[7],[12],[23],[6],[6],[5],[2],[27],[12],[-2],[16],[27],[13],[-2],[26],[15],[-2],[13],[23],[12],[-4],[21],[4],[-2],[-2],[12],[28],[2],[17],[24],[-4],[17],[-6],[-4],[14],[-5],[16],[7],[5],[29],[13],[-8],[-4],[-1],[-3],[2],[5],[7],[15],[-8],[-6],[-4],[19],[4],[-12],[14],[-3],[-1],[-5],[16],[10],[-6],[22],[14],[-5],[29],[11],[-4],[-3],[26],[-1],[4],[24],[-8],[30],[6],[-3],[5],[12],[-3],[14],[27],[10],[-5],[8],[23],[-8],[11],[-4],[12],[-5],[2],[-3],[30],[-6],[-11],[27],[15],[-3],[-6],[10],[-8],[6],[15],[-8],[-5],[-2],[-9],[18],[14],[-6],[-3],[-6],[23],[15],[-9],[10],[11],[-2],[12],[-12],[24],[-5],[-3],[15],[-1],[-10],[-8],[-2],[2],[18],[-1],[-10],[-10],[13],[-9],[7],[11],[-9],[-9],[21],[5],[-10],[21],[-13],[-8],[-10],[15],[-5],[21],[-6],[14],[-9],[9],[-9],[-5],[-5],[24],[-2],[23],[10],[-11],[11],[10],[-3],[-4],[7],[-9],[-6],[-5],[2],[-2],[-3],[32],[16],[-3],[-3],[24],[5],[2],[22],[7],[-6],[20],[-3],[16],[3],[3],[23],[6],[-9],[11],[20],[-9],[18],[22],[2],[-1],[17],[26],[3],[3],[-3],[-4],[2],[8],[2],[-3],[19],[21],[5],[2],[28],[-3],[-2],[-3],[-9],[-6],[-4],[28],[12],[-1],[26],[2],[5],[2],[-1],[-5],[-4],[10],[-5],[29],[8],[7],[35],[19],[-2],[14],[23],[12],[-4],[12],[21],[-6],[2],[13],[-2],[-2],[-4],[13],[-1],[-1],[3],[2],[2],[-4],[3],[-4],[14],[21],[4],[5],[33],[21],[6],[4],[29],[11],[-4],[4],[24],[7],[3],[28],[11],[-3],[15],[20],[2],[3],[-1],[14],[26],[12],[-4],[22],[23],[4],[2],[30],[14],[2],[30],[12],[-2],[28],[20],[4],[26],[8],[13],[2],[34],[22],[6],[36],[24],[9],[5],[33],[20],[3],[4],[2],[22],[7],[7],[7],[35],[7],[6],[7],[20],[6],[26],[6],[30],[15],[4],[29],[12],[14],[34],[12],[10],[36],[21],[7],[8],[33],[19],[5],[8],[4],[35],[2],[18],[16],[4],[31],[-2],[-1],[23],[8],[-3],[33],[17],[5],[3],[32],[20],[5],[17],[4],[31],[21],[3],[10],[-2],[19],[2],[-2],[4],[5],[31],[8],[6],[30],[12],[-4],[18],[8],[7],[31],[8],[2],[30],[16],[-2],[11],[22],[7],[-3],[-2],[-2],[15],[2],[2],[25],[3],[14],[2],[-2],[-2],[2],[25],[13],[3],[2],[-1],[19],[30],[16],[-1],[13],[-1],[36],[16],[5],[-1],[13],[-7],[26],[21],[-2],[17],[6],[4],[6],[5],[3],[30],[14],[-1],[13],[-7],[22],[24],[-1],[3],[37],[11],[6],[12],[-10],[31],[12],[13],[33],[16],[3],[7],[35],[20],[5],[6],[4],[22],[8],[10],[28],[12],[-6],[34],[4],[5],[-2],[34],[18],[5],[21],[16],[5],[31],[14],[2],[5],[32],[18],[7],[26],[6],[4],[37],[4],[22],[8],[2],[3],[28],[13],[-1],[18],[4],[3],[22],[6],[2],[23],[8],[3],[27],[-5],[3],[6],[15],[2],[15],[21],[4],[21],[7],[10],[33],[15],[-2],[19],[10],[4],[33],[3],[10],[9],[35],[14],[3],[38],[27],[7],[9],[7],[33],[13],[3],[6],[15],[2],[6],[5],[32],[11],[11],[3],[3],[7],[13],[2],[26],[18],[3],[14],[29],[15],[3],[18],[7],[10],[29],[11],[2],[26],[24],[9],[2],[4],[29],[7],[35],[19],[4],[7],[10],[-5],[19],[17],[6],[12],[11],[33],[11],[-7],[22],[22],[0],[6],[16],[2],[4],[4],[10],[-5],[15],[-2],[2],[21],[5],[5],[31],[18],[2],[27],[11],[-5],[28],[-4],[23],[8],[-5],[32],[16],[2],[13],[2],[7],[-1],[3],[4],[3],[4],[18],[-6],[22],[17],[-2],[30],[14],[2],[3],[30],[14],[-5],[2],[21],[-1],[5],[22],[11],[-6],[27],[-5],[-6],[-4],[24],[-8],[-5],[-5],[6],[-12],[10],[-4],[-5],[-2],[30],[-5],[-1],[-3],[26],[12],[-10],[6],[18],[3],[-14],[11],[5],[-8],[22],[14],[-2],[6],[-9],[22],[8],[-10],[-3],[-4],[19],[5],[-10],[-11],[-6],[-8],[-5],[20],[3],[3],[28],[-1],[-14],[26],[-3],[7],[22],[10],[-5],[13],[20],[-3],[-2],[23],[-1],[-4],[8],[-10],[22],[2],[30],[14],[-4],[14],[-1],[3],[13],[2],[3],[22],[-2],[4],[3],[2],[21],[-2],[-4],[12],[-12],[26],[5],[-12],[10],[18],[-3],[-7],[-9],[19],[-4],[-9],[3],[-12],[12],[-4],[2],[19],[-4],[26],[12],[-8],[-3],[12],[-10],[-5],[19],[-8],[-12],[6],[12],[3],[-11],[8],[19],[-4],[21],[-8],[5],[-11],[2],[-11],[-10],[13],[-3],[2],[-5],[6],[-12],[24],[-6],[19],[-5],[-5],[23],[8],[-8],[-8],[19],[2],[-11],[-6],[-2],[2],[-1],[22],[6],[-8],[8],[15],[-4],[23],[11],[-3],[29],[14],[-4],[23],[8],[-5],[28],[6],[5],[29],[10],[-7],[14],[22],[3],[-1],[-3],[18],[26],[6],[13],[-8],[32],[16],[4],[2],[24],[6],[-8],[28],[4],[4],[-2],[14],[-3],[-3],[21],[9],[-9],[18],[12],[-9],[-4],[-6],[10],[19],[6],[-6],[-6],[2],[2],[31],[-5],[-4],[21],[-5],[4],[18],[3],[2],[-6],[-5],[29],[13],[-11],[24],[14],[-2],[3],[-5],[12],[-3],[-8],[-9],[26],[16],[-4],[-3],[29],[13],[-5],[2],[27],[2],[3],[3],[-3],[20],[-4],[15],[22],[6],[-7],[14],[23],[3],[-2],[23],[7],[-9],[-5],[10],[23],[-5],[-6],[27],[12],[-1],[19],[3],[8],[13],[-6],[13],[18],[-1],[32],[17],[3],[6],[26],[12],[-1],[15],[19],[4],[4],[2],[14],[2],[26],[3],[5],[8],[30],[17],[2],[3],[28],[16],[5],[6],[2],[13],[-1],[29],[15],[-1],[14],[26],[6],[-3],[14],[2],[30],[13],[5],[7],[23],[10],[-4],[4],[6],[3],[3],[29],[14],[-4],[10],[27],[12],[3],[35],[19],[-6],[26],[16],[2],[17],[23],[5],[-9],[30],[20],[5],[5],[-5],[-5],[5],[-11],[21],[18],[5],[-8],[26],[-3],[28],[13],[-5],[17],[2],[27],[11],[-4],[10],[14],[-3],[-2],[26],[2],[-2],[8],[-9],[31],[2],[32],[11],[-8],[12],[15],[-4],[18],[28],[-5],[24],[-1],[6],[25],[-2],[-9],[18],[5],[8],[31],[5],[-5],[14],[28],[12],[-5],[12],[15],[-2],[12],[25],[2],[33],[7],[32],[15],[6],[22],[6],[14],[33],[21],[7],[18],[3],[20],[28],[5],[-10],[20],[21],[12],[-3],[34],[26],[13],[4],[34],[15],[16],[5],[7],[6],[39],[26],[7],[6],[32],[13],[-3],[15],[22],[5],[7],[29],[16],[4],[10],[7],[-2],[28],[4],[-3],[22],[16],[4],[2],[28],[17],[2],[3],[10],[7],[28],[2],[16],[5],[32],[19],[-3],[-3],[31],[7],[-9],[29],[2],[-4],[19],[-2],[2],[21],[-2],[-3],[-1],[-4],[-5],[14],[26],[8],[2],[28],[16],[-2],[-3],[24],[9],[-5],[-3],[-4],[11],[-4],[3],[5],[3],[-1],[-3],[29],[5],[12],[-3],[15],[25],[11],[-3],[32],[19],[5],[4],[32],[18],[5],[7],[3],[18],[5],[5],[27],[3],[26],[24],[7],[16],[-1],[5],[22],[7],[10],[28],[13],[2],[22],[23],[12],[-1],[2],[4],[6],[17],[3],[15],[23],[4],[32],[9],[12],[10],[8],[36],[18],[4],[3],[11],[-4],[32],[15],[4],[10],[31],[6],[6],[10],[42],[26],[11],[12],[10],[22],[24],[10],[10],[31],[20],[4],[21],[29],[7],[11],[24],[37],[12],[26],[34],[21],[10],[27],[10],[11],[7],[20],[30],[13],[6],[8],[14],[16],[34],[19],[6],[43],[27],[11],[30],[15],[19],[31],[13],[10],[8],[36],[29],[18],[19],[18],[43],[32],[13],[38],[12],[11],[11],[8],[11],[16],[23],[40],[18],[14],[41],[28],[16],[24],[5],[15],[16],[43],[23],[10],[30],[16],[36],[22],[7],[38],[14],[14],[10],[24],[7],[8],[19],[8],[7],[7],[10],[12],[10],[24],[31],[6],[22],[11],[23],[5],[35],[-1],[18],[20],[34],[21],[5],[27],[29],[5],[19],[14],[34],[6],[34],[21],[12],[18],[38],[27],[11],[11],[39],[12],[10],[37],[19],[11],[8],[21],[28],[11],[22],[7],[20],[7],[37],[23],[3],[17],[5],[8],[11],[26],[10],[-2],[30],[15],[-1],[18],[3],[27],[7],[7],[33],[6],[6],[21],[2],[5],[3],[29],[13],[2],[22],[-1],[26],[5],[4],[-1],[4],[18],[28],[11],[-5],[2],[2],[15],[-2],[7],[35],[17],[2],[15],[29],[15],[-3],[29],[-2],[2],[21],[2],[4],[27],[4],[4],[28],[9],[-4],[12],[17],[3],[5],[27],[12],[-3],[2],[23],[10],[-3],[29],[13],[-4],[14],[23],[11],[-2],[-4],[15],[3],[24],[9],[2],[30],[22],[3],[6],[27],[12],[2],[35],[6],[27],[10],[11],[16],[-2],[18],[21],[10],[11],[27],[12],[11],[35],[21],[7],[7],[6],[31],[16],[4],[5],[22],[8],[7],[34],[20],[0],[18],[26],[12],[-1],[7],[4],[18],[2],[16],[11],[-2],[-6],[4],[26],[29],[7],[-13],[22],[25],[3],[2],[-5],[3],[32],[13],[-3],[30],[12],[2],[3],[-9],[22],[19],[-8],[12],[15],[-9],[26],[8],[-6],[-5],[-6],[9],[23],[-3],[-8],[18],[-2],[-3],[-2],[-3],[21],[2],[-9],[-2],[26],[5],[-12],[20],[9],[-9],[18],[18],[4],[-10],[-8],[-6],[-3],[-4],[22],[2],[7],[6],[19],[5],[3],[32],[-2],[14],[23],[10],[-3],[28],[11],[2],[26],[2],[2],[5],[7],[7],[30],[11],[-9],[26],[-3],[-7],[13],[22],[11],[-5],[18],[22],[7],[2],[29],[17],[-4],[17],[-2],[-4],[24],[6],[2],[34],[-1],[10],[23],[3],[5],[2],[24],[16],[-1],[-2],[-6],[21],[11],[-1],[14],[23],[6],[2],[-1],[8],[6],[28],[-3],[27],[-3],[-8],[34],[18],[-5],[13],[19],[4],[-11],[-5],[-1],[12],[-3],[31],[8],[-14],[29],[18],[5],[6],[30],[2],[5],[4],[31],[2],[12],[-4],[14],[25],[-4],[14],[18],[-4],[-3],[-5],[9],[19],[-4],[-4],[26],[3],[32],[4],[21],[4],[4],[27],[3],[-11],[-3],[-2],[22],[-3],[-2],[2],[2],[13],[-8],[10],[-3],[-3],[10],[22],[2],[3],[29],[3],[2],[2],[20],[-2],[-1],[-1],[16],[-4],[-4],[-11],[-8],[-12],[-8],[-10],[12],[-4],[-4],[19],[-7],[22],[11],[-11],[-9],[-9],[18],[-11],[-13],[-2],[-13],[22],[-6],[28],[9],[-10],[-5],[-4],[-5],[11],[-4],[-2],[29],[-5],[-6],[-5],[22],[5],[-11],[2],[14],[-8],[-9],[-9],[16],[-6],[-3],[4],[-1],[-3],[-6],[21],[6],[-5],[24],[15],[-4],[-4],[-9],[5],[-7],[10],[-4],[-2],[24],[4],[-10],[22],[15],[-5],[-4],[-4],[26],[10],[-5],[8],[19],[7],[-9],[20],[-5],[17],[-9],[-6],[28],[-5],[-8],[16],[2],[23],[-2],[-11],[23],[13],[-9],[-13],[-10],[23],[11],[-3],[15],[-1],[-2],[27],[4],[6],[28],[14],[-2],[-3],[22],[-5],[-11],[-2],[204],[72],[150],[139],[94],[81],[-62],[-45],[-99],[-169],[-138],[-157],[-24],[5],[23],[112],[97],[116],[69],[20],[39],[-9],[-84],[-43],[-39],[-49],[-38],[-30],[-32],[-58],[-44],[-25],[-53],[5],[8],[32],[96],[100],[85],[86],[70],[26],[8],[-44],[-34],[-46],[-58],[-41],[2],[3],[23],[32],[63],[48],[42],[34],[58],[48],[23],[30],[12],[2],[-5],[-19],[-23],[-28],[-4],[-26],[-10],[-6],[25],[19],[38],[49],[22],[-1],[-11],[-27],[2],[-13],[-25],[6],[-16],[-37],[-42],[-35],[-58],[-80],[-79],[-117],[-146],[-171],[-193],[-219],[-233],[-245],[-199],[-125],[67],[372],[464],[513],[463],[412],[307],[29],[-211],[-367],[-474],[-521],[-482],[-266],[-42],[58],[145],[251],[350],[320],[214],[133],[126],[100],[43],[27],[63],[45],[-95],[-175],[-178],[-158],[-235],[-262],[-169],[-11],[102],[189],[295],[367],[311],[242],[147],[70],[-32],[-154],[-184],[-181],[-164],[-120],[-106],[-61],[-14],[19],[32],[106],[112],[116],[123],[172],[151],[115],[78],[-2],[-50],[-81],[-139],[-163],[-110],[-89],[-57],[14],[105],[113],[132],[110],[110],[94],[39],[-9],[-17],[-36],[-61],[-57],[-32],[-40],[-43],[-41],[-9],[-9],[-6],[34],[36],[55],[93],[82],[61],[61],[19],[-12],[-9],[-32],[-46],[-42],[-11],[-4],[23],[42],[58],[63],[78],[43],[31],[47],[27],[3],[2],[18],[-4],[24],[-3],[-14],[11],[18],[8],[19],[56],[50],[38],[34],[58],[14],[31],[4],[-27],[-38],[-14],[-27],[-16],[3],[7],[44],[38],[44],[54],[29],[17],[27],[-2],[-22],[-24],[-29],[-28],[-9],[-18],[-14],[-8],[5],[40],[40],[34],[42],[72],[61],[97],[69],[29],[14],[-28],[-28],[-27],[-49],[-48],[-20],[-4],[40],[32],[44],[51],[55],[52],[34],[53],[28],[3],[20],[49],[69],[69],[126],[102],[78],[62],[65],[36],[-6],[-18],[-38],[-53],[-36],[-33],[2],[-11],[46],[28],[25],[28],[53],[38],[39],[51],[8],[4],[-14],[-5],[-50],[-44],[-20],[-49],[-33],[-7],[-45],[-17],[-33],[-24],[-15],[-19],[23],[3],[-13],[50],[-13],[39],[-10],[-29],[-60],[-54],[-53],[-70],[-70],[-40],[-45],[-21],[28],[55],[43],[54],[71],[10],[12],[-34],[20],[-45],[-22],[-11],[-28],[-8],[-13],[26],[33],[67],[25],[90],[56],[58],[40],[13],[41],[12],[-36],[-3],[-50],[-9],[-27],[-14],[42],[28],[69],[44],[62],[110],[25],[37],[20],[21],[7],[4],[-17],[-11],[4],[19],[22],[7],[22],[19],[72],[70],[51],[52],[-4],[-29],[-21],[-46],[-18],[12],[-35],[21],[44],[54],[71],[2],[40],[22],[-42],[-6],[-52],[7],[21],[14],[35],[38],[33],[5],[-22],[-29],[-40],[-48],[10],[4],[37],[66],[50],[67],[79],[42],[28],[7],[16],[13],[35],[33],[30],[29],[53],[21],[3],[11],[-9],[-1],[3],[32],[37],[51],[52],[44],[23],[-2],[-20],[-18],[-32],[-6],[31],[35],[52],[81],[65],[41],[22],[33],[10],[-17],[-25],[-40],[-35],[-29],[6],[-18],[-23],[-13],[-25],[-13],[-17],[-3],[23],[31],[66],[76],[48],[52],[24],[-42],[-54],[-62],[-90],[-85],[-41],[-34],[-22],[29],[14],[80],[30],[53],[40],[14],[27],[-18],[-35],[-57],[-7],[-25],[29],[40],[27],[60],[40],[24],[12],[-13],[-33],[-32],[-18],[-24],[-2],[50],[47],[62],[62],[16],[-8],[-32],[-40],[-41],[-47],[-21],[-25],[14],[22],[26],[74],[39],[59],[38],[19],[5],[22],[16],[-32],[-35],[-28],[-9],[-32],[-27],[-31],[21],[-22],[54],[69],[31],[63],[38],[-21],[3],[-20],[-50],[-41],[-14],[2],[-4],[-9],[24],[7],[-14],[-25],[16],[-37],[-18],[-4],[8],[19],[38],[37],[62],[-9],[-21],[-57],[-50],[-41],[-13],[-16],[-5],[19],[72],[60],[80],[65],[24],[-11],[-7],[-16],[-11],[-11],[19],[44],[39],[43],[51],[14],[-36],[-32],[-66],[-6],[3],[35],[87],[96],[111],[80],[30],[2],[-91],[-154],[-126],[-89],[-38],[42],[116],[133],[113],[88],[3],[-61],[-60],[-109],[-91],[-62],[-20],[21],[3],[27],[8],[-13],[14],[-10],[20],[68],[46],[88],[53],[-26],[-35],[-117],[-182],[-126],[-132],[-21],[56],[136],[210],[207],[165],[67],[-6],[-77],[-179],[-167],[-150],[-115],[2],[95],[155],[153],[116],[51],[3],[-37],[-54],[-77],[-57],[-32],[59],[78],[50],[47],[5],[-32],[-18],[-25],[-51],[-37],[-38],[-18],[57],[124],[117],[91],[94],[62],[22],[154],[274],[287],[359],[353],[227],[130],[-27],[-165],[-272],[-308],[-275],[-169],[15],[173],[276],[365],[332],[268],[136],[26],[-38],[-143],[-195],[-146],[-121],[-81],[-47],[-52],[-19],[11],[-11],[-12],[-51],[-83],[-100],[-69],[-24],[-42],[-57],[-79],[-115],[-124],[-161],[-179],[-129],[-130],[-84],[-45],[-62],[-43],[-85],[-170],[-203],[-229],[-251],[-263],[-269],[-234],[-268],[-330],[-377],[-498],[-556],[-620],[-570],[-514],[-427],[-302],[-202],[-130],[-95],[-114],[-106],[-76],[202],[598],[850],[993],[945],[819],[556],[159],[-226],[-625],[-917],[-1000],[-799],[-411],[14],[390],[701],[922],[1044],[928],[755],[590],[402],[228],[194],[214],[322],[342],[276],[291],[226],[158],[93],[82],[194],[338],[522],[682],[782],[772],[615],[442],[243],[75],[-53],[-150],[-71],[19],[173],[354],[411],[427],[410],[309],[172],[59],[-45],[-136],[-184],[-246],[-255],[-218],[-227],[-214],[-134],[-120],[-148],[-167],[-286],[-433],[-584],[-763],[-932],[-1033],[-1122],[-1153],[-1139],[-1106],[-1051],[-1113],[-1133],[-1371],[-1640],[-1796],[-1461],[-90],[1490],[2032],[2049],[2031],[2049],[2038],[2031],[-733],[-2017],[-2026],[-2026],[-2026],[-2026],[-896],[189],[1070],[1950],[2049],[2049],[2033],[1486],[778],[392],[146],[188],[251],[10],[-366],[-557],[-659],[-865],[-1228],[-1311],[-870],[-198],[517],[1115],[1635],[1949],[1815],[1468],[970],[378],[-321],[-893],[-1132],[-1037],[-808],[-532],[-242],[102],[454],[620],[654],[661],[707],[651],[642],[647],[518],[327],[90],[-56],[-179],[-180],[-96],[-19],[250],[486],[683],[798],[719],[515],[235],[-86],[-326],[-428],[-408],[-318],[-86],[184],[410],[528],[525],[400],[226],[15],[-202],[-360],[-476],[-557],[-499],[-462],[-358],[-357],[-392],[-448],[-549],[-603],[-625],[-651],[-608],[-645],[-579],[-604],[-722],[-957],[-1316],[-1761],[-2020],[-2026],[-2026],[-1966],[74],[1602],[2049],[2037],[2036],[2049],[2038],[2037],[-864],[-2024],[-2026],[-2026],[-2026],[-2026],[-1083],[184],[1231],[1763],[1970],[1796],[1348],[960],[660],[666],[778],[675],[533],[262],[-73],[-468],[-938],[-1334],[-1493],[-1314],[-810],[-189],[485],[1029],[1301],[1341],[1199],[848],[379],[-57],[-274],[-331],[-214],[48],[222],[334],[380],[381],[269],[127],[61],[29],[87],[242],[351],[431],[401],[386],[342],[260],[207],[180],[237],[315],[452],[526],[526],[500],[308],[61],[-185],[-316],[-443],[-432],[-286],[-49],[232],[453],[530],[525],[376],[144],[-111],[-379],[-586],[-713],[-748],[-654],[-504],[-364],[-240],[-250],[-328],[-394],[-540],[-712],[-834],[-921],[-868],[-819],[-753],[-763],[-923],[-1194],[-1586],[-2008],[-2024],[-1488],[-656],[324],[1373],[2031],[2049],[2037],[2049],[2033],[618],[-1025],[-2016],[-2026],[-2026],[-2026],[-2026],[-708],[419],[1108],[1464],[1631],[1493],[1192],[765],[536],[466],[429],[371],[339],[362],[229],[-148],[-526],[-746],[-830],[-792],[-574],[-140],[373],[816],[1107],[1312],[1260],[1053],[620],[220],[-99],[-276],[-381],[-338],[-176],[28],[206],[374],[410],[435],[375],[284],[234],[227],[354],[355],[415],[448],[374],[328],[330],[282],[260],[278],[271],[319],[445],[449],[333],[196],[-32],[-228],[-329],[-398],[-326],[-171],[-3],[223],[419],[479],[404],[218],[-72],[-335],[-521],[-668],[-710],[-638],[-581],[-511],[-481],[-585],[-636],[-731],[-877],[-868],[-909],[-869],[-802],[-772],[-778],[-924],[-1205],[-1556],[-1486],[-1179],[-615],[55],[661],[1543],[2032],[2026],[2049],[2049],[879],[-363],[-1279],[-1888],[-2021],[-2025],[-2020],[-1002],[-102],[629],[1155],[1288],[1262],[1154],[868],[680],[513],[437],[350],[312],[375],[309],[68],[-226],[-449],[-556],[-569],[-502],[-250],[97],[468],[855],[1051],[1139],[1058],[789],[506],[258],[65],[-80],[-125],[-51],[56],[223],[267],[267],[245],[226],[175],[167],[222],[319],[513],[711],[725],[720],[513],[376],[162],[90],[38],[13],[95],[221],[316],[356],[316],[172],[-72],[-254],[-365],[-446],[-362],[-244],[-68],[99],[202],[198],[70],[-86],[-255],[-445],[-572],[-684],[-786],[-937],[-946],[-922],[-869],[-902],[-920],[-922],[-910],[-765],[-634],[-238],[-261],[-418],[-822],[-1069],[-1009],[-608],[-163],[356],[668],[1042],[1291],[1492],[1212],[538],[-256],[-671],[-845],[-936],[-978],[-787],[-592],[-274],[226],[641],[808],[742],[599],[589],[563],[429],[318],[245],[328],[375],[287],[177],[63],[-163],[-236],[-94],[147],[304],[474],[600],[674],[599],[388],[161],[-51],[-164],[-206],[-297],[-132],[205],[555],[925],[1083],[1082],[775],[389],[74],[-222],[-334],[-373],[-270],[-37],[280],[579],[735],[938],[911],[729],[546],[418],[225],[51],[9],[-16],[-52],[-92],[-150],[-185],[-228],[-211],[-162],[-85],[27],[136],[144],[166],[92],[-29],[-186],[-333],[-486],[-622],[-765],[-897],[-992],[-1029],[-997],[-944],[-902],[-883],[-856],[-892],[-938],[-1044],[-1340],[-1748],[-1954],[-1823],[-1132],[-330],[517],[1328],[1884],[2049],[2035],[2030],[2035],[575],[-603],[-1640],[-2017],[-2026],[-2025],[-1891],[-848],[-142],[460],[900],[1253],[1391],[1346],[1238],[1164],[1199],[970],[530],[205],[-26],[-298],[-549],[-643],[-577],[-472],[-274],[-8],[300],[514],[684],[746],[871],[829],[506],[88],[-130],[-98],[45],[283],[518],[577],[483],[529],[513],[391],[239],[27],[-86],[-77],[37],[138],[241],[412],[612],[793],[862],[866],[684],[416],[272],[179],[28],[-16],[-57],[-74],[-45],[30],[43],[33],[-28],[-21],[70],[142],[177],[149],[92],[27],[-105],[-230],[-426],[-526],[-596],[-653],[-629],[-646],[-750],[-858],[-990],[-1035],[-1070],[-1028],[-1046],[-949],[-968],[-1029],[-1176],[-1573],[-1934],[-2003],[-1469],[-772],[206],[1354],[2033],[2049],[2033],[2031],[2049],[767],[-852],[-1986],[-2026],[-2026],[-2026],[-2025],[-572],[422],[1055],[1353],[1522],[1389],[1007],[602],[421],[467],[549],[678],[717],[716],[526],[75],[-368],[-661],[-883],[-957],[-709],[-189],[438],[893],[1170],[1301],[1089],[714],[387],[102],[-32],[-1],[128],[333],[543],[559],[565],[456],[257],[132],[65],[59],[180],[310],[448],[488],[513],[442],[395],[347],[325],[366],[411],[449],[471],[420],[362],[217],[28],[-106],[-227],[-271],[-247],[-141],[-67],[-4],[78],[93],[39],[-29],[-134],[-239],[-322],[-330],[-329],[-356],[-441],[-558],[-720],[-928],[-1131],[-1248],[-1307],[-1219],[-1186],[-1093],[-1180],[-1146],[-1331],[-1686],[-1985],[-2014],[-1464],[-652],[389],[1573],[2028],[2033],[2049],[2049],[2030],[1052],[-952],[-2016],[-2026],[-2027],[-2026],[-2026],[-832],[236],[1035],[1593],[1869],[1792],[1501],[1084],[808],[621],[479],[372],[325],[256],[61],[-186],[-418],[-542],[-615],[-594],[-345],[64],[466],[826],[1015],[1089],[995],[760],[444],[157],[-76],[-225],[-227],[-59],[286],[550],[782],[842],[782],[599],[387],[149],[-75],[-180],[-133],[21],[246],[513],[662],[741],[794],[722],[635],[420],[297],[150],[58],[7],[-44],[-89],[-157],[-233],[-289],[-293],[-218],[-112],[14],[189],[268],[304],[228],[50],[-175],[-434],[-662],[-838],[-932],[-1003],[-1109],[-1146],[-1174],[-1156],[-1073],[-1109],[-1067],[-1087],[-1218],[-1491],[-1846],[-2021],[-2025],[-1648],[-808],[194],[1330],[2049],[2049],[2042],[2040],[2049],[2035],[-635],[-1910],[-2026],[-2026],[-2026],[-2026],[-1628],[7],[856],[1479],[1826],[1869],[1624],[1337],[1022],[745],[500],[398],[326],[252],[83],[-208],[-444],[-555],[-610],[-566],[-329],[59],[458],[783],[1090],[1218],[1098],[819],[494],[286],[76],[-14],[52],[168],[370],[500],[555],[582],[462],[324],[196],[117],[77],[167],[257],[359],[486],[588],[584],[580],[584],[507],[426],[351],[281],[180],[115],[21],[-80],[-196],[-232],[-262],[-221],[-142],[-107],[-53],[9],[54],[26],[-27],[-94],[-132],[-197],[-254],[-316],[-366],[-461],[-633],[-896],[-1333],[-1596],[-1862],[-1898],[-1736],[-1402],[-856],[-317],[45],[-197],[-752],[-1322],[-1646],[-1535],[-1144],[-114],[764],[1592],[2049],[2049],[2032],[2036],[596],[-914],[-1945],[-2026],[-2026],[-2026],[-1290],[-297],[524],[1284],[1677],[1652],[1382],[901],[520],[299],[212],[182],[277],[335],[413],[431],[244],[-9],[-217],[-425],[-456],[-201],[117],[332],[589],[765],[842],[810],[608],[472],[318],[237],[281],[411],[513],[513],[480],[404],[339],[208],[38],[10],[46],[192],[389],[513],[601],[646],[631],[615],[576],[468],[360],[245],[180],[190],[176],[44],[-58],[-159],[-229],[-260],[-234],[-221],[-176],[-84],[50],[77],[23],[-63],[-145],[-250],[-353],[-488],[-713],[-936],[-1142],[-1219],[-1350],[-1346],[-1402],[-1435],[-1397],[-1384],[-1435],[-1736],[-2013],[-2026],[-2026],[-2026],[-955],[477],[2032],[2049],[2033],[2049],[2020],[2049],[2049],[-1378],[-2026],[-2026],[-2026],[-2026],[-2026],[-1108],[384],[1386],[2031],[2036],[2032],[2033],[2049],[950],[676],[428],[497],[510],[308],[28],[-269],[-485],[-756],[-977],[-898],[-518],[34],[541],[959],[1343],[1444],[1229],[897],[571],[244],[-118],[-313],[-249],[-99],[85],[483],[725],[858],[850],[664],[413],[230],[106],[-68],[-44],[74],[201],[439],[607],[789],[887],[813],[724],[628],[410],[250],[48],[-157],[-262],[-307],[-394],[-411],[-333],[-281],[-154],[40],[190],[280],[294],[213],[101],[-75],[-209],[-419],[-661],[-848],[-1013],[-1197],[-1326],[-1386],[-1506],[-1499],[-1494],[-1387],[-1272],[-1203],[-1391],[-1794],[-2018],[-2025],[-2001],[-987],[87],[1445],[2019],[2049],[2049],[2035],[2035],[2036],[-869],[-2017],[-2026],[-2026],[-2026],[-2026],[-947],[272],[1086],[1690],[1947],[1756],[1410],[1109],[787],[575],[494],[513],[593],[556],[318],[37],[-218],[-490],[-672],[-649],[-449],[-91],[336],[710],[975],[1030],[910],[614],[330],[111],[-73],[-161],[-56],[155],[483],[798],[966],[962],[831],[605],[370],[134],[-33],[-125],[-95],[30],[310],[504],[650],[814],[836],[821],[755],[578],[430],[264],[84],[-51],[-166],[-273],[-374],[-402],[-378],[-255],[-139],[7],[156],[214],[256],[156],[-1],[-134],[-277],[-413],[-568],[-786],[-1013],[-1158],[-1304],[-1361],[-1452],[-1497],[-1549],[-1597],[-1535],[-1482],[-1535],[-1814],[-2004],[-2016],[-1434],[-680],[254],[1532],[2049],[2034],[2036],[2037],[2049],[1799],[-777],[-1987],[-2026],[-2026],[-2027],[-2026],[-1056],[90],[945],[1537],[1891],[1778],[1508],[1207],[946],[704],[544],[530],[513],[408],[202],[-81],[-286],[-458],[-527],[-506],[-309],[34],[400],[710],[914],[984],[786],[537],[325],[175],[75],[145],[295],[447],[669],[769],[769],[606],[434],[226],[45],[-27],[-30],[89],[225],[372],[541],[598],[667],[658],[633],[604],[565],[519],[423],[355],[201],[24],[-123],[-273],[-418],[-473],[-459],[-336],[-161],[6],[131],[189],[191],[82],[-69],[-202],[-366],[-531],[-699],[-841],[-979],[-1120],[-1287],[-1413],[-1524],[-1535],[-1466],[-1472],[-1535],[-1665],[-1937],[-2020],[-2025],[-1963],[-1005],[-198],[847],[2038],[2049],[2035],[2033],[2049],[2049],[2],[-1353],[-2021],[-2026],[-2026],[-2026],[-2025],[-442],[437],[1114],[1534],[1643],[1524],[1370],[1173],[956],[814],[679],[668],[606],[364],[54],[-225],[-455],[-596],[-627],[-502],[-157],[259],[614],[875],[1027],[961],[765],[534],[389],[178],[151],[152],[282],[472],[559],[566],[533],[438],[312],[199],[130],[125],[129],[212],[330],[458],[537],[530],[552],[613],[633],[628],[579],[525],[401],[252],[98],[-103],[-277],[-420],[-481],[-465],[-344],[-176],[5],[122],[186],[218],[92],[-52],[-182],[-306],[-440],[-584],[-702],[-865],[-984],[-1138],[-1259],[-1355],[-1443],[-1441],[-1462],[-1444],[-1428],[-1585],[-1871],[-2014],[-2020],[-1449],[-789],[72],[1377],[2037],[2038],[2049],[2027],[2049],[343],[-1174],[-2019],[-2026],[-2026],[-2026],[-2025],[-356],[651],[1184],[1438],[1516],[1415],[1063],[837],[802],[707],[602],[668],[719],[627],[264],[-137],[-330],[-499],[-573],[-509],[-183],[183],[541],[820],[976],[943],[741],[437],[258],[228],[186],[202],[359],[527],[646],[644],[558],[447],[295],[125],[2],[90],[182],[257],[365],[533],[567],[527],[516],[579],[560],[550],[529],[514],[470],[358],[211],[-28],[-222],[-338],[-451],[-421],[-281],[-179],[-19],[98],[154],[154],[61],[-141],[-322],[-418],[-485],[-511],[-559],[-706],[-868],[-1077],[-1201],[-1264],[-1325],[-1328],[-1258],[-1063],[-860],[-669],[-859],[-1214],[-1546],[-1661],[-1618],[-1544],[-1164],[-227],[990],[1997],[2026],[2049],[2049],[2028],[596],[-445],[-1256],[-1912],[-2024],[-2025],[-1112],[-341],[255],[731],[1014],[1087],[997],[895],[817],[629],[546],[604],[758],[807],[597],[353],[158],[-74],[-258],[-284],[-192],[-21],[123],[326],[558],[644],[668],[546],[377],[256],[69],[88],[235],[480],[560],[600],[629],[682],[656],[543],[422],[242],[90],[89],[117],[252],[334],[326],[365],[487],[578],[621],[616],[566],[530],[418],[314],[199],[60],[-147],[-284],[-343],[-301],[-255],[-226],[-182],[-98],[-13],[29],[-14],[-86],[-177],[-254],[-312],[-393],[-486],[-745],[-941],[-1121],[-1265],[-1397],[-1454],[-1503],[-1461],[-1381],[-1360],[-1402],[-1551],[-1661],[-1670],[-1403],[-1025],[-532],[-31],[864],[1782],[2047],[2021],[2049],[2036],[845],[-203],[-1094],[-1728],[-2011],[-2024],[-1816],[-885],[-58],[498],[931],[1186],[1282],[1213],[1181],[1035],[826],[715],[732],[675],[554],[344],[107],[-68],[-224],[-298],[-267],[-60],[149],[333],[514],[676],[669],[539],[378],[202],[202],[250],[341],[424],[524],[603],[604],[624],[559],[445],[301],[158],[132],[179],[214],[257],[330],[373],[376],[439],[550],[579],[563],[535],[509],[424],[357],[161],[-32],[-213],[-341],[-355],[-307],[-225],[-124],[-42],[32],[70],[108],[26],[-116],[-243],[-314],[-358],[-387],[-429],[-542],[-753],[-942],[-1091],[-1185],[-1289],[-1290],[-1341],[-1306],[-1217],[-1152],[-1115],[-1301],[-1436],[-1558],[-1374],[-1021],[-718],[-252],[294],[1024],[1586],[1985],[1969],[1525],[915],[181],[-501],[-1064],[-1412],[-1552],[-1381],[-958],[-409],[136],[598],[869],[907],[928],[938],[908],[800],[717],[657],[598],[548],[477],[294],[154],[-5],[-65],[35],[324],[537],[681],[730],[663],[493],[298],[71],[-109],[-290],[-272],[-132],[211],[532],[768],[930],[979],[874],[680],[539],[318],[99],[-19],[-81],[-60],[36],[167],[258],[372],[477],[516],[619],[653],[567],[419],[242],[94],[-70],[-239],[-366],[-421],[-415],[-324],[-158],[26],[149],[174],[190],[127],[8],[-138],[-277],[-353],[-419],[-461],[-515],[-620],[-728],[-877],[-1011],[-1063],[-1130],[-1133],[-1160],[-1148],[-1137],[-997],[-1045],[-1153],[-1260],[-1288],[-1148],[-862],[-633],[-460],[-262],[125],[627],[1055],[1311],[1214],[898],[562],[177],[-197],[-549],[-897],[-1100],[-993],[-629],[-206],[195],[464],[590],[684],[742],[771],[747],[587],[461],[488],[513],[555],[526],[465],[301],[178],[100],[93],[148],[212],[197],[251],[323],[413],[379],[371],[356],[273],[263],[287],[303],[322],[401],[408],[456],[565],[564],[530],[493],[391],[275],[187],[183],[158],[212],[250],[308],[426],[513],[521],[539],[472],[323],[197],[98],[-13],[-99],[-170],[-196],[-170],[-107],[-83],[-60],[-50],[-29],[-25],[-38],[-36],[-92],[-135],[-166],[-64],[-70],[-124],[-265],[-511],[-814],[-1040],[-1134],[-1179],[-1080],[-961],[-823],[-669],[-568],[-565],[-750],[-929],[-1088],[-1110],[-983],[-767],[-515],[-344],[-72],[91],[267],[344],[325],[155],[106],[50],[35],[23],[12],[-81],[-163],[-202],[-169],[-146],[-102],[-30],[90],[237],[425],[547],[599],[562],[499],[432],[359],[327],[293],[219],[264],[345],[416],[513],[477],[419],[320],[262],[335],[319],[250],[212],[237],[252],[305],[390],[404],[379],[359],[396],[450],[478],[454],[365],[296],[291],[322],[346],[353],[342],[340],[362],[379],[339],[246],[178],[113],[70],[79],[72],[56],[77],[47],[63],[37],[-21],[-88],[-164],[-232],[-254],[-253],[-233],[-188],[-153],[-116],[-61],[-61],[-122],[-218],[-402],[-575],[-770],[-881],[-899],[-880],[-833],[-760],[-714],[-654],[-612],[-649],[-730],[-821],[-780],[-752],[-591],[-445],[-292],[-215],[-201],[-187],[-234],[-226],[-226],[-208],[-115],[19],[82],[79],[130],[112],[21],[-22],[-40],[-54],[37],[102],[226],[301],[330],[291],[275],[241],[203],[214],[316],[346],[382],[464],[513],[468],[490],[437],[357],[353],[347],[396],[432],[400],[335],[315],[323],[271],[295],[280],[299],[354],[414],[429],[442],[422],[410],[447],[413],[363],[364],[417],[408],[434],[383],[328],[218],[117],[84],[91],[85],[82],[120],[133],[151],[155],[103],[66],[-9],[-26],[-18],[-26],[2],[-36],[-52],[-110],[-158],[-187],[-235],[-233],[-178],[-114],[-101],[-165],[-245],[-370],[-515],[-589],[-650],[-681],[-702],[-638],[-585],[-514],[-438],[-475],[-520],[-604],[-737],[-797],[-755],[-697],[-574],[-393],[-253],[-176],[-41],[-29],[-102],[-204],[-306],[-433],[-413],[-366],[-239],[-155],[-4],[95],[151],[197],[222],[232],[200],[166],[112],[67],[91],[122],[151],[165],[166],[257],[303],[327],[404],[404],[428],[429],[475],[495],[508],[402],[380],[362],[376],[362],[312],[292],[291],[295],[333],[413],[375],[387],[421],[462],[467],[507],[461],[396],[373],[350],[289],[270],[240],[198],[186],[242],[226],[266],[252],[232],[223],[207],[149],[143],[69],[22],[34],[-2],[-32],[-36],[-12],[-33],[-37],[-46],[-74],[-106],[-171],[-181],[-165],[-168],[-153],[-161],[-183],[-185],[-255],[-349],[-413],[-437],[-406],[-369],[-385],[-359],[-355],[-365],[-418],[-486],[-568],[-670],[-683],[-652],[-591],[-506],[-472],[-450],[-392],[-299],[-241],[-195],[-164],[-227],[-245],[-245],[-309],[-331],[-374],[-351],[-307],[-196],[-93],[12],[31],[81],[110],[112],[146],[175],[221],[223],[260],[298],[253],[203],[123],[104],[108],[102],[116],[188],[328],[415],[478],[513],[495],[474],[419],[440],[433],[421],[427],[399],[365],[339],[309],[341],[334],[307],[324],[398],[410],[403],[378],[362],[300],[245],[252],[252],[260],[293],[317],[292],[257],[244],[182],[123],[104],[60],[33],[71],[81],[101],[98],[48],[-14],[-43],[-85],[-108],[-120],[-102],[-59],[-49],[-46],[-25],[-69],[-121],[-195],[-228],[-339],[-419],[-446],[-404],[-370],[-280],[-217],[-197],[-164],[-197],[-298],[-361],[-483],[-629],[-661],[-645],[-533],[-411],[-316],[-308],[-270],[-286],[-353],[-430],[-458],[-474],[-462],[-380],[-316],[-281],[-245],[-255],[-247],[-214],[-160],[-117],[-22],[99],[144],[190],[253],[230],[118],[85],[68],[71],[107],[149],[194],[255],[248],[290],[235],[242],[224],[232],[309],[402],[475],[539],[586],[533],[494],[446],[374],[280],[250],[229],[229],[282],[341],[391],[393],[373],[319],[290],[232],[187],[178],[193],[193],[174],[205],[224],[193],[183],[175],[214],[198],[181],[189],[143],[100],[11],[-54],[-112],[-174],[-151],[-149],[-113],[-36],[-22],[-18],[23],[3],[-57],[-97],[-126],[-208],[-240],[-266],[-262],[-297],[-298],[-263],[-273],[-290],[-254],[-251],[-241],[-232],[-225],[-251],[-266],[-351],[-446],[-471],[-502],[-541],[-534],[-522],[-433],[-379],[-301],[-245],[-259],[-273],[-255],[-246],[-226],[-228],[-245],[-263],[-260],[-288],[-315],[-331],[-308],[-214],[-141],[15],[62],[79],[70],[39],[-10],[-30],[4],[-29],[55],[182],[264],[336],[350],[283],[188],[76],[24],[-11],[6],[88],[247],[370],[449],[485],[513],[437],[339],[257],[183],[194],[220],[261],[340],[391],[377],[335],[320],[230],[133],[124],[134],[164],[244],[269],[271],[271],[279],[210],[157],[114],[116],[86],[140],[125],[125],[53],[11],[-11],[-65],[-107],[-94],[-82],[-45],[23],[46],[33],[34],[11],[-14],[-51],[-120],[-128],[-187],[-260],[-304],[-316],[-318],[-342],[-296],[-244],[-160],[-153],[-123],[-135],[-134],[-176],[-285],[-308],[-330],[-349],[-323],[-319],[-250],[-197],[-175],[-170],[-198],[-243],[-336],[-401],[-390],[-367],[-366],[-329],[-238],[-202],[-184],[-164],[-137],[-159],[-144],[-91],[-41],[20],[84],[107],[134],[90],[30],[-88],[-152],[-198],[-201],[-133],[-2],[209],[295],[318],[299],[224],[166],[171],[138],[122],[174],[247],[327],[352],[343],[264],[202],[142],[122],[131],[208],[254],[306],[358],[373],[333],[296],[247],[208],[178],[168],[210],[252],[234],[236],[239],[235],[176],[150],[159],[148],[142],[158],[182],[182],[158],[170],[171],[146],[150],[155],[148],[140],[112],[68],[-21],[-67],[-83],[-107],[-73],[-19],[-22],[30],[-10],[-29],[-78],[-138],[-191],[-198],[-196],[-185],[-164],[-90],[-79],[-61],[-113],[-149],[-165],[-142],[-178],[-164],[-138],[-177],[-163],[-150],[-158],[-195],[-204],[-221],[-252],[-248],[-222],[-207],[-148],[-104],[-73],[-113],[-82],[-65],[-81],[-71],[-13],[-12],[34],[80],[101],[74],[18],[-85],[-120],[-162],[-182],[-172],[-157],[-58],[52],[138],[164],[154],[102],[53],[52],[40],[23],[-29],[3],[37],[69],[133],[115],[147],[104],[91],[142],[141],[125],[152],[140],[186],[156],[95],[101],[72],[68],[75],[110],[90],[134],[174],[176],[192],[186],[219],[229],[273],[343],[323],[271],[238],[223],[156],[136],[91],[72],[103],[124],[159],[148],[150],[93],[23],[-14],[-8],[-35],[-14],[24],[64],[99],[117],[99],[91],[36],[15],[-35],[-53],[-68],[-92],[-99],[-130],[-142],[-162],[-169],[-149],[-166],[-138],[-180],[-180],[-137],[-115],[-99],[-42],[-44],[-74],[-70],[-49],[-80],[-116],[-118],[-133],[-136],[-116],[-107],[-107],[-116],[-78],[-49],[-37],[21],[-8],[-57],[-43],[-20],[-63],[-91],[-104],[-90],[-43],[7],[8],[16],[6],[-42],[-73],[-71],[-97],[-139],[-78],[-18],[12],[46],[49],[-21],[-35],[-91],[-132],[-60],[-36],[-20],[69],[141],[95],[67],[3],[-81],[-89],[-53],[-24],[7],[65],[138],[151],[127],[40],[15],[-61],[-64],[3],[74],[77],[112],[150],[133],[61],[-11],[-85],[-109],[-54],[68],[97],[128],[226],[239],[244],[216],[87],[-17],[-38],[-21],[4],[40],[26],[47],[70],[64],[32],[-70],[-99],[-64],[-25],[-6],[28],[39],[88],[65],[31],[-14],[-29],[-64],[-43],[18],[19],[5],[-14],[-29],[-15],[-14],[-53],[-98],[-99],[-76],[-88],[-81],[-38],[-44],[-37],[11],[37],[15],[-20],[-5],[-12],[-41],[-54],[-40],[-61],[-46],[-1],[-8],[-21],[-17],[27],[31],[24],[6],[-3],[7],[18],[34],[64],[44],[16],[30],[22],[-2],[-50],[-88],[-90],[-53],[-36],[-58],[-8],[68],[95],[84],[95],[102],[80],[56],[48],[44],[31],[44],[54],[40],[61],[61],[37],[43],[12],[-17],[-33],[-11],[7],[20],[70],[93],[114],[136],[75],[50],[69],[61],[71],[63],[83],[124],[100],[69],[50],[20],[-50],[-86],[-64],[-74],[-75],[-63],[-12],[71],[71],[78],[42],[33],[39],[60],[62],[26],[-15],[-14],[42],[20],[-38],[-59],[-79],[-45],[-27],[-56],[-34],[-2],[-27],[-44],[10],[11],[-14],[-29],[-24],[-36],[-52],[-52],[-46],[-9],[-33],[-21],[-13],[-30],[-46],[-92],[-122],[-133],[-101],[-104],[-91],[-41],[-18],[-4],[-17],[-25],[-45],[-76],[-91],[-71],[-89],[-89],[-85],[-50],[-47],[-38],[-60],[-82],[-98],[-99],[-102],[-91],[-60],[-17],[-22],[-31],[-35],[-29],[-78],[-110],[-86],[-108],[-108],[-86],[-66],[-52],[-74],[-73],[-55],[-58],[-88],[-85],[-66],[-57],[10],[35],[28],[40],[44],[-18],[-42],[-19],[-79],[-113],[-62],[-5],[12],[13],[36],[20],[-22],[-56],[-52],[-73],[-56],[-17],[-4],[46],[79],[57],[11],[10],[-9],[-70],[-86],[-83],[-37],[7],[20],[16],[6],[-27],[-84],[-105],[-103],[-91],[-43],[-29],[22],[69],[22],[-22],[-42],[-45],[-78],[-80],[-53],[-33],[10],[-13],[8],[-42],[-103],[-98],[-86],[-72],[-63],[-39],[-13],[38],[19],[-33],[-67],[-78],[-84],[-77],[-72],[-38],[-45],[-27],[-24],[-12],[-27],[-59],[-62],[-75],[-68],[-77],[-72],[-84],[-89],[-70],[-97],[-102],[-122],[-139],[-106],[-89],[-57],[-59],[-26],[-42],[-58],[-79],[-103],[-108],[-104],[-89],[-61],[-67],[-60],[-49],[-42],[-35],[-38],[-37],[9],[-4],[20],[21],[56],[46],[42],[19],[12],[-2],[-12],[-18],[12],[19],[34],[67],[114],[98],[102],[85],[104],[115],[91],[70],[76],[93],[112],[95],[89],[90],[93],[124],[111],[111],[126],[124],[132],[152],[188],[162],[155],[178],[160],[157],[181],[152],[127],[131],[141],[178],[172],[172],[202],[245],[239],[227],[247],[236],[237],[247],[221],[238],[228],[261],[246],[231],[243],[257],[257],[261],[305],[301],[294],[352],[345],[337],[341],[336],[294],[284],[320],[305],[276],[306],[309],[315],[324],[348],[320],[294],[293],[289],[286],[299],[275],[305],[322],[303],[286],[310],[288],[259],[235],[258],[231],[216],[203],[198],[179],[172],[145],[140],[158],[115],[112],[77],[60],[71],[44],[21],[29],[27],[2],[4],[10],[-27],[-50],[-66],[-61],[-79],[-86],[-86],[-118],[-105],[-131],[-136],[-142],[-147],[-152],[-125],[-130],[-116],[-91],[-117],[-119],[-104],[-119],[-101],[-121],[-134],[-137],[-143],[-139],[-115],[-141],[-166],[-164],[-137],[-149],[-158],[-149],[-117],[-123],[-125],[-102],[-96],[-126],[-146],[-125],[-111],[-136],[-131],[-145],[-122],[-131],[-156],[-134],[-157],[-177],[-180],[-162],[-172],[-174],[-155],[-151],[-163],[-168],[-155],[-188],[-218],[-196],[-222],[-196],[-214],[-220],[-214],[-187],[-187],[-181],[-180],[-190],[-170],[-192],[-171],[-161],[-172],[-180],[-153],[-157],[-138],[-139],[-142],[-117],[-140],[-155],[-130],[-120],[-121],[-123],[-107],[-114],[-97],[-100],[-139],[-126],[-125],[-139],[-122],[-99],[-100],[-109],[-106],[-94],[-111],[-98],[-112],[-128],[-125],[-110],[-129],[-146],[-129],[-148],[-169],[-166],[-182],[-166],[-140],[-142],[-102],[-109],[-117],[-117],[-98],[-127],[-164],[-187],[-168],[-191],[-187],[-166],[-175],[-166],[-130],[-144],[-130],[-149],[-154],[-136],[-137],[-140],[-123],[-126],[-86],[-93],[-102],[-86],[-96],[-91],[-95],[-73],[-94],[-62],[-72],[-89],[-75],[-85],[-82],[-83],[-77],[-49],[-62],[-58],[-33],[-51],[-45],[-24],[-41],[-51],[-41],[-62],[-64],[-32],[-43],[-57],[-33],[-44],[-22],[-11],[-37],[-58],[-48],[-50],[-62],[-48],[-3],[-5],[-11],[18],[9],[-11],[-6],[-15],[-22],[-22],[-12],[15],[-1],[-14],[6],[-18],[-26],[13],[-19],[-14],[2],[16],[26],[47],[33],[26],[48],[31],[-3],[-8],[-15],[-18],[-16],[-14],[-6],[-25],[-43],[-34],[-21],[-32],[-13],[8],[39],[37],[66],[64],[39],[12],[19],[-1],[-18],[-17],[-13],[9],[34],[49],[59],[62],[68],[66],[78],[58],[58],[71],[51],[55],[66],[104],[87],[72],[82],[107],[75],[52],[65],[38],[34],[60],[44],[36],[47],[70],[70],[76],[69],[60],[49],[34],[22],[30],[26],[14],[43],[38],[58],[61],[46],[44],[67],[50],[27],[52],[56],[50],[85],[73],[52],[83],[51],[60],[48],[66],[72],[115],[108],[107],[141],[112],[106],[95],[55],[51],[50],[75],[84],[116],[147],[195],[185],[172],[166],[155],[148],[172],[143],[146],[181],[155],[186],[178],[152],[141],[139],[118],[117],[138],[132],[175],[163],[148],[165],[166],[143],[138],[132],[94],[96],[100],[71],[66],[68],[87],[69],[70],[59],[61],[42],[34],[72],[44],[59],[66],[44],[64],[36],[44],[22],[10],[19],[19],[-14],[-16],[-3],[-20],[-19],[-16],[-8],[-11],[3],[6],[-10],[-4],[-4],[-25],[-35],[-15],[-38],[-45],[-29],[-59],[-50],[-64],[-45],[-52],[-58],[-37],[-45],[-43],[-54],[-30],[-61],[-65],[-73],[-66],[-83],[-90],[-67],[-68],[-77],[-60],[-57],[-68],[-61],[-42],[-62],[-75],[-74],[-76],[-80],[-60],[-73],[-68],[-38],[-59],[-59],[-47],[-68],[-78],[-71],[-62],[-62],[-24],[-38],[-51],[-30],[-52],[-58],[-62],[-71],[-73],[-65],[-44],[-47],[-22],[-9],[-14],[-28],[-14],[-18],[-31],[-36],[-2],[-10],[-19],[-10],[15],[6],[-8],[7],[-29],[-13],[-21],[12],[-14],[-9],[31],[18],[-1],[4],[4],[39],[32],[18],[38],[30],[36],[37],[46],[37],[60],[14],[27],[36],[21],[36],[61],[50],[85],[62],[69],[40],[54],[23],[35],[18],[8],[16],[19],[24],[27],[56],[21],[40],[20],[20],[15],[21],[18],[6],[22],[-6],[-11],[-18],[-21],[7],[-4],[-6],[6],[39],[20],[46],[24],[4],[-10],[13],[-10],[-23],[-21],[12],[5],[2],[10],[33],[12],[-15],[10],[4],[-11],[-8],[5],[-6],[-8],[19],[0],[-20],[7],[-6],[-21],[-16],[18],[-9],[-1],[7],[11],[13],[31],[15],[21],[24],[8],[-11],[12],[-1],[-3],[4],[14],[23],[4],[4],[-2],[26],[11],[2],[35],[22],[12],[30],[18],[16],[44],[22],[19],[35],[11],[37],[3],[18],[6],[17],[37],[31],[37],[66],[27],[21],[13],[7],[4],[36],[21],[7],[11],[38],[22],[8],[11],[11],[41],[28],[11],[21],[48],[33],[18],[18],[31],[6],[12],[-7],[-2],[-2],[22],[19],[6],[30],[22],[25],[47],[20],[18],[7],[26],[5],[3],[7],[22],[-4],[12],[-12],[-10],[14],[-9],[-14],[23],[5],[-6],[28],[17],[2],[14],[34],[23],[13],[26],[35],[15],[-4],[15],[27],[18],[3],[35],[23],[12],[14],[10],[-2],[-4],[23],[10],[13],[43],[34],[24],[22],[41],[23],[6],[18],[22],[11],[15],[29],[36],[37],[39],[42],[34],[31],[26],[40],[23],[25],[45],[23],[61],[50],[42],[62],[53],[52],[68],[27],[14],[36],[11],[10],[3],[10],[11],[41],[35],[28],[45],[39],[70],[55],[39],[31],[56],[24],[18],[18],[31],[11],[17],[25],[28],[23],[26],[25],[28],[28],[29],[55],[39],[27],[27],[37],[45],[56],[44],[61],[47],[61],[33],[29],[35],[18],[23],[48],[38],[44],[72],[43],[52],[38],[24],[35],[39],[26],[17],[53],[37],[38],[61],[40],[56],[64],[44],[28],[50],[45],[28],[26],[25],[49],[45],[82],[56],[51],[54],[20],[11],[35],[13],[-4],[16],[37],[32],[21],[52],[22],[32],[30],[10],[-9],[20],[-8],[-14],[20],[22],[5],[21],[24],[5],[-2],[19],[-5],[-26],[-30],[-24],[-36],[-6],[-21],[-33],[-6],[-42],[-47],[-50],[-45],[-38],[-4],[-36],[-30],[-26],[-10],[-32],[-40],[-57],[-64],[-67],[-69],[-36],[-53],[-18],[-23],[-26],[16],[5],[-16],[-27],[-10],[-34],[-54],[-38],[-25],[-31],[-35],[-21],[-16],[-17],[-20],[-25],[-3],[-18],[-31],[-18],[-33],[-18],[-26],[-24],[-18],[18],[-11],[-13],[-10],[23],[9],[-5],[-7],[14],[-20],[-25],[-25],[3],[-15],[-25],[-14],[-20],[-19],[-2],[-27],[-14],[-13],[-38],[-19],[-34],[-48],[-28],[-25],[-35],[-30],[-18],[-42],[-28],[-28],[-41],[-37],[-7],[-29],[-21],[-16],[-5],[-25],[-28],[-31],[-31],[-19],[-25],[14],[8],[4],[23],[32],[12],[-9],[-4],[-26],[-35],[-40],[-34],[-45],[-17],[-33],[-32],[-29],[-24],[-30],[6],[-12],[-26],[-10],[-6],[-36],[-40],[-50],[-53],[-69],[-68],[-62],[-26],[-45],[-16],[-28],[-11],[-20],[-16],[-25],[-4],[-22],[-38],[-30],[-7],[-22],[15],[7],[3],[6],[17],[18],[21],[2],[-3],[13],[-3],[6],[32],[23],[15],[31],[43],[23],[7],[36],[11],[12],[37],[10],[8],[8],[50],[19],[28],[7],[5],[22],[2],[-15],[19],[-1],[-13],[-12],[21],[9],[-9],[-14],[-19],[-10],[-42],[-50],[-36],[-52],[-45],[-38],[-37],[-30],[-3],[-24],[-41],[-49],[-62],[-69],[-54],[-69],[-68],[-39],[-46],[-51],[-41],[-25],[-51],[-51],[-74],[-84],[-69],[-85],[-92],[-73],[-80],[-62],[-37],[-52],[-37],[-52],[-50],[-57],[-48],[-72],[-74],[-63],[-74],[-78],[-81],[-82],[-54],[-61],[-73],[-76],[-75],[-73],[-37],[-47],[-57],[-27],[-43],[-61],[-37],[-60],[-78],[-80],[-82],[-63],[-74],[-70],[-33],[-56],[-25],[-46],[-47],[-21],[-38],[-51],[-42],[-56],[-57],[-60],[-29],[-35],[-51],[-42],[-50],[-22],[-32],[-38],[-34],[-37],[-13],[-33],[-31],[-34],[-16],[-31],[-36],[4],[-10],[-18],[-14],[-23],[-28],[-26],[-24],[-24],[-2],[-23],[-26],[-28],[2],[4],[-13],[2],[8],[-17],[-4],[4],[-10],[-25],[4],[-11],[-27],[8],[6],[-10],[-8],[19],[6],[-16],[-5],[-22],[-13],[-5],[-33],[-9],[-34],[-35],[-28],[-26],[12],[-2],[-11],[2],[20],[5],[-9],[6],[9],[-10],[-25],[-10],[-2],[-24],[-22],[-2],[-14],[-24],[-8],[-2],[-10],[-3],[7],[11],[10],[34],[5],[14],[-9],[-11],[-16],[-15],[-17],[-3],[-11],[26],[30],[22],[12],[39],[8],[29],[12],[-7],[10],[12],[-2],[4],[30],[17],[8],[14],[35],[12],[43],[30],[11],[38],[16],[16],[45],[28],[14],[51],[39],[20],[24],[23],[18],[35],[17],[20],[39],[20],[36],[19],[18],[43],[31],[21],[20],[43],[25],[18],[45],[29],[16],[19],[43],[10],[10],[11],[18],[23],[38],[20],[10],[40],[30],[12],[6],[34],[22],[6],[8],[30],[8],[32],[21],[10],[28],[16],[19],[31],[38],[20],[2],[18],[22],[-1],[2],[22],[7],[2],[34],[24],[8],[40],[11],[30],[13],[15],[46],[33],[11],[30],[7],[7],[32],[6],[9],[14],[18],[41],[25],[24],[44],[28],[12],[36],[20],[11],[13],[14],[14],[48],[42],[33],[26],[48],[32],[15],[22],[8],[24],[5],[7],[4],[4],[32],[21],[12],[34],[43],[21],[38],[45],[28],[23],[13],[7],[28],[7],[-8],[13],[28],[15],[16],[22],[21],[38],[18],[39],[15],[10],[10],[8],[8],[12],[8],[22],[7],[2],[22],[22],[13],[17],[44],[33],[18],[16],[12],[12],[18],[11],[40],[32],[26],[28],[47],[28],[13],[47],[32],[5],[16],[20],[8],[-2],[28],[13],[19],[46],[15],[17],[11],[30],[5],[30],[-3],[20],[5],[7],[39],[21],[-3],[29],[28],[12],[16],[42],[30],[19],[22],[23],[27],[42],[23],[20],[10],[26],[24],[11],[18],[30],[17],[22],[51],[39],[20],[46],[42],[26],[24],[50],[17],[20],[32],[21],[21],[23],[32],[17],[33],[16],[19],[14],[36],[15],[15],[31],[13],[10],[44],[28],[10],[35],[32],[11],[18],[3],[31],[7],[-8],[-8],[-8],[6],[2],[14],[45],[28],[12],[8],[3],[-10],[-8],[2],[-3],[4],[29],[22],[26],[21],[21],[22],[15],[34],[18],[3],[2],[24],[-3],[-5],[-2],[6],[11],[8],[7],[10],[42],[10],[5],[28],[-6],[-8],[-9],[-9],[18],[4],[2],[6],[24],[3],[5],[35],[16],[5],[6],[12],[12],[10],[43],[31],[10],[2],[-9],[23],[11],[-8],[-6],[30],[-6],[12],[24],[-5],[-6],[2],[3],[-19],[-16],[-16],[-14],[-13],[-3],[3],[11],[-9],[-9],[5],[-24],[-26],[-20],[-36],[-19],[-13],[-27],[6],[-11],[-10],[22],[8],[-6],[-8],[16],[-14],[-15],[-24],[-22],[-14],[-29],[-16],[-29],[-26],[3],[-18],[-17],[5],[-13],[-15],[-19],[-4],[-15],[-20],[10],[-21],[-25],[-13],[-22],[-19],[18],[5],[-11],[-8],[-18],[-21],[11],[-12],[-31],[-26],[-12],[-25],[-32],[-12],[-3],[-11],[-3],[22],[-4],[21],[-8],[-12],[4],[-18],[-26],[6],[-4],[-18],[6],[-12],[-18],[10],[2],[-11],[-10],[12],[-6],[-3],[-4],[12],[-6],[21],[-3],[-19],[-20],[-25],[-26],[-13],[-27],[2],[16],[-6],[-5],[12],[-15],[-18],[9],[-18],[-26],[10],[5],[-7],[-6],[23],[13],[-5],[-6],[-12],[15],[-3],[-25],[-17],[-29],[8],[2],[-13],[-10],[14],[-2],[-14],[5],[14],[-3],[-13],[10],[-12],[10],[7],[-23],[-10],[-29],[-20],[-30],[-21],[-15],[14],[4],[-12],[-9],[15],[-2],[-11],[-10],[5],[-12],[4],[15],[-3],[-3],[23],[3],[-14],[10],[15],[-2],[-14],[-13],[21],[8],[-4],[-4],[0],[4],[30],[16],[3],[5],[4],[29],[13],[-9],[-5],[-11],[3],[12],[-4],[-15],[-7],[16],[-1],[-2],[12],[-11],[19],[5],[-9],[22],[-4],[-12],[18],[-4],[-19],[-4],[4],[-24],[-17],[18],[-17],[2],[12],[2],[-9],[8],[-6],[10],[-12],[-12],[18],[-13],[-16],[20],[-8],[-14],[14],[-16],[5],[-13],[-13],[14],[-2],[-19],[-6],[-4],[27],[11],[-3],[26],[25],[10],[2],[10],[-7],[-6],[8],[-8],[-5],[29],[11],[-4],[27],[28],[15],[15],[4],[3],[27],[13],[2],[2],[21],[12],[15],[43],[30],[16],[29],[35],[6],[8],[12],[20],[2],[6],[35],[5],[29],[7],[34],[28],[15],[6],[37],[23],[8],[10],[11],[11],[10],[10],[28],[2],[-3],[-10],[8],[18],[-3],[19],[6],[6],[8],[19],[3],[0],[2],[-6],[3],[15],[-9],[-11],[14],[13],[-10],[20],[-3],[-20],[2],[2],[-11],[4],[23],[11],[-3],[14],[22],[6],[-13],[22],[-8],[-6],[-11],[12],[23],[9],[-8],[-8],[-12],[3],[-14],[-12],[-14],[19],[10],[-9],[35],[23],[6],[19],[23],[-5],[-6],[-8],[20],[7],[-8],[-2],[2],[5],[6],[28],[-1],[2],[15],[-8],[20],[2],[-2],[17],[26],[11],[6],[14],[3],[30],[23],[5],[6],[31],[15],[-1],[-3],[23],[7],[-10],[10],[-7],[12],[23],[11],[2],[2],[32],[9],[-11],[5],[14],[-3],[-14],[15],[-2],[-12],[2],[13],[-6],[23],[11],[-5],[-6],[10],[-12],[-12],[13],[-18],[-20],[-14],[-9],[-6],[-9],[15],[-4],[4],[-11],[-5],[-9],[20],[3],[3],[0],[5],[17],[2],[-1],[18],[-4],[-9],[-5],[-10],[12],[19],[6],[-10],[23],[14],[-5],[-4],[-9],[2],[19],[8],[-3],[18],[27],[7],[8],[30],[12],[-11],[-11],[-9],[27],[-1],[-2],[18],[27],[13],[-2],[11],[19],[-5],[4],[4],[4],[12],[14],[4],[20],[20],[3],[29],[15],[4],[24],[-3],[24],[14],[4],[34],[17],[5],[18],[33],[11],[11],[17],[6],[8],[6],[10],[8],[37],[16],[2],[19],[21],[3],[12],[6],[23],[10],[8],[38],[22],[8],[14],[11],[5],[4],[2],[27],[-2],[15],[-6],[-3],[24],[-11],[10],[15],[5],[-4],[30],[16],[5],[29],[3],[2],[2],[28],[-4],[-2],[-3],[14],[28],[7],[6],[4],[2],[11],[-9],[8],[12],[-6],[-2],[29],[20],[8],[12],[19],[21],[44],[27],[7],[4],[2],[2],[3],[-1],[4],[10],[12],[12],[13],[11],[8],[6],[13],[14],[8],[8],[13],[3],[39],[24],[13],[12],[35],[19],[6],[26],[39],[27],[13],[16],[46],[30],[8],[35],[12],[15],[47],[29],[14],[24],[27],[13],[28],[37],[16],[16],[41],[25],[4],[27],[12],[3],[13],[19],[18],[47],[23],[12],[39],[21],[4],[16],[2],[23],[-2],[-4],[2],[2],[2],[18],[27],[12],[11],[14],[14],[14],[0],[16],[26],[3],[32],[-3],[3],[5],[3],[3],[3],[5],[24],[3],[32],[19],[7],[5],[-1],[20],[10],[10],[10],[10],[31],[20],[6],[18],[30],[-1],[16],[2],[-3],[18],[5],[5],[5],[6],[2],[39],[13],[8],[11],[10],[31],[16],[8],[37],[19],[3],[2],[26],[13],[5],[21],[10],[13],[29],[11],[26],[11],[32],[17],[10],[36],[26],[13],[14],[42],[21],[7],[34],[23],[11],[40],[16],[2],[30],[15],[-1],[4],[5],[9],[13],[38],[12],[26],[15],[36],[16],[4],[29],[2],[2],[2],[5],[2],[21],[7],[-4],[15],[5],[37],[23],[4],[40],[26],[11],[27],[10],[10],[34],[4],[4],[4],[12],[2],[35],[32],[16],[45],[29],[13],[11],[36],[21],[11],[35],[13],[22],[49],[22],[45],[26],[10],[23],[6],[4],[2],[-4],[2],[23],[8],[8],[35],[7],[11],[11],[11],[8],[8],[11],[20],[8],[38],[8],[5],[18],[26],[15],[-2],[26],[30],[15],[14],[12],[26],[14],[18],[43],[31],[12],[27],[34],[11],[12],[31],[8],[8],[3],[3],[31],[15],[7],[42],[26],[7],[19],[-1],[13],[23],[11],[12],[31],[21],[7],[37],[21],[3],[3],[24],[6],[-10],[20],[20],[5],[14],[35],[16],[11],[37],[6],[5],[11],[10],[39],[26],[8],[21],[30],[14],[3],[29],[15],[2],[18],[28],[15],[3],[30],[7],[32],[19],[10],[34],[10],[4],[22],[18],[-8],[-4],[29],[14],[3],[9],[28],[12],[2],[36],[15],[3],[20],[26],[6],[7],[34],[25],[5],[27],[8],[7],[38],[7],[34],[11],[-4],[27],[13],[5],[20],[27],[12],[-2],[32],[16],[4],[14],[-1],[32],[8],[7],[8],[30],[13],[2],[3],[3],[-2],[-3],[27],[13],[2],[23],[4],[35],[15],[16],[37],[6],[7],[27],[8],[8],[2],[-2],[27],[12],[-5],[27],[-2],[24],[9],[-1],[6],[20],[6],[23],[13],[10],[8],[27],[7],[30],[27],[14],[16],[41],[24],[7],[9],[35],[21],[5],[17],[-1],[-1],[-2],[19],[6],[13],[11],[11],[28],[10],[12],[8],[29],[-2],[-6],[2],[2],[25],[13],[0],[0],[28],[16],[5],[2],[23],[8],[-6],[24],[5],[-8],[-10],[-8],[21],[-2],[-2],[-4],[28],[-2],[5],[6],[17],[5],[11],[-8],[15],[20],[0],[5],[2],[8],[11],[13],[-6],[20],[2],[-1],[26],[5],[-9],[-11],[3],[17],[-4],[6],[20],[-3],[13],[3],[3],[15],[3],[29],[12],[-5],[29],[-6],[21],[5],[-9],[11],[21],[-1],[29],[5],[8],[14],[16],[12],[39],[8],[15],[4],[28],[26],[8],[13],[14],[15],[39],[14],[18],[16],[43],[28],[6],[23],[32],[11],[27],[20],[12],[39],[27],[13],[14],[12],[14],[35],[12],[12],[7],[5],[17],[4],[18],[28],[6],[13],[18],[39],[21],[4],[3],[-6],[22],[2],[-2],[3],[17],[4],[7],[29],[9],[11],[6],[34],[17],[3],[3],[26],[-5],[14],[28],[5],[10],[7],[5],[8],[4],[31],[4],[20],[4],[5],[24],[9],[-8],[19],[-4],[-3],[21],[9],[6],[32],[7],[7],[8],[25],[7],[2],[24],[13],[-7],[9],[-9],[9],[-3],[3],[23],[25],[3],[26],[4],[9],[7],[32],[20],[7],[9],[29],[5],[4],[42],[10],[23],[7],[35],[20],[7],[8],[31],[16],[7],[7],[14],[34],[10],[8],[11],[26],[12],[12],[5],[7],[26],[2],[13],[-2],[2],[-1],[3],[38],[24],[14],[14],[42],[26],[10],[5],[6],[6],[2],[20],[2],[2],[3],[6],[7],[39],[22],[8],[6],[36],[12],[2],[12],[10],[16],[6],[32],[21],[5],[6],[33],[3],[23],[8],[3],[29],[23],[11],[12],[28],[17],[-3],[15],[0],[14],[26],[4],[32],[2],[30],[27],[12],[4],[34],[21],[9],[13],[2],[10],[40],[20],[8],[10],[10],[7],[8],[10],[12],[11],[15],[-4],[18],[28],[15],[6],[15],[-5],[26],[20],[5],[27],[11],[-3],[26],[19],[7],[14],[8],[14],[31],[4],[34],[25],[13],[10],[39],[21],[4],[6],[-1],[-2],[-4],[23],[9],[-2],[31],[19],[5],[5],[33],[20],[4],[2],[24],[-4],[30],[19],[-1],[-1],[26],[14],[-6],[34],[21],[8],[30],[8],[3],[34],[22],[3],[21],[6],[2],[26],[17],[4],[4],[-2],[11],[2],[31],[23],[8],[12],[11],[10],[36],[17],[-4],[-1],[-2],[-2],[-2],[3],[-5],[22],[20],[7],[-9],[26],[19],[-6],[16],[18],[5],[2],[28],[11],[-1],[30],[2],[2],[16],[-2],[3],[29],[15],[3],[4],[30],[10],[8],[32],[14],[-3],[12],[21],[2],[-9],[-5],[-4],[22],[5],[-7],[22],[21],[-3],[10],[19],[-3],[-5],[16],[-15],[-19],[2],[8],[-10],[-18],[-14],[-10],[10],[-3],[-7],[-10],[-8],[9],[-11],[-12],[-16],[5],[-14],[-11],[18],[5],[-9],[-6],[-9],[-8],[-4],[-6],[-5],[-4],[22],[-8],[-7],[-5],[22],[-6],[14],[19],[6],[-9],[14],[13],[-2],[-9],[23],[13],[-6],[13],[-3],[-2],[27],[12],[-5],[-12],[14],[15],[-7],[2],[-3],[-2],[-5],[-6],[18],[3],[-11],[20],[8],[-4],[2],[8],[-5],[34],[20],[7],[6],[10],[-5],[-4],[2],[24],[11],[-2],[12],[5],[4],[-1],[23],[7],[-9],[19],[15],[4],[-13],[18],[12],[-4],[-4],[19],[6],[-9],[11],[18],[3],[-9],[-9],[-5],[-20],[11],[-18],[-19],[-5],[-17],[-18],[18],[5],[-10],[7],[10],[-11],[-9],[15],[-13],[-13],[11],[-6],[-18],[-16],[15],[-11],[-9],[20],[-9],[-10],[20],[5],[-12],[3],[11],[-5],[-18],[2],[7],[-17],[-24],[2],[-2],[-15],[-22],[11],[3],[-13],[-9],[20],[-11],[-12],[-13],[12],[-6],[-18],[2],[-2],[-17],[14],[3],[-14],[-24],[12],[4],[-12],[-21],[-19],[-18],[2],[4],[-17],[-5],[-14],[-12],[8],[-17],[-6],[7],[-6],[-20],[2],[7],[-14],[2],[10],[-8],[-17],[16],[-3],[-16],[-3],[12],[-10],[-21],[-19],[12],[-19],[10],[-18],[4],[-12],[-11],[-11],[-16],[-14],[-3],[7],[-11],[-25],[-12],[-3],[-24],[-25],[-26],[-24],[-8],[-18],[-17],[7],[11],[-12],[-10],[-12],[-20],[-22],[-22],[-25],[-27],[-24],[-4],[-20],[-24],[-19],[-18],[11],[-6],[-20],[-19],[11],[-14],[-19],[6],[7],[-10],[-22],[14],[-14],[-1],[-19],[2],[-9],[-18],[18],[-14],[-17],[-17],[-17],[-14],[-14],[-10],[-6],[-6],[21],[7],[-8],[-5],[17],[5],[-10],[10],[-5],[-9],[-6],[20],[2],[-13],[28],[-6],[-2],[3],[26],[-3],[-5],[24],[13],[3],[31],[15],[2],[-4],[26],[-7],[18],[16],[3],[6],[23],[10],[-5],[6],[20],[5],[8],[24],[3],[13],[-1],[7],[27],[7],[7],[34],[12],[-2],[-9],[7],[15],[-10],[-9],[-9],[11],[23],[4],[35],[23],[10],[4],[-3],[3],[22],[-2],[-4],[3],[-1],[15],[30],[4],[28],[12],[-5],[11],[-2],[3],[35],[21],[2],[20],[7],[18],[4],[4],[23],[3],[14],[27],[2],[18],[30],[14],[2],[36],[4],[8],[7],[13],[14],[33],[8],[5],[6],[10],[6],[23],[7],[5],[34],[13],[-3],[22],[29],[9],[22],[2],[20],[21],[6],[23],[33],[10],[8],[22],[6],[8],[31],[19],[10],[14],[13],[37],[20],[5],[5],[3],[3],[3],[26],[4],[11],[14],[34],[11],[34],[15],[14],[14],[15],[29],[14],[4],[34],[13],[-1],[16],[26],[13],[2],[33],[19],[11],[11],[32],[8],[26],[30],[14],[13],[37],[22],[6],[10],[13],[6],[38],[10],[22],[10],[14],[15],[40],[20],[6],[22],[3],[4],[8],[34],[20],[5],[11],[34],[21],[8],[14],[29],[13],[-3],[19],[14],[-3],[14],[6],[6],[15],[2],[28],[11],[11],[13],[12],[12],[11],[30],[18],[6],[18],[35],[11],[10],[10],[21],[5],[35],[20],[8],[7],[10],[12],[13],[12],[34],[15],[4],[36],[18],[6],[29],[12],[6],[26],[27],[17],[4],[27],[8],[37],[6],[24],[32],[7],[37],[34],[15],[13],[20],[33],[4],[2],[14],[-4],[17],[5],[6],[34],[21],[7],[8],[29],[11],[28],[7],[20],[6],[27],[12],[-3],[6],[35],[12],[13],[39],[9],[30],[32],[16],[10],[31],[12],[27],[15],[16],[43],[24],[10],[24],[17],[14],[15],[2],[36],[30],[11],[22],[39],[24],[11],[12],[11],[36],[21],[5],[4],[8],[6],[7],[7],[9],[11],[6],[12],[19],[4],[22],[31],[13],[12],[34],[11],[3],[38],[30],[15],[8],[39],[28],[11],[38],[27],[6],[10],[35],[14],[12],[13],[11],[8],[8],[8],[23],[4],[6],[32],[22],[13],[29],[40],[24],[11],[24],[35],[12],[13],[26],[40],[19],[43],[20],[18],[44],[28],[20],[17],[43],[13],[32],[38],[27],[15],[34],[46],[26],[13],[16],[30],[11],[34],[37],[21],[18],[38],[21],[21],[30],[16],[48],[16],[38],[25],[10],[47],[39],[21],[21],[18],[32],[14],[39],[21],[8],[42],[15],[17],[42],[17],[17],[24],[11],[24],[11],[11],[23],[11],[17],[13],[35],[20],[4],[19],[8],[8],[24],[5],[8],[26],[8],[2],[28],[18],[3],[4],[-3],[-3],[-3],[-4],[-6],[-6],[19],[6],[-6],[8],[12],[-4],[2],[20],[-7],[14],[-5],[-10],[-6],[21],[-5],[-3],[25],[11],[-2],[29],[-2],[3],[28],[12],[-3],[13],[-2],[10],[25],[10],[-3],[2],[23],[14],[-1],[15],[5],[5],[9],[3],[2],[18],[3],[31],[2],[32],[6],[-1],[15],[3],[22],[7],[8],[13],[-3],[-3],[12],[20],[7],[-9],[13],[-5],[-4],[17],[-4],[27],[11],[-4],[13],[20],[4],[-13],[18],[-6],[12],[-5],[-5],[21],[6],[-11],[-6],[15],[-1],[-2],[15],[-2],[-12],[26],[9],[-6],[-4],[20],[6],[-8],[24],[10],[2],[15],[24],[12],[-5],[22],[8],[10],[13],[-9],[30],[20],[6],[7],[33],[21],[10],[5],[7],[3],[3],[26],[13],[-3],[2],[28],[13],[-1],[22],[8],[13],[-3],[18],[20],[6],[4],[2],[16],[-1],[5],[21],[-4],[10],[-4],[15],[4],[4],[28],[5],[32],[17],[5],[10],[27],[8],[-10],[27],[20],[7],[6],[2],[11],[11],[5],[-1],[16],[2],[17],[7],[4],[-4],[26],[3],[-4],[32],[13],[-5],[20],[19],[6],[13],[-4],[15],[22],[-1],[3],[26],[13],[3],[18],[6],[20],[23],[8],[-5],[-4],[-5],[33],[3],[5],[28],[-2],[-7],[-3],[-6],[-6],[-3],[-8],[14],[25],[8],[-6],[30],[21],[-3],[-6],[-9],[7],[-4],[24],[6],[4],[28],[12],[-13],[11],[11],[-4],[-6],[-10],[-11],[-9],[6],[23],[12],[-1],[14],[21],[7],[2],[22],[7],[-9],[23],[8],[-6],[8],[12],[-4],[-2],[-5],[14],[-4],[20],[5],[6],[33],[17],[4],[8],[13],[-6],[11],[24],[7],[-5],[11],[21],[11],[-3],[20],[19],[5],[15],[21],[5],[5],[32],[2],[18],[27],[13],[2],[26],[29],[11],[21],[36],[15],[13],[11],[41],[26],[14],[16],[45],[28],[13],[14],[35],[21],[10],[16],[35],[20],[19],[44],[22],[12],[10],[27],[35],[23],[10],[34],[14],[33],[11],[24],[33],[13],[9],[31],[-1],[21],[32],[17],[7],[33],[11],[12],[35],[19],[3],[3],[26],[30],[12],[13],[38],[22],[13],[16],[17],[43],[10],[11],[8],[22],[10],[39],[30],[12],[10],[4],[39],[10],[14],[39],[21],[7],[14],[28],[17],[4],[20],[15],[5],[10],[9],[30],[8],[7],[15],[14],[4],[7],[21],[28],[11],[12],[38],[7],[7],[18],[7],[15],[5],[8],[31],[7],[24],[13],[13],[16],[43],[29],[12],[12],[26],[37],[24],[11],[22],[37],[15],[11],[31],[17],[20],[15],[14],[22],[36],[21],[10],[37],[23],[13],[28],[20],[21],[48],[23],[3],[22],[7],[10],[43],[26],[13],[16],[19],[16],[42],[29],[5],[19],[8],[34],[12],[12],[35],[23],[5],[7],[31],[7],[7],[35],[6],[12],[-3],[22],[23],[6],[-5],[2],[3],[3],[12],[-5],[18],[19],[3],[4],[4],[24],[10],[-7],[20],[-6],[-8],[9],[17],[3],[-13],[5],[6],[-6],[-5],[14],[-6],[6],[-12],[4],[-8],[-5],[16],[3],[-9],[-4],[7],[-8],[-3],[-4],[13],[-5],[23],[11],[-9],[-8],[-3],[13],[24],[8],[-5],[15],[-3],[-2],[18],[5],[-8],[18],[19],[-3],[2],[-10],[-2],[-12],[9],[13],[-4],[-3],[24],[6],[-9],[10],[20],[8],[-9],[14],[15],[-2],[-13],[25],[-8],[2],[-3],[-3],[-10],[26],[-4],[-8],[15],[-3],[-10],[22],[-9],[-8],[22],[12],[-5],[-3],[-9],[-5],[11],[20],[-6],[-11],[6],[13],[3],[-10],[24],[8],[-3],[16],[27],[-2],[12],[-3],[29],[17],[-3],[6],[-8],[-3],[6],[4],[23],[7],[-5],[29],[14],[-2],[-2],[23],[3],[3],[2],[2],[3],[30],[10],[-5],[13],[2],[5],[4],[30],[18],[3],[-2],[26],[11],[-5],[2],[24],[4],[36],[24],[6],[5],[32],[14],[-2],[18],[16],[2],[34],[12],[-3],[16],[7],[12],[11],[35],[4],[5],[7],[4],[5],[5],[13],[-4],[28],[11],[-3],[12],[-3],[-5],[6],[-11],[-6],[-4],[-11],[18],[5],[-13],[22],[6],[-13],[-13],[17],[-13],[4],[-13],[-16],[9],[-4],[-17],[-16],[3],[-15],[-12],[11],[3],[-9],[-10],[12],[-7],[-20],[4],[-11],[-12],[16],[-1],[-13],[-14],[6],[-20],[-14],[13],[-1],[-11],[7],[-9],[-10],[-1],[2],[-4],[26],[9],[-5],[2],[26],[5],[5],[31],[6],[4],[32],[7],[10],[34],[19],[5],[5],[32],[21],[10],[27],[12],[16],[29],[7],[7],[8],[7],[7],[10],[3],[26],[27],[8],[19],[7],[28],[33],[7],[34],[29],[10],[7],[16],[17],[42],[32],[18],[17],[43],[19],[19],[19],[34],[16],[12],[42],[12],[20],[21],[14],[28],[36],[10],[35],[13],[16],[10],[14],[30],[11],[10],[10],[4],[39],[17],[5],[22],[30],[11],[33],[15],[6],[24],[35],[19],[5],[38],[7],[4],[20],[6],[7],[8],[29],[6],[21],[23],[4],[2],[34],[23],[4],[15],[31],[16],[3],[16],[26],[13],[-3],[18],[20],[3],[5],[22],[-1],[28],[8],[35],[20],[5],[20],[31],[6],[7],[9],[8],[31],[8],[22],[38],[11],[30],[40],[14],[11],[12],[13],[45],[29],[16],[16],[40],[24],[12],[13],[40],[18],[42],[33],[16],[17],[10],[7],[12],[27],[13],[26],[7],[8],[35],[9],[8],[2],[20],[16],[6],[36],[12],[11],[-1],[3],[21],[-2],[34],[20],[5],[27],[29],[19],[4],[30],[26],[13],[6],[31],[10],[12],[30],[14],[2],[34],[15],[-1],[19],[3],[4],[3],[2],[31],[14],[-2],[16],[27],[11],[-3],[14],[24],[8],[-6],[12],[-2],[23],[12],[-4],[-2],[16],[-9],[18],[-3],[-6],[18],[5],[7],[35],[21],[7],[6],[24],[8],[2],[26],[11],[-3],[4],[3],[2],[27],[3],[30],[10],[7],[35],[16],[-1],[3],[3],[31],[2],[20],[-5],[12],[16],[-9],[-13],[27],[-3],[24],[6],[-8],[8],[-13],[14],[8],[-13],[-15],[12],[-5],[-15],[17],[-2],[-14],[-17],[-21],[18],[8],[-15],[10],[14],[-2],[-14],[18],[-20],[2],[6],[-16],[2],[13],[-9],[-10],[16],[4],[-9],[9],[20],[-7],[-10],[15],[-1],[-13],[4],[-14],[3],[10],[-8],[-8],[12],[-12],[-5],[11],[-8],[-21],[6],[7],[-9],[-14],[15],[-14],[14],[8],[-12],[-6],[14],[-8],[-17],[10],[10],[-6],[-9],[12],[-8],[-13],[-13],[-14],[-11],[-13],[-11],[19],[3],[-9],[13],[21],[7],[-3],[-5],[13],[21],[6],[-8],[-2],[19],[7],[10],[37],[24],[10],[19],[7],[20],[5],[22],[-2],[22],[10],[7],[36],[13],[2],[7],[34],[19],[3],[-1],[24],[12],[-3],[3],[11],[-4],[11],[19],[-9],[17],[-9],[21],[6],[-11],[-9],[19],[2],[-18],[6],[13],[-8],[2],[17],[5],[-12],[-11],[11],[-11],[18],[-10],[-9],[13],[-10],[-10],[-10],[4],[-8],[26],[2],[29],[-5],[21],[2],[3],[30],[5],[5],[7],[6],[19],[5],[10],[28],[5],[2],[6],[8],[32],[4],[4],[27],[5],[3],[20],[3],[18],[27],[10],[-4],[18],[5],[7],[8],[9],[12],[32],[10],[43],[24],[11],[28],[38],[14],[41],[29],[18],[37],[42],[23],[24],[55],[21],[49],[36],[27],[43],[30],[29],[45],[30],[32],[53],[38],[26],[27],[28],[43],[27],[52],[36],[21],[53],[48],[37],[36],[28],[62],[46],[30],[29],[49],[35],[35],[24],[44],[26],[21],[52],[31],[22],[56],[33],[20],[38],[45],[26],[22],[50],[17],[20],[43],[30],[28],[22],[37],[21],[20],[35],[13],[28],[16],[16],[42],[24],[11],[27],[26],[7],[22],[31],[14],[2],[4],[2],[7],[2],[-2],[-4],[-10],[-7],[15],[-14],[-16],[8],[-6],[-27],[2],[-26],[-12],[2],[-23],[-24],[4],[-12],[-28],[-31],[-9],[-24],[-24],[-27],[-27],[-29],[-27],[-10],[-23],[-24],[-5],[-26],[-27],[-25],[-5],[-24],[-20],[-29],[-21],[-18],[11],[-14],[-19],[12],[-22],[-7],[-22],[-4],[-21],[-4],[-2],[-15],[-14],[7],[-9],[-14],[15],[-2],[-23],[2],[-19],[-21],[-16],[13],[-14],[-12],[-24],[6],[4],[-17],[-3],[-16],[2],[10],[-11],[-7],[-11],[-11],[19],[3],[-14],[-11],[18],[-9],[-11],[4],[-13],[6],[12],[-9],[2],[2],[27],[13],[-6],[12],[20],[2],[5],[26],[3],[5],[6],[37],[24],[12],[18],[4],[34],[6],[34],[32],[19],[22],[23],[22],[27],[27],[42],[27],[40],[32],[34],[58],[52],[32],[47],[32],[42],[64],[52],[43],[47],[44],[70],[48],[74],[69],[54],[56],[49],[46],[79],[68],[52],[70],[75],[62],[46],[68],[47],[47],[45],[45],[70],[42],[69],[51],[31],[29],[27],[23],[19],[37],[11],[7],[4],[2],[-8],[10],[-14],[-20],[10],[-11],[-29],[-16],[-19],[-41],[-44],[-22],[-41],[-59],[-62],[-62],[-37],[-43],[-60],[-66],[-51],[-69],[-85],[-70],[-61],[-83],[-66],[-82],[-79],[-50],[-62],[-74],[-75],[-61],[-75],[-58],[-44],[-54],[-64],[-43]]}}