{"protected":{"ver":"v1","alg":"HS256","iat":1740144625},"signature":"6d001a58b255699f0a5b0a376fc9ab048577a320642534f94f1ab686a077bf07","payload":{"device_name":"E6:61:78:C1:27:19:92:28","device_type":"DATA_FORWARDER","interval_ms":0.0625,"sensors":[{"name":"audio","units":"wav"}],"values":[[-10],[11],[33],[26],[16],[50],[37],[27],[42],[15],[24],[5],[-8],[-12],[-21],[-25],[-26],[10],[-7],[-14],[-5],[28],[15],[16],[14],[9],[31],[20],[0],[18],[2],[1],[2],[-16],[12],[-29],[-13],[5],[-4],[0],[2],[11],[17],[35],[10],[5],[0],[-12],[16],[3],[-15],[-5],[3],[-16],[-29],[-12],[1],[-19],[-13],[5],[25],[17],[35],[18],[42],[26],[-7],[-5],[17],[-3],[2],[6],[4],[20],[-15],[-18],[16],[5],[-6],[0],[44],[38],[37],[52],[87],[70],[49],[46],[59],[17],[4],[0],[13],[-8],[-6],[26],[-5],[-7],[27],[9],[17],[49],[37],[25],[56],[33],[50],[28],[28],[24],[-4],[-15],[-15],[-31],[-21],[0],[-14],[5],[29],[14],[12],[14],[40],[11],[-13],[24],[1],[5],[-11],[17],[2],[-17],[13],[-4],[-23],[-17],[-12],[-31],[1],[-17],[12],[3],[-11],[3],[11],[3],[-6],[20],[19],[-7],[5],[3],[-19],[-19],[-23],[-24],[5],[-18],[-12],[-12],[6],[-6],[7],[13],[-13],[17],[8],[3],[26],[4],[32],[11],[-10],[-3],[-7],[12],[14],[-10],[-7],[26],[13],[0],[0],[16],[-15],[-20],[1],[-8],[4],[27],[19],[10],[15],[42],[17],[21],[42],[20],[18],[42],[6],[4],[28],[6],[-16],[3],[0],[10],[48],[43],[37],[60],[43],[25],[48],[26],[52],[19],[14],[34],[16],[0],[-5],[20],[5],[-7],[1],[20],[8],[10],[34],[18],[2],[7],[28],[14],[10],[37],[17],[-7],[24],[10],[-17],[-29],[-21],[-39],[-30],[3],[-8],[4],[31],[15],[-6],[-3],[17],[-5],[25],[11],[1],[9],[14],[-13],[17],[-8],[-27],[-31],[-29],[1],[-12],[-15],[-4],[27],[0],[36],[17],[13],[9],[2],[-10],[12],[-6],[-15],[-13],[-11],[10],[-6],[0],[9],[-10],[10],[15],[-12],[0],[26],[20],[10],[27],[33],[8],[45],[10],[10],[13],[0],[-8],[-5],[0],[4],[4],[23],[11],[38],[25],[10],[9],[10],[8],[18],[15],[41],[24],[1],[3],[11],[-7],[21],[7],[-10],[-7],[14],[5],[26],[41],[21],[33],[36],[19],[2],[32],[18],[-12],[19],[9],[-6],[6],[32],[20],[4],[24],[22],[5],[0],[33],[1],[21],[2],[16],[0],[-10],[-20],[8],[-4],[-12],[-8],[28],[11],[14],[43],[25],[-6],[6],[-21],[-27],[3],[-8],[-21],[-22],[-26],[0],[-17],[-27],[0],[6],[1],[39],[27],[19],[26],[48],[12],[13],[-15],[-11],[-12],[-36],[-36],[-36],[-32],[5],[3],[2],[16],[17],[36],[23],[48],[43],[30],[32],[19],[11],[32],[6],[-16],[6],[-12],[-32],[-31],[4],[-4],[0],[48],[52],[47],[51],[48],[34],[56],[45],[19],[1],[20],[-12],[-33],[-7],[-38],[-41],[-12],[-3],[1],[1],[18],[25],[26],[29],[28],[28],[26],[16],[26],[-3],[-22],[-3],[-18],[-27],[-15],[-23],[-16],[3],[11],[21],[29],[64],[40],[17],[12],[8],[34],[2],[0],[5],[3],[28],[26],[7],[21],[6],[4],[8],[22],[35],[11],[10],[29],[5],[0],[5],[-6],[0],[-4],[11],[-3],[17],[30],[10],[12],[10],[6],[26],[-8],[-6],[-10],[15],[-18],[2],[-18],[-11],[22],[3],[33],[19],[11],[9],[33],[11],[-7],[24],[15],[-6],[10],[-8],[-11],[22],[10],[-7],[-11],[16],[-13],[-8],[30],[24],[16],[21],[51],[38],[23],[31],[32],[0],[15],[-14],[-22],[11],[1],[-14],[-8],[25],[-4],[-7],[-8],[24],[18],[8],[6],[8],[8],[3],[17],[19],[-7],[-26],[0],[-7],[-21],[-18],[12],[1],[34],[13],[36],[17],[34],[14],[2],[8],[8],[-4],[16],[1],[-7],[3],[-17],[4],[16],[-9],[-7],[2],[8],[19],[29],[11],[10],[28],[26],[10],[0],[30],[4],[6],[3],[40],[27],[13],[6],[24],[-13],[-14],[-15],[-16],[-16],[28],[19],[8],[16],[48],[15],[9],[0],[34],[22],[4],[1],[2],[14],[-9],[-17],[8],[-20],[-19],[0],[12],[3],[-8],[12],[18],[4],[5],[19],[-4],[-5],[19],[-15],[6],[-14],[-19],[-27],[0],[-26],[8],[-8],[-22],[-17],[17],[8],[2],[16],[45],[33],[19],[40],[29],[6],[0],[-8],[10],[-14],[-23],[18],[-14],[-10],[16],[8],[2],[9],[10],[18],[19],[28],[28],[33],[14],[21],[18],[-13],[-21],[-13],[-28],[-28],[-21],[19],[14],[8],[32],[32],[13],[0],[27],[1],[10],[8],[34],[19],[-3],[18],[22],[8],[-8],[-6],[-6],[-15],[-13],[-7],[1],[1],[1],[3],[3],[21],[1],[-11],[19],[9],[0],[20],[21],[9],[30],[26],[-4],[32],[20],[-4],[-6],[24],[11],[-8],[16],[0],[17],[4],[-11],[-10],[13],[26],[10],[11],[37],[21],[1],[19],[-3],[-23],[-12],[-29],[-32],[5],[6],[-10],[21],[16],[10],[34],[0],[0],[-5],[-6],[2],[20],[-10],[6],[13],[-21],[0],[-12],[-31],[-15],[-31],[-24],[-6],[-8],[10],[12],[38],[17],[44],[26],[13],[37],[4],[4],[2],[3],[17],[1],[29],[11],[-13],[-15],[14],[3],[-7],[15],[8],[12],[48],[32],[19],[14],[9],[36],[29],[19],[13],[34],[19],[-7],[0],[-4],[-19],[-10],[14],[-3],[0],[32],[9],[13],[19],[46],[28],[17],[18],[18],[16],[13],[32],[-10],[-11],[-14],[1],[-15],[-9],[26],[11],[-5],[16],[20],[8],[26],[31],[21],[32],[44],[19],[-5],[-11],[16],[-5],[-23],[1],[-13],[-26],[-5],[-13],[-13],[-9],[-6],[28],[21],[9],[5],[22],[30],[5],[4],[8],[-12],[10],[-14],[-30],[0],[3],[-12],[13],[6],[13],[44],[27],[19],[18],[28],[6],[2],[0],[22],[1],[-17],[-4],[-5],[-24],[-17],[22],[13],[-3],[20],[15],[42],[17],[43],[22],[1],[21],[-10],[-13],[11],[0],[-16],[-6],[13],[3],[18],[30],[15],[14],[44],[30],[17],[28],[42],[18],[12],[26],[9],[-11],[9],[14],[-3],[8],[33],[26],[17],[29],[31],[10],[26],[26],[0],[4],[-15],[17],[4],[-12],[-12],[18],[6],[-5],[-4],[0],[32],[27],[9],[6],[28],[13],[1],[10],[10],[-12],[-14],[9],[-12],[-24],[-21],[6],[-21],[-15],[9],[18],[7],[-5],[14],[20],[5],[2],[25],[-4],[-3],[26],[10],[-10],[-13],[10],[-12],[-8],[-7],[25],[13],[3],[8],[36],[23],[7],[5],[32],[17],[1],[14],[-8],[1],[-17],[0],[13],[-8],[-4],[18],[9],[8],[10],[3],[16],[20],[5],[10],[27],[11],[8],[35],[13],[-7],[10],[-16],[10],[-12],[-10],[13],[2],[-5],[11],[-4],[3],[28],[11],[0],[36],[28],[13],[8],[37],[9],[13],[11],[14],[29],[9],[2],[3],[3],[28],[17],[4],[4],[4],[5],[18],[0],[12],[20],[5],[-11],[9],[-6],[-3],[31],[2],[3],[13],[-6],[-7],[21],[-8],[17],[4],[-15],[0],[4],[-14],[-11],[16],[-3],[-13],[0],[12],[-3],[-12],[5],[17],[-4],[9],[-5],[9],[-5],[29],[13],[0],[16],[-7],[-6],[-10],[-6],[0],[20],[6],[-12],[0],[17],[-6],[-19],[16],[-10],[0],[25],[10],[0],[3],[33],[9],[4],[0],[3],[2],[27],[9],[-11],[4],[10],[-7],[-6],[22],[-10],[16],[21],[6],[12],[26],[15],[2],[34],[11],[9],[3],[18],[3],[1],[26],[4],[-13],[4],[10],[-7],[-15],[8],[24],[5],[11],[6],[35],[21],[5],[2],[24],[8],[-12],[-7],[3],[-11],[-5],[0],[2],[3],[30],[7],[3],[5],[11],[10],[6],[31],[18],[2],[0],[20],[10],[-7],[10],[-8],[-7],[23],[8],[-9],[-6],[27],[16],[4],[25],[21],[1],[12],[-6],[-5],[16],[1],[-3],[20],[-4],[27],[12],[-9],[-16],[10],[-15],[-13],[20],[-8],[-3],[29],[4],[5],[30],[10],[-7],[26],[10],[-5],[2],[-3],[27],[1],[0],[1],[-4],[-10],[-11],[-11],[-11],[2],[36],[16],[7],[26],[31],[13],[23],[9],[40],[13],[10],[36],[21],[6],[18],[25],[6],[-13],[18],[14],[-4],[5],[25],[16],[12],[32],[44],[33],[17],[27],[10],[2],[0],[20],[0],[-17],[1],[-8],[-10],[18],[8],[0],[18],[28],[15],[8],[11],[9],[29],[12],[-8],[9],[17],[-7],[-5],[-5],[-10],[-11],[-3],[-14],[-11],[9],[0],[4],[35],[11],[10],[13],[8],[28],[8],[9],[-3],[13],[-7],[-11],[13],[-12],[-14],[-13],[6],[-7],[-3],[25],[14],[12],[31],[11],[16],[22],[2],[-17],[-16],[1],[-14],[-12],[23],[11],[-7],[16],[28],[12],[-8],[33],[19],[4],[8],[22],[4],[17],[2],[36],[1],[16],[17],[5],[0],[36],[22],[11],[12],[42],[24],[10],[5],[0],[-7],[16],[17],[-5],[12],[29],[16],[19],[43],[20],[10],[12],[10],[8],[24],[3],[13],[26],[1],[-4],[-8],[20],[21],[3],[16],[34],[21],[10],[24],[10],[15],[30],[10],[5],[31],[-4],[24],[11],[-6],[-7],[13],[-5],[-12],[10],[22],[5],[12],[11],[14],[4],[28],[16],[-6],[19],[9],[-10],[9],[19],[5],[9],[15],[-4],[0],[19],[3],[3],[30],[6],[0],[30],[12],[-2],[-5],[16],[19],[-11],[16],[21],[10],[11],[41],[29],[13],[10],[32],[32],[14],[28],[9],[6],[28],[-7],[7],[-5],[16],[29],[6],[4],[33],[8],[9],[5],[17],[-6],[9],[-3],[3],[28],[9],[-6],[3],[30],[13],[-5],[24],[18],[3],[5],[25],[3],[1],[24],[2],[29],[14],[-3],[0],[0],[8],[-3],[29],[20],[3],[10],[11],[19],[4],[32],[-5],[22],[5],[-5],[0],[26],[14],[-5],[-4],[1],[30],[-5],[-5],[25],[0],[0],[30],[13],[-5],[-5],[-11],[2],[-13],[0],[-16],[-12],[17],[7],[-3],[18],[31],[19],[9],[9],[0],[18],[-18],[-15],[-29],[4],[2],[-12],[-9],[19],[12],[0],[1],[-5],[27],[13],[2],[9],[17],[42],[11],[1],[18],[6],[-13],[-15],[13],[3],[-7],[8],[34],[16],[30],[13],[14],[35],[16],[-5],[10],[17],[-3],[-5],[1],[25],[8],[-7],[27],[2],[0],[36],[10],[18],[8],[17],[11],[35],[2],[-5],[6],[9],[-9],[-19],[17],[2],[-10],[-7],[16],[28],[19],[10],[40],[37],[21],[18],[40],[20],[-5],[-5],[25],[-13],[-13],[-15],[-10],[22],[8],[-3],[17],[9],[12],[4],[5],[9],[1],[-7],[-5],[20],[5],[-5],[27],[9],[-6],[13],[25],[-5],[22],[-4],[16],[22],[1],[27],[9],[-8],[-8],[-10],[-10],[-8],[-7],[-3],[5],[4],[30],[2],[21],[7],[-4],[25],[-4],[-7],[-11],[19],[-15],[-14],[-13],[-8],[1],[5],[4],[34],[9],[12],[11],[12],[27],[9],[4],[4],[-15],[4],[2],[-18],[0],[-14],[-3],[-13],[11],[25],[15],[9],[33],[37],[20],[6],[34],[12],[-8],[4],[-7],[-10],[19],[3],[-14],[8],[16],[-7],[17],[25],[12],[12],[48],[34],[17],[12],[33],[9],[-13],[0],[-10],[-11],[7],[-8],[-7],[1],[5],[-6],[28],[16],[1],[28],[26],[9],[0],[25],[0],[-4],[-8],[20],[-5],[0],[26],[0],[14],[3],[-5],[-4],[-6],[-6],[-7],[22],[5],[-11],[21],[-12],[12],[1],[5],[22],[9],[10],[13],[16],[31],[10],[1],[-6],[5],[15],[-10],[1],[-15],[3],[14],[-6],[11],[2],[32],[16],[4],[16],[31],[14],[0],[11],[12],[-9],[-12],[5],[-13],[-16],[14],[-13],[11],[0],[0],[1],[25],[12],[10],[6],[5],[1],[24],[6],[-13],[-11],[-13],[-20],[18],[11],[2],[8],[5],[21],[3],[0],[3],[24],[24],[-3],[-8],[-6],[14],[-5],[-7],[32],[8],[4],[26],[13],[-3],[4],[30],[19],[8],[22],[11],[43],[28],[11],[5],[30],[5],[2],[-4],[-8],[16],[24],[1],[18],[28],[17],[4],[3],[-8],[18],[-7],[-7],[-7],[-7],[-8],[13],[-12],[-11],[5],[-7],[4],[24],[7],[8],[10],[9],[34],[4],[30],[10],[-10],[-7],[15],[-3],[-4],[16],[2],[-6],[17],[3],[5],[8],[37],[24],[6],[0],[-9],[2],[-14],[0],[-14],[11],[-9],[-9],[26],[11],[2],[29],[10],[-11],[32],[17],[-5],[-6],[-4],[-5],[10],[-6],[-11],[13],[-3],[-13],[11],[-3],[-5],[27],[17],[5],[4],[6],[5],[30],[12],[-10],[-3],[-4],[21],[9],[-12],[-7],[-6],[-6],[2],[12],[-3],[24],[4],[8],[6],[8],[35],[6],[8],[31],[18],[-9],[28],[14],[3],[4],[0],[10],[-8],[8],[17],[5],[0],[1],[19],[25],[6],[5],[5],[4],[14],[2],[2],[14],[3],[20],[16],[1],[17],[-3],[-14],[20],[-8],[-3],[-7],[13],[25],[13],[0],[24],[21],[10],[24],[26],[3],[3],[21],[4],[5],[28],[14],[-8],[21],[-10],[-12],[25],[14],[0],[-5],[26],[1],[3],[4],[27],[1],[0],[20],[-5],[8],[18],[-4],[0],[24],[-6],[0],[10],[-8],[25],[9],[-6],[1],[26],[0],[0],[20],[5],[0],[26],[14],[3],[33],[15],[-11],[10],[22],[0],[21],[3],[11],[-9],[32],[2],[1],[-3],[-4],[-5],[-4],[-7],[2],[31],[5],[6],[31],[-3],[-7],[26],[-8],[-10],[-11],[-4],[32],[15],[2],[5],[32],[3],[38],[15],[11],[37],[17],[2],[8],[27],[9],[-4],[-4],[21],[5],[-12],[16],[-7],[8],[4],[8],[3],[25],[26],[6],[2],[27],[15],[-5],[-8],[17],[0],[0],[-3],[12],[20],[-7],[-11],[17],[4],[-7],[-4],[24],[13],[1],[13],[17],[-3],[-4],[21],[4],[-11],[-8],[24],[8],[-6],[16],[-6],[-6],[-12],[24],[-8],[7],[8],[29],[19],[2],[16],[0],[21],[17],[0],[-6],[1],[-15],[8],[-7],[29],[-5],[11],[1],[30],[17],[3],[8],[1],[1],[18],[3],[3],[-3],[-6],[-8],[-7],[9],[18],[-8],[8],[-7],[9],[8],[-5],[13],[21],[5],[0],[2],[1],[26],[-5],[2],[4],[4],[28],[13],[1],[21],[22],[6],[-11],[24],[17],[2],[0],[29],[16],[6],[8],[35],[10],[8],[9],[3],[32],[27],[6],[7],[11],[12],[6],[13],[-12],[25],[8],[-10],[-7],[20],[8],[-4],[29],[8],[10],[15],[-5],[28],[2],[28],[11],[-5],[0],[12],[-5],[-6],[14],[-6],[-8],[19],[5],[-7],[-5],[0],[2],[16],[-5],[14],[12],[-4],[14],[2],[1],[20],[0],[8],[-11],[6],[-11],[3],[16],[-7],[1],[31],[19],[8],[8],[29],[14],[2],[-4],[25],[3],[-10],[24],[13],[-7],[-12],[-7],[17],[1],[1],[28],[0],[-5],[20],[14],[2],[17],[20],[-5],[-6],[19],[-4],[1],[0],[19],[2],[1],[29],[3],[20],[0],[6],[0],[30],[9],[9],[-3],[3],[25],[9],[5],[31],[18],[3],[6],[4],[9],[10],[8],[5],[27],[12],[4],[8],[0],[28],[21],[6],[13],[33],[20],[5],[5],[3],[1],[-5],[3],[1],[3],[7],[6],[7],[4],[26],[-3],[-5],[21],[0],[1],[27],[13],[1],[1],[-4],[-4],[-4],[20],[4],[4],[21],[0],[17],[-10],[33],[0],[-7],[19],[3],[-13],[3],[9],[-9],[-8],[0],[3],[5],[13],[1],[3],[0],[13],[19],[0],[-6],[24],[-3],[-16],[16],[-9],[12],[27],[16],[8],[14],[8],[38],[20],[5],[20],[25],[8],[-10],[6],[16],[-10],[-6],[-5],[-6],[17],[1],[26],[1],[21],[30],[13],[-6],[32],[19],[4],[2],[22],[10],[-6],[-6],[15],[-10],[-8],[11],[-11],[8],[17],[2],[6],[29],[15],[3],[14],[-5],[-6],[22],[4],[-12],[2],[12],[-5],[-3],[-6],[28],[14],[-7],[13],[21],[6],[-5],[24],[7],[-6],[10],[14],[-10],[0],[17],[1],[3],[30],[20],[6],[4],[27],[5],[0],[24],[13],[-5],[14],[-4],[2],[21],[7],[-10],[16],[18],[-3],[0],[5],[5],[5],[17],[3],[16],[17],[-5],[-7],[13],[-5],[-14],[22],[-4],[0],[23],[-12],[-14],[19],[-10],[21],[9],[-6],[29],[-3],[12],[-12],[13],[-3],[-5],[12],[18],[3],[-8],[24],[18],[2],[2],[17],[26],[12],[0],[28],[19],[0],[-6],[25],[14],[1],[2],[29],[5],[24],[9],[12],[41],[20],[3],[1],[26],[1],[-3],[13],[0],[18],[2],[-13],[12],[-7],[3],[0],[2],[25],[10],[-3],[3],[30],[14],[-3],[16],[-5],[-10],[-13],[-17],[21],[8],[-3],[28],[11],[0],[34],[18],[8],[4],[28],[14],[-5],[-4],[5],[-10],[6],[18],[0],[-5],[0],[-4],[16],[1],[-10],[-6],[2],[-12],[26],[0],[2],[5],[3],[25],[10],[-5],[27],[-5],[8],[-5],[14],[20],[3],[1],[27],[-3],[3],[16],[25],[9],[-7],[20],[10],[-4],[14],[22],[6],[9],[30],[2],[3],[4],[-3],[1],[0],[0],[-7],[-4],[0],[0],[11],[-3],[4],[23],[6],[8],[4],[14],[-5],[18],[10],[-7],[9],[8],[-13],[5],[18],[6],[-4],[14],[9],[12],[41],[28],[9],[17],[1],[32],[2],[3],[1],[0],[21],[6],[-8],[0],[22],[11],[3],[3],[28],[16],[3],[20],[25],[4],[12],[25],[10],[-5],[13],[23],[2],[2],[17],[-5],[-3],[9],[-6],[-4],[15],[4],[5],[29],[11],[2],[16],[27],[13],[2],[12],[-9],[6],[16],[2],[2],[22],[9],[-6],[18],[19],[2],[0],[2],[1],[0],[1],[15],[6],[37],[24],[5],[3],[28],[2],[27],[14],[1],[33],[19],[1],[19],[5],[4],[35],[14],[0],[33],[9],[-5],[18],[-3],[14],[22],[10],[0],[30],[10],[-3],[29],[11],[-6],[0],[27],[9],[13],[38],[10],[2],[28],[25],[9],[0],[28],[5],[7],[33],[18],[3],[21],[6],[3],[32],[18],[3],[4],[35],[21],[11],[41],[24],[7],[3],[3],[28],[14],[3],[2],[26],[12],[2],[-4],[3],[30],[15],[0],[0],[2],[1],[27],[2],[0],[2],[12],[0],[9],[0],[26],[18],[8],[-7],[25],[17],[5],[6],[29],[-3],[18],[-10],[26],[14],[0],[28],[0],[23],[2],[-10],[29],[18],[5],[5],[2],[0],[21],[-3],[-5],[-13],[16],[17],[5],[0],[28],[20],[-3],[13],[15],[-5],[34],[25],[10],[8],[29],[3],[-15],[13],[-12],[-9],[24],[6],[-10],[-5],[-4],[1],[4],[7],[32],[13],[-6],[-5],[-3],[25],[3],[0],[-6],[-9],[18],[-8],[-7],[2],[3],[27],[2],[3],[6],[22],[4],[21],[26],[0],[-5],[-7],[-11],[-8],[4],[-8],[24],[13],[1],[16],[26],[12],[0],[25],[12],[0],[2],[16],[0],[2],[24],[5],[5],[1],[12],[0],[-4],[20],[6],[5],[30],[5],[2],[-3],[21],[-4],[22],[3],[-12],[-12],[22],[-4],[14],[28],[12],[-5],[20],[2],[21],[4],[4],[12],[0],[3],[19],[-4],[12],[-8],[0],[17],[2],[-10],[-8],[11],[-5],[16],[20],[10],[6],[29],[14],[6],[6],[6],[29],[0],[22],[6],[-11],[24],[3],[-12],[-8],[-5],[28],[13],[3],[5],[25],[0],[-3],[14],[23],[4],[-8],[1],[1],[-6],[10],[-5],[-6],[10],[-4],[4],[6],[25],[9],[7],[35],[20],[5],[1],[25],[0],[17],[2],[0],[28],[12],[-3],[-4],[19],[8],[-6],[12],[24],[13],[3],[32],[27],[5],[16],[0],[-11],[-6],[8],[20],[-4],[-3],[0],[-5],[20],[19],[7],[2],[33],[13],[-4],[5],[20],[6],[-5],[14],[20],[8],[0],[30],[3],[4],[1],[12],[-14],[27],[13],[0],[-4],[-3],[15],[-11],[24],[15],[-3],[3],[2],[1],[13],[-6],[11],[25],[11],[-6],[11],[18],[3],[-11],[8],[17],[-9],[10],[1],[2],[5],[12],[-4],[32],[-4],[4],[22],[10],[-7],[11],[24],[6],[0],[30],[20],[-3],[13],[20],[7],[-6],[24],[6],[0],[27],[-3],[29],[17],[1],[-4],[2],[3],[22],[4],[6],[17],[1],[21],[31],[8],[15],[27],[-7],[13],[22],[9],[-10],[24],[17],[6],[4],[31],[2],[0],[-4],[-4],[-4],[-8],[13],[-3],[1],[27],[12],[-5],[12],[21],[6],[0],[27],[4],[7],[0],[11],[-5],[11],[18],[5],[-10],[-6],[27],[9],[-5],[10],[25],[7],[8],[33],[19],[0],[23],[10],[-6],[24],[17],[5],[8],[8],[6],[4],[30],[1],[8],[-8],[16],[21],[-3],[12],[14],[-5],[9],[-5],[26],[13],[1],[31],[17],[1],[3],[32],[18],[4],[1],[27],[10],[2],[26],[0],[1],[30],[9],[-7],[10],[18],[4],[0],[3],[18],[-4],[6],[0],[29],[1],[19],[-7],[-12],[16],[13],[3],[2],[0],[12],[30],[11],[9],[0],[1],[6],[5],[27],[13],[1],[0],[26],[14],[1],[2],[8],[8],[18],[4],[16],[19],[2],[3],[17],[1],[-3],[1],[-6],[18],[2],[-10],[-11],[20],[19],[-5],[16],[24],[15],[1],[36],[21],[4],[3],[30],[1],[1],[13],[-10],[-10],[25],[12],[-3],[0],[17],[3],[3],[9],[-11],[20],[15],[-10],[16],[-7],[-9],[-14],[21],[-6],[-7],[25],[-4],[-4],[-3],[36],[21],[3],[20],[4],[-4],[25],[9],[-10],[-8],[21],[-11],[-10],[9],[18],[-4],[-3],[19],[5],[4],[33],[18],[-7],[27],[12],[0],[4],[-4],[25],[10],[-6],[0],[26],[-4],[3],[22],[5],[5],[28],[13],[2],[13],[22],[-4],[-7],[20],[2],[-3],[-3],[12],[21],[5],[-17],[24],[15],[3],[9],[33],[4],[0],[30],[13],[-6],[-8],[32],[19],[-11],[25],[1],[10],[10],[4],[20],[5],[4],[27],[15],[-5],[2],[0],[0],[27],[10],[-6],[26],[5],[0],[26],[18],[-6],[11],[22],[3],[16],[1],[16],[-3],[9],[17],[-3],[2],[17],[3],[3],[27],[9],[-3],[3],[3],[0],[32],[21],[4],[0],[0],[3],[18],[2],[-5],[17],[-11],[-8],[2],[2],[28],[12],[0],[0],[26],[9],[7],[27],[10],[-11],[28],[6],[-12],[8],[-12],[21],[9],[-15],[25],[14],[-3],[2],[21],[8],[9],[27],[5],[2],[9],[-12],[4],[16],[-8],[-8],[10],[19],[9],[8],[31],[15],[-12],[26],[18],[2],[25],[9],[-5],[0],[29],[20],[-4],[8],[17],[-6],[13],[1],[-4],[15],[1],[1],[22],[7],[7],[33],[19],[6],[4],[3],[12],[-3],[11],[18],[-5],[-5],[14],[17],[3],[11],[-5],[13],[3],[5],[24],[3],[28],[16],[4],[36],[17],[1],[31],[12],[-3],[1],[26],[10],[-5],[12],[21],[-3],[13],[-7],[4],[22],[9],[-6],[8],[-7],[12],[20],[1],[6],[15],[3],[4],[1],[24],[10],[-4],[2],[28],[12],[-3],[16],[19],[3],[5],[17],[-3],[18],[5],[0],[33],[2],[33],[13],[0],[28],[22],[9],[6],[26],[9],[2],[26],[1],[30],[12],[-4],[1],[22],[9],[0],[4],[23],[9],[6],[36],[20],[5],[3],[-3],[-5],[11],[-5],[11],[25],[12],[0],[16],[24],[-5],[10],[21],[8],[-6],[24],[21],[5],[1],[3],[23],[4],[8],[1],[4],[4],[3],[-3],[17],[4],[4],[33],[17],[3],[2],[27],[3],[2],[25],[10],[1],[3],[4],[32],[3],[3],[28],[2],[2],[1],[17],[-4],[0],[22],[8],[2],[-6],[5],[19],[1],[1],[1],[15],[1],[2],[14],[-10],[4],[14],[2],[0],[29],[11],[-3],[12],[23],[11],[-7],[12],[3],[2],[27],[10],[0],[25],[20],[-3],[27],[10],[-5],[0],[24],[12],[-4],[14],[29],[15],[3],[6],[27],[12],[-5],[13],[0],[12],[-6],[8],[18],[-7],[14],[0],[0],[26],[2],[3],[6],[32],[17],[-7],[27],[-5],[24],[11],[-4],[11],[20],[5],[-5],[28],[2],[4],[31],[15],[4],[18],[4],[4],[28],[12],[-3],[2],[-5],[-5],[13],[20],[-5],[-5],[21],[9],[0],[0],[0],[2],[0],[24],[16],[0],[28],[0],[-5],[18],[0],[-3],[0],[-6],[-6],[-3],[17],[-4],[24],[1],[4],[-5],[6],[0],[30],[11],[-8],[-3],[-4],[22],[-4],[33],[18],[4],[3],[22],[3],[1],[24],[8],[-6],[7],[-7],[9],[19],[4],[0],[2],[21],[1],[0],[30],[0],[-4],[11],[-7],[15],[1],[-4],[-7],[8],[21],[7],[-10],[26],[20],[4],[5],[22],[4],[2],[0],[14],[-5],[5],[0],[26],[14],[1],[2],[26],[15],[3],[1],[27],[11],[-4],[3],[30],[17],[0],[2],[23],[3],[-11],[20],[-5],[1],[0],[28],[15],[-4],[-5],[0],[20],[-6],[-6],[26],[11],[-6],[12],[-7],[-8],[12],[0],[0],[-6],[-5],[5],[-10],[-5],[9],[0],[30],[19],[2],[0],[27],[-4],[18],[3],[3],[28],[6],[-10],[16],[21],[6],[0],[28],[15],[-5],[10],[23],[11],[-5],[32],[4],[6],[31],[17],[5],[28],[9],[-6],[30],[16],[-6],[16],[18],[-3],[-5],[0],[32],[22],[6],[5],[17],[4],[0],[30],[18],[4],[-3],[26],[5],[-10],[18],[20],[0],[26],[11],[-6],[0],[15],[2],[7],[33],[1],[14],[-4],[12],[20],[9],[2],[1],[3],[27],[9],[-6],[8],[0],[-7],[5],[-7],[9],[19],[0],[1],[30],[11],[0],[26],[10],[-7],[18],[0],[0],[3],[3],[0],[10],[24],[9],[-6],[21],[21],[8],[0],[28],[1],[5],[35],[18],[5],[8],[35],[12],[0],[1],[0],[34],[25],[10],[6],[26],[9],[1],[3],[30],[16],[2],[3],[27],[13],[2],[36],[19],[4],[3],[22],[8],[10],[35],[20],[-5],[18],[15],[-4],[8],[17],[4],[6],[31],[14],[1],[8],[1],[3],[28],[0],[-10],[16],[17],[3],[-11],[9],[-7],[0],[8],[-6],[-8],[9],[-6],[11],[2],[8],[6],[29],[9],[-9],[20],[20],[3],[-4],[27],[9],[-6],[9],[18],[-4],[12],[-9],[16],[19],[6],[-6],[4],[2],[0],[1],[14],[-5],[-7],[16],[3],[-13],[25],[7],[-8],[16],[-6],[-7],[-3],[25],[1],[17],[4],[3],[28],[9],[-7],[-3],[-4],[-4],[19],[-5],[4],[-13],[13],[10],[-5],[6],[6],[6],[0],[24],[11],[-7],[-4],[24],[-7],[4],[-15],[26],[-8],[28],[20],[2],[33],[19],[3],[4],[2],[-3],[16],[1],[2],[17],[-3],[24],[5],[-10],[31],[17],[2],[4],[26],[13],[-7],[5],[-12],[-7],[20],[4],[-11],[6],[18],[-4],[26],[11],[-4],[2],[29],[11],[0],[30],[17],[2],[0],[21],[4],[-8],[22],[-7],[-4],[18],[4],[-7],[14],[2],[-6],[21],[16],[-4],[3],[4],[29],[14],[0],[0],[11],[-6],[12],[16],[2],[-3],[24],[3],[4],[21],[-9],[16],[18],[0],[1],[22],[-5],[-6],[25],[4],[-12],[16],[19],[1],[4],[0],[20],[1],[1],[18],[-8],[9],[-5],[-8],[-14],[10],[12],[2],[-8],[-3],[0],[0],[17],[-6],[17],[1],[0],[12],[2],[10],[-3],[0],[13],[-11],[24],[10],[-8],[-7],[24],[2],[0],[18],[22],[8],[10],[1],[-4],[-10],[8],[-7],[-6],[-7],[-3],[22],[-4],[8],[18],[5],[-6],[3],[4],[5],[23],[1],[17],[0],[1],[3],[25],[1],[-3],[21],[3],[0],[26],[18],[3],[2],[30],[9],[8],[3],[21],[3],[3],[30],[0],[17],[1],[13],[1],[12],[23],[5],[0],[26],[16],[1],[-6],[24],[-6],[13],[13],[-6],[-5],[1],[-3],[0],[-5],[2],[26],[11],[1],[16],[21],[5],[3],[1],[1],[31],[14],[2],[-4],[1],[28],[3],[3],[2],[2],[3],[2],[3],[0],[38],[8],[9],[6],[28],[13],[2],[33],[25],[7],[2],[1],[28],[0],[0],[12],[27],[13],[-7],[33],[19],[5],[5],[30],[1],[0],[1],[15],[3],[34],[18],[0],[0],[-4],[0],[-5],[0],[16],[26],[3],[-4],[-3],[-5],[-5],[-4],[-4],[26],[14],[-3],[0],[29],[-4],[14],[1],[-2],[26],[11],[-5],[10],[19],[9],[1],[34],[10],[10],[38],[27],[10],[6],[13],[-3],[3],[2],[4],[17],[3],[0],[4],[9],[6],[28],[12],[0],[24],[24],[10],[0],[35],[4],[2],[10],[8],[4],[2],[5],[33],[18],[4],[5],[27],[12],[1],[18],[24],[3],[32],[16],[2],[12],[6],[4],[5],[0],[32],[16],[1],[1],[3],[10],[-3],[2],[8],[5],[22],[-4],[21],[-5],[-3],[8],[25],[12],[1],[15],[27],[13],[-3],[12],[13],[-2],[0],[19],[3],[18],[28],[12],[-3],[16],[2],[19],[1],[30],[1],[4],[4],[30],[4],[35],[3],[25],[9],[0],[30],[11],[-7],[13],[18],[0],[28],[12],[1],[4],[25],[10],[-3],[33],[17],[-5],[4],[3],[12],[23],[6],[-8],[12],[21],[6],[6],[33],[5],[31],[15],[0],[14],[28],[4],[3],[27],[9],[-6],[1],[16],[7],[-12],[29],[15],[1],[18],[4],[2],[5],[6],[4],[17],[2],[18],[20],[-7],[11],[17],[-5],[10],[-11],[-5],[-3],[16],[0],[17],[1],[1],[21],[6],[-7],[27],[19],[-4],[0],[25],[10],[1],[0],[27],[0],[-3],[33],[3],[1],[0],[-4],[14],[0],[0],[26],[14],[-3],[-4],[4],[-7],[0],[29],[-5],[21],[9],[-5],[19],[21],[9],[8],[23],[-11],[6],[18],[6],[-5],[22],[10],[-5],[11],[14],[3],[2],[27],[-6],[-5],[13],[11],[-6],[8],[1],[1],[27],[-6],[10],[19],[4],[0],[30],[16],[-3],[-3],[22],[0],[11],[-6],[13],[0],[14],[-6],[11],[-4],[0],[19],[-9],[8],[21],[1],[30],[18],[3],[3],[4],[2],[14],[-5],[2],[18],[-5],[22],[-6],[0],[2],[26],[9],[-3],[29],[0],[22],[5],[-8],[26],[6],[-7],[30],[-5],[-4],[31],[13],[0],[1],[3],[3],[22],[-10],[21],[-9],[12],[20],[-5],[-5],[21],[4],[-13],[8],[8],[-12],[26],[13],[-4],[-7],[5],[4],[26],[12],[2],[29],[11],[-4],[12],[20],[8],[-8],[-7],[0],[3],[27],[12],[-6],[28],[14],[2],[5],[10],[-7],[-6],[0],[5],[-7],[7],[-7],[28],[1],[11],[-3],[15],[3],[3],[29],[5],[2],[2],[-3],[25],[5],[0],[9],[-7],[-6],[30],[14],[4],[5],[29],[16],[4],[18],[3],[0],[13],[-4],[26],[7],[-8],[1],[24],[9],[-5],[-4],[21],[-5],[-3],[15],[1],[12],[-2],[3],[2],[0],[0],[0],[-4],[-3],[15],[-4],[-5],[-3],[26],[5],[-12],[16],[19],[3],[5],[27],[13],[1],[5],[34],[14],[-3],[11],[11],[-13],[-7],[-4],[-6],[17],[0],[-4],[20],[-6],[24],[-5],[9],[-5],[-6],[18],[3],[2],[24],[-4],[-11],[-11],[-8],[16],[-10],[11],[18],[2],[-11],[22],[14],[-3],[1],[0],[29],[9],[0],[20],[14],[2],[33],[19],[-3],[22],[5],[-11],[24],[14],[1],[2],[19],[-4],[15],[23],[-5],[24],[9],[-6],[15],[2],[8],[-10],[26],[0],[-5],[18],[3],[-6],[27],[-7],[-7],[17],[3],[6],[25],[0],[24],[4],[-13],[12],[13],[3],[5],[18],[-3],[0],[1],[11],[-4],[15],[27],[11],[-4],[2],[1],[-6],[32],[18],[1],[3],[2],[4],[3],[4],[16],[-2],[18],[16],[-3],[8],[22],[3],[1],[1],[-8],[18],[18],[3],[2],[1],[1],[6],[-9],[11],[-4],[-3],[29],[17],[3],[2],[29],[2],[4],[24],[9],[-2],[6],[5],[29],[0],[9],[-7],[31],[15],[-7],[-4],[24],[7],[-6],[0],[20],[-3],[30],[17],[2],[2],[2],[0],[0],[0],[12],[-5],[25],[10],[-7],[8],[21],[-6],[-5],[1],[25],[9],[-6],[8],[25],[2],[28],[17],[-3],[0],[25],[10],[-3],[-3],[-4],[2],[7],[0],[31],[11],[-8],[4],[19],[1],[1],[-5],[24],[10],[-5],[13],[8],[-6],[8],[17],[3],[-8],[13],[0],[9],[25],[10],[-5],[-6],[-11],[16],[17],[3],[0],[24],[13],[2],[-12],[26],[-4],[0],[2],[0],[20],[3],[0],[25],[16],[0],[0],[28],[6],[0],[28],[-4],[-3],[28],[1],[29],[15],[4],[36],[20],[5],[5],[27],[-6],[12],[1],[1],[5],[29],[4],[29],[9],[-8],[12],[20],[1],[6],[33],[21],[3],[2],[27],[3],[3],[26],[5],[0],[28],[15],[0],[1],[0],[0],[32],[20],[1],[0],[0],[0],[1],[0],[-6],[0],[21],[9],[-7],[8],[23],[0],[-8],[29],[16],[-4],[-4],[-6],[15],[2],[35],[11],[-10],[16],[-3],[1],[25],[11],[-5],[12],[2],[-5],[24],[19],[3],[1],[28],[14],[0],[3],[10],[0],[30],[18],[5],[5],[33],[18],[5],[8],[22],[1],[17],[24],[2],[2],[33],[21],[5],[10],[27],[12],[-2],[16],[26],[13],[0],[0],[0],[2],[2],[3],[0],[21],[3],[4],[22],[11],[-4],[14],[19],[7],[-4],[1],[-3],[8],[8],[2],[19],[4],[2],[11],[-6],[1],[0],[11],[-4],[11],[21],[6],[-10],[21],[13],[1],[-3],[26],[12],[-6],[12],[22],[0],[7],[5],[31],[15],[-8],[18],[4],[-9],[20],[0],[4],[3],[1],[3],[23],[6],[3],[19],[1],[0],[4],[0],[-3],[27],[13],[1],[0],[18],[1],[0],[29],[5],[6],[19],[2],[3],[30],[8],[9],[30],[19],[1],[-5],[-4],[-5],[4],[25],[12],[-5],[14],[22],[6],[-11],[30],[17],[5],[4],[2],[3],[3],[5],[29],[4],[-6],[20],[24],[10],[0],[24],[18],[8],[4],[25],[5],[8],[8],[26],[0],[28],[15],[-2],[-3],[29],[17],[4],[12],[2],[8],[3],[0],[28],[13],[1],[14],[2],[2],[28],[5],[5],[2],[2],[4],[5],[34],[22],[8],[6],[8],[3],[20],[4],[5],[0],[28],[17],[2],[5],[29],[14],[1],[3],[26],[12],[-4],[17],[0],[1],[3],[11],[-6],[10],[20],[-4],[31],[0],[20],[6],[-10],[24],[17],[-6],[10],[18],[3],[-13],[26],[-4],[-8],[19],[18],[2],[3],[21],[2],[1],[-3],[-10],[10],[20],[5],[-7],[16],[1],[-4],[17],[1],[0],[28],[17],[1],[20],[-4],[8],[16],[-5],[11],[17],[-5],[26],[11],[-6],[0],[25],[9],[-6],[-4],[25],[12],[-7],[24],[-5],[0],[28],[12],[0],[0],[26],[14],[-4],[13],[21],[9],[-3],[32],[11],[-3],[-3],[13],[1],[33],[2],[1],[6],[4],[32],[5],[-4],[24],[21],[6],[0],[28],[17],[5],[7],[35],[4],[4],[1],[1],[1],[2],[-2],[25],[8],[-5],[-3],[14],[22],[8],[-7],[28],[-4],[9],[-5],[11],[19],[4],[0],[25],[10],[-4],[24],[9],[-8],[9],[18],[6],[-6],[6],[-10],[-6],[27],[2],[0],[28],[16],[3],[2],[28],[-5],[0],[-8],[14],[-5],[4],[18],[6],[0],[29],[17],[1],[-4],[28],[15],[2],[2],[-4],[-4],[4],[2],[1],[25],[7],[-5],[26],[10],[-5],[-6],[-5],[-4],[21],[6],[-10],[9],[11],[-8],[29],[14],[-5],[-4],[21],[4],[-11],[9],[19],[3],[-17],[24],[8],[-8],[10],[17],[3],[-12],[17],[16],[3],[-11],[24],[9],[-5],[-6],[-7],[16],[-4],[1],[19],[2],[-3],[-8],[31],[16],[-5],[-4],[-7],[-7],[-5],[-5],[-8],[-6],[24],[13],[-4],[-7],[23],[12],[-3],[14],[26],[2],[-5],[23],[14],[1],[-3],[25],[10],[-14],[26],[13],[1],[1],[23],[8],[-6],[27],[10],[-4],[-6],[13],[0],[0],[26],[1],[-7],[27],[1],[9],[-8],[-8],[-5],[2],[-3],[8],[-5],[16],[21],[8],[-7],[16],[18],[6],[0],[28],[10],[-4],[2],[0],[0],[-7],[21],[-6],[-4],[1],[31],[11],[3],[-4],[13],[20],[4],[-6],[28],[16],[3],[32],[17],[2],[1],[29],[5],[0],[30],[13],[-2],[-4],[6],[2],[30],[5],[-8],[24],[-4],[18],[-4],[5],[22],[6],[0],[1],[8],[8],[6],[7],[4],[20],[4],[-11],[30],[4],[29],[10],[-7],[9],[16],[2],[4],[33],[17],[1],[2],[-4],[32],[21],[6],[7],[5],[4],[27],[14],[-4],[16],[25],[2],[2],[15],[24],[2],[3],[0],[3],[18],[3],[5],[30],[13],[0],[-3],[0],[13],[1],[2],[29],[12],[-5],[12],[24],[10],[1],[35],[21],[-4],[9],[0],[24],[8],[-5],[12],[22],[8],[-4],[29],[11],[-4],[-5],[25],[1],[-6],[24],[10],[-5],[13],[24],[-7],[11],[-3],[1],[3],[10],[-7],[16],[10],[-12],[18],[13],[2],[3],[29],[7],[0],[1],[0],[1],[-3],[13],[-4],[-7],[27],[11],[-4],[12],[1],[0],[22],[0],[15],[0],[-3],[-6],[13],[2],[5],[-4],[2],[3],[1],[-8],[29],[18],[3],[0],[27],[13],[1],[1],[0],[-4],[3],[3],[26],[-3],[-4],[9],[-8],[20],[13],[0],[0],[22],[8],[1],[9],[13],[9],[17],[16],[35],[16],[3],[26],[15],[5],[29],[12],[4],[4],[-11],[24],[4],[-8],[-8],[9],[3],[37],[19],[1],[24],[26],[4],[5],[-11],[24],[5],[-12],[0],[24],[11],[-5],[20],[-3],[1],[9],[14],[12],[40],[22],[10],[0],[24],[11],[-10],[0],[19],[-7],[11],[-3],[17],[29],[3],[0],[2],[28],[7],[8],[37],[12],[10],[5],[5],[-7],[32],[18],[-7],[6],[-10],[2],[7],[30],[9],[12],[10],[24],[19],[1],[1],[35],[26],[9],[6],[27],[0],[0],[14],[3],[33],[4],[4],[41],[31],[16],[14],[40],[25],[8],[2],[21],[6],[-15],[8],[15],[2],[2],[34],[16],[2],[18],[19],[8],[10],[38],[22],[13],[16],[3],[18],[17],[-10],[1],[21],[18],[17],[13],[41],[17],[-6],[-11],[3],[-14],[-12],[-5],[9],[32],[9],[13],[28],[12],[5],[8],[19],[-6],[5],[25],[17],[4],[12],[19],[-7],[-23],[-11],[-15],[-8],[28],[63],[68],[77],[83],[68],[23],[-22],[-45],[-41],[-52],[-36],[-21],[-29],[0],[12],[11],[1],[29],[7],[2],[16],[14],[34],[47],[21],[6],[-20],[-37],[-34],[-54],[-64],[-49],[-48],[-19],[-27],[-13],[-16],[3],[-16],[12],[-16],[-23],[-33],[-7],[-28],[-43],[-63],[-56],[-88],[-68],[-87],[-82],[-58],[-61],[-82],[-36],[25],[69],[110],[148],[175],[141],[92],[64],[0],[8],[-36],[-67],[-71],[-43],[-56],[-16],[-15],[-13],[0],[-8],[4],[33],[75],[89],[129],[151],[112],[75],[41],[3],[-27],[-70],[-55],[-92],[-93],[-45],[-20],[7],[49],[47],[40],[72],[77],[62],[75],[102],[77],[69],[83],[49],[9],[-13],[-5],[-63],[-67],[-43],[-43],[-28],[-4],[42],[69],[109],[119],[105],[92],[104],[59],[27],[45],[1],[-11],[-16],[-15],[-17],[0],[0],[0],[38],[35],[30],[60],[76],[52],[83],[53],[21],[0],[-3],[-33],[-61],[-62],[-55],[-65],[-56],[-54],[-18],[-35],[-42],[-16],[-20],[-33],[-24],[-13],[-43],[-60],[-88],[-88],[-120],[-133],[-132],[-163],[-161],[-198],[-219],[-111],[51],[199],[273],[333],[350],[325],[155],[20],[-7],[-27],[-158],[-240],[-181],[-163],[-172],[-135],[-63],[-7],[-66],[-71],[-4],[101],[155],[188],[296],[293],[211],[100],[77],[22],[-123],[-187],[-235],[-244],[-218],[-162],[-46],[32],[39],[56],[136],[133],[102],[116],[196],[178],[122],[111],[124],[76],[40],[-35],[-108],[-175],[-195],[-184],[-104],[-87],[1],[61],[102],[137],[130],[172],[156],[126],[80],[56],[28],[34],[8],[24],[25],[-47],[-76],[-90],[-63],[-51],[-22],[50],[66],[77],[144],[121],[144],[104],[51],[13],[-33],[-78],[-73],[-56],[-28],[-40],[-47],[-16],[5],[5],[13],[46],[79],[69],[60],[60],[38],[16],[-28],[-75],[-90],[-138],[-154],[-127],[-140],[-96],[-84],[-96],[-89],[-58],[-73],[-93],[-80],[-111],[-159],[-195],[-251],[-136],[226],[372],[434],[354],[380],[315],[-29],[-247],[-151],[-46],[-212],[-358],[-187],[-14],[-74],[-123],[69],[153],[-28],[-167],[-30],[201],[236],[189],[334],[396],[205],[-33],[-39],[-35],[-175],[-323],[-282],[-208],[-214],[-121],[171],[272],[156],[101],[168],[202],[74],[45],[149],[176],[81],[30],[94],[110],[-26],[-107],[-125],[-173],[-253],[-189],[-24],[37],[46],[130],[205],[155],[118],[140],[141],[69],[22],[19],[40],[8],[12],[61],[31],[-39],[-84],[-61],[-12],[29],[46],[97],[128],[110],[107],[90],[62],[29],[-19],[-27],[-82],[-62],[-53],[-22],[-4],[-42],[-57],[-24],[-19],[11],[6],[14],[4],[-6],[-42],[-16],[-39],[-31],[-51],[-107],[-144],[-138],[-146],[-163],[-160],[-142],[-179],[-213],[-225],[-243],[-287],[-267],[168],[438],[556],[499],[511],[504],[122],[-220],[-239],[-99],[-238],[-513],[-380],[-116],[-142],[-238],[8],[254],[85],[-160],[-43],[291],[309],[210],[307],[480],[331],[-24],[-76],[-9],[-149],[-408],[-429],[-327],[-311],[-293],[-33],[235],[204],[91],[180],[329],[221],[150],[227],[318],[155],[14],[43],[98],[-53],[-182],[-181],[-175],[-302],[-283],[-114],[43],[68],[104],[197],[236],[202],[250],[269],[197],[72],[84],[105],[36],[-22],[0],[5],[-95],[-200],[-170],[-83],[-14],[29],[94],[201],[189],[150],[182],[140],[62],[-14],[-76],[-103],[-78],[-88],[-81],[-44],[-91],[-117],[-138],[-123],[-80],[-19],[21],[46],[48],[48],[2],[-39],[-97],[-202],[-272],[-285],[-292],[-264],[-252],[-160],[-142],[-225],[-301],[-67],[342],[547],[563],[544],[573],[380],[-24],[-237],[-164],[-124],[-400],[-538],[-394],[-212],[-259],[-218],[52],[205],[17],[-82],[149],[418],[437],[351],[431],[484],[206],[-77],[-117],[-109],[-307],[-504],[-485],[-378],[-304],[-184],[85],[268],[242],[190],[258],[352],[262],[186],[235],[231],[86],[2],[46],[17],[-117],[-245],[-279],[-277],[-325],[-257],[-35],[106],[193],[240],[318],[349],[306],[261],[232],[121],[-24],[-30],[54],[18],[-20],[-33],[-74],[-163],[-240],[-179],[-35],[105],[143],[182],[262],[235],[202],[185],[109],[-13],[-128],[-204],[-183],[-140],[-126],[-107],[-72],[-101],[-97],[-64],[-12],[57],[63],[81],[82],[26],[-16],[-36],[-78],[-192],[-283],[-374],[-378],[-356],[-337],[-283],[-207],[-184],[-165],[-53],[115],[412],[597],[625],[564],[459],[289],[51],[-145],[-255],[-283],[-359],[-496],[-493],[-301],[-195],[-170],[-87],[100],[125],[108],[216],[417],[583],[508],[363],[309],[183],[-59],[-242],[-308],[-339],[-467],[-513],[-403],[-230],[-106],[-15],[154],[280],[284],[278],[353],[448],[390],[282],[249],[160],[44],[-90],[-157],[-191],[-319],[-400],[-344],[-232],[-195],[-75],[101],[216],[255],[273],[321],[363],[310],[290],[284],[248],[119],[22],[-69],[-183],[-258],[-315],[-292],[-212],[-88],[78],[210],[294],[351],[334],[281],[168],[78],[-18],[-112],[-175],[-178],[-160],[-126],[-142],[-149],[-129],[-128],[-66],[9],[83],[118],[148],[121],[112],[30],[-87],[-171],[-224],[-354],[-432],[-407],[-347],[-347],[-325],[-277],[-207],[-133],[44],[312],[447],[574],[643],[643],[441],[202],[80],[-81],[-326],[-500],[-494],[-426],[-420],[-348],[-175],[1],[10],[-24],[82],[251],[331],[314],[442],[537],[461],[271],[125],[23],[-174],[-382],[-502],[-466],[-437],[-382],[-250],[-24],[114],[181],[277],[342],[353],[335],[296],[309],[233],[147],[110],[73],[13],[-125],[-224],[-244],[-306],[-327],[-257],[-139],[-13],[65],[207],[305],[348],[345],[382],[372],[324],[235],[137],[69],[-67],[-174],[-256],[-256],[-201],[-154],[-69],[28],[169],[254],[278],[330],[307],[227],[155],[36],[-63],[-88],[-143],[-178],[-162],[-188],[-178],[-162],[-109],[-40],[43],[80],[109],[137],[145],[93],[34],[-21],[-131],[-218],[-296],[-334],[-357],[-373],[-346],[-337],[-342],[-368],[-355],[-217],[52],[374],[586],[748],[740],[653],[455],[153],[-71],[-228],[-382],[-543],[-578],[-486],[-372],[-290],[-163],[-8],[56],[-7],[-20],[156],[396],[454],[456],[511],[543],[355],[106],[-40],[-191],[-440],[-637],[-644],[-502],[-355],[-194],[33],[289],[385],[365],[388],[431],[353],[310],[230],[223],[156],[106],[48],[-30],[-173],[-304],[-391],[-386],[-342],[-236],[-100],[65],[186],[278],[384],[497],[478],[396],[379],[295],[130],[-37],[-118],[-200],[-287],[-319],[-299],[-238],[-112],[14],[142],[280],[350],[377],[372],[363],[249],[123],[16],[-148],[-243],[-253],[-274],[-279],[-228],[-150],[-96],[-39],[68],[145],[188],[202],[155],[157],[83],[-18],[-102],[-156],[-257],[-375],[-420],[-405],[-393],[-389],[-360],[-339],[-368],[-355],[-271],[97],[464],[695],[799],[801],[704],[440],[127],[-172],[-349],[-476],[-641],[-696],[-579],[-382],[-262],[-124],[37],[99],[59],[32],[172],[391],[528],[558],[513],[482],[368],[110],[-130],[-292],[-486],[-696],[-756],[-589],[-362],[-128],[107],[314],[485],[511],[467],[475],[429],[332],[237],[147],[117],[60],[-34],[-95],[-182],[-315],[-439],[-460],[-367],[-215],[-74],[106],[280],[418],[469],[511],[524],[466],[339],[180],[45],[-113],[-261],[-323],[-304],[-300],[-259],[-178],[-64],[110],[211],[273],[352],[397],[354],[288],[217],[82],[-35],[-163],[-251],[-290],[-277],[-205],[-156],[-70],[43],[83],[97],[123],[142],[115],[65],[29],[-59],[-143],[-174],[-247],[-275],[-303],[-343],[-352],[-368],[-383],[-412],[-438],[-397],[-245],[100],[494],[811],[935],[844],[658],[415],[35],[-288],[-467],[-581],[-634],[-662],[-582],[-360],[-213],[-79],[66],[104],[61],[65],[160],[389],[592],[606],[549],[500],[325],[53],[-227],[-451],[-655],[-812],[-825],[-642],[-355],[-87],[160],[432],[548],[579],[534],[514],[439],[354],[262],[143],[58],[6],[-75],[-173],[-270],[-383],[-453],[-482],[-360],[-195],[-11],[182],[330],[483],[541],[564],[579],[467],[325],[159],[-50],[-214],[-311],[-370],[-379],[-328],[-218],[-122],[-15],[145],[255],[336],[387],[356],[312],[266],[153],[27],[-87],[-167],[-262],[-310],[-292],[-207],[-154],[-31],[36],[70],[100],[155],[146],[97],[12],[-48],[-123],[-186],[-215],[-240],[-236],[-242],[-258],[-334],[-438],[-514],[-573],[-548],[-337],[107],[605],[877],[980],[922],[759],[487],[37],[-316],[-467],[-566],[-709],[-748],[-545],[-342],[-187],[-112],[22],[117],[18],[-28],[148],[472],[583],[529],[511],[516],[328],[59],[-215],[-426],[-645],[-863],[-850],[-605],[-333],[-101],[170],[414],[543],[528],[470],[460],[451],[298],[206],[135],[112],[88],[6],[-55],[-156],[-316],[-466],[-468],[-342],[-176],[-25],[164],[368],[490],[556],[621],[627],[459],[217],[48],[-112],[-259],[-343],[-300],[-229],[-188],[-119],[-15],[104],[205],[265],[286],[313],[255],[182],[129],[100],[-4],[-110],[-198],[-271],[-274],[-225],[-151],[-40],[19],[58],[92],[149],[141],[110],[61],[-48],[-156],[-260],[-320],[-334],[-338],[-319],[-348],[-379],[-413],[-448],[-466],[-299],[138],[640],[912],[924],[858],[774],[511],[21],[-318],[-422],[-531],[-755],[-773],[-525],[-320],[-250],[-132],[86],[153],[24],[-44],[222],[549],[598],[512],[502],[462],[249],[-16],[-239],[-417],[-651],[-895],[-874],[-598],[-341],[-110],[138],[398],[523],[511],[490],[511],[520],[368],[206],[120],[67],[-30],[-82],[-80],[-97],[-267],[-369],[-336],[-221],[-93],[69],[218],[313],[378],[506],[554],[516],[387],[222],[7],[-179],[-279],[-299],[-303],[-216],[-134],[-62],[34],[171],[255],[287],[267],[241],[172],[101],[29],[1],[-56],[-101],[-150],[-211],[-179],[-108],[-92],[-75],[-8],[19],[14],[54],[102],[84],[19],[-94],[-163],[-199],[-250],[-342],[-408],[-460],[-538],[-633],[-622],[-513],[-124],[574],[1004],[1125],[1000],[908],[723],[267],[-221],[-422],[-456],[-638],[-837],[-658],[-339],[-202],[-202],[-15],[170],[65],[-214],[-123],[310],[577],[537],[511],[623],[614],[274],[-51],[-200],[-457],[-858],[-1071],[-885],[-521],[-295],[-141],[168],[472],[552],[473],[449],[532],[449],[225],[104],[90],[13],[-74],[-73],[-30],[-79],[-223],[-285],[-255],[-148],[-70],[30],[149],[213],[323],[474],[570],[515],[390],[248],[83],[-111],[-234],[-310],[-318],[-271],[-233],[-126],[45],[209],[285],[340],[355],[257],[146],[57],[13],[-30],[-98],[-141],[-191],[-184],[-132],[-86],[-63],[-36],[-29],[16],[17],[35],[84],[132],[63],[-20],[-27],[-70],[-159],[-237],[-269],[-342],[-447],[-551],[-606],[-621],[-541],[-108],[584],[996],[1040],[937],[909],[704],[134],[-341],[-425],[-413],[-672],[-813],[-534],[-206],[-195],[-178],[122],[290],[35],[-267],[-55],[419],[504],[362],[457],[595],[455],[109],[-72],[-156],[-448],[-848],[-969],[-697],[-431],[-338],[-133],[245],[513],[533],[408],[413],[430],[328],[147],[18],[-72],[-121],[-176],[-133],[-77],[-100],[-132],[-146],[-72],[50],[94],[109],[146],[217],[325],[446],[433],[353],[264],[121],[-37],[-175],[-286],[-311],[-275],[-210],[-130],[6],[187],[267],[298],[308],[292],[147],[14],[-56],[-103],[-117],[-114],[-148],[-123],[-49],[-5],[33],[49],[24],[-8],[-76],[-98],[-79],[-49],[-63],[-78],[-50],[0],[-24],[-85],[-160],[-186],[-328],[-477],[-567],[-604],[-564],[-125],[515],[884],[950],[890],[830],[656],[128],[-326],[-398],[-404],[-642],[-742],[-438],[-99],[-74],[-98],[156],[292],[29],[-264],[-58],[352],[433],[320],[349],[520],[426],[67],[-163],[-199],[-426],[-763],[-840],[-543],[-264],[-238],[-104],[238],[458],[460],[326],[338],[371],[248],[58],[-7],[-14],[-91],[-173],[-120],[-97],[-177],[-242],[-191],[-122],[-51],[42],[101],[129],[201],[328],[433],[427],[332],[235],[178],[52],[-84],[-164],[-173],[-214],[-247],[-176],[-50],[85],[163],[215],[240],[242],[121],[11],[-14],[-49],[-82],[-106],[-117],[-66],[32],[97],[133],[153],[115],[2],[-95],[-140],[-174],[-191],[-164],[-174],[-147],[-43],[34],[49],[16],[-24],[-146],[-266],[-383],[-499],[-536],[-511],[-102],[515],[896],[883],[783],[723],[530],[7],[-440],[-450],[-412],[-645],[-698],[-356],[-24],[9],[4],[246],[348],[55],[-270],[-50],[386],[411],[276],[370],[519],[333],[14],[-153],[-236],[-536],[-908],[-893],[-527],[-248],[-163],[85],[456],[598],[529],[402],[393],[318],[94],[-90],[-133],[-143],[-195],[-168],[-67],[-41],[-138],[-187],[-117],[-26],[3],[28],[68],[106],[164],[348],[451],[463],[300],[166],[97],[-47],[-170],[-199],[-183],[-191],[-151],[-66],[86],[223],[253],[255],[255],[139],[-24],[-110],[-126],[-116],[-102],[-136],[-113],[-12],[104],[149],[155],[146],[126],[13],[-101],[-126],[-123],[-152],[-211],[-230],[-207],[-139],[-148],[-126],[-147],[-176],[-250],[-359],[-414],[-470],[-310],[339],[877],[1065],[952],[878],[771],[344],[-288],[-604],[-545],[-687],[-924],[-766],[-293],[-27],[-24],[123],[453],[423],[28],[-85],[287],[536],[413],[255],[417],[511],[168],[-189],[-232],[-296],[-715],[-996],[-781],[-354],[-236],[-183],[181],[575],[692],[542],[471],[477],[352],[1],[-167],[-139],[-235],[-354],[-292],[-159],[-131],[-195],[-140],[-6],[104],[97],[126],[212],[221],[227],[300],[392],[300],[116],[56],[-37],[-178],[-268],[-263],[-234],[-173],[-56],[94],[303],[365],[342],[328],[272],[120],[-77],[-212],[-269],[-298],[-301],[-235],[-150],[0],[148],[230],[302],[289],[210],[86],[-35],[-125],[-147],[-180],[-277],[-303],[-257],[-163],[-171],[-201],[-174],[-183],[-226],[-318],[-360],[-432],[-349],[182],[842],[1205],[1041],[895],[816],[502],[-218],[-644],[-578],[-642],[-950],[-886],[-408],[-15],[-51],[61],[451],[525],[99],[-152],[227],[546],[406],[215],[350],[513],[229],[-134],[-174],[-220],[-626],[-983],[-846],[-423],[-219],[-183],[130],[580],[686],[533],[470],[481],[361],[25],[-148],[-187],[-242],[-306],[-263],[-139],[-123],[-195],[-190],[1],[113],[131],[212],[238],[209],[210],[308],[314],[236],[139],[45],[-54],[-167],[-300],[-317],[-286],[-266],[-168],[9],[177],[315],[391],[411],[373],[226],[40],[-134],[-284],[-347],[-360],[-321],[-299],[-167],[32],[204],[239],[248],[290],[219],[47],[-55],[-111],[-151],[-260],[-326],[-300],[-214],[-206],[-277],[-271],[-248],[-340],[-466],[-540],[-448],[75],[755],[1173],[1274],[1126],[1028],[747],[17],[-491],[-575],[-666],[-975],[-1024],[-582],[-133],[-70],[16],[402],[531],[179],[-96],[176],[538],[494],[258],[318],[483],[305],[-96],[-228],[-257],[-547],[-896],[-808],[-439],[-196],[-86],[131],[484],[651],[529],[445],[441],[372],[91],[-139],[-180],[-199],[-274],[-259],[-194],[-175],[-238],[-204],[-53],[91],[224],[264],[276],[284],[243],[259],[277],[195],[71],[-11],[-68],[-187],[-264],[-243],[-242],[-255],[-200],[-59],[85],[233],[377],[426],[370],[302],[164],[-11],[-191],[-327],[-372],[-394],[-380],[-295],[-126],[88],[189],[253],[287],[282],[159],[47],[33],[-32],[-166],[-269],[-283],[-246],[-223],[-230],[-259],[-240],[-257],[-353],[-437],[-469],[-463],[-120],[595],[1110],[1213],[1059],[1039],[837],[221],[-417],[-560],[-556],[-790],[-981],[-668],[-178],[5],[6],[264],[499],[303],[-117],[11],[457],[512],[316],[304],[480],[413],[-10],[-203],[-221],[-468],[-835],[-885],[-513],[-235],[-142],[65],[439],[687],[577],[448],[490],[411],[157],[-84],[-170],[-227],[-293],[-265],[-133],[-133],[-171],[-186],[-99],[68],[143],[192],[233],[217],[173],[245],[275],[232],[105],[26],[-32],[-159],[-288],[-288],[-238],[-231],[-155],[-63],[87],[228],[355],[422],[393],[301],[131],[-33],[-164],[-292],[-383],[-400],[-372],[-257],[-124],[51],[218],[277],[256],[242],[144],[17],[-54],[-56],[-107],[-178],[-203],[-132],[-79],[-123],[-194],[-234],[-251],[-270],[-339],[-385],[-390],[-434],[-461],[-21],[723],[1119],[1066],[904],[904],[670],[-18],[-459],[-419],[-423],[-767],[-880],[-461],[-60],[-70],[-35],[304],[401],[15],[-280],[92],[586],[511],[334],[481],[622],[351],[0],[-90],[-194],[-618],[-984],[-843],[-494],[-340],[-218],[145],[508],[618],[544],[577],[571],[369],[49],[-61],[-151],[-258],[-244],[-90],[13],[-69],[-171],[-132],[-47],[-22],[-64],[-21],[40],[24],[107],[322],[485],[372],[220],[155],[42],[-152],[-294],[-289],[-248],[-255],[-180],[-8],[185],[320],[331],[312],[293],[129],[-52],[-144],[-163],[-217],[-270],[-258],[-164],[-52],[76],[185],[219],[184],[113],[68],[2],[-61],[-66],[-101],[-133],[-137],[-82],[25],[1],[-111],[-182],[-212],[-209],[-246],[-241],[-245],[-279],[-384],[-489],[-395],[204],[725],[933],[869],[833],[846],[463],[-123],[-304],[-219],[-419],[-810],[-759],[-316],[-92],[-163],[-33],[300],[222],[-178],[-152],[393],[676],[456],[348],[567],[658],[303],[-14],[-79],[-302],[-830],[-1117],[-856],[-471],[-292],[-123],[304],[712],[707],[519],[493],[505],[257],[-48],[-148],[-142],[-133],[-62],[93],[125],[-23],[-196],[-270],[-275],[-278],[-277],[-178],[-11],[181],[418],[547],[521],[381],[208],[59],[-155],[-342],[-396],[-332],[-183],[-32],[121],[230],[302],[271],[154],[16],[-67],[-138],[-116],[-100],[-67],[-24],[12],[12],[40],[92],[51],[-15],[-60],[25],[52],[23],[24],[38],[-13],[-80],[-116],[-108],[-52],[-85],[-138],[-120],[-77],[-59],[-56],[-40],[-47],[-80],[-174],[-316],[-477],[-586],[-654],[-394],[224],[681],[875],[820],[873],[811],[358],[-147],[-254],[-285],[-552],[-798],[-631],[-310],[-256],[-233],[83],[266],[68],[-80],[219],[616],[656],[529],[552],[592],[382],[-70],[-304],[-403],[-675],[-959],[-821],[-483],[-244],[-109],[180],[491],[572],[522],[456],[464],[334],[156],[74],[60],[51],[21],[24],[-59],[-266],[-419],[-479],[-452],[-344],[-243],[-39],[176],[349],[486],[568],[513],[331],[156],[23],[-135],[-178],[-195],[-130],[-44],[-54],[-36],[-56],[-44],[-55],[-74],[-60],[-31],[74],[176],[250],[255],[232],[139],[37],[-80],[-175],[-207],[-157],[-86],[-62],[-11],[90],[96],[27],[-31],[-48],[-83],[-149],[-131],[-37],[52],[27],[45],[104],[90],[-13],[-141],[-214],[-264],[-433],[-612],[-679],[-704],[-635],[-173],[525],[1013],[1012],[918],[996],[733],[139],[-289],[-317],[-436],[-821],[-937],[-582],[-287],[-277],[-124],[284],[346],[63],[52],[491],[753],[524],[314],[447],[499],[125],[-235],[-266],[-401],[-794],[-979],[-712],[-394],[-236],[-17],[350],[648],[578],[508],[576],[587],[377],[138],[9],[-75],[-223],[-245],[-196],[-272],[-415],[-463],[-350],[-204],[-154],[-54],[116],[227],[351],[477],[532],[504],[358],[241],[120],[-29],[-213],[-285],[-316],[-341],[-359],[-292],[-147],[0],[123],[209],[282],[313],[335],[365],[266],[196],[48],[-101],[-215],[-264],[-281],[-226],[-175],[-71],[-15],[13],[76],[147],[152],[129],[86],[15],[-4],[0],[4],[10],[-4],[-53],[-69],[-70],[-134],[-264],[-340],[-338],[-343],[-374],[-378],[-387],[-395],[-291],[69],[529],[767],[774],[696],[674],[432],[-60],[-319],[-316],[-421],[-633],[-616],[-323],[-85],[-29],[98],[281],[191],[-85],[-82],[226],[376],[340],[351],[386],[284],[56],[-82],[-150],[-332],[-538],[-548],[-378],[-239],[-124],[91],[328],[410],[302],[309],[352],[233],[91],[6],[8],[-41],[-134],[-61],[-10],[-99],[-247],[-247],[-184],[-134],[-62],[61],[210],[282],[323],[364],[409],[313],[173],[15],[-88],[-166],[-257],[-250],[-165],[-133],[-106],[0],[58],[164],[179],[190],[248],[238],[214],[162],[133],[53],[-59],[-180],[-257],[-238],[-183],[-132],[-80],[32],[78],[99],[122],[152],[138],[111],[90],[30],[-23],[-63],[-82],[-84],[-116],[-142],[-136],[-187],[-211],[-230],[-206],[-180],[-196],[-200],[-262],[-355],[-418],[-407],[-180],[306],[635],[737],[728],[745],[560],[177],[-76],[-176],[-256],[-513],[-653],[-494],[-284],[-203],[-133],[52],[126],[-39],[-135],[115],[374],[432],[459],[508],[525],[384],[195],[30],[-176],[-471],[-660],[-692],[-596],[-438],[-226],[29],[233],[357],[414],[444],[421],[348],[220],[102],[39],[-20],[-17],[2],[-31],[-110],[-147],[-156],[-127],[-66],[-48],[16],[35],[97],[194],[242],[290],[297],[207],[145],[70],[-47],[-108],[-122],[-117],[-91],[-59],[22],[65],[98],[180],[169],[150],[94],[78],[57],[9],[-36],[-68],[-117],[-127],[-86],[-17],[45],[66],[109],[162],[154],[140],[75],[31],[-26],[-91],[-168],[-166],[-142],[-97],[-79],[-36],[-10],[-75],[-103],[-92],[-97],[-173],[-211],[-192],[-211],[-270],[-287],[-260],[-231],[-142],[158],[491],[618],[560],[501],[395],[141],[-86],[-198],[-228],[-318],[-434],[-446],[-359],[-294],[-206],[-86],[68],[156],[157],[297],[536],[597],[546],[440],[257],[42],[-230],[-435],[-526],[-611],[-632],[-540],[-340],[-139],[81],[258],[409],[427],[401],[409],[361],[328],[305],[238],[149],[25],[-89],[-163],[-242],[-287],[-340],[-330],[-242],[-120],[18],[140],[261],[318],[353],[371],[329],[267],[183],[52],[-43],[-96],[-120],[-170],[-140],[-82],[-55],[-91],[-67],[45],[131],[138],[120],[184],[179],[133],[110],[96],[37],[-27],[-42],[-59],[-38],[-47],[-55],[-18],[-10],[-16],[-47],[-15],[16],[-26],[-51],[-23],[-31],[-35],[-7],[42],[32],[-42],[-86],[-54],[-48],[-77],[-85],[-98],[-103],[-152],[-204],[-267],[-334],[-418],[-496],[-432],[-257],[40],[350],[618],[701],[633],[511],[297],[4],[-167],[-283],[-386],[-516],[-502],[-339],[-146],[-22],[61],[144],[172],[91],[74],[192],[194],[91],[39],[89],[92],[25],[-65],[-115],[-179],[-232],[-275],[-231],[-82],[121],[245],[326],[409],[404],[347],[267],[123],[24],[-90],[-199],[-198],[-126],[-60],[-42],[-69],[-47],[10],[33],[68],[156],[181],[157],[203],[249],[264],[224],[146],[28],[-40],[-117],[-196],[-208],[-152],[-165],[-156],[-50],[72],[138],[241],[309],[370],[267],[176],[155],[94],[-6],[-115],[-168],[-140],[-135],[-156],[-58],[5],[-18],[-42],[-23],[41],[48],[16],[44],[122],[76],[25],[25],[57],[13],[-56],[-66],[-72],[-106],[-177],[-209],[-223],[-192],[-208],[-176],[-117],[-99],[-156],[-229],[-307],[-302],[-347],[-295],[-151],[206],[491],[633],[616],[581],[448],[98],[-204],[-358],[-440],[-562],[-631],[-477],[-237],[-32],[65],[172],[224],[83],[-71],[-56],[89],[163],[225],[323],[359],[379],[263],[110],[-8],[-139],[-308],[-415],[-363],[-205],[-38],[91],[194],[275],[310],[290],[197],[154],[125],[48],[-38],[-41],[20],[30],[36],[21],[21],[17],[-55],[-24],[98],[118],[118],[154],[147],[106],[34],[-11],[-34],[-65],[-80],[-43],[49],[93],[94],[146],[178],[166],[121],[109],[87],[77],[58],[16],[-4],[11],[-32],[-107],[-101],[-95],[-100],[-55],[28],[101],[108],[169],[223],[220],[184],[80],[-15],[-127],[-219],[-274],[-227],[-149],[-88],[-52],[1],[56],[16],[-53],[-69],[-115],[-159],[-131],[-27],[2],[7],[2],[-30],[-99],[-170],[-253],[-324],[-333],[-317],[-274],[-182],[34],[255],[357],[393],[315],[192],[13],[-134],[-229],[-263],[-298],[-279],[-220],[-118],[9],[131],[189],[204],[195],[150],[156],[140],[161],[181],[133],[86],[10],[-38],[-116],[-132],[-117],[-117],[-82],[-63],[31],[171],[233],[227],[255],[262],[156],[50],[3],[-47],[-72],[-94],[-38],[3],[24],[46],[58],[79],[81],[49],[94],[109],[85],[33],[34],[101],[69],[89],[65],[91],[102],[109],[84],[86],[120],[75],[17],[15],[-23],[-32],[-34],[-34],[9],[45],[30],[46],[121],[141],[133],[86],[122],[110],[28],[-29],[-20],[-56],[-114],[-138],[-132],[-118],[-92],[-118],[-64],[32],[40],[12],[40],[101],[99],[68],[36],[-43],[-108],[-110],[-181],[-223],[-236],[-226],[-204],[-183],[-146],[-85],[-62],[-45],[6],[-20],[-49],[-146],[-222],[-214],[-212],[-228],[-186],[-69],[42],[170],[196],[217],[240],[147],[44],[20],[2],[17],[-14],[-6],[9],[14],[-42],[-76],[-99],[-74],[-72],[-28],[64],[181],[258],[298],[312],[237],[187],[78],[-36],[-139],[-171],[-195],[-203],[-129],[-25],[102],[166],[152],[178],[157],[136],[69],[48],[93],[82],[107],[91],[98],[99],[40],[0],[-4],[-13],[-13],[58],[69],[74],[102],[131],[152],[191],[160],[117],[97],[70],[34],[-34],[-69],[-74],[-77],[-69],[-3],[41],[85],[101],[147],[116],[105],[30],[-7],[-4],[-47],[-66],[-60],[12],[36],[61],[70],[4],[-62],[-117],[-130],[-169],[-172],[-126],[-119],[-110],[-56],[-30],[-29],[-49],[-65],[-16],[-14],[-28],[20],[40],[59],[-6],[-63],[-47],[-59],[-117],[-170],[-228],[-247],[-237],[-229],[-192],[-94],[-79],[-87],[-76],[-44],[10],[22],[64],[94],[65],[97],[145],[125],[122],[122],[92],[-35],[-107],[-62],[-36],[-22],[-38],[-54],[-44],[-59],[-8],[102],[114],[123],[120],[115],[120],[97],[74],[35],[-58],[-81],[-71],[-72],[2],[41],[85],[121],[140],[115],[123],[170],[101],[49],[17],[57],[85],[84],[119],[139],[90],[41],[53],[65],[59],[38],[56],[49],[37],[33],[30],[48],[58],[-14],[-26],[0],[60],[78],[89],[117],[138],[67],[32],[63],[28],[-33],[-50],[-54],[-51],[-60],[-65],[-43],[-29],[-44],[-48],[-19],[-24],[-40],[-53],[-59],[-59],[-52],[-26],[-15],[-24],[-25],[-16],[-23],[5],[-48],[-78],[-120],[-126],[-125],[-132],[-103],[-62],[-44],[-8],[-10],[-37],[-18],[-52],[-58],[-35],[-50],[-32],[-42],[-36],[-5],[-38],[-58],[-80],[-87],[-136],[-148],[-133],[-119],[-110],[-7],[70],[130],[189],[129],[41],[-13],[-12],[3],[-25],[-70],[-32],[-19],[19],[-11],[2],[78],[52],[-15],[12],[125],[137],[157],[191],[182],[83],[2],[2],[-26],[-54],[-115],[-95],[-45],[38],[130],[164],[187],[164],[128],[113],[117],[131],[117],[84],[3],[-22],[3],[19],[-13],[-53],[-44],[-30],[21],[159],[225],[274],[224],[149],[70],[44],[13],[-54],[-115],[-152],[-170],[-130],[-46],[0],[82],[70],[33],[25],[35],[74],[70],[38],[20],[13],[5],[-22],[44],[45],[-34],[-127],[-146],[-136],[-135],[-91],[-72],[-4],[28],[-24],[-19],[-6],[-29],[-92],[-136],[-125],[-116],[-111],[-95],[18],[44],[66],[26],[37],[65],[38],[-8],[8],[2],[18],[-18],[-51],[-21],[-72],[-110],[-84],[-68],[-13],[-32],[9],[39],[72],[64],[21],[10],[-38],[-121],[-172],[-207],[-146],[-146],[-111],[-64],[7],[24],[53],[65],[75],[98],[46],[38],[72],[95],[71],[62],[100],[49],[40],[3],[-7],[-17],[-28],[-17],[3],[38],[37],[60],[86],[96],[126],[93],[68],[58],[52],[43],[65],[113],[114],[128],[170],[132],[70],[36],[36],[-30],[-83],[-48],[-18],[-31],[-18],[28],[81],[119],[101],[59],[60],[61],[-5],[-30],[-22],[-31],[-37],[-30],[24],[48],[30],[17],[67],[48],[9],[-16],[-29],[-26],[-48],[-47],[-63],[-67],[-69],[-58],[-81],[-32],[0],[-29],[-30],[-34],[-14],[41],[28],[92],[109],[71],[42],[-10],[-51],[-100],[-124],[-137],[-106],[-70],[-18],[9],[80],[139],[99],[52],[81],[64],[36],[11],[9],[-27],[-37],[-46],[-33],[-16],[-4],[-50],[-80],[-48],[-8],[8],[2],[58],[71],[56],[46],[48],[74],[22],[10],[-50],[-83],[-95],[-117],[-61],[-47],[-32],[-32],[-22],[-15],[16],[34],[53],[41],[41],[64],[67],[48],[14],[-22],[-5],[-18],[-25],[21],[23],[28],[48],[16],[27],[70],[45],[35],[94],[139],[115],[77],[97],[90],[67],[14],[7],[-17],[-20],[-58],[-51],[-24],[-16],[-23],[18],[89],[125],[96],[69],[92],[84],[14],[-38],[-28],[-46],[-81],[-80],[-45],[-12],[-26],[-66],[-60],[-32],[-69],[-75],[-23],[69],[69],[54],[73],[80],[54],[15],[-39],[-63],[-89],[-104],[-63],[-40],[-15],[9],[43],[35],[27],[56],[62],[38],[21],[30],[44],[82],[67],[24],[-8],[-51],[-99],[-98],[-69],[-64],[-26],[30],[76],[106],[148],[126],[111],[100],[47],[-3],[-15],[-5],[45],[29],[-5],[-15],[-14],[-38],[-15],[-5],[40],[41],[41],[41],[42],[17],[4],[-10],[-35],[-64],[-64],[-80],[-69],[-69],[-71],[-60],[-44],[-50],[-40],[-55],[-10],[30],[54],[46],[68],[49],[10],[20],[-13],[-46],[-50],[-63],[-42],[-11],[-31],[-14],[25],[68],[38],[68],[81],[49],[19],[35],[24],[3],[-6],[0],[31],[33],[17],[5],[-19],[-6],[-38],[-45],[2],[-3],[2],[20],[35],[-11],[-43],[-43],[-55],[-58],[-54],[-32],[9],[1],[51],[81],[79],[52],[59],[46],[29],[20],[12],[13],[10],[-4],[18],[10],[1],[-22],[-8],[-16],[42],[33],[13],[65],[91],[92],[102],[96],[73],[52],[23],[13],[35],[-6],[-41],[-35],[-3],[41],[33],[76],[115],[89],[97],[69],[35],[28],[18],[10],[40],[19],[13],[37],[8],[-24],[-13],[-26],[-27],[-34],[-26],[27],[25],[6],[33],[23],[9],[12],[-11],[0],[28],[-6],[-21],[18],[0],[-15],[-36],[-23],[-44],[-58],[-67],[-36],[-10],[53],[25],[26],[37],[60],[36],[-24],[-43],[-32],[-68],[-101],[-93],[-52],[-51],[-79],[-67],[-68],[-21],[-41],[-38],[42],[62],[48],[61],[82],[62],[-9],[-75],[-103],[-93],[-83],[-102],[-82],[2],[18],[-6],[-12],[8],[11],[8],[-22],[-16],[30],[42],[68],[118],[91],[44],[22],[-26],[-47],[-36],[-68],[-70],[-36],[-15],[18],[21],[45],[47],[46],[39],[64],[101],[75],[77],[118],[88],[46],[28],[36],[35],[4],[-16],[11],[30],[42],[79],[87],[81],[80],[56],[56],[52],[67],[43],[40],[77],[33],[34],[47],[27],[15],[16],[0],[4],[-24],[24],[27],[4],[5],[29],[35],[32],[53],[48],[36],[25],[-35],[-36],[-5],[-34],[-72],[-50],[-7],[-16],[-44],[-15],[-13],[-16],[-20],[24],[27],[26],[37],[7],[1],[-13],[-9],[-29],[-31],[-7],[8],[-11],[-26],[-13],[-47],[-82],[-101],[-108],[-104],[-92],[-52],[-38],[38],[42],[16],[-3],[30],[-9],[-81],[-94],[-83],[-74],[-87],[-47],[-21],[-7],[-21],[-5],[3],[-6],[4],[-10],[-19],[19],[-10],[-20],[5],[-13],[-5],[-8],[-30],[-7],[1],[1],[27],[84],[113],[102],[89],[117],[78],[35],[21],[34],[21],[-20],[5],[3],[5],[34],[57],[68],[72],[76],[89],[86],[120],[114],[120],[148],[124],[81],[53],[65],[32],[-8],[-22],[-30],[-10],[12],[41],[41],[50],[76],[57],[36],[78],[76],[78],[106],[124],[106],[77],[21],[12],[-40],[-97],[-127],[-103],[-102],[-88],[-31],[-3],[38],[49],[48],[96],[90],[45],[17],[27],[8],[-23],[-69],[-75],[-102],[-135],[-139],[-115],[-56],[-60],[-66],[-4],[19],[20],[33],[49],[45],[49],[-3],[-27],[-8],[-37],[-72],[-86],[-100],[-121],[-137],[-131],[-84],[-70],[-53],[-11],[38],[22],[24],[61],[51],[26],[2],[-18],[-49],[-40],[-37],[-62],[-39],[-39],[0],[1],[22],[33],[40],[47],[52],[48],[47],[4],[25],[5],[-10],[6],[32],[29],[5],[42],[50],[30],[45],[37],[34],[90],[77],[68],[86],[104],[115],[66],[63],[28],[-5],[-5],[-5],[3],[16],[4],[49],[63],[59],[69],[60],[67],[67],[68],[74],[120],[97],[47],[29],[28],[29],[-23],[-50],[-43],[-39],[-13],[-8],[8],[25],[30],[58],[65],[74],[80],[72],[73],[44],[-31],[-68],[-94],[-141],[-122],[-139],[-107],[-80],[-16],[19],[37],[46],[40],[26],[12],[8],[-27],[-31],[-29],[-31],[-88],[-59],[-77],[-107],[-102],[-91],[-94],[-92],[-62],[-24],[28],[3],[20],[5],[2],[10],[-55],[-59],[-92],[-117],[-109],[-71],[-55],[-24],[25],[36],[48],[90],[81],[60],[31],[22],[-23],[-53],[-65],[-61],[-75],[-56],[-5],[1],[24],[67],[81],[93],[89],[74],[72],[38],[35],[41],[40],[36],[35],[22],[58],[34],[16],[11],[-11],[9],[-11],[16],[69],[53],[64],[84],[107],[53],[28],[44],[22],[-7],[-12],[9],[32],[55],[25],[32],[59],[14],[0],[11],[23],[25],[32],[50],[56],[50],[72],[31],[17],[20],[27],[1],[-4],[44],[31],[3],[5],[32],[-3],[-50],[-58],[-23],[-37],[-31],[5],[6],[47],[32],[6],[10],[14],[-24],[-60],[-50],[-83],[-87],[-91],[-61],[-68],[-70],[-56],[-40],[-12],[-10],[24],[5],[-14],[-13],[9],[-40],[-56],[-61],[-32],[-33],[-60],[-71],[-63],[-40],[-29],[-40],[-16],[-8],[42],[51],[44],[70],[21],[-31],[-37],[-29],[-55],[-65],[-20],[9],[19],[32],[65],[66],[64],[41],[31],[37],[46],[48],[74],[66],[58],[29],[-8],[-8],[21],[2],[-14],[28],[53],[36],[28],[60],[36],[39],[9],[14],[52],[46],[26],[40],[44],[25],[6],[16],[28],[22],[29],[28],[23],[37],[25],[42],[-7],[12],[6],[7],[18],[-27],[1],[18],[-5],[-10],[50],[59],[43],[35],[66],[48],[2],[-29],[-9],[-19],[-30],[-31],[9],[26],[31],[37],[1],[-16],[3],[-56],[-58],[-67],[-55],[-22],[-18],[8],[50],[30],[-11],[-24],[-42],[-53],[-56],[-46],[-8],[-6],[4],[45],[13],[4],[-7],[9],[-30],[-56],[-32],[-27],[-23],[-35],[-20],[-37],[-42],[-22],[-32],[-36],[-31],[-39],[-3],[18],[31],[56],[49],[26],[10],[13],[-15],[-13],[-6],[-3],[6],[41],[29],[39],[46],[71],[53],[48],[68],[52],[40],[48],[20],[8],[32],[26],[11],[-7],[16],[11],[-18],[16],[43],[43],[52],[96],[89],[84],[95],[90],[81],[56],[28],[6],[-17],[-15],[-10],[-31],[-23],[-33],[0],[40],[41],[33],[50],[51],[75],[58],[64],[35],[19],[32],[-11],[-31],[-51],[-24],[-20],[-22],[-12],[-7],[-15],[2],[5],[12],[1],[21],[9],[-18],[-13],[-8],[-29],[-62],[-48],[-36],[-43],[-35],[5],[-13],[5],[12],[27],[8],[-4],[17],[-5],[17],[0],[10],[-12],[-30],[-12],[-55],[-23],[-30],[-39],[-11],[-6],[-20],[4],[-5],[12],[29],[29],[16],[4],[-15],[-16],[-43],[-57],[-39],[-46],[-25],[25],[29],[20],[36],[25],[33],[18],[54],[49],[68],[84],[59],[38],[48],[2],[-51],[-45],[-52],[-55],[-53],[-27],[31],[47],[49],[54],[89],[91],[78],[89],[77],[83],[85],[66],[28],[19],[24],[-16],[-52],[-32],[20],[11],[-8],[16],[42],[43],[61],[54],[58],[58],[70],[65],[65],[62],[4],[-35],[-40],[-53],[-83],[-49],[-30],[18],[10],[30],[49],[45],[45],[58],[29],[24],[-6],[-51],[-54],[-78],[-71],[-64],[-60],[-39],[-30],[-7],[14],[33],[54],[29],[14],[-4],[1],[-14],[1],[2],[-40],[-55],[-66],[-42],[-47],[-55],[-12],[-20],[-21],[20],[27],[40],[45],[11],[-14],[14],[-13],[-32],[-38],[-20],[-64],[-63],[-68],[-43],[8],[15],[26],[49],[56],[49],[52],[82],[50],[27],[16],[29],[3],[4],[29],[11],[-21],[1],[-16],[-21],[-12],[22],[26],[29],[49],[89],[71],[58],[58],[54],[26],[19],[24],[26],[28],[53],[33],[35],[45],[11],[12],[41],[29],[9],[34],[28],[20],[28],[32],[28],[29],[59],[35],[26],[26],[10],[-3],[-8],[16],[-7],[-20],[34],[40],[32],[32],[42],[21],[-5],[-9],[-8],[18],[0],[-23],[-26],[-29],[-22],[-38],[-55],[-55],[-48],[-35],[2],[18],[47],[45],[13],[20],[15],[-21],[-45],[-28],[-32],[-51],[-48],[-30],[-53],[-61],[-56],[-30],[30],[33],[26],[27],[29],[20],[3],[-29],[-21],[-47],[-56],[-36],[-37],[-27],[-24],[-36],[-34],[-18],[22],[8],[1],[42],[65],[41],[13],[27],[32],[0],[12],[5],[0],[13],[26],[13],[42],[16],[-7],[3],[5],[-4],[1],[-6],[18],[27],[19],[35],[67],[38],[46],[82],[51],[33],[53],[34],[38],[8],[25],[13],[3],[-13],[-5],[0],[19],[11],[13],[10],[34],[27],[-7],[3],[43],[29],[30],[53],[33],[-3],[-22],[-11],[-19],[-7],[35],[35],[28],[35],[29],[12],[9],[3],[-22],[11],[-4],[-16],[8],[20],[-8],[-45],[-60],[-69],[-52],[-29],[-11],[14],[30],[37],[26],[35],[1],[-37],[-54],[-41],[-63],[-55],[-37],[10],[2],[-22],[0],[-4],[-14],[-24],[-5],[-30],[-3],[15],[-10],[12],[33],[-5],[-34],[-26],[-39],[-63],[-50],[-48],[-15],[36],[17],[24],[60],[57],[10],[0],[-14],[4],[2],[-15],[-10],[6],[26],[34],[31],[27],[28],[13],[6],[1],[15],[-9],[-14],[22],[25],[29],[37],[46],[79],[62],[42],[39],[61],[35],[14],[20],[16],[16],[28],[3],[31],[-4],[-5],[3],[43],[45],[34],[21],[42],[34],[26],[37],[10],[16],[5],[-4],[18],[4],[-12],[-15],[-19],[3],[2],[15],[45],[24],[33],[27],[30],[-11],[-11],[-4],[-6],[5],[-9],[-11],[32],[12],[-5],[21],[-13],[-36],[-28],[5],[-7],[11],[26],[13],[10],[-23],[12],[3],[-20],[-29],[-29],[-24],[-25],[-33],[-15],[-20],[8],[19],[3],[25],[4],[10],[18],[2],[-29],[-10],[-35],[-50],[-43],[-9],[-13],[-20],[-11],[9],[29],[12],[16],[19],[28],[23],[33],[2],[14],[-4],[9],[19],[2],[-12],[5],[11],[2],[13],[38],[22],[12],[31],[38],[3],[19],[21],[46],[69],[52],[47],[49],[41],[8],[3],[-16],[0],[-13],[-7],[40],[36],[40],[28],[66],[49],[21],[1],[11],[30],[29],[1],[23],[28],[24],[-13],[4],[-13],[-26],[-11],[22],[42],[42],[21],[32],[30],[9],[-23],[0],[-16],[-22],[-12],[32],[32],[21],[11],[25],[-5],[-30],[-34],[-33],[-31],[32],[27],[6],[2],[6],[14],[31],[3],[-17],[-8],[-7],[-35],[-29],[-16],[-28],[-34],[-22],[-11],[25],[10],[-6],[27],[-10],[-21],[-17],[16],[8],[-9],[-17],[3],[-30],[-45],[-10],[-24],[-27],[15],[45],[34],[19],[48],[50],[30],[16],[38],[24],[-5],[-28],[-12],[-15],[-22],[3],[12],[14],[56],[37],[28],[51],[54],[15],[4],[27],[17],[11],[27],[24],[52],[21],[33],[18],[16],[26],[1],[-14],[27],[18],[32],[37],[43],[73],[59],[43],[42],[65],[24],[40],[17],[-7],[-13],[14],[-5],[-8],[28],[14],[-4],[8],[34],[12],[9],[37],[13],[10],[35],[17],[8],[32],[3],[-20],[-7],[-27],[-46],[-36],[17],[14],[1],[1],[29],[18],[1],[5],[9],[-22],[-46],[-35],[-13],[-8],[-6],[30],[16],[5],[20],[27],[5],[-10],[11],[-12],[-19],[-11],[-19],[0],[5],[-12],[-26],[0],[-9],[-24],[17],[2],[-29],[-11],[-14],[13],[4],[58],[33],[48],[59],[38],[21],[2],[6],[-23],[-34],[-24],[-3],[-13],[6],[38],[14],[28],[38],[14],[34],[9],[0],[34],[25],[17],[13],[24],[-3],[-19],[14],[1],[-17],[4],[17],[12],[16],[66],[45],[49],[72],[53],[28],[25],[-5],[20],[-5],[-21],[10],[16],[13],[20],[18],[45],[24],[2],[36],[26],[8],[3],[22],[12],[3],[3],[9],[-15],[-28],[10],[-18],[-17],[6],[-3],[8],[37],[19],[8],[16],[31],[-7],[-20],[-4],[-29],[-32],[5],[-15],[-17],[7],[-27],[-23],[1],[-20],[-32],[6],[-14],[3],[12],[46],[31],[4],[-4],[5],[-14],[24],[4],[-22],[-34],[-20],[-40],[-28],[-13],[-26],[-20],[-19],[11],[8],[7],[24],[27],[22],[22],[53],[54],[49],[40],[56],[14],[-23],[0],[-7],[-22],[-28],[12],[3],[-10],[0],[31],[22],[18],[51],[37],[36],[72],[49],[9],[30],[8],[-18],[-23],[-21],[-11],[1],[17],[1],[16],[44],[33],[19],[24],[43],[25],[23],[26],[17],[27],[-9],[12],[-7],[-3],[29],[1],[1],[-3],[20],[13],[50],[36],[23],[37],[-4],[-15],[-12],[-18],[1],[-13],[-18],[0],[-15],[38],[32],[11],[7],[-8],[-28],[-19],[-29],[4],[21],[10],[8],[35],[19],[-18],[0],[-31],[-49],[-23],[-3],[-11],[32],[35],[18],[8],[13],[-16],[-34],[-28],[-9],[-26],[-8],[14],[-18],[8],[-12],[13],[-13],[-33],[-14],[10],[-4],[31],[13],[16],[9],[0],[25],[9],[-22],[2],[14],[0],[-7],[-7],[16],[39],[15],[15],[48],[22],[12],[16],[6],[10],[30],[15],[4],[20],[44],[26],[33],[51],[22],[-4],[2],[19],[9],[0],[33],[41],[20],[4],[38],[29],[17],[14],[25],[12],[50],[43],[29],[21],[36],[10],[-15],[-12],[0],[36],[33],[20],[34],[38],[17],[11],[6],[29],[9],[-12],[10],[4],[24],[31],[1],[-22],[-14],[-15],[-30],[-15],[2],[25],[32],[2],[5],[23],[-3],[0],[13],[-4],[-22],[0],[4],[-15],[-35],[1],[-11],[-24],[16],[13],[2],[12],[30],[13],[-7],[11],[-13],[-28],[-12],[1],[-11],[-12],[9],[-16],[-21],[-13],[-27],[0],[10],[8],[16],[16],[19],[23],[44],[9],[-12],[-26],[-17],[-52],[-16],[-28],[-13],[-7],[-8],[36],[46],[30],[24],[49],[40],[25],[18],[43],[28],[49],[60],[37],[14],[22],[22],[-3],[-20],[1],[-13],[5],[29],[32],[82],[56],[50],[34],[34],[29],[15],[-4],[7],[19],[5],[20],[23],[27],[34],[48],[20],[14],[38],[28],[17],[14],[13],[21],[33],[14],[10],[31],[9],[-24],[-18],[-37],[-31],[9],[12],[6],[32],[51],[42],[20],[40],[19],[-9],[-14],[-24],[-20],[-11],[23],[-12],[-3],[23],[-7],[3],[-20],[-14],[-16],[1],[-12],[-10],[22],[1],[17],[-3],[5],[18],[-20],[-19],[-35],[0],[-4],[-12],[6],[10],[35],[15],[1],[1],[-10],[-20],[9],[0],[-20],[-21],[-16],[-8],[-12],[-16],[-15],[-10],[-10],[3],[-15],[-3],[-7],[25],[20],[18],[60],[45],[18],[29],[27],[2],[-4],[25],[13],[3],[18],[16],[48],[16],[44],[37],[17],[33],[48],[35],[20],[41],[20],[50],[34],[14],[34],[16],[10],[19],[8],[11],[9],[16],[12],[43],[35],[22],[51],[26],[46],[9],[4],[-4],[-15],[-12],[-31],[-26],[9],[8],[3],[14],[45],[23],[-6],[-10],[-10],[-6],[-10],[-11],[-7],[4],[2],[2],[28],[-15],[-28],[-15],[-30],[-40],[-22],[-27],[12],[-13],[6],[-7],[-17],[12],[6],[-11],[-10],[19],[3],[-14],[9],[19],[-4],[-8],[-11],[-8],[9],[-12],[-14],[-14],[-19],[6],[-7],[-17],[-19],[-6],[2],[-13],[-12],[6],[-5],[0],[20],[4],[-17],[5],[14],[-14],[-6],[13],[22],[6],[-4],[22],[-5],[-12],[-15],[9],[-4],[0],[28],[25],[2],[14],[19],[4],[34],[16],[2],[32],[12],[-3],[3],[10],[18],[6],[30],[13],[13],[32],[13],[3],[8],[30],[16],[64],[62],[49],[41],[28],[34],[3],[0],[11],[-5],[-16],[10],[18],[10],[12],[43],[24],[6],[2],[31],[20],[8],[24],[11],[17],[-4],[12],[0],[-14],[-28],[-34],[-39],[-13],[-27],[-35],[0],[27],[8],[17],[1],[-5],[-17],[-5],[-26],[-39],[-35],[4],[-3],[12],[29],[-3],[-14],[15],[-7],[-24],[-14],[-18],[-22],[-7],[2],[8],[10],[4],[-6],[-19],[-8],[-23],[12],[-18],[-20],[5],[11],[-4],[0],[5],[14],[-10],[-8],[19],[10],[5],[40],[26],[12],[31],[5],[20],[8],[2],[20],[-3],[-21],[0],[-10],[1],[4],[8],[23],[35],[28],[19],[32],[38],[12],[12],[26],[12],[12],[41],[25],[5],[24],[11],[12],[44],[17],[32],[17],[12],[33],[21],[10],[28],[21],[5],[26],[2],[1],[0],[17],[-5],[-6],[2],[5],[8],[10],[18],[41],[17],[28],[27],[5],[0],[16],[3],[-8],[20],[2],[-12],[-15],[10],[-6],[-16],[-15],[-5],[-14],[12],[25],[11],[-9],[20],[17],[-4],[-16],[20],[12],[-11],[-15],[15],[6],[-17],[-19],[-13],[-15],[11],[-7],[-17],[-11],[17],[-4],[-12],[7],[17],[5],[-3],[3],[13],[-15],[3],[-7],[-12],[-20],[-18],[-24],[-22],[1],[3],[18],[45],[28],[27],[26],[17],[10],[32],[1],[-13],[-28],[-19],[-16],[16],[10],[2],[2],[33],[20],[10],[14],[35],[18],[26],[56],[25],[25],[24],[32],[6],[-10],[-21],[-18],[-19],[-10],[9],[2],[51],[24],[28],[52],[35],[18],[20],[0],[6],[-14],[20],[11],[1],[3],[9],[4],[40],[11],[4],[2],[14],[-3],[18],[10],[14],[38],[17],[-3],[-10],[-21],[-32],[-8],[-15],[-26],[-13],[3],[31],[21],[32],[44],[14],[3],[24],[-14],[16],[3],[-27],[-12],[11],[0],[-8],[13],[6],[-5],[-6],[21],[5],[-4],[1],[25],[11],[4],[0],[-6],[3],[9],[-10],[-27],[-10],[-29],[-39],[-8],[-10],[-22],[21],[17],[6],[34],[44],[27],[19],[50],[38],[16],[7],[30],[11],[-13],[-14],[-22],[-12],[-24],[-6],[10],[5],[9],[42],[38],[29],[36],[40],[18],[20],[11],[17],[25],[10],[-10],[2],[-22],[0],[-7],[-8],[-2],[2],[43],[14],[17],[41],[12],[4],[20],[3],[36],[20],[0],[0],[17],[-7],[-23],[-8],[14],[-3],[-5],[22],[17],[40],[43],[25],[24],[37],[9],[-16],[-4],[10],[-8],[-21],[-4],[7],[-13],[-10],[26],[27],[17],[9],[16],[15],[11],[27],[4],[7],[-14],[-11],[-11],[14],[-11],[-26],[0],[4],[-19],[6],[22],[9],[16],[9],[29],[1],[9],[12],[1],[-17],[2],[-17],[-12],[11],[-26],[-29],[-20],[-23],[-24],[-18],[11],[2],[2],[10],[10],[32],[27],[11],[9],[3],[0],[18],[-5],[2],[-15],[21],[8],[-8],[0],[21],[12],[3],[36],[26],[22],[25],[48],[15],[13],[11],[31],[17],[5],[33],[8],[9],[9],[21],[5],[35],[19],[5],[8],[17],[3],[36],[29],[13],[22],[30],[5],[0],[21],[6],[-5],[-8],[14],[22],[10],[10],[36],[21],[8],[5],[-5],[29],[15],[-7],[12],[20],[4],[0],[20],[3],[-9],[-5],[21],[16],[8],[13],[29],[16],[28],[12],[20],[13],[-10],[-24],[-20],[-22],[-16],[-7],[-8],[26],[8],[11],[37],[10],[-7],[27],[13],[-3],[-4],[-4],[10],[-10],[7],[-13],[-20],[5],[-18],[-15],[14],[7],[9],[35],[25],[9],[15],[19],[-8],[-6],[-10],[-6],[-5],[0],[28],[18],[4],[38],[13],[-8],[12],[13],[3],[36],[4],[32],[20],[1],[-3],[26],[-8],[14],[3],[8],[21],[7],[0],[24],[-4],[15],[5],[28],[33],[11],[14],[12],[4],[4],[34],[29],[6],[0],[3],[33],[15],[2],[35],[4],[16],[20],[5],[8],[35],[17],[6],[37],[21],[6],[19],[16],[-5],[-11],[13],[-10],[-9],[19],[5],[-13],[11],[6],[-6],[32],[14],[-3],[5],[-12],[28],[13],[-15],[20],[-5],[-21],[-18],[-17],[-8],[-22],[-6],[10],[-4],[-14],[23],[17],[4],[-5],[22],[3],[-18],[-23],[-3],[-18],[-28],[-5],[-21],[-7],[30],[17],[10],[11],[38],[25],[14],[30],[10],[2],[-13],[6],[9],[-13],[-20],[-6],[-5],[12],[-3],[35],[28],[14],[49],[22],[44],[16],[41],[24],[8],[16],[24],[5],[-10],[6],[-10],[17],[4],[-5],[32],[27],[17],[18],[38],[22],[6],[26],[1],[-5],[19],[-6],[-9],[22],[8],[2],[32],[19],[4],[44],[27],[9],[7],[33],[3],[5],[35],[20],[12],[45],[27],[6],[14],[28],[2],[3],[-3],[29],[-7],[-5],[-6],[6],[8],[16],[1],[-5],[21],[11],[3],[4],[26],[11],[0],[24],[5],[-16],[-14],[13],[1],[-13],[16],[0],[25],[11],[-10],[-16],[-8],[6],[-14],[-14],[16],[-6],[-8],[18],[-5],[19],[1],[-4],[25],[-6],[0],[-10],[12],[26],[13],[10],[34],[16],[2],[-3],[24],[11],[-3],[1],[29],[21],[18],[18],[35],[10],[36],[22],[6],[21],[14],[16],[44],[11],[33],[14],[-5],[20],[18],[2],[5],[21],[9],[14],[13],[40],[21],[6],[22],[9],[9],[2],[-3],[3],[13],[-4],[30],[11],[-6],[0],[-6],[31],[22],[11],[16],[43],[18],[38],[43],[26],[8],[24],[24],[1],[-5],[24],[2],[25],[28],[13],[11],[9],[1],[27],[14],[-12],[-5],[3],[5],[34],[21],[9],[17],[11],[9],[36],[18],[-4],[13],[0],[-6],[-14],[-18],[-18],[12],[-6],[-23],[-15],[6],[-13],[-11],[22],[0],[2],[10],[-4],[10],[-11],[-8],[13],[1],[-16],[17],[7],[-13],[-3],[-16],[19],[-13],[-7],[0],[20],[7],[12],[33],[17],[-4],[25],[5],[-9],[-8],[15],[8],[2],[35],[21],[8],[38],[18],[2],[1],[1],[28],[1],[13],[3],[18],[29],[12],[0],[24],[8],[-5],[24],[8],[9],[26],[32],[12],[1],[27],[6],[-14],[-18],[7],[-10],[-13],[-4],[0],[3],[5],[36],[20],[5],[8],[10],[30],[7],[-10],[1],[27],[0],[24],[13],[-10],[7],[-9],[-10],[24],[9],[-4],[-3],[2],[-6],[0],[3],[0],[0],[1],[28],[4],[-8],[5],[-18],[-14],[17],[2],[-11],[0],[22],[1],[15],[-5],[-4],[-5],[-14],[16],[0],[-13],[-14],[17],[8],[0],[-3],[15],[-5],[-6],[23],[-12],[12],[10],[-10],[-11],[13],[4],[-11],[22],[4],[-11],[26],[12],[-4],[3],[0],[-10],[-12],[-6],[1],[1],[3],[21],[7],[4],[19],[0],[-6],[26],[7],[0],[21],[3],[3],[30],[17],[5],[11],[9],[32],[19],[5],[24],[26],[12],[0],[29],[20],[5],[5],[34],[7],[-11],[28],[21],[6],[11],[12],[14],[25],[38],[12],[6],[15],[-5],[6],[15],[-7],[-11],[-7],[-11],[9],[15],[1],[-8],[12],[20],[5],[-12],[12],[-6],[17],[3],[-9],[10],[11],[-10],[-16],[14],[-12],[-11],[-10],[-15],[-13],[-8],[10],[20],[8],[-10],[4],[15],[-7],[-14],[-20],[-4],[-18],[-14],[15],[-8],[-7],[29],[0],[-5],[18],[-4],[-10],[17],[17],[-3],[1],[20],[4],[-13],[5],[-14],[0],[-10],[10],[-13],[-6],[-3],[25],[12],[3],[6],[4],[2],[1],[1],[25],[1],[9],[24],[0],[-4],[26],[10],[-7],[5],[9],[38],[29],[5],[20],[7],[2],[22],[-10],[0],[0],[26],[12],[1],[17],[3],[7],[13],[18],[4],[42],[14],[31],[5],[34],[27],[0],[10],[18],[-6],[-6],[18],[9],[-3],[13],[20],[5],[8],[35],[3],[7],[6],[8],[13],[4],[31],[10],[-12],[-15],[4],[-9],[-20],[17],[14],[1],[30],[17],[4],[40],[28],[11],[0],[23],[12],[-11],[4],[11],[-5],[-19],[12],[4],[-4],[0],[18],[8],[5],[43],[17],[24],[41],[27],[3],[13],[18],[-3],[-18],[4],[16],[9],[-7],[10],[26],[10],[8],[26],[13],[5],[3],[3],[4],[12],[6],[24],[7],[0],[32],[14],[0],[4],[34],[19],[5],[24],[10],[16],[31],[15],[-3],[11],[20],[9],[-9],[18],[17],[6],[20],[6],[36],[34],[20],[10],[41],[30],[10],[6],[30],[21],[5],[17],[24],[0],[15],[-8],[12],[3],[7],[15],[12],[48],[22],[-3],[32],[22],[7],[6],[28],[0],[8],[0],[1],[0],[0],[10],[-13],[-10],[-7],[-8],[21],[12],[19],[15],[40],[20],[5],[2],[26],[10],[-6],[30],[6],[-6],[28],[15],[-6],[0],[13],[-3],[-11],[-7],[0],[-5],[20],[15],[2],[9],[9],[2],[22],[6],[-15],[-11],[24],[12],[-7],[20],[18],[0],[2],[18],[3],[5],[34],[16],[1],[20],[5],[0],[1],[-7],[-3],[12],[-4],[35],[21],[10],[13],[12],[8],[4],[-6],[0],[16],[-12],[-12],[-6],[0],[4],[3],[6],[16],[20],[5],[11],[33],[16],[3],[40],[10],[16],[25],[-5],[19],[-13],[8],[13],[3],[4],[30],[16],[6],[16],[35],[15],[15],[29],[15],[13],[11],[5],[0],[27],[12],[-7],[5],[17],[3],[-7],[16],[25],[13],[8],[41],[5],[17],[33],[21],[10],[25],[4],[16],[26],[3],[2],[27],[10],[-10],[-8],[0],[-7],[-4],[-10],[31],[0],[15],[19],[0],[29],[12],[-3],[0],[21],[-5],[-10],[1],[1],[3],[27],[0],[23],[-4],[-13],[11],[-10],[-4],[2],[27],[13],[1],[2],[25],[11],[0],[15],[3],[7],[8],[37],[9],[11],[14],[11],[5],[0],[17],[-3],[-11],[22],[1],[4],[36],[23],[9],[6],[28],[3],[10],[20],[5],[0],[28],[7],[14],[15],[6],[18],[-6],[-11],[15],[4],[-8],[8],[26],[2],[5],[7],[1],[0],[2],[13],[-5],[22],[21],[5],[-8],[16],[9],[-6],[-8],[20],[8],[-10],[-8],[19],[8],[-6],[4],[19],[8],[7],[27],[0],[-8],[25],[-4],[-3],[-8],[-10],[19],[3],[-15],[-16],[-8],[-15],[-5],[5],[2],[32],[16],[3],[4],[29],[13],[-7],[-10],[19],[9],[-6],[0],[25],[1],[0],[10],[-10],[0],[11],[-16],[-8],[-22],[12],[14],[2],[4],[18],[1],[-11],[27],[15],[-3],[-5],[25],[-4],[13],[-4],[-4],[22],[-13],[20],[9],[-5],[0],[21],[5],[8],[12],[4],[35],[10],[13],[11],[8],[5],[30],[0],[0],[26],[8],[0],[2],[12],[-5],[15],[27],[13],[0],[31],[15],[5],[9],[-11],[9],[10],[-6],[-3],[-4],[29],[12],[-5],[-3],[28],[9],[-13],[10],[-8],[-5],[34],[21],[9],[1],[21],[4],[-16],[3],[12],[1],[-8],[16],[21],[6],[26],[11],[0],[15],[-7],[-10],[19],[-4],[25],[14],[1],[8],[29],[10],[6],[28],[14],[1],[0],[27],[14],[2],[16],[23],[7],[-10],[4],[16],[-12],[14],[-10],[20],[13],[1],[2],[25],[11],[-7],[27],[13],[-3],[-5],[19],[5],[-11],[0],[14],[2],[-8],[20],[4],[-7],[1],[14],[-4],[2],[0],[4],[0],[28],[2],[32],[26],[13],[0],[28],[11],[-9],[9],[16],[1],[-12],[11],[25],[9],[15],[31],[11],[6],[3],[29],[12],[1],[18],[30],[3],[0],[25],[10],[-12],[4],[13],[5],[-4],[30],[4],[11],[24],[8],[31],[17],[1],[25],[0],[-5],[21],[2],[-10],[25],[6],[4],[-4],[16],[5],[2],[-8],[18],[-4],[12],[20],[9],[-3],[31],[-3],[-3],[-5],[10],[20],[2],[10],[-3],[16],[28],[6],[3],[21],[5],[-15],[0],[11],[-7],[-8],[12],[1],[0],[29],[5],[5],[1],[1],[11],[17],[2],[-8],[17],[1],[-13],[4],[-11],[-12],[24],[12],[-3],[2],[28],[13],[-5],[-6],[5],[-5],[16],[6],[32],[17],[-8],[26],[0],[15],[0],[2],[27],[4],[3],[24],[-5],[16],[21],[9],[6],[27],[13],[5],[5],[32],[18],[8],[26],[6],[17],[17],[-3],[10],[11],[-5],[8],[25],[12],[2],[20],[2],[0],[13],[27],[9],[-6],[29],[20],[4],[20],[34],[19],[1],[14],[25],[0],[0],[24],[9],[-4],[11],[17],[-5],[20],[3],[2],[32],[18],[4],[2],[27],[10],[4],[14],[-8],[17],[18],[-4],[-8],[21],[-4],[-15],[4],[-8],[9],[17],[-7],[20],[2],[3],[24],[9],[0],[2],[3],[26],[9],[-7],[5],[-13],[12],[11],[-6],[1],[21],[5],[-5],[13],[0],[17],[25],[10],[5],[31],[18],[0],[18],[18],[2],[3],[33],[17],[1],[8],[19],[7],[11],[41],[27],[10],[36],[28],[12],[2],[33],[13],[-3],[-3],[1],[35],[5],[8],[36],[22],[8],[20],[28],[1],[17],[29],[1],[30],[12],[0],[11],[24],[11],[0],[24],[18],[0],[28],[4],[20],[7],[18],[3],[20],[21],[5],[0],[24],[1],[-8],[0],[28],[0],[2],[19],[6],[12],[8],[28],[10],[8],[33],[21],[9],[4],[17],[-4],[-8],[12],[-13],[-10],[19],[9],[-8],[35],[22],[11],[11],[33],[14],[-8],[16],[4],[-12],[6],[-8],[-3],[-5],[13],[20],[-8],[-5],[0],[2],[12],[27],[15],[3],[16],[27],[6],[9],[29],[13],[-6],[12],[9],[-11],[-8],[17],[3],[-7],[0],[19],[3],[5],[2],[4],[3],[0],[3],[29],[13],[-5],[4],[19],[3],[-20],[21],[9],[-7],[-5],[8],[41],[19],[3],[32],[0],[-4],[9],[-7],[27],[12],[-7],[-8],[18],[5],[-3],[8],[28],[2],[4],[29],[6],[3],[15],[21],[0],[-5],[26],[6],[-14],[12],[18],[1],[8],[1],[34],[22],[5],[5],[4],[3],[5],[4],[30],[5],[10],[-12],[2],[-10],[10],[2],[7],[0],[30],[19],[8],[8],[33],[19],[3],[1],[-7],[-4],[2],[30],[18],[3],[2],[27],[10],[-7],[0],[-8],[15],[-3],[-4],[23],[5],[-9],[12],[-9],[6],[15],[0],[-13],[9],[-8],[14],[23],[9],[-8],[20],[9],[-6],[-6],[19],[5],[-6],[26],[18],[-4],[20],[5],[-10],[13],[21],[5],[8],[9],[18],[5],[5],[-2],[25],[1],[1],[4],[27],[18],[9],[4],[20],[20],[-3],[-8],[17],[7],[2],[2],[-4],[19],[4],[3],[0],[1],[19],[3],[-8],[26],[13],[1],[13],[23],[3],[9],[-8],[12],[18],[-4],[2],[-7],[9],[19],[4],[20],[5],[8],[-6],[-8],[12],[16],[-9],[-5],[14],[-4],[2],[27],[10],[-5],[9],[-7],[4],[-13],[5],[-7],[19],[5],[4],[-4],[30],[3],[15],[-5],[0],[0],[25],[9],[0],[27],[6],[0],[22],[9],[-7],[-4],[13],[1],[-13],[20],[19],[-7],[-6],[1],[1],[-5],[-6],[22],[3],[-15],[0],[11],[-3],[-16],[2],[-7],[13],[1],[2],[29],[12],[-7],[-4],[21],[5],[-10],[0],[20],[5],[-10],[9],[21],[6],[-11],[12],[26],[12],[0],[28],[19],[4],[0],[-5],[5],[-13],[12],[16],[0],[13],[11],[-5],[13],[6],[5],[25],[10],[-6],[11],[-6],[2],[-3],[16],[20],[4],[-11],[26],[5],[-10],[-7],[11],[-8],[1],[-5],[32],[19],[0],[11],[19],[3],[-12],[8],[-8],[16],[10],[-8],[21],[6],[-11],[6],[15],[-6],[-5],[26],[14],[1],[2],[27],[13],[3],[35],[16],[-3],[-4],[27],[9],[-5],[8],[-8],[1],[-19],[16],[16],[2],[12],[20],[9],[11],[36],[4],[18],[22],[5],[27],[5],[-12],[-12],[17],[-13],[-14],[-11],[-8],[-6],[17],[-4],[28],[21],[9],[8],[32],[16],[-5],[12],[17],[1],[-13],[25],[6],[-9],[17],[1],[0],[32],[21],[11],[10],[2],[10],[-3],[32],[13],[-5],[0],[29],[12],[-6],[-6],[12],[3],[16],[5],[37],[21],[8],[7],[14],[-3],[-3],[-5],[-3],[-3],[-3],[24],[3],[1],[0],[28],[20],[5],[7],[7],[27],[11],[4],[28],[-7],[12],[12],[-4],[-16],[16],[12],[-5],[3],[-6],[1],[0],[29],[9],[-6],[-3],[0],[31],[1],[1],[3],[1],[4],[19],[-5],[10],[18],[3],[-8],[25],[18],[5],[6],[33],[9],[8],[31],[11],[-4],[1],[0],[28],[17],[3],[1],[27],[4],[2],[30],[1],[2],[2],[25],[8],[-6],[13],[3],[27],[7],[15],[0],[34],[22],[5],[3],[25],[6],[-12],[-13],[-4],[-3],[25],[8],[-3],[1],[28],[11],[-4],[10],[-5],[11],[13],[1],[31],[19],[-3],[20],[22],[1],[25],[-7],[-3],[25],[3],[0],[31],[15],[-3],[29],[11],[-5],[-5],[-8],[30],[3],[6],[11],[11],[7],[22],[25],[2],[0],[-3],[13],[-4],[4],[23],[7],[11],[31],[15],[0],[25],[1],[0],[4],[0],[2],[27],[13],[0],[10],[16],[-7],[-8],[3],[-14],[-7],[15],[3],[5],[35],[24],[4],[10],[32],[19],[2],[12],[21],[5],[-13],[20],[9],[-3],[32],[0],[29],[18],[1],[1],[-5],[-4],[1],[21],[9],[-5],[27],[-3],[2],[3],[26],[5],[4],[31],[4],[10],[-6],[12],[24],[-6],[-3],[3],[2],[20],[6],[-8],[28],[-7],[-5],[32],[20],[-3],[0],[17],[0],[8],[19],[7],[9],[29],[11],[-3],[-6],[-6],[28],[11],[-7],[-8],[5],[-6],[13],[25],[9],[-3],[12],[28],[13],[-5],[13],[21],[6],[-11],[25],[16],[-7],[8],[20],[4],[4],[-3],[28],[-5],[0],[11],[-7],[10],[-3],[14],[2],[4],[30],[8],[1],[26],[11],[-10],[8],[17],[5],[-10],[-6],[-8],[-5],[27],[10],[-4],[12],[22],[7],[1],[9],[9],[0],[16],[-3],[-5],[25],[11],[-6],[-8],[25],[14],[-6],[-4],[-5],[25],[0],[0],[-4],[1],[-5],[0],[12],[-6],[-6],[-8],[9],[20],[2],[12],[27],[3],[6],[22],[3],[1],[27],[12],[-5],[10],[1],[5],[25],[0],[5],[6],[31],[5],[7],[11],[12],[13],[9],[35],[25],[0],[11],[21],[5],[3],[-6],[-10],[9],[-5],[9],[-3],[34],[25],[8],[9],[34],[18],[4],[1],[30],[14],[3],[1],[28],[2],[4],[17],[27],[12],[-10],[33],[17],[1],[1],[27],[11],[1],[1],[1],[14],[-6],[24],[11],[-11],[8],[22],[-6],[10],[21],[5],[11],[0],[26],[9],[-10],[19],[7],[-11],[-7],[-6],[0],[21],[4],[0],[13],[-7],[11],[19],[0],[21],[6],[-9],[11],[15],[-3],[-5],[-6],[13],[0],[3],[11],[-5],[29],[-7],[11],[0],[0],[25],[15],[-3],[13],[21],[3],[1],[14],[-4],[-6],[26],[10],[-5],[-6],[18],[3],[5],[4],[4],[1],[21],[10],[-7],[18],[20],[4],[3],[2],[17],[3],[36],[6],[19],[5],[3],[26],[10],[-8],[4],[22],[11],[0],[32],[23],[9],[5],[29],[-5],[32],[23],[9],[0],[31],[19],[4],[2],[28],[1],[14],[20],[9],[-5],[26],[10],[-4],[14],[22],[9],[-7],[21],[15],[2],[5],[0],[1],[33],[17],[5],[4],[29],[13],[-3],[30],[14],[-5],[16],[24],[5],[-10],[26],[17],[7],[4],[29],[-7],[0],[0],[-8],[-7],[25],[8],[-11],[18],[18],[6],[0],[36],[21],[4],[-3],[18],[3],[-14],[16],[-3],[3],[24],[4],[5],[33],[14],[-4],[-6],[2],[30],[1],[29],[20],[5],[2],[1],[-4],[0],[1],[-6],[13],[-5],[16],[18],[4],[12],[2],[-5],[16],[24],[11],[0],[26],[26],[9],[7],[30],[17],[2],[3],[28],[13],[0],[4],[1],[-4],[24],[27],[2],[21],[6],[8],[31],[-5],[14],[2],[2],[3],[3],[35],[9],[-4],[2],[13],[-6],[-7],[22],[6],[-6],[-4],[1],[24],[6],[8],[32],[2],[25],[8],[-9],[9],[20],[3],[-10],[24],[-4],[-5],[11],[-7],[-4],[11],[-7],[27],[-6],[0],[29],[-9],[-7],[-6],[-5],[-4],[-10],[10],[6],[-8],[9],[22],[6],[-7],[15],[-2],[-4],[-8],[3],[-14],[13],[4],[-10],[-8],[26],[4],[-12],[25],[16],[-5],[-6],[27],[8],[-8],[6],[-11],[25],[10],[-6],[-6],[23],[5],[-8],[19],[-3],[26],[15],[-10],[9],[21],[-5],[5],[25],[3],[-4],[22],[2],[-13],[24],[0],[27],[-7],[13],[-5],[6],[-7],[16],[21],[0],[0],[1],[29],[1],[21],[3],[2],[26],[11],[1],[2],[21],[6],[-6],[13],[18],[-3],[-6],[10],[19],[6],[-7],[12],[18],[4],[-10],[24],[-7],[9],[19],[-8],[5],[-7],[0],[-7],[-8],[10],[20],[3],[-13],[28],[10],[-7],[2],[-13],[16],[18],[5],[-11],[34],[11],[-4],[8],[-7],[16],[14],[-4],[0],[21],[3],[4],[27],[6],[5],[22],[0],[12],[-6],[25],[12],[2],[1],[6],[5],[30],[6],[-11],[8],[-4],[5],[-10],[20],[9],[-4],[-5],[1],[13],[-7],[4],[21],[5],[-10],[9],[18],[2],[3],[33],[3],[2],[22],[-3],[0],[17],[-8],[0],[25],[12],[1],[3],[27],[15],[-4],[16],[2],[27],[6],[5],[29],[1],[3],[-4],[26],[10],[-5],[27],[12],[1],[4],[23],[2],[3],[32],[11],[-3],[28],[10],[-5],[12],[13],[3],[3],[29],[4],[4],[32],[17],[0],[17],[-4],[2],[8],[5],[33],[2],[10],[-6],[-10],[10],[10],[-6],[-7],[18],[0],[3],[27],[11],[-3],[12],[4],[8],[-6],[10],[-4],[0],[-9],[-6],[22],[-4],[0],[-4],[18],[1],[1],[25],[0],[-3],[12],[22],[7],[-7],[20],[13],[-4],[8],[-7],[-5],[-4],[24],[9],[-7],[20],[12],[-3],[15],[14],[0],[3],[2],[1],[-3],[12],[20],[6],[-8],[12],[20],[3],[27],[11],[-6],[-3],[8],[-6],[25],[8],[-5],[17],[17],[0],[1],[25],[3],[6],[21],[4],[3],[30],[0],[23],[11],[-3],[3],[28],[5],[-3],[12],[-4],[16],[2],[13],[22],[11],[0],[17],[6],[20],[28],[10],[1],[19],[3],[4],[29],[13],[1],[0],[25],[13],[-4],[8],[17],[2],[2],[4],[2],[30],[5],[-13],[24],[15],[-11],[8],[18],[-6],[16],[14],[1],[6],[17],[0],[1],[30],[14],[0],[22],[9],[10],[4],[3],[28],[-4],[-11],[16],[13],[0],[32],[18],[6],[6],[4],[0],[11],[0],[2],[2],[-5],[21],[17],[3],[4],[17],[-4],[12],[21],[6],[-11],[20],[18],[8],[-6],[28],[27],[16],[10],[31],[12],[-3],[32],[17],[3],[5],[5],[30],[12],[1],[29],[14],[-3],[28],[24],[3],[19],[32],[9],[37],[19],[4],[5],[28],[1],[0],[34],[9],[9],[31],[17],[2],[5],[4],[37],[11],[-3],[18],[26],[2],[12],[-3],[8],[8],[35],[14],[-3],[26],[24],[6],[4],[4],[10],[36],[5],[3],[19],[0],[16],[4],[35],[23],[9],[9],[33],[18],[6],[20],[35],[9],[25],[12],[0],[33],[11],[5],[38],[22],[4],[14],[29],[11],[-5],[0],[1],[3],[4],[21],[5],[10],[8],[19],[2],[16],[0],[0],[32],[17],[-7],[26],[25],[9],[9],[29],[13],[1],[4],[27],[6],[5],[32],[19],[1],[2],[13]]}}