{"protected":{"ver":"v1","alg":"HS256","iat":1740144625},"signature":"6d001a58b255699f0a5b0a376fc9ab048577a320642534f94f1ab686a077bf07","payload":{"device_name":"E6:61:78:C1:27:19:92:28","device_type":"DATA_FORWARDER","interval_ms":0.0625,"sensors":[{"name":"audio","units":"wav"}],"values":[[-5],[10],[13],[-5],[-3],[26],[10],[1],[20],[5],[16],[-3],[-6],[18],[6],[-8],[10],[-5],[-4],[27],[15],[2],[2],[28],[10],[-4],[-8],[12],[1],[8],[4],[24],[18],[2],[6],[-7],[18],[2],[6],[6],[10],[8],[34],[9],[9],[36],[2],[28],[9],[-5],[12],[19],[-4],[-7],[29],[-8],[0],[-6],[-5],[9],[-7],[15],[24],[9],[-7],[12],[1],[3],[18],[-5],[16],[19],[5],[-8],[28],[13],[3],[10],[2],[21],[0],[14],[26],[14],[17],[24],[2],[7],[22],[4],[9],[5],[18],[3],[20],[19],[2],[16],[27],[6],[26],[11],[8],[35],[13],[40],[27],[4],[15],[8],[22],[5],[28],[33],[13],[40],[19],[13],[25],[32],[16],[6],[32],[31],[9],[4],[39],[16],[9],[25],[37],[19],[8],[42],[30],[18],[11],[39],[18],[8],[35],[15],[6],[8],[32],[32],[20],[19],[29],[11],[30],[44],[26],[9],[28],[35],[10],[36],[18],[19],[18],[14],[17],[15],[13],[20],[33],[22],[20],[42],[30],[14],[41],[21],[4],[43],[11],[30],[5],[21],[30],[6],[14],[1],[32],[27],[5],[41],[10],[25],[10],[24],[28],[4],[9],[10],[32],[18],[4],[26],[1],[8],[14],[8],[2],[0],[19],[4],[34],[24],[5],[1],[4],[2],[17],[26],[9],[3],[29],[11],[13],[33],[-3],[18],[27],[8],[8],[28],[11],[8],[35],[20],[8],[35],[23],[4],[9],[35],[12],[2],[20],[10],[18],[29],[6],[10],[6],[30],[13],[3],[14],[22],[13],[-7],[28],[12],[-7],[1],[17],[3],[36],[18],[0],[17],[-8],[4],[25],[-5],[-8],[13],[-7],[1],[-3],[-11],[-3],[25],[5],[-12],[12],[11],[-7],[-7],[24],[12],[0],[4],[4],[28],[14],[0],[4],[22],[3],[-20],[25],[13],[-3],[-5],[-6],[14],[0],[-5],[5],[27],[4],[19],[1],[-6],[22],[10],[-7],[8],[21],[-5],[-7],[18],[3],[-15],[5],[18],[-3],[5],[38],[14],[-10],[26],[-6],[-6],[1],[-5],[-8],[-12],[-10],[5],[-3],[16],[24],[10],[-8],[25],[20],[10],[4],[33],[19],[5],[15],[17],[-5],[15],[-4],[1],[22],[9],[-13],[33],[19],[8],[35],[8],[-6],[32],[20],[3],[0],[27],[-11],[-5],[3],[27],[-6],[17],[22],[12],[0],[36],[27],[11],[9],[31],[2],[36],[10],[-7],[2],[24],[-4],[1],[30],[8],[5],[27],[18],[10],[27],[6],[5],[5],[22],[2],[1],[10],[7],[14],[2],[5],[15],[0],[35],[21],[2],[7],[5],[8],[37],[24],[-4],[17],[8],[25],[9],[3],[21],[-2],[-6],[35],[19],[8],[10],[3],[8],[33],[13],[-7],[0],[19],[2],[-13],[6],[22],[1],[-4],[20],[-4],[0],[20],[-11],[0],[-6],[-10],[13],[4],[-6],[17],[9],[-7],[0],[13],[-4],[3],[25],[-8],[19],[8],[3],[-7],[21],[6],[-13],[0],[11],[1],[-20],[-3],[11],[-5],[-6],[26],[7],[-5],[-3],[-10],[29],[6],[-11],[9],[17],[-10],[-11],[16],[9],[-10],[-7],[8],[-10],[-4],[27],[12],[-3],[-3],[22],[8],[-11],[0],[-10],[13],[2],[-10],[-11],[-10],[27],[8],[-6],[-7],[20],[9],[-13],[0],[-13],[-8],[-11],[10],[9],[-4],[4],[10],[2],[0],[31],[6],[-12],[20],[10],[1],[4],[24],[6],[1],[12],[27],[16],[3],[9],[4],[2],[0],[16],[2],[3],[3],[28],[14],[-5],[18],[25],[6],[-10],[20],[2],[4],[6],[5],[1],[34],[6],[18],[-4],[-7],[0],[-4],[-7],[1],[23],[12],[-11],[8],[-3],[2],[0],[2],[19],[23],[1],[-7],[-8],[10],[-11],[13],[16],[3],[-6],[21],[18],[3],[-5],[-6],[8],[-7],[3],[-7],[-8],[11],[1],[0],[25],[10],[-4],[9],[-12],[29],[11],[-4],[10],[19],[2],[1],[25],[3],[0],[-5],[21],[-5],[8],[17],[2],[0],[28],[6],[-7],[17],[20],[7],[0],[26],[8],[-11],[0],[21],[-4],[-7],[-8],[-11],[26],[14],[0],[28],[11],[1],[1],[6],[3],[24],[10],[-4],[20],[11],[-6],[-7],[5],[-14],[4],[-7],[-6],[11],[2],[3],[2],[11],[5],[13],[11],[-8],[7],[-5],[-16],[-8],[-12],[-9],[-4],[22],[1],[0],[2],[0],[-5],[-4],[-5],[-6],[22],[7],[-10],[5],[-14],[-4],[12],[0],[-12],[-5],[-3],[30],[0],[13],[-8],[21],[14],[-5],[-4],[20],[1],[-12],[-10],[0],[-17],[24],[13],[-5],[16],[-6],[0],[22],[4],[26],[12],[-6],[-6],[-8],[11],[-6],[24],[17],[5],[4],[3],[9],[24],[2],[10],[21],[5],[-7],[9],[17],[-10],[-8],[25],[17],[2],[28],[10],[-3],[18],[22],[5],[2],[11],[-9],[7],[14],[-10],[-6],[-5],[8],[22],[10],[0],[22],[14],[6],[1],[12],[24],[2],[2],[16],[0],[14],[1],[4],[26],[-4],[-3],[1],[5],[3],[28],[13],[2],[1],[3],[9],[-11],[16],[17],[-5],[6],[2],[0],[1],[36],[13],[-7],[2],[16],[2],[14],[24],[0],[4],[-14],[19],[14],[9],[8],[32],[25],[14],[-14],[32],[-7],[24],[13],[0],[20],[18],[7],[-6],[25],[4],[3],[4],[13],[0],[-7],[25],[11],[-4],[11],[19],[1],[-14],[2],[16],[1],[0],[-7],[0],[5],[25],[10],[-3],[28],[15],[2],[-6],[28],[9],[-3],[32],[12],[-3],[0],[-8],[-6],[22],[4],[9],[26],[12],[0],[29],[13],[-3],[3],[27],[13],[-7],[-11],[6],[0],[25],[-6],[-8],[-4],[-5],[-6],[5],[-8],[-4],[-7],[-4],[11],[-3],[-6],[20],[-14],[9],[-12],[-8],[16],[5],[-6],[0],[22],[5],[-13],[1],[-3],[-14],[21],[8],[-3],[2],[21],[5],[-7],[-6],[-12],[26],[2],[-11],[26],[15],[-6],[10],[10],[-6],[21],[12],[-4],[0],[26],[16],[4],[2],[30],[11],[0],[1],[-5],[17],[27],[8],[-8],[12],[0],[14],[-5],[11],[9],[-5],[13],[21],[6],[-3],[12],[19],[-6],[9],[1],[3],[21],[5],[10],[33],[7],[27],[13],[-4],[12],[21],[6],[-6],[16],[22],[6],[-5],[25],[8],[-4],[13],[23],[12],[-4],[11],[4],[0],[22],[0],[-16],[20],[-12],[23],[5],[-12],[11],[1],[-8],[21],[4],[2],[10],[0],[30],[0],[-7],[2],[3],[-7],[11],[-7],[10],[20],[2],[-8],[29],[0],[2],[4],[2],[6],[23],[5],[33],[-5],[2],[6],[31],[14],[-6],[-6],[2],[0],[5],[31],[18],[6],[20],[31],[9],[33],[14],[-7],[-3],[6],[-11],[0],[17],[6],[-3],[16],[24],[1],[12],[-7],[-5],[21],[8],[-6],[4],[3],[8],[29],[11],[-8],[-14],[-7],[13],[6],[2],[32],[18],[-6],[16],[2],[5],[6],[8],[2],[3],[21],[3],[13],[-6],[16],[21],[9],[9],[32],[1],[11],[-6],[28],[21],[5],[-4],[0],[14],[27],[6],[9],[9],[4],[1],[3],[2],[2],[9],[8],[34],[21],[5],[8],[8],[3],[31],[2],[1],[25],[-4],[3],[4],[28],[14],[1],[12],[32],[14],[0],[14],[21],[11],[-4],[8],[16],[2],[-13],[12],[-11],[0],[33],[18],[8],[5],[21],[8],[4],[5],[6],[30],[15],[5],[8],[31],[13],[-3],[4],[29],[2],[13],[2],[12],[18],[6],[3],[4],[2],[20],[2],[6],[26],[2],[1],[27],[12],[5],[34],[20],[4],[4],[29],[13],[4],[6],[38],[21],[5],[5],[27],[19],[8],[27],[9],[10],[8],[34],[24],[5],[18],[24],[6],[32],[16],[1],[5],[-3],[3],[30],[4],[21],[2],[5],[-11],[33],[8],[1],[0],[16],[1],[8],[36],[21],[8],[22],[4],[0],[35],[30],[9],[16],[27],[11],[-5],[12],[25],[12],[-3],[13],[22],[8],[20],[4],[1],[30],[14],[1],[-5],[22],[9],[-4],[16],[-3],[14],[3],[4],[25],[11],[4],[4],[28],[5],[-6],[15],[1],[4],[25],[3],[-12],[12],[24],[8],[11],[33],[20],[10],[11],[27],[11],[6],[26],[10],[4],[33],[16],[28],[32],[18],[10],[41],[16],[10],[1],[18],[4],[13],[10],[14],[-6],[11],[27],[6],[20],[0],[23],[2],[0],[27],[15],[5],[0],[12],[-12],[-8],[18],[2],[-6],[-3],[22],[5],[0],[24],[21],[1],[1],[26],[11],[-7],[24],[-9],[11],[22],[19],[1],[0],[13],[-3],[8],[5],[9],[1],[41],[21],[3],[26],[41],[18],[6],[40],[33],[29],[12],[43],[15],[19],[45],[9],[4],[-4],[16],[29],[19],[43],[30],[13],[14],[20],[17],[20],[25],[11],[14],[0],[-5],[26],[18],[1],[0],[22],[6],[3],[6],[8],[2],[26],[-8],[32],[25],[16],[17],[16],[6],[1],[33],[22],[6],[0],[35],[16],[-10],[11],[-3],[24],[18],[2],[9],[39],[11],[9],[27],[38],[12],[8],[31],[19],[-7],[1],[4],[14],[24],[-5],[-14],[19],[6],[1],[25],[-11],[-5],[24],[16],[10],[29],[13],[1],[26],[29],[3],[-15],[14],[-16],[-21],[-12],[12],[11],[-10],[4],[-22],[20],[9],[0],[-7],[-16],[-11],[5],[-8],[4],[9],[-3],[-3],[24],[10],[-9],[8],[21],[-8],[-10],[-5],[11],[1],[-10],[28],[18],[2],[11],[16],[14],[-4],[36],[22],[-8],[24],[7],[-29],[-5],[-10],[-5],[14],[-12],[21],[-4],[1],[3],[-23],[0],[29],[9],[-17],[-15],[28],[9],[-5],[14],[-6],[-13],[8],[9],[-13],[-22],[6],[-18],[-14],[-7],[-8],[-8],[-13],[24],[9],[-10],[3],[5],[-10],[-15],[2],[5],[26],[1],[-12],[29],[17],[-4],[0],[24],[1],[-15],[18],[6],[4],[0],[5],[12],[5],[5],[1],[-5],[1],[30],[11],[18],[38],[23],[5],[29],[2],[1],[29],[14],[-6],[20],[8],[1],[22],[22],[9],[-11],[25],[11],[4],[32],[0],[26],[14],[3],[20],[20],[0],[24],[16],[-7],[2],[5],[5],[3],[0],[36],[6],[6],[12],[6],[14],[37],[4],[10],[16],[34],[21],[22],[38],[19],[6],[44],[40],[25],[30],[18],[37],[25],[13],[21],[18],[38],[18],[9],[12],[42],[21],[12],[35],[21],[5],[21],[30],[12],[-8],[18],[19],[11],[1],[30],[12],[-4],[2],[10],[11],[42],[10],[0],[34],[27],[13],[8],[31],[14],[-6],[11],[-6],[18],[19],[-4],[0],[20],[17],[3],[4],[29],[13],[8],[10],[37],[18],[2],[16],[13],[-11],[-3],[-7],[19],[1],[-14],[14],[24],[9],[-12],[18],[14],[0],[-7],[20],[5],[-12],[-8],[24],[1],[0],[22],[-3],[-18],[12],[-4],[-23],[12],[-8],[-26],[8],[13],[-7],[0],[14],[2],[-10],[0],[13],[2],[-13],[2],[9],[-11],[8],[-13],[22],[11],[-3],[-8],[20],[3],[-15],[0],[12],[-3],[-14],[9],[18],[4],[0],[29],[14],[4],[4],[24],[-14],[-11],[-9],[-3],[1],[-11],[-10],[25],[0],[-4],[-19],[24],[10],[-7],[-6],[24],[14],[-4],[-4],[-10],[-8],[1],[21],[-5],[-6],[21],[1],[0],[20],[11],[-13],[15],[0],[-11],[6],[-10],[-6],[28],[0],[18],[2],[-16],[21],[2],[-13],[24],[-5],[-3],[-4],[22],[9],[0],[26],[0],[18],[4],[-5],[13],[3],[2],[-11],[26],[11],[-5],[-5],[24],[-8],[-3],[12],[-3],[8],[24],[-3],[0],[14],[-13],[-11],[9],[-12],[26],[-5],[-5],[19],[-7],[20],[9],[-12],[14],[0],[-12],[6],[14],[1],[-12],[16],[19],[4],[0],[11],[0],[-4],[-6],[-10],[-8],[19],[4],[-13],[8],[17],[-3],[2],[27],[3],[1],[1],[-6],[22],[-9],[-11],[11],[-3],[0],[-3],[23],[11],[0],[8],[22],[5],[-4],[18],[4],[0],[22],[11],[-2],[17],[28],[3],[10],[20],[6],[-7],[13],[21],[5],[-14],[24],[4],[-9],[9],[18],[-5],[11],[0],[0],[23],[11],[-7],[0],[10],[-13],[-8],[26],[13],[0],[-5],[9],[-8],[-13],[11],[-7],[-15],[4],[12],[-3],[0],[25],[3],[2],[25],[13],[0],[1],[1],[-3],[-8],[14],[-3],[4],[22],[5],[-10],[10],[-3],[1],[31],[16],[-8],[-8],[-3],[-6],[-10],[9],[11],[1],[8],[26],[3],[-5],[30],[16],[-12],[12],[17],[4],[4],[24],[1],[0],[2],[0],[0],[24],[9],[2],[32],[18],[2],[3],[21],[-4],[2],[3],[10],[6],[26],[-8],[24],[18],[4],[5],[33],[1],[22],[6],[4],[26],[-3],[-5],[0],[10],[2],[32],[23],[6],[0],[34],[19],[4],[17],[25],[11],[0],[24],[4],[19],[5],[4],[28],[11],[-3],[11],[21],[5],[0],[32],[21],[8],[36],[12],[-6],[26],[19],[5],[4],[1],[0],[3],[23],[4],[3],[15],[-10],[30],[-4],[0],[27],[0],[2],[1],[31],[17],[-7],[20],[14],[2],[1],[4],[3],[26],[13],[2],[8],[18],[-4],[-4],[22],[8],[-12],[12],[12],[-5],[0],[-8],[-6],[3],[27],[5],[-8],[0],[18],[1],[1],[27],[-5],[-6],[-10],[-10],[-13],[22],[5],[-7],[27],[12],[0],[27],[10],[-5],[2],[16],[-5],[-6],[22],[-4],[-13],[-6],[21],[-6],[-6],[21],[8],[-6],[0],[24],[9],[-8],[3],[-3],[24],[11],[-7],[0],[4],[5],[30],[-3],[-3],[9],[-7],[11],[22],[4],[3],[0],[18],[0],[1],[26],[4],[5],[33],[-4],[-7],[-7],[-8],[5],[-12],[16],[13],[-6],[-8],[-11],[-10],[18],[5],[-8],[25],[11],[-9],[12],[-3],[-16],[20],[9],[-13],[5],[17],[-7],[-7],[-5],[-4],[21],[8],[-10],[-6],[21],[5],[-10],[-8],[-3],[1],[22],[10],[-7],[-12],[-14],[-7],[-5],[19],[5],[-8],[11],[19],[5],[-8],[24],[9],[-7],[8],[18],[1],[-3],[22],[5],[-10],[18],[11],[-4],[-3],[25],[9],[-5],[-8],[-10],[-6],[24],[1],[22],[6],[-10],[9],[-7],[10],[0],[28],[14],[0],[-2],[28],[12],[-5],[-6],[22],[-4],[-5],[19],[-3],[-13],[16],[-7],[-10],[-8],[21],[-6],[-7],[8],[-6],[30],[1],[11],[-4],[0],[24],[12],[-6],[-6],[-8],[-11],[24],[5],[-8],[22],[4],[-7],[0],[22],[1],[-6],[23],[9],[-10],[12],[19],[3],[0],[24],[-4],[5],[0],[27],[11],[1],[0],[6],[-7],[27],[-4],[28],[10],[-7],[11],[14],[-7],[-6],[19],[6],[-8],[2],[24],[11],[-7],[9],[18],[-5],[-5],[1],[-3],[26],[16],[3],[6],[23],[4],[2],[27],[13],[-8],[9],[18],[4],[-13],[16],[13],[-3],[2],[20],[4],[0],[28],[16],[-4],[-8],[-8],[-8],[-6],[-7],[13],[-9],[-8],[0],[-5],[24],[-4],[26],[10],[-7],[27],[10],[-5],[1],[27],[13],[1],[4],[15],[-3],[0],[27],[0],[30],[17],[3],[1],[27],[12],[1],[4],[25],[11],[1],[3],[3],[30],[20],[5],[5],[33],[19],[5],[3],[30],[8],[4],[33],[22],[10],[12],[36],[20],[4],[19],[6],[8],[10],[2],[4],[12],[24],[13],[-7],[28],[19],[4],[0],[28],[19],[5],[5],[33],[0],[22],[9],[-7],[17],[17],[1],[2],[19],[2],[3],[31],[3],[17],[2],[34],[15],[1],[5],[4],[18],[5],[20],[6],[16],[5],[28],[12],[-6],[35],[3],[2],[16],[28],[4],[12],[1],[35],[20],[5],[3],[2],[3],[28],[3],[0],[19],[1],[1],[30],[2],[16],[0],[3],[19],[2],[4],[21],[-5],[-4],[-4],[18],[19],[4],[4],[29],[10],[0],[1],[27],[8],[0],[28],[3],[1],[30],[17],[0],[4],[26],[12],[-5],[12],[-4],[20],[4],[5],[1],[4],[23],[8],[7],[31],[13],[1],[17],[25],[12],[1],[19],[25],[9],[2],[28],[17],[2],[2],[25],[4],[5],[2],[3],[1],[20],[2],[1],[26],[1],[0],[18],[1],[1],[28],[14],[2],[14],[-5],[10],[9],[-8],[8],[0],[-5],[9],[16],[3],[5],[18],[-4],[2],[31],[3],[27],[5],[-9],[-5],[-5],[28],[5],[2],[25],[8],[-4],[-4],[24],[9],[-6],[6],[17],[0],[1],[22],[8],[-5],[26],[8],[-6],[24],[2],[3],[-5],[3],[5],[0],[-3],[25],[8],[0],[27],[16],[0],[0],[31],[8],[-5],[1],[5],[6],[35],[16],[-7],[27],[6],[-6],[27],[13],[-4],[13],[25],[2],[5],[18],[4],[3],[30],[14],[-5],[-7],[19],[10],[-3],[19],[2],[1],[27],[14],[0],[0],[-4],[25],[17],[1],[11],[-10],[14],[-5],[-6],[6],[-8],[20],[2],[2],[3],[27],[-6],[2],[3],[19],[5],[2],[3],[2],[8],[-13],[16],[18],[3],[0],[34],[13],[-4],[8],[-7],[-3],[1],[19],[3],[-12],[24],[6],[-10],[7],[17],[0],[0],[14],[2],[20],[1],[2],[33],[-4],[12],[19],[4],[-13],[24],[18],[6],[7],[2],[20],[3],[1],[18],[1],[33],[4],[1],[25],[8],[-7],[12],[-3],[3],[-3],[3],[4],[4],[32],[3],[2],[16],[27],[13],[-3],[17],[18],[-5],[24],[17],[4],[0],[30],[13],[0],[30],[14],[0],[1],[27],[9],[-8],[3],[17],[4],[-8],[22],[13],[1],[1],[-5],[-8],[-6],[-8],[1],[2],[21],[9],[-7],[11],[19],[-7],[-5],[-11],[26],[9],[-8],[12],[21],[6],[-8],[21],[1],[1],[2],[24],[10],[-4],[2],[-3],[18],[4],[3],[31],[17],[1],[1],[25],[12],[-4],[14],[28],[7],[5],[26],[13],[-4],[-3],[27],[3],[6],[3],[28],[13],[-3],[8],[17],[3],[4],[11],[-5],[-7],[21],[1],[2],[33],[13],[0],[4],[27],[9],[-7],[11],[7],[-8],[0],[24],[9],[-8],[12],[22],[1],[29],[15],[-6],[31],[17],[-3],[0],[27],[12],[1],[29],[-4],[29],[0],[-7],[5],[-12],[13],[-5],[-6],[27],[6],[-11],[12],[18],[1],[11],[0],[-4],[14],[0],[1],[0],[32],[1],[-4],[4],[3],[31],[15],[-3],[18],[4],[7],[34],[4],[4],[3],[3],[32],[11],[0],[0],[-3],[1],[-5],[-8],[20],[18],[3],[2],[33],[12],[-3],[-6],[21],[2],[2],[0],[-3],[1],[-4],[1],[-5],[17],[2],[1],[21],[6],[0],[31],[-5],[12],[22],[6],[-12],[29],[13],[0],[13],[2],[-5],[1],[2],[13],[0],[33],[-3],[11],[1],[20],[5],[6],[31],[12],[-6],[14],[1],[1],[20],[1],[5],[3],[29],[1],[14],[1],[19],[28],[17],[4],[5],[34],[21],[10],[8],[36],[19],[4],[6],[8],[5],[4],[33],[17],[4],[11],[9],[32],[13],[-4],[18],[4],[2],[16],[19],[1],[4],[28],[8],[5],[29],[15],[5],[31],[13],[-3],[0],[2],[10],[-8],[24],[21],[6],[5],[31],[17],[2],[2],[30],[11],[-4],[24],[19],[1],[-6],[12],[19],[0],[-7],[13],[-5],[-7],[-5],[-5],[-6],[-6],[-4],[-5],[20],[-5],[23],[11],[-6],[-5],[24],[8],[-6],[25],[4],[-12],[1],[-3],[12],[-6],[1],[1],[27],[-8],[24],[14],[-3],[-5],[25],[-11],[6],[21],[9],[-11],[6],[17],[7],[-7],[-6],[3],[7],[4],[-5],[20],[22],[8],[-9],[29],[3],[2],[-4],[-5],[-7],[14],[22],[8],[-5],[0],[-5],[0],[-3],[32],[13],[-3],[2],[5],[5],[32],[17],[1],[-5],[26],[6],[-10],[16],[-4],[28],[11],[-10],[-7],[-6],[1],[4],[3],[3],[34],[3],[1],[-5],[11],[22],[9],[0],[25],[10],[-5],[25],[14],[-3],[2],[25],[12],[5],[32],[16],[0],[0],[24],[9],[-8],[24],[20],[5],[0],[28],[17],[3],[6],[4],[2],[3],[3],[35],[19],[0],[-3],[3],[0],[14],[-5],[4],[21],[0],[22],[7],[-8],[21],[19],[-3],[1],[24],[8],[-6],[0],[-4],[20],[3],[-12],[5],[-11],[21],[19],[8],[3],[33],[19],[3],[4],[34],[20],[-6],[18],[20],[5],[-8],[24],[18],[2],[0],[25],[-3],[1],[30],[9],[0],[33],[18],[3],[2],[28],[12],[1],[0],[27],[12],[-5],[13],[0],[4],[15],[3],[17],[24],[-3],[-3],[14],[0],[3],[26],[8],[-10],[28],[23],[11],[8],[5],[5],[0],[-6],[4],[4],[-3],[0],[1],[18],[28],[15],[-5],[16],[24],[10],[4],[29],[13],[0],[0],[0],[27],[0],[-5],[20],[14],[0],[15],[25],[11],[4],[36],[19],[2],[1],[20],[3],[2],[-5],[1],[19],[2],[1],[-7],[14],[0],[0],[-5],[11],[-3],[-3],[19],[5],[5],[28],[6],[-10],[20],[20],[3],[-8],[25],[-8],[24],[14],[3],[0],[10],[-7],[10],[-4],[-3],[-7],[-7],[-10],[10],[17],[3],[-8],[24],[8],[-3],[29],[14],[0],[12],[-5],[11],[26],[4],[3],[22],[5],[2],[21],[13],[0],[2],[27],[14],[-3],[4],[22],[10],[-7],[13],[0],[4],[11],[-5],[24],[24],[8],[0],[32],[6],[-6],[30],[-4],[12],[-4],[14],[19],[6],[-7],[14],[19],[3],[18],[1],[3],[28],[16],[2],[5],[1],[3],[3],[0],[0],[37],[0],[30],[18],[2],[2],[28],[15],[1],[5],[3],[6],[20],[0],[18],[20],[6],[4],[4],[2],[5],[3],[31],[17],[2],[26],[10],[-6],[-4],[0],[5],[0],[26],[16],[-3],[-3],[27],[12],[-7],[10],[-5],[4],[18],[7],[-6],[-5],[12],[21],[1],[0],[20],[3],[-10],[1],[4],[19],[4],[-11],[-3],[-5],[23],[9],[-8],[12],[-5],[-6],[1],[11],[-8],[8],[18],[8],[-10],[6],[17],[5],[-10],[29],[-6],[-6],[-3],[1],[21],[-3],[11],[22],[3],[2],[-4],[18],[3],[10],[4],[29],[14],[0],[2],[27],[-3],[0],[10],[0],[30],[11],[-5],[16],[19],[3],[-12],[26],[13],[2],[1],[26],[-8],[24],[18],[1],[-3],[-6],[-5],[0],[0],[2],[27],[-6],[16],[18],[5],[0],[32],[8],[11],[10],[2],[5],[18],[3],[6],[30],[16],[3],[8],[24],[11],[1],[0],[4],[21],[8],[0],[26],[11],[3],[32],[20],[6],[37],[20],[8],[8],[31],[13],[-5],[9],[17],[2],[3],[30],[0],[25],[9],[-6],[24],[21],[1],[21],[10],[0],[4],[5],[10],[-8],[29],[21],[9],[9],[27],[4],[2],[1],[1],[31],[21],[5],[3],[3],[1],[28],[13],[1],[14],[23],[8],[-6],[1],[0],[0],[-5],[-7],[3],[1],[0],[-5],[17],[14],[-4],[4],[22],[9],[-5],[4],[4],[29],[17],[2],[1],[24],[-5],[0],[27],[0],[22],[6],[-9],[28],[19],[1],[22],[5],[4],[29],[13],[-4],[-2],[15],[3],[-11],[25],[-4],[30],[0],[1],[1],[25],[11],[-3],[17],[1],[-4],[25],[1],[25],[1],[11],[-4],[12],[0],[14],[18],[2],[1],[20],[0],[14],[1],[10],[20],[4],[-7],[23],[9],[-7],[12],[21],[-6],[27],[11],[-7],[19],[4],[5],[24],[8],[-5],[-5],[-5],[25],[11],[-6],[-6],[-6],[9],[15],[2],[-12],[11],[16],[4],[-8],[24],[18],[3],[2],[15],[-5],[-5],[24],[8],[-8],[24],[10],[-3],[1],[19],[2],[3],[28],[10],[-6],[-7],[-8],[10],[19],[5],[-10],[9],[9],[-7],[-10],[20],[19],[-7],[24],[11],[-5],[9],[-6],[-6],[21],[3],[0],[30],[3],[0],[27],[-6],[-5],[21],[-3],[0],[27],[0],[3],[2],[-4],[1],[26],[3],[3],[28],[-6],[10],[19],[2],[-13],[14],[17],[8],[0],[20],[18],[0],[0],[8],[-11],[-5],[25],[10],[-6],[8],[19],[-6],[-4],[0],[-4],[24],[9],[-6],[-7],[23],[-10],[-6],[19],[3],[-3],[21],[7],[-6],[-5],[1],[27],[11],[-7],[9],[17],[-5],[-6],[20],[20],[3],[11],[-6],[28],[11],[-7],[-5],[-7],[16],[21],[3],[0],[22],[10],[-4],[28],[18],[2],[1],[27],[6],[-8],[20],[-5],[10],[-7],[29],[11],[0],[1],[-3],[11],[18],[-4],[1],[-7],[10],[-5],[10],[24],[-3],[-7],[23],[11],[1],[2],[0],[27],[-5],[-4],[1],[-5],[18],[0],[6],[-10],[-7],[8],[17],[0],[23],[6],[-8],[11],[19],[3],[-14],[-6],[-4],[24],[12],[-3],[0],[22],[9],[-4],[16],[1],[2],[27],[0],[-3],[-5],[1],[0],[1],[1],[28],[0],[21],[4],[8],[9],[-5],[-5],[-4],[24],[-3],[8],[20],[0],[1],[3],[0],[16],[2],[16],[27],[12],[0],[5],[-8],[9],[-10],[35],[12],[-4],[17],[22],[1],[17],[25],[11],[-5],[22],[-4],[1],[7],[8],[4],[4],[31],[6],[24],[5],[3],[4],[24],[7],[5],[29],[15],[4],[8],[33],[18],[3],[1],[9],[-9],[12],[19],[5],[6],[31],[-5],[14],[24],[6],[-8],[-3],[16],[3],[0],[26],[10],[-4],[-4],[-7],[17],[-3],[19],[5],[4],[18],[3],[2],[3],[1],[16],[2],[22],[9],[5],[32],[12],[2],[4],[32],[19],[6],[3],[26],[11],[1],[2],[32],[0],[2],[11],[4],[32],[17],[5],[4],[31],[18],[3],[2],[3],[13],[-3],[0],[-4],[-4],[16],[-3],[-4],[21],[5],[-11],[18],[-4],[27],[7],[-11],[8],[17],[0],[13],[24],[12],[-6],[-8],[-7],[0],[-5],[-8],[16],[0],[0],[2],[3],[1],[28],[3],[0],[30],[13],[-3],[0],[1],[-3],[2],[-5],[14],[23],[9],[0],[24],[8],[-6],[13],[25],[11],[-6],[13],[18],[0],[2],[-5],[-3],[14],[0],[3],[29],[16],[3],[16],[29],[14],[1],[13],[3],[1],[-3],[-4],[-5],[-4],[21],[2],[3],[32],[17],[5],[5],[31],[14],[-3],[0],[21],[6],[4],[28],[-6],[-3],[17],[-10],[29],[14],[-5],[-5],[22],[-3],[0],[1],[18],[2],[4],[0],[24],[10],[-5],[16],[20],[0],[24],[8],[-8],[-5],[18],[4],[4],[1],[0],[-3],[14],[24],[9],[-6],[27],[9],[-3],[26],[8],[-4],[31],[7],[-7],[32],[10],[-12],[24],[-4],[-6],[13],[0],[3],[2],[0],[1],[22],[9],[-3],[0],[3],[4],[27],[2],[4],[2],[2],[16],[28],[17],[4],[14],[22],[9],[0],[32],[19],[3],[4],[19],[5],[6],[5],[4],[4],[26],[13],[3],[29],[-3],[-5],[12],[22],[9],[-7],[29],[21],[-3],[-6],[4],[-12],[26],[13],[-3],[-3],[24],[14],[-6],[-5],[8],[15],[3],[3],[27],[3],[12],[-4],[11],[21],[-4],[0],[24],[10],[-5],[11],[23],[10],[-7],[20],[19],[6],[0],[32],[20],[3],[3],[31],[14],[1],[2],[1],[3],[0],[22],[6],[2],[27],[8],[5],[0],[0],[12],[21],[1],[5],[30],[15],[1],[13],[27],[2],[-4],[18],[-4],[3],[27],[3],[30],[15],[-3],[2],[30],[3],[2],[25],[10],[-4],[29],[16],[1],[1],[20],[-5],[1],[30],[13],[1],[4],[28],[12],[0],[2],[3],[5],[8],[18],[0],[20],[24],[8],[-7],[16],[13],[2],[12],[4],[3],[10],[0],[28],[13],[2],[28],[19],[2],[4],[3],[30],[9],[-6],[12],[24],[10],[-5],[29],[2],[30],[0],[4],[5],[1],[5],[5],[1],[27],[1],[1],[25],[9],[-5],[12],[0],[0],[18],[-7],[11],[20],[-3],[-3],[25],[0],[1],[-4],[1],[2],[28],[-3],[-4],[-5],[-5],[-6],[14],[24],[6],[4],[9],[0],[20],[21],[0],[13],[-5],[12],[24],[7],[9],[0],[14],[-6],[0],[20],[0],[-8],[22],[-5],[15],[25],[12],[-5],[13],[12],[1],[12],[-6],[8],[26],[11],[-4],[-8],[12],[22],[9],[-5],[12],[15],[0],[3],[0],[24],[14],[-6],[4],[-11],[22],[-5],[-4],[16],[19],[-11],[8],[3],[4],[29],[-8],[16],[20],[-3],[8],[26],[2],[-2],[14],[-4],[16],[24],[10],[-10],[20],[21],[4],[0],[28],[-3],[18],[3],[2],[31],[2],[32],[9],[-5],[33],[18],[4],[3],[3],[5],[4],[28],[9],[3],[35],[0],[28],[13],[-3],[-6],[26],[12],[-2],[12],[26],[1],[2],[3],[27],[13],[1],[9],[26],[11],[2],[3],[-5],[17],[-3],[2],[0],[17],[-6],[-3],[9],[-3],[3],[1],[1],[27],[20],[-4],[11],[-2],[16],[3],[1],[28],[21],[6],[-8],[28],[4],[22],[5],[5],[27],[10],[3],[3],[12],[0],[4],[-5],[18],[-6],[12],[19],[6],[-11],[20],[20],[2],[3],[2],[25],[14],[1],[1],[6],[-3],[19],[4],[33],[20],[3],[2],[18],[2],[34],[2],[0],[4],[1],[-5],[0],[20],[0],[18],[-5],[-3],[29],[0],[29],[12],[-3],[5],[-12],[5],[9],[0],[-5],[13],[-3],[26],[15],[3],[-12],[18],[18],[6],[0],[24],[-6],[10],[-6],[16],[0],[0],[26],[-7],[-8],[26],[11],[-5],[-3],[6],[2],[-6],[-6],[-4],[19],[5],[9],[-3],[0],[26],[3],[5],[33],[7],[-8],[26],[-6],[-6],[-4],[-4],[16],[-5],[19],[3],[-12],[24],[5],[0],[-3],[27],[14],[0],[27],[11],[-5],[24],[17],[2],[3],[4],[29],[18],[0],[32],[2],[-4],[28],[14],[-4],[0],[26],[3],[3],[-3],[5],[-11],[17],[-10],[11],[-6],[-5],[25],[-3],[0],[22],[3],[3],[28],[14],[-3],[2],[0],[29],[0],[4],[4],[0],[-3],[17],[-5],[0],[21],[1],[3],[32],[1],[4],[10],[-6],[-3],[16],[4],[8],[-5],[28],[5],[18],[1],[1],[30],[19],[1],[8],[27],[14],[0],[8],[18],[-5],[-5],[1],[18],[1],[4],[31],[5],[24],[8],[2],[3],[3],[2],[3],[6],[27],[8],[32],[15],[-5],[13],[1],[2],[30],[2],[-4],[14],[21],[10],[-6],[17],[1],[16],[2],[1],[4],[2],[3],[3],[9],[5],[32],[22],[11],[1],[33],[4],[-4],[-3],[-4],[-3],[-7],[2],[-4],[-3],[10],[14],[1],[0],[-3],[-4],[1],[0],[26],[0],[-5],[14],[22],[10],[-5],[16],[27],[3],[2],[2],[29],[1],[-5],[-3],[-5],[0],[2],[6],[7],[29],[5],[-12],[20],[10],[-3],[1],[1],[27],[14],[1],[4],[30],[18],[4],[8],[34],[22],[4],[2],[0],[2],[4],[34],[4],[-3],[4],[8],[2],[29],[22],[4],[4],[2],[1],[2],[3],[-3],[12],[21],[-3],[-6],[-7],[21],[10],[-8],[9],[-7],[2],[-8],[-3],[19],[-5],[-7],[-8],[-8],[8],[17],[-12],[17],[-6],[-7],[20],[-8],[18],[-8],[21],[-8],[12],[21],[1],[19],[6],[-6],[-3],[0],[-3],[22],[-5],[-3],[0],[1],[32],[10],[-5],[13],[24],[2],[32],[15],[1],[3],[29],[1],[22],[6],[4],[32],[0],[0],[1],[27],[2],[1],[2],[2],[-5],[16],[21],[10],[-3],[13],[3],[8],[0],[28],[14],[2],[22],[7],[-8],[30],[17],[5],[7],[13],[-4],[16],[26],[12],[-4],[2],[2],[13],[2],[9],[-6],[4],[5],[2],[32],[17],[0],[-2],[2],[0],[-10],[11],[19],[9],[-6],[12],[11],[-5],[1],[-3],[-6],[-5],[12],[0],[1],[25],[11],[0],[33],[0],[29],[12],[1],[34],[19],[0],[2],[4],[29],[3],[8],[27],[9],[9],[33],[1],[1],[0],[2],[-4],[0],[25],[3],[24],[18],[2],[-6],[2],[25],[18],[2],[2],[0],[24],[-6],[25],[13],[-8],[28],[21],[5],[14],[1],[2],[27],[0],[1],[-7],[0],[6],[8],[14],[2],[9],[27],[2],[28],[22],[3],[4],[0],[1],[12],[25],[3],[4],[27],[13],[1],[1],[27],[0],[8],[-8],[9],[22],[3],[5],[31],[19],[-3],[14],[1],[-4],[0],[3],[-5],[24],[22],[9],[-7],[18],[22],[2],[2],[14],[-7],[-10],[32],[-8],[-3],[1],[18],[3],[4],[22],[-7],[-4],[-7],[-6],[15],[-8],[9],[-9],[-6],[14],[-7],[8],[-4],[13],[-8],[11],[15],[1],[3],[19],[3],[2],[26],[18],[5],[-11],[10],[1],[29],[14],[-6],[10],[-2],[33],[19],[1],[19],[-5],[14],[3],[6],[25],[10],[-4],[30],[1],[13],[-4],[10],[22],[-4],[-7],[4],[20],[-4],[20],[19],[6],[-6],[-5],[10],[22],[0],[3],[30],[0],[10],[24],[2],[1],[0],[17],[23],[8],[-4],[11],[22],[9],[-3],[-6],[21],[6],[-8],[-8],[16],[19],[8],[4],[30],[-7],[13],[-3],[-4],[1],[0],[-7],[13],[27],[2],[20],[26],[10],[-3],[27],[11],[-5],[-6],[-4],[1],[3],[28],[9],[0],[4],[5],[3],[2],[20],[4],[5],[27],[14],[3],[22],[9],[10],[26],[6],[-6],[0],[3],[5],[25],[9],[-5],[11],[-7],[16],[17],[3],[-8],[24],[17],[5],[-9],[-3],[26],[13],[0],[1],[28],[0],[0],[8],[-8],[17],[10],[-3],[32],[20],[4],[0],[24],[18],[27],[52],[65],[43],[-3],[11],[0],[-13],[-34],[-6],[-22],[-27],[8],[51],[49],[37],[19],[3],[19],[15],[-11],[-10],[9],[-8],[5],[35],[21],[-6],[-18],[-8],[3],[-16],[-19],[-8],[0],[15],[31],[47],[28],[8],[10],[8],[-15],[-16],[-12],[10],[-10],[33],[20],[17],[34],[28],[9],[-23],[0],[-29],[-24],[4],[-13],[17],[20],[8],[15],[36],[6],[-17],[6],[-11],[-14],[2],[9],[26],[43],[23],[12],[-5],[-19],[-31],[-3],[-19],[13],[10],[-4],[18],[6],[17],[-4],[-23],[-13],[-39],[-37],[-21],[4],[48],[31],[26],[8],[8],[-26],[-32],[-37],[-74],[-35],[-26],[-5],[2],[17],[64],[30],[18],[0],[-28],[-5],[-46],[-13],[30],[9],[16],[24],[-8],[-12],[-7],[-39],[-45],[-50],[-33],[-36],[25],[14],[27],[14],[25],[2],[-47],[-46],[-28],[-39],[-28],[6],[-19],[14],[-9],[-17],[-15],[-30],[-23],[-20],[-21],[-29],[10],[3],[11],[51],[27],[14],[10],[21],[-5],[-16],[19],[17],[14],[43],[37],[65],[119],[120],[109],[117],[86],[66],[49],[61],[33],[0],[29],[21],[19],[34],[78],[65],[59],[60],[68],[65],[64],[66],[60],[60],[58],[53],[38],[11],[-9],[-10],[-37],[-54],[-28],[-19],[-27],[9],[11],[16],[36],[21],[-11],[-24],[-13],[-41],[-65],[-77],[-62],[-82],[-98],[-93],[-122],[-92],[-128],[-135],[-118],[-85],[-86],[-118],[-95],[-117],[-134],[-124],[-131],[-130],[-148],[-102],[-14],[200],[379],[377],[281],[218],[148],[37],[-88],[-182],[-204],[-284],[-297],[-180],[7],[90],[92],[131],[173],[148],[84],[74],[65],[74],[114],[148],[195],[193],[81],[-31],[-85],[-125],[-175],[-214],[-168],[-99],[-26],[70],[224],[280],[265],[239],[173],[136],[112],[47],[6],[36],[18],[3],[16],[38],[-29],[-98],[-114],[-135],[-106],[-47],[-24],[78],[133],[167],[184],[187],[152],[113],[28],[-39],[-60],[-48],[-87],[-79],[-75],[-36],[-34],[-54],[-66],[-54],[-77],[-75],[-17],[14],[53],[104],[108],[108],[121],[66],[-9],[-63],[-110],[-135],[-136],[-110],[-22],[73],[108],[184],[174],[146],[122],[117],[77],[35],[53],[38],[37],[56],[73],[55],[34],[24],[-7],[-30],[-19],[-7],[42],[68],[79],[107],[140],[88],[49],[3],[-30],[-74],[-56],[-73],[-70],[1],[-11],[-11],[8],[-21],[-14],[-44],[-60],[-76],[-71],[-81],[-77],[-71],[-104],[-97],[-148],[-159],[-175],[-207],[-213],[-213],[-220],[-216],[-174],[-123],[-129],[-66],[-6],[46],[166],[267],[369],[301],[236],[164],[58],[-59],[-159],[-249],[-293],[-285],[-222],[-78],[5],[52],[96],[137],[135],[142],[94],[96],[85],[59],[102],[117],[106],[81],[-9],[-85],[-128],[-173],[-216],[-215],[-128],[-64],[29],[140],[255],[267],[246],[228],[172],[130],[83],[22],[-22],[-33],[-20],[-23],[-18],[-21],[-72],[-84],[-107],[-85],[-60],[-38],[-5],[84],[140],[168],[200],[212],[146],[93],[21],[0],[-43],[-39],[-15],[-35],[46],[60],[74],[85],[54],[37],[21],[16],[24],[50],[88],[67],[81],[89],[102],[54],[5],[-15],[-39],[-75],[-68],[0],[18],[29],[99],[110],[98],[67],[16],[-30],[-46],[-69],[-88],[-60],[-42],[-69],[-48],[-69],[-102],[-120],[-178],[-210],[-203],[-211],[-199],[-200],[-144],[-152],[-189],[-247],[-327],[-431],[-391],[-102],[393],[685],[714],[507],[349],[314],[173],[-78],[-280],[-381],[-487],[-513],[-337],[-69],[68],[56],[36],[173],[282],[230],[61],[65],[95],[123],[146],[286],[340],[218],[18],[-54],[-98],[-242],[-394],[-427],[-318],[-139],[25],[262],[472],[481],[364],[318],[293],[256],[172],[67],[8],[10],[41],[0],[-13],[-65],[-159],[-233],[-224],[-178],[-117],[-82],[-38],[86],[226],[284],[310],[308],[255],[126],[32],[-29],[-100],[-171],[-223],[-231],[-172],[-76],[-77],[-92],[-54],[5],[114],[168],[211],[234],[264],[255],[216],[176],[76],[-95],[-229],[-284],[-300],[-297],[-215],[-118],[3],[89],[195],[288],[299],[262],[240],[177],[122],[67],[-29],[-64],[-84],[-132],[-157],[-159],[-146],[-146],[-82],[-39],[0],[19],[30],[0],[2],[-54],[-125],[-160],[-230],[-303],[-320],[-315],[-316],[-315],[-286],[-323],[-327],[-340],[-138],[393],[880],[998],[687],[417],[352],[214],[-62],[-384],[-440],[-518],[-655],[-538],[-218],[50],[19],[-79],[78],[347],[420],[260],[197],[285],[241],[128],[141],[267],[154],[-95],[-209],[-195],[-204],[-384],[-501],[-418],[-240],[-84],[156],[400],[525],[511],[395],[334],[324],[258],[58],[-65],[-105],[-90],[-127],[-105],[-134],[-188],[-236],[-254],[-168],[-88],[-43],[10],[122],[238],[328],[380],[382],[338],[245],[126],[2],[-56],[-131],[-256],[-319],[-220],[-99],[4],[102],[228],[258],[247],[213],[196],[181],[118],[69],[60],[57],[23],[-18],[-90],[-143],[-160],[-198],[-182],[-103],[-39],[19],[125],[206],[250],[277],[226],[157],[106],[65],[10],[-64],[-165],[-261],[-264],[-184],[-160],[-134],[-78],[-81],[-99],[-145],[-144],[-143],[-142],[-204],[-170],[-156],[-194],[-257],[-326],[-409],[-480],[-513],[-403],[225],[838],[1014],[768],[429],[402],[296],[2],[-335],[-366],[-364],[-504],[-456],[-147],[135],[26],[-256],[-206],[105],[198],[92],[85],[201],[272],[260],[250],[345],[296],[17],[-171],[-114],[-18],[-139],[-301],[-306],[-188],[-158],[-62],[150],[292],[317],[282],[300],[405],[445],[308],[118],[11],[-6],[-3],[-51],[-80],[-103],[-182],[-216],[-207],[-138],[-91],[-88],[-32],[75],[203],[259],[306],[288],[288],[186],[86],[64],[58],[-74],[-188],[-146],[-14],[18],[19],[30],[50],[18],[18],[21],[101],[123],[42],[20],[90],[81],[-13],[-72],[-106],[-107],[-141],[-151],[-93],[-12],[-27],[-25],[41],[136],[104],[104],[90],[87],[79],[48],[-53],[-100],[-159],[-137],[-95],[-143],[-213],[-232],[-165],[-148],[-146],[-155],[-196],[-231],[-269],[-250],[-278],[-294],[-375],[-423],[-411],[-166],[488],[998],[1116],[742],[285],[162],[50],[-243],[-494],[-461],[-392],[-402],[-237],[102],[325],[113],[-213],[-183],[56],[111],[68],[216],[389],[395],[272],[275],[293],[53],[-325],[-495],[-334],[-144],[-144],[-139],[-12],[132],[109],[121],[248],[333],[212],[111],[220],[385],[405],[270],[164],[81],[-51],[-187],[-223],[-217],[-224],[-257],[-188],[-59],[67],[89],[66],[77],[159],[169],[162],[218],[243],[203],[142],[83],[73],[41],[-114],[-159],[-37],[51],[56],[5],[-10],[-10],[11],[-23],[14],[109],[74],[86],[156],[202],[133],[17],[-108],[-154],[-176],[-212],[-143],[-20],[28],[-16],[5],[66],[47],[-53],[-71],[-31],[11],[8],[46],[158],[160],[24],[-59],[-80],[-52],[-150],[-247],[-269],[-252],[-234],[-240],[-300],[-277],[-336],[-407],[-419],[-389],[-370],[-408],[-183],[461],[1105],[1332],[966],[469],[230],[-8],[-359],[-614],[-587],[-508],[-516],[-350],[74],[395],[273],[-124],[-198],[5],[90],[87],[198],[474],[529],[440],[309],[263],[27],[-437],[-678],[-576],[-424],[-368],[-297],[-71],[168],[229],[248],[370],[450],[296],[130],[182],[374],[412],[298],[121],[-5],[-110],[-267],[-419],[-411],[-341],[-279],[-182],[14],[233],[332],[229],[168],[192],[233],[150],[100],[144],[152],[120],[36],[-3],[16],[-58],[-124],[-44],[39],[61],[57],[65],[93],[132],[132],[114],[153],[128],[85],[97],[114],[65],[-31],[-160],[-228],[-245],[-234],[-158],[-66],[8],[52],[100],[161],[136],[105],[81],[-3],[-61],[-61],[-70],[-59],[-79],[-71],[-83],[-135],[-189],[-210],[-204],[-173],[-252],[-303],[-243],[-165],[-189],[-300],[-341],[-382],[-463],[-519],[-535],[-303],[266],[903],[1205],[1025],[560],[304],[35],[-326],[-603],[-630],[-524],[-444],[-255],[112],[420],[289],[-37],[-176],[-76],[14],[-5],[129],[441],[604],[570],[511],[446],[196],[-300],[-629],[-622],[-474],[-414],[-340],[-103],[186],[294],[311],[397],[419],[285],[160],[204],[384],[532],[512],[329],[160],[22],[-202],[-423],[-513],[-502],[-442],[-305],[-104],[147],[285],[263],[156],[125],[146],[80],[43],[109],[192],[196],[117],[102],[117],[-51],[-241],[-262],[-116],[0],[3],[-16],[69],[107],[57],[59],[55],[49],[1],[14],[103],[192],[153],[12],[-66],[-122],[-150],[-203],[-167],[-53],[-29],[-4],[69],[150],[122],[23],[-54],[-44],[-31],[-23],[10],[42],[64],[58],[0],[-86],[-98],[-139],[-235],[-325],[-315],[-243],[-218],[-268],[-279],[-299],[-312],[-394],[-515],[-502],[-358],[124],[767],[1238],[1224],[739],[321],[95],[-200],[-610],[-801],[-680],[-534],[-324],[68],[465],[548],[223],[-148],[-205],[-90],[-83],[-6],[249],[511],[616],[584],[532],[316],[-152],[-642],[-780],[-663],[-510],[-323],[-51],[239],[386],[448],[469],[424],[274],[34],[-37],[137],[387],[437],[360],[268],[164],[-55],[-285],[-381],[-427],[-434],[-389],[-188],[67],[314],[348],[234],[146],[102],[-18],[-119],[-77],[59],[85],[74],[150],[269],[213],[13],[-58],[-10],[24],[-38],[-32],[-8],[41],[-13],[-62],[13],[19],[-39],[-67],[21],[153],[178],[148],[101],[91],[-15],[-114],[-103],[-78],[-78],[-72],[-38],[-8],[-12],[-31],[-71],[-102],[-103],[-35],[47],[142],[209],[159],[106],[53],[-28],[-71],[-187],[-326],[-416],[-411],[-360],[-324],[-333],[-342],[-294],[-302],[-410],[-452],[-430],[-315],[134],[837],[1371],[1240],[741],[334],[107],[-321],[-773],[-933],[-822],[-666],[-449],[19],[506],[665],[294],[-14],[-29],[6],[-17],[73],[286],[511],[568],[497],[446],[203],[-255],[-679],[-895],[-820],[-599],[-326],[89],[425],[608],[640],[629],[559],[342],[64],[-76],[6],[187],[263],[244],[176],[77],[-130],[-331],[-406],[-358],[-319],[-248],[-43],[231],[467],[509],[416],[234],[24],[-163],[-281],[-229],[-111],[-51],[-58],[64],[255],[246],[100],[-36],[-11],[25],[75],[149],[253],[242],[56],[-97],[-133],[-156],[-266],[-349],[-278],[-104],[73],[145],[221],[236],[116],[23],[-14],[52],[99],[34],[-5],[34],[62],[-33],[-156],[-205],[-247],[-228],[-123],[37],[215],[234],[229],[166],[113],[42],[-119],[-301],[-414],[-391],[-362],[-344],[-298],[-216],[-212],[-312],[-374],[-446],[-462],[-526],[-422],[198],[1059],[1448],[1169],[700],[388],[54],[-461],[-830],[-840],[-686],[-618],[-363],[180],[640],[604],[240],[3],[43],[40],[-69],[18],[319],[496],[473],[374],[379],[156],[-349],[-770],[-855],[-674],[-423],[-142],[217],[592],[742],[734],[738],[683],[357],[-50],[-241],[-144],[3],[53],[75],[74],[-12],[-152],[-240],[-208],[-206],[-244],[-184],[81],[360],[511],[520],[378],[162],[-57],[-238],[-271],[-302],[-301],[-326],[-174],[104],[219],[175],[88],[49],[11],[56],[176],[324],[366],[248],[101],[2],[-79],[-289],[-460],[-512],[-385],[-252],[-82],[129],[289],[289],[179],[130],[212],[198],[60],[-44],[-12],[74],[-10],[-114],[-154],[-173],[-217],[-165],[-8],[177],[208],[169],[182],[257],[218],[-36],[-257],[-304],[-344],[-428],[-386],[-235],[-128],[-202],[-261],[-203],[-209],[-360],[-609],[-661],[-546],[-227],[573],[1307],[1473],[1034],[446],[194],[-48],[-503],[-890],[-889],[-760],[-566],[-199],[362],[708],[549],[193],[-51],[-7],[4],[-35],[16],[233],[397],[481],[415],[257],[-39],[-472],[-771],[-783],[-573],[-294],[-22],[297],[621],[875],[872],[691],[443],[121],[-207],[-352],[-221],[10],[149],[158],[94],[74],[9],[-188],[-317],[-344],[-287],[-173],[74],[364],[547],[530],[401],[282],[45],[-255],[-423],[-424],[-304],[-230],[-103],[162],[308],[252],[78],[13],[-37],[-91],[-40],[228],[474],[507],[325],[66],[-123],[-328],[-513],[-612],[-525],[-300],[-72],[185],[435],[498],[432],[273],[123],[25],[-27],[-87],[-127],[-104],[-134],[-112],[-111],[-135],[-100],[-15],[36],[63],[176],[386],[411],[243],[32],[-84],[-229],[-366],[-449],[-442],[-398],[-426],[-364],[-198],[-89],[-159],[-284],[-371],[-431],[-477],[-513],[-245],[558],[1240],[1305],[942],[565],[396],[25],[-548],[-876],[-866],[-846],[-743],[-314],[336],[736],[648],[323],[187],[188],[72],[-75],[-29],[194],[301],[351],[375],[343],[40],[-486],[-805],[-819],[-584],[-328],[-7],[389],[709],[781],[760],[707],[531],[132],[-256],[-375],[-198],[67],[185],[224],[131],[-22],[-163],[-323],[-413],[-426],[-412],[-306],[-6],[450],[725],[737],[554],[267],[-42],[-254],[-393],[-402],[-381],[-293],[-99],[123],[275],[234],[39],[-165],[-276],[-254],[-83],[224],[493],[614],[539],[349],[117],[-192],[-524],[-684],[-663],[-513],[-208],[172],[460],[553],[498],[353],[237],[95],[-102],[-208],[-212],[-123],[-92],[-36],[36],[35],[-50],[-72],[12],[141],[171],[218],[337],[299],[129],[-4],[-79],[-167],[-410],[-623],[-587],[-472],[-364],[-285],[-151],[-72],[-28],[-146],[-208],[-250],[-478],[-715],[-598],[269],[1169],[1515],[1209],[756],[548],[135],[-512],[-950],[-995],[-990],[-977],[-571],[206],[810],[810],[469],[318],[332],[119],[-156],[-122],[141],[341],[336],[352],[346],[124],[-351],[-778],[-856],[-690],[-513],[-270],[165],[568],[793],[876],[884],[728],[384],[-106],[-282],[-180],[-23],[-19],[-27],[-27],[-45],[-195],[-402],[-499],[-474],[-396],[-277],[88],[498],[769],[742],[594],[442],[158],[-167],[-365],[-435],[-400],[-366],[-267],[-20],[175],[128],[-19],[-111],[-107],[-135],[-70],[125],[422],[630],[642],[610],[437],[-18],[-467],[-722],[-663],[-538],[-343],[-46],[304],[511],[536],[441],[325],[146],[-94],[-285],[-224],[-20],[41],[8],[74],[163],[115],[-49],[-107],[-32],[75],[145],[157],[235],[288],[141],[-104],[-314],[-450],[-528],[-590],[-562],[-433],[-257],[-143],[-40],[24],[-43],[-237],[-523],[-763],[-863],[-663],[165],[1156],[1671],[1402],[897],[618],[280],[-368],[-998],[-1229],[-1230],[-1128],[-675],[153],[883],[988],[651],[354],[276],[108],[-184],[-256],[28],[288],[324],[372],[464],[316],[-238],[-842],[-1021],[-851],[-616],[-356],[77],[643],[1053],[1084],[1028],[902],[483],[-114],[-516],[-444],[-173],[-48],[-58],[-69],[-36],[-99],[-296],[-463],[-448],[-412],[-352],[-36],[441],[806],[917],[786],[545],[292],[-95],[-428],[-574],[-606],[-572],[-449],[-119],[241],[249],[34],[-82],[-125],[-143],[-116],[73],[465],[787],[796],[726],[544],[95],[-432],[-811],[-866],[-751],[-556],[-235],[217],[525],[620],[547],[457],[292],[-21],[-228],[-166],[-27],[47],[92],[153],[210],[87],[-124],[-239],[-143],[-55],[-15],[94],[280],[293],[236],[43],[-68],[-251],[-448],[-541],[-528],[-493],[-403],[-237],[-68],[37],[9],[-160],[-312],[-447],[-576],[-758],[-668],[169],[1150],[1614],[1430],[936],[676],[229],[-465],[-1071],[-1144],[-1083],[-1002],[-588],[179],[873],[954],[638],[354],[247],[-60],[-347],[-293],[53],[278],[270],[376],[513],[339],[-221],[-732],[-877],[-774],[-614],[-343],[133],[643],[948],[993],[976],[852],[385],[-216],[-540],[-475],[-282],[-204],[-120],[22],[88],[-38],[-246],[-388],[-375],[-403],[-344],[8],[493],[835],[890],[772],[536],[234],[-195],[-571],[-685],[-632],[-537],[-401],[-80],[223],[237],[89],[-18],[19],[50],[10],[113],[362],[622],[643],[698],[564],[219],[-271],[-679],[-814],[-787],[-614],[-357],[17],[390],[548],[573],[562],[437],[163],[-58],[-119],[-82],[40],[91],[153],[167],[54],[-156],[-266],[-224],[-148],[-86],[38],[166],[249],[251],[200],[50],[-170],[-370],[-536],[-616],[-581],[-423],[-209],[-8],[84],[51],[-28],[-132],[-394],[-644],[-827],[-927],[-563],[511],[1459],[1799],[1331],[833],[532],[45],[-663],[-1106],[-1159],[-1110],[-923],[-415],[413],[1007],[863],[403],[146],[5],[-170],[-286],[-252],[19],[266],[443],[683],[687],[299],[-302],[-792],[-928],[-819],[-587],[-240],[230],[627],[860],[985],[928],[628],[72],[-398],[-523],[-423],[-257],[-43],[115],[174],[120],[-19],[-171],[-256],[-341],[-405],[-279],[53],[433],[669],[731],[681],[422],[29],[-342],[-481],[-503],[-551],[-506],[-264],[106],[324],[252],[145],[106],[50],[-74],[-71],[121],[360],[470],[593],[626],[506],[116],[-382],[-676],[-732],[-674],[-522],[-165],[233],[459],[487],[515],[481],[304],[-10],[-197],[-102],[13],[38],[56],[168],[162],[-79],[-342],[-271],[-107],[-97],[-128],[-13],[230],[348],[209],[50],[-40],[-188],[-463],[-566],[-457],[-285],[-192],[-181],[-80],[48],[-20],[-218],[-375],[-511],[-651],[-867],[-901],[-394],[852],[1615],[1759],[1290],[965],[673],[10],[-770],[-1215],[-1233],[-1269],[-1106],[-451],[508],[1013],[764],[349],[265],[142],[-161],[-335],[-133],[208],[434],[611],[811],[767],[281],[-399],[-891],[-1028],[-976],[-779],[-368],[178],[589],[874],[1048],[940],[602],[81],[-343],[-462],[-331],[-134],[73],[249],[236],[147],[-16],[-274],[-499],[-605],[-565],[-391],[-34],[426],[828],[915],[755],[500],[151],[-210],[-468],[-596],[-616],[-499],[-226],[92],[306],[259],[140],[51],[-42],[-108],[-100],[1],[190],[349],[493],[628],[590],[384],[-21],[-344],[-522],[-632],[-532],[-296],[-40],[71],[145],[335],[461],[376],[204],[62],[11],[32],[112],[209],[221],[40],[-185],[-232],[-141],[-131],[-262],[-223],[-20],[144],[172],[232],[252],[117],[-159],[-305],[-288],[-240],[-304],[-315],[-214],[-104],[-116],[-222],[-211],[-229],[-372],[-568],[-623],[-543],[-540],[-531],[88],[1180],[1829],[1694],[887],[467],[203],[-378],[-1055],[-1254],[-1075],[-915],[-724],[-181],[612],[932],[517],[89],[54],[156],[50],[-20],[260],[619],[709],[559],[507],[385],[-110],[-844],[-1269],[-1150],[-814],[-559],[-199],[356],[804],[911],[900],[884],[705],[243],[-229],[-356],[-173],[-11],[4],[-28],[-5],[-132],[-396],[-537],[-518],[-443],[-331],[-138],[266],[692],[916],[858],[712],[501],[92],[-321],[-520],[-527],[-513],[-460],[-258],[-15],[106],[74],[22],[55],[110],[35],[45],[282],[496],[511],[402],[337],[284],[101],[-152],[-340],[-388],[-382],[-447],[-388],[-176],[-4],[52],[117],[258],[380],[438],[425],[414],[360],[157],[-114],[-245],[-238],[-250],[-248],[-184],[-140],[-105],[-18],[72],[113],[97],[21],[-26],[-10],[22],[30],[36],[7],[-102],[-193],[-280],[-351],[-399],[-510],[-522],[-454],[-373],[-247],[-140],[-126],[-179],[-268],[-257],[418],[1165],[1440],[1131],[573],[418],[148],[-368],[-871],[-1047],[-1163],[-1205],[-907],[-109],[673],[857],[627],[518],[585],[534],[331],[153],[195],[258],[128],[50],[152],[88],[-364],[-867],[-1048],[-890],[-655],[-416],[44],[511],[833],[1067],[1175],[1113],[730],[120],[-385],[-460],[-374],[-410],[-459],[-392],[-244],[-242],[-290],[-213],[-132],[-173],[-186],[132],[562],[854],[881],[761],[603],[356],[-117],[-482],[-628],[-746],[-814],[-700],[-320],[138],[266],[251],[274],[312],[264],[202],[261],[341],[315],[225],[162],[186],[106],[-171],[-381],[-394],[-355],[-353],[-299],[-181],[-36],[96],[216],[397],[564],[532],[330],[213],[203],[126],[-59],[-226],[-291],[-277],[-293],[-288],[-122],[77],[130],[146],[179],[241],[234],[107],[-15],[-43],[-95],[-67],[-71],[-99],[-143],[-241],[-366],[-427],[-461],[-461],[-364],[-229],[-69],[104],[97],[-40],[-179],[-292],[-459],[-192],[612],[1170],[1251],[812],[472],[304],[-151],[-742],[-1083],[-1128],[-1107],[-846],[-257],[513],[922],[826],[691],[765],[573],[126],[-220],[-239],[-77],[-41],[-29],[185],[282],[-23],[-458],[-703],[-754],[-702],[-576],[-212],[403],[818],[1014],[1141],[1128],[821],[122],[-513],[-766],[-704],[-616],[-446],[-181],[34],[105],[102],[85],[73],[-64],[-249],[-132],[253],[579],[730],[740],[653],[403],[-101],[-468],[-600],[-679],[-771],[-732],[-427],[94],[465],[518],[511],[496],[330],[167],[38],[53],[126],[30],[-61],[-5],[29],[-110],[-264],[-354],[-341],[-242],[-160],[53],[308],[395],[352],[324],[291],[243],[149],[16],[-49],[-147],[-232],[-176],[-108],[-6],[-32],[-90],[-17],[105],[224],[212],[149],[101],[58],[4],[36],[11],[-62],[-152],[-218],[-211],[-168],[-133],[-194],[-215],[-211],[-166],[-161],[-158],[-112],[-92],[-77],[-117],[-139],[-206],[-347],[-426],[-399],[186],[856],[1106],[858],[555],[457],[149],[-339],[-787],[-881],[-887],[-859],[-550],[138],[668],[745],[557],[505],[385],[81],[-247],[-270],[-100],[81],[189],[291],[372],[160],[-255],[-595],[-748],[-758],[-596],[-280],[99],[475],[800],[933],[890],[626],[189],[-235],[-488],[-513],[-421],[-215],[-25],[107],[98],[68],[79],[-26],[-181],[-256],[-159],[53],[288],[511],[621],[611],[438],[124],[-221],[-448],[-563],[-649],[-581],[-287],[104],[358],[442],[435],[432],[248],[-6],[-117],[-116],[-80],[-93],[-68],[117],[137],[-31],[-207],[-237],[-134],[-132],[-46],[199],[389],[347],[221],[185],[205],[7],[-261],[-278],[-99],[-51],[-76],[-31],[147],[165],[50],[-27],[92],[208],[153],[62],[146],[291],[202],[3],[-111],[-161],[-335],[-474],[-327],[-59],[102],[116],[94],[133],[115],[-61],[-232],[-242],[-195],[-270],[-273],[-172],[-35],[-104],[-306],[-422],[-472],[-492],[-260],[371],[1032],[1283],[1004],[715],[422],[6],[-526],[-920],[-1051],[-985],[-836],[-436],[259],[685],[644],[424],[302],[211],[51],[-145],[-133],[91],[282],[329],[425],[406],[106],[-483],[-919],[-1016],[-873],[-703],[-334],[197],[650],[930],[1006],[926],[660],[190],[-298],[-459],[-344],[-227],[-145],[-14],[146],[176],[37],[-177],[-274],[-339],[-350],[-222],[107],[481],[694],[660],[590],[471],[133],[-236],[-412],[-496],[-480],[-414],[-202],[152],[284],[219],[124],[130],[86],[-44],[-138],[-72],[90],[138],[177],[242],[281],[115],[-177],[-315],[-231],[-186],[-102],[11],[212],[333],[197],[67],[73],[73],[-151],[-285],[-215],[10],[131],[203],[310],[344],[228],[56],[-25],[-27],[-32],[-43],[-46],[13],[25],[-50],[-139],[-110],[-29],[-40],[-58],[2],[137],[173],[130],[55],[-18],[-173],[-322],[-346],[-322],[-255],[-206],[-187],[-184],[-176],[-188],[-232],[-300],[-302],[-74],[436],[836],[1063],[829],[483],[209],[-163],[-616],[-928],[-1015],[-914],[-670],[-286],[234],[691],[793],[611],[456],[310],[101],[-112],[-160],[-88],[56],[105],[67],[64],[-27],[-381],[-708],[-769],[-573],[-311],[-21],[377],[740],[975],[894],[717],[540],[225],[-228],[-586],[-572],[-358],[-194],[-61],[71],[155],[144],[-35],[-119],[-91],[-54],[-37],[85],[369],[669],[671],[459],[197],[-66],[-281],[-469],[-575],[-543],[-356],[-159],[44],[288],[480],[430],[236],[65],[22],[-37],[-77],[-62],[-14],[21],[24],[-23],[-24],[-44],[-131],[-253],[-211],[-19],[75],[92],[125],[162],[156],[128],[72],[64],[32],[-80],[-111],[36],[185],[147],[33],[-19],[-13],[-52],[38],[119],[158],[90],[-27],[6],[119],[129],[54],[-66],[-90],[-51],[-17],[38],[74],[41],[-101],[-236],[-247],[-174],[-176],[-239],[-246],[-214],[-222],[-268],[-250],[-188],[-178],[-181],[-160],[-26],[313],[686],[800],[628],[280],[59],[-177],[-437],[-700],[-759],[-656],[-478],[-275],[46],[430],[513],[404],[274],[187],[151],[113],[35],[12],[28],[53],[29],[-48],[-178],[-311],[-497],[-570],[-450],[-177],[97],[322],[500],[640],[704],[650],[436],[179],[-51],[-231],[-293],[-213],[-84],[-79],[-109],[-104],[-83],[-38],[-44],[-22],[34],[137],[235],[360],[449],[401],[285],[148],[-48],[-180],[-207],[-258],[-295],[-328],[-198],[2],[97],[80],[91],[136],[149],[76],[70],[102],[108],[53],[-19],[-21],[-20],[-143],[-244],[-242],[-157],[-91],[-99],[-82],[61],[204],[234],[277],[343],[290],[111],[-39],[-124],[-80],[-116],[-146],[-63],[42],[128],[213],[243],[304],[234],[89],[36],[101],[100],[47],[-5],[-55],[-40],[-26],[-68],[-93],[-118],[-104],[-82],[8],[121],[99],[-5],[-59],[-65],[-147],[-196],[-236],[-247],[-291],[-334],[-270],[-182],[-148],[-189],[-186],[-115],[-29],[196],[433],[548],[528],[295],[130],[-10],[-195],[-421],[-570],[-607],[-535],[-400],[-109],[216],[395],[368],[360],[300],[246],[113],[5],[23],[-7],[-42],[12],[98],[63],[-83],[-215],[-257],[-181],[-91],[-45],[92],[209],[311],[369],[424],[380],[313],[85],[-108],[-88],[-37],[-61],[-88],[-63],[17],[49],[28],[10],[38],[-8],[-123],[-91],[66],[174],[166],[124],[145],[133],[29],[-49],[-95],[-117],[-174],[-258],[-191],[5],[125],[145],[167],[148],[106],[-48],[-173],[-165],[-96],[-130],[-126],[-31],[16],[18],[-33],[-68],[-31],[-47],[-50],[31],[156],[268],[352],[296],[294],[168],[36],[-123],[-167],[-213],[-175],[-133],[-43],[102],[245],[308],[315],[331],[260],[199],[143],[75],[13],[-55],[-104],[-138],[-122],[-91],[-86],[-126],[-112],[-45],[5],[37],[92],[117],[67],[-39],[-145],[-194],[-231],[-302],[-394],[-404],[-316],[-214],[-123],[-60],[-32],[-21],[30],[49],[9],[19],[81],[170],[118],[65],[21],[2],[-143],[-274],[-277],[-200],[-228],[-198],[-37],[220],[349],[332],[308],[288],[178],[13],[-44],[-35],[-32],[-67],[-87],[-24],[58],[-36],[-99],[-111],[-66],[-45],[5],[152],[286],[375],[322],[282],[291],[209],[47],[-152],[-226],[-198],[-168],[-147],[-107],[-20],[-19],[-56],[-58],[63],[117],[84],[78],[181],[256],[265],[210],[156],[54],[-165],[-331],[-319],[-220],[-205],[-197],[-90],[90],[118],[72],[66],[90],[47],[-12],[59],[161],[209],[148],[85],[97],[56],[-86],[-248],[-314],[-349],[-330],[-251],[-46],[198],[321],[425],[430],[424],[348],[184],[43],[-77],[-94],[-115],[-123],[-87],[-24],[-15],[21],[104],[136],[186],[159],[183],[294],[313],[254],[159],[26],[-82],[-215],[-299],[-321],[-305],[-276],[-194],[-55],[129],[202],[129],[-4],[-80],[-115],[-165],[-247],[-240],[-184],[-180],[-176],[-114],[-86],[-146],[-259],[-299],[-254],[-199],[-122],[63],[238],[299],[278],[330],[333],[172],[-54],[-181],[-207],[-231],[-220],[-150],[-21],[69],[146],[208],[230],[221],[137],[29],[37],[52],[84],[86],[64],[53],[49],[0],[-70],[-120],[-191],[-215],[-179],[-113],[28],[220],[284],[283],[302],[266],[176],[27],[-131],[-156],[-168],[-198],[-149],[-61],[21],[14],[-16],[-36],[15],[74],[49],[50],[120],[193],[190],[148],[126],[51],[-64],[-187],[-250],[-213],[-142],[-107],[-56],[77],[216],[227],[224],[221],[183],[81],[-35],[-61],[-53],[-34],[-96],[-165],[-125],[-96],[-85],[-68],[-11],[81],[108],[124],[189],[248],[213],[195],[124],[79],[50],[-13],[-21],[-33],[-68],[-54],[18],[54],[62],[56],[84],[84],[132],[118],[90],[41],[-9],[-92],[-109],[-60],[-90],[-162],[-187],[-125],[-110],[-92],[-112],[-124],[-122],[-116],[-195],[-201],[-180],[-128],[-174],[-182],[-149],[-93],[-113],[-149],[-86],[-49],[-17],[49],[159],[232],[229],[154],[91],[73],[25],[-94],[-132],[-104],[-134],[-116],[-63],[26],[54],[17],[35],[101],[134],[133],[148],[129],[120],[64],[28],[17],[-19],[-106],[-147],[-176],[-134],[-32],[30],[97],[143],[145],[148],[142],[131],[117],[68],[52],[29],[22],[22],[-15],[-50],[-83],[-122],[-157],[-129],[-61],[-20],[48],[143],[229],[268],[308],[259],[192],[97],[-45],[-176],[-184],[-188],[-203],[-164],[-89],[-6],[20],[10],[59],[106],[133],[142],[118],[125],[120],[82],[2],[-43],[-78],[-162],[-225],[-262],[-194],[-154],[-92],[48],[154],[319],[403],[395],[333],[245],[78],[-59],[-123],[-187],[-184],[-134],[-83],[-17],[114],[160],[157],[158],[130],[106],[101],[91],[89],[64],[-16],[-44],[-83],[-115],[-147],[-218],[-243],[-157],[-85],[-66],[-60],[-14],[-5],[-45],[-86],[-106],[-97],[-124],[-124],[-126],[-99],[-68],[-131],[-166],[-150],[-114],[-145],[-179],[-144],[-71],[-36],[45],[291],[446],[488],[302],[121],[49],[-111],[-275],[-378],[-335],[-250],[-193],[-57],[177],[305],[252],[164],[133],[97],[40],[11],[33],[87],[113],[67],[62],[68],[-62],[-229],[-310],[-299],[-201],[-85],[90],[230],[315],[328],[348],[284],[244],[74],[-116],[-154],[-101],[-47],[-19],[-21],[19],[28],[-8],[-60],[-49],[-22],[-13],[-12],[96],[207],[225],[153],[85],[-20],[-116],[-215],[-226],[-186],[-107],[-55],[12],[168],[210],[185],[122],[20],[-39],[-54],[-81],[-49],[-13],[11],[-13],[-3],[28],[-30],[-108],[-145],[-20],[82],[229],[319],[254],[192],[130],[24],[-17],[-101],[-131],[-142],[-106],[0],[128],[164],[181],[99],[57],[68],[37],[24],[43],[76],[46],[24],[19],[-20],[-93],[-226],[-271],[-217],[-157],[-88],[1],[69],[66],[69],[89],[32],[-66],[-210],[-316],[-333],[-269],[-263],[-196],[-191],[-173],[-103],[-26],[22],[38],[38],[36],[153],[337],[419],[331],[160],[19],[-117],[-210],[-252],[-262],[-245],[-260],[-123],[78],[243],[293],[223],[155],[124],[99],[91],[121],[143],[96],[27],[52],[27],[-64],[-170],[-231],[-215],[-141],[-47],[146],[268],[330],[352],[385],[328],[224],[79],[-79],[-167],[-196],[-194],[-158],[-96],[-43],[-37],[-24],[30],[49],[21],[27],[48],[81],[163],[188],[164],[114],[59],[-45],[-179],[-261],[-242],[-234],[-228],[-144],[29],[155],[218],[250],[229],[156],[96],[5],[-39],[-46],[-48],[-76],[-86],[-93],[-122],[-154],[-151],[-136],[-125],[-97],[20],[196],[371],[481],[472],[401],[218],[41],[-120],[-222],[-244],[-251],[-197],[-80],[27],[117],[137],[160],[163],[131],[102],[112],[125],[130],[137],[144],[75],[-14],[-108],[-183],[-268],[-289],[-230],[-176],[-83],[-15],[28],[101],[66],[-31],[-100],[-202],[-243],[-241],[-242],[-187],[-91],[-45],[-19],[-5],[-56],[-96],[-157],[-192],[-134],[-11],[136],[334],[456],[484],[314],[138],[-53],[-214],[-350],[-391],[-328],[-205],[-30],[169],[334],[333],[281],[256],[139],[5],[-53],[-30],[-19],[11],[116],[196],[155],[22],[-80],[-111],[-183],[-231],[-188],[-52],[100],[227],[342],[437],[358],[169],[-11],[-132],[-229],[-284],[-236],[-154],[-39],[28],[61],[114],[148],[48],[-32],[-71],[-51],[27],[118],[187],[208],[184],[109],[18],[-75],[-159],[-236],[-235],[-238],[-148],[38],[154],[202],[211],[221],[132],[70],[-4],[-22],[12],[-3],[-4],[25],[21],[-42],[-84],[-144],[-172],[-170],[-35],[113],[277],[337],[357],[363],[282],[81],[-103],[-196],[-266],[-272],[-170],[15],[197],[255],[274],[289],[268],[141],[25],[-11],[18],[-12],[-37],[-24],[25],[-31],[-127],[-189],[-188],[-212],[-206],[-120],[35],[126],[136],[137],[76],[-47],[-186],[-282],[-339],[-326],[-293],[-222],[-135],[30],[76],[38],[-13],[-47],[-35],[-65],[-28],[129],[356],[459],[411],[265],[164],[-14],[-237],[-434],[-475],[-434],[-367],[-190],[77],[353],[446],[390],[368],[318],[147],[-6],[-54],[-38],[-13],[20],[45],[59],[-21],[-142],[-205],[-263],[-283],[-226],[-109],[68],[253],[420],[461],[425],[285],[148],[-21],[-164],[-238],[-255],[-223],[-172],[-90],[-30],[31],[31],[9],[-37],[-17],[45],[124],[177],[234],[300],[205],[133],[57],[-62],[-193],[-269],[-266],[-213],[-142],[-11],[80],[136],[193],[196],[172],[140],[53],[10],[28],[-12],[-42],[-29],[-52],[-88],[-131],[-145],[-154],[-111],[-55],[-16],[102],[265],[347],[394],[315],[173],[37],[-93],[-146],[-189],[-180],[-109],[-54],[41],[185],[226],[192],[145],[125],[87],[64],[60],[33],[7],[-34],[-74],[-164],[-175],[-205],[-191],[-188],[-109],[29],[95],[136],[176],[114],[46],[-63],[-130],[-207],[-258],[-279],[-286],[-232],[-126],[-71],[-61],[-31],[-16],[-84],[-127],[46],[323],[485],[478],[356],[288],[202],[-67],[-322],[-447],[-499],[-543],[-452],[-136],[142],[278],[320],[411],[402],[259],[114],[89],[51],[-37],[-74],[26],[86],[7],[-130],[-218],[-285],[-346],[-332],[-211],[-42],[116],[291],[437],[537],[518],[331],[126],[-44],[-170],[-269],[-279],[-224],[-181],[-96],[-23],[32],[66],[81],[41],[44],[83],[154],[236],[274],[236],[232],[153],[-11],[-164],[-226],[-277],[-308],[-259],[-143],[28],[138],[203],[229],[242],[224],[99],[12],[26],[-35],[-57],[-77],[-55],[-30],[-69],[-126],[-135],[-101],[-98],[-31],[128],[227],[262],[274],[257],[136],[-6],[-130],[-188],[-229],[-212],[-149],[-52],[72],[201],[236],[209],[162],[106],[37],[-14],[1],[-12],[-5],[25],[-37],[-84],[-120],[-151],[-205],[-216],[-174],[-84],[12],[89],[126],[135],[68],[0],[-75],[-189],[-261],[-299],[-276],[-210],[-111],[16],[41],[-43],[-136],[-21],[242],[428],[401],[270],[211],[145],[-24],[-181],[-258],[-352],[-499],[-513],[-278],[40],[211],[238],[315],[355],[294],[189],[160],[120],[-58],[-139],[-42],[84],[5],[-117],[-166],[-206],[-289],[-301],[-176],[-24],[67],[172],[356],[480],[493],[364],[227],[54],[-138],[-277],[-256],[-175],[-180],[-159],[-42],[59],[73],[67],[70],[60],[11],[56],[174],[237],[245],[231],[163],[72],[-83],[-212],[-288],[-328],[-388],[-289],[-108],[73],[164],[251],[306],[302],[176],[83],[67],[-15],[-95],[-80],[-47],[-20],[-24],[-77],[-110],[-138],[-184],[-145],[-68],[70],[125],[171],[209],[257],[196],[97],[32],[-75],[-128],[-122],[-103],[-59],[33],[141],[154],[168],[99],[59],[37],[-16],[-54],[-48],[-55],[-24],[29],[67],[21],[-51],[-101],[-136],[-150],[-168],[-134],[-75],[-11],[7],[-17],[-51],[-85],[-184],[-211],[-208],[-190],[-228],[-196],[-171],[122],[485],[633],[512],[287],[138],[-45],[-309],[-502],[-496],[-513],[-528],[-307],[90],[389],[373],[330],[321],[217],[43],[17],[84],[31],[-64],[-33],[84],[106],[-30],[-174],[-234],[-291],[-330],[-208],[52],[268],[273],[371],[507],[511],[329],[76],[-101],[-256],[-395],[-348],[-141],[38],[25],[62],[173],[177],[80],[32],[11],[-38],[-85],[13],[156],[259],[224],[94],[49],[-61],[-148],[-223],[-228],[-210],[-148],[-51],[128],[205],[198],[163],[92],[44],[11],[-28],[-16],[-78],[-102],[-60],[23],[74],[83],[49],[56],[13],[-26],[0],[27],[4],[-6],[25],[32],[34],[50],[35],[-20],[-64],[-18],[48],[97],[105],[127],[107],[66],[28],[16],[8],[-15],[-39],[-72],[-48],[-31],[-62],[-108],[-80],[-65],[-87],[-95],[-26],[-13],[-38],[-130],[-183],[-210],[-288],[-342],[-417],[-310],[141],[527],[729],[636],[458],[392],[147],[-214],[-401],[-461],[-620],[-688],[-450],[-11],[218],[186],[184],[251],[126],[-40],[-6],[120],[149],[66],[158],[370],[304],[26],[-180],[-258],[-430],[-551],[-414],[-159],[34],[144],[358],[592],[650],[459],[250],[118],[-59],[-191],[-142],[4],[-27],[-134],[-100],[16],[-43],[-156],[-152],[-114],[-86],[-3],[226],[404],[421],[327],[252],[194],[-8],[-227],[-335],[-327],[-339],[-297],[-120],[49],[171],[166],[160],[168],[181],[114],[108],[189],[220],[177],[108],[45],[-78],[-296],[-399],[-350],[-277],[-207],[-36],[171],[313],[368],[387],[322],[192],[21],[-88],[-149],[-141],[-147],[-123],[-110],[-60],[-9],[-29],[-33],[-3],[2],[46],[116],[144],[137],[112],[17],[-80],[-183],[-282],[-370],[-367],[-367],[-327],[-301],[-226],[185],[632],[856],[744],[476],[378],[139],[-219],[-458],[-433],[-536],[-615],[-426],[-22],[238],[225],[227],[272],[163],[-23],[29],[173],[106],[5],[59],[251],[214],[-122],[-268],[-289],[-447],[-615],[-478],[-152],[74],[161],[351],[659],[748],[503],[268],[173],[-65],[-288],[-300],[-115],[-38],[-108],[-89],[40],[63],[-20],[-106],[-99],[-42],[1],[140],[378],[486],[433],[350],[217],[48],[-154],[-317],[-410],[-408],[-293],[-93],[109],[249],[329],[342],[305],[227],[109],[6],[-38],[-88],[-102],[-69],[-44],[-37],[-79],[-123],[-92],[-48],[41],[85],[105],[112],[92],[54],[13],[-35],[-136],[-193],[-190],[-133],[-99],[-42],[8],[30],[-8],[-33],[-28],[-24],[-77],[-115],[-82],[-50],[-101],[-164],[-196],[-208],[-261],[-110],[313],[520],[537],[367],[353],[221],[-38],[-244],[-321],[-413],[-515],[-401],[-36],[316],[358],[306],[325],[261],[38],[-27],[31],[-12],[-152],[-92],[153],[270],[113],[-70],[-127],[-226],[-395],[-373],[-168],[-4],[22],[129],[416],[558],[394],[199],[17],[-162],[-303],[-316],[-161],[-60],[-67],[9],[150],[228],[181],[57],[-20],[-68],[-75],[45],[231],[279],[248],[220],[165],[29],[-113],[-181],[-244],[-254],[-156],[48],[280],[348],[340],[317],[206],[56],[-35],[-117],[-171],[-209],[-180],[-79],[27],[20],[-24],[-5],[-18],[-38],[5],[54],[107],[107],[48],[-16],[-87],[-148],[-280],[-331],[-324],[-310],[-246],[-139],[37],[64],[73],[97],[48],[2],[-123],[-136],[86],[287],[350],[330],[268],[139],[-134],[-310],[-397],[-437],[-522],[-413],[-21],[306],[424],[475],[446],[340],[61],[-164],[-157],[-133],[-232],[-202],[37],[212],[185],[108],[98],[24],[-156],[-228],[-112],[14],[84],[143],[282],[350],[235],[101],[68],[-63],[-203],[-188],[-28],[74],[136],[220],[282],[255],[153],[89],[85],[-18],[-78],[-63],[6],[53],[-13],[-44],[-29],[-50],[-102],[-77],[27],[76],[105],[173],[188],[138],[57],[-37],[-112],[-211],[-266],[-273],[-222],[-142],[-95],[-27],[81],[51],[-21],[-38],[-44],[-54],[-135],[-165],[-182],[-223],[-218],[-208],[-186],[-163],[-156],[-28],[163],[265],[317],[353],[308],[225],[78],[-42],[-117],[-197],[-308],[-299],[-166],[-24],[9],[54],[133],[131],[98],[116],[135],[117],[101],[94],[114],[115],[5],[-85],[-96],[-168],[-242],[-196],[-51],[26],[88],[157],[260],[260],[288],[253],[200],[104],[16],[9],[-39],[-91],[-111],[-125],[-115],[-76],[-19],[92],[121],[128],[154],[182],[158],[96],[38],[18],[0],[-17],[-28],[-11],[-9],[-75],[-127],[-92],[-37],[-64],[-60],[21],[88],[140],[110],[71],[-5],[-97],[-193],[-245],[-248],[-272],[-256],[-180],[-124],[-63],[4],[19],[-27],[-32],[-45],[24],[90],[143],[136],[118],[60],[27],[-38],[-109],[-191],[-255],[-198],[-96],[-21],[97],[165],[205],[231],[216],[200],[194],[150],[29],[21],[26],[8],[-19],[-28],[-19],[-42],[-76],[-33],[61],[68],[110],[157],[200],[203],[190],[153],[115],[81],[-18],[-48],[-22],[-26],[-62],[-48],[-29],[-20],[-4],[26],[73],[64],[1],[-8],[39],[9],[-35],[-39],[-51],[-71],[-77],[-87],[-40],[0],[17],[1],[-3],[12],[-32],[-101],[-126],[-156],[-168],[-154],[-109],[-55],[-36],[-46],[-49],[-38],[-60],[-100],[-104],[-74],[-33],[13],[72],[108],[106],[77],[44],[-32],[-52],[-73],[-100],[-76],[-23],[41],[84],[129],[110],[102],[71],[13],[26],[64],[10],[10],[6],[56],[84],[72],[51],[48],[42],[76],[73],[64],[92],[93],[76],[99],[153],[130],[98],[97],[64],[31],[18],[6],[-13],[-13],[32],[29],[74],[85],[49],[6],[-3],[-12],[-7],[-62],[-95],[-68],[-82],[-69],[-21],[-30],[-20],[-34],[-57],[-73],[-77],[-110],[-108],[-86],[-95],[-67],[-56],[-8],[22],[24],[-40],[-46],[-70],[-132],[-162],[-139],[-115],[-85],[-77],[0],[58],[58],[56],[46],[43],[50],[2],[2],[32],[40],[6],[16],[79],[36],[1],[6],[56],[27],[2],[29],[63],[88],[99],[71],[125],[102],[63],[12],[60],[70],[43],[32],[68],[68],[58],[83],[72],[48],[49],[45],[66],[89],[49],[3],[-36],[-91],[-91],[-47],[-34],[-63],[-59],[-56],[-26],[-16],[-18],[-11],[17],[-15],[-4],[26],[44],[8],[-84],[-76],[-74],[-117],[-170],[-149],[-110],[-68],[-90],[-30],[82],[109],[94],[111],[108],[106],[15],[-11],[8],[-16],[-62],[-31],[-3],[25],[22],[1],[18],[57],[34],[60],[100],[110],[102],[117],[86],[86],[92],[32],[21],[2],[-47],[-30],[-16],[0],[53],[49],[43],[67],[46],[49],[83],[42],[-13],[-52],[-42],[-18],[-28],[-47],[-33],[-16],[29],[21],[27],[72],[52],[-15],[-44],[-6],[-19],[-60],[-67],[-32],[-78],[-82],[-82],[-61],[-44],[-88],[-71],[-29],[22],[3],[1],[40],[41],[12],[20],[43],[17],[-16],[-31],[-12],[4],[1],[13],[40],[19],[-10],[15],[17],[13],[3],[27],[84],[81],[58],[76],[64],[8],[-24],[-45],[-45],[-36],[-12],[48],[147],[146],[166],[118],[98],[36],[-19],[2],[-14],[-25],[-4],[20],[18],[34],[67],[29],[-7],[-28],[-63],[-16],[-4],[1],[6],[-11],[28],[11],[-17],[-36],[-38],[-71],[-77],[-11],[20],[38],[42],[64],[15],[-16],[-44],[-85],[-109],[-138],[-120],[-51],[-13],[11],[20],[24],[1],[29],[44],[72],[46],[37],[52],[51],[37],[54],[43],[8],[-19],[5],[-8],[-28],[-34],[2],[20],[29],[45],[70],[95],[69],[85],[57],[78],[45],[1],[-27],[-33],[-19],[-14],[12],[-10],[-14],[13],[7],[8],[46],[62],[53],[62],[114],[131],[81],[17],[10],[-38],[-93],[-99],[-87],[-107],[-105],[-79],[-12],[34],[37],[35],[76],[76],[52],[42],[56],[4],[-46],[-39],[-48],[-59],[-59],[-77],[-62],[-47],[-35],[-31],[18],[16],[20],[24],[27],[72],[50],[26],[52],[33],[7],[27],[3],[17],[-8],[-26],[17],[21],[18],[41],[38],[51],[67],[122],[142],[128],[82],[59],[70],[65],[10],[-37],[-8],[-8],[-31],[-15],[44],[33],[24],[25],[54],[56],[69],[28],[6],[2],[-5],[-23],[-3],[-31],[-61],[-69],[-53],[-14],[-23],[-51],[-47],[17],[17],[1],[26],[44],[3],[-65],[-58],[-68],[-77],[-97],[-91],[-91],[-79],[-32],[-28],[-23],[-20],[6],[-20],[27],[80],[83],[73],[53],[46],[-9],[-37],[-31],[-75],[-112],[-91],[2],[33],[35],[50],[110],[95],[42],[50],[56],[55],[35],[20],[76],[102],[67],[37],[46],[29],[-6],[4],[61],[53],[16],[33],[66],[58],[40],[50],[43],[24],[-15],[-16],[5],[19],[-14],[-31],[-24],[-5],[-19],[15],[63],[85],[40],[29],[38],[-10],[-56],[-67],[-65],[-90],[-87],[-66],[-27],[16],[-12],[0],[29],[22],[-10],[9],[21],[0],[-36],[-28],[-27],[-14],[-17],[-35],[-42],[-39],[-50],[-62],[-53],[-43],[-38],[0],[14],[24],[11],[38],[9],[11],[-6],[-40],[-3],[-19],[-11],[-40],[-44],[-30],[-42],[-52],[-24],[20],[22],[27],[54],[74],[59],[44],[72],[57],[85],[83],[59],[60],[80],[31],[1],[1],[-8],[-44],[-53],[-8],[5],[-5],[45],[52],[46],[65],[51],[72],[66],[32],[27],[29],[12],[24],[-24],[-22],[-33],[-18],[-34],[-39],[-23],[22],[31],[32],[52],[69],[50],[19],[2],[28],[12],[-15],[-27],[8],[-14],[-19],[3],[5],[20],[19],[29],[47],[46],[29],[11],[3],[24],[-15],[-28],[-16],[-21],[20],[-8],[-7],[8],[-21],[-26],[-23],[-5],[-23],[1],[-6],[-7],[34],[45],[30],[24],[40],[25],[0],[20],[2],[-17],[2],[-21],[-20],[16],[7],[-29],[-26],[-42],[-67],[-63],[-60],[-23],[11],[29],[9],[24],[66],[30],[17],[9],[10],[-32],[-16],[2],[6],[0],[22],[17],[13],[15],[43],[22],[27],[12],[30],[23],[25],[5],[11],[19],[-6],[-24],[-7],[13],[9],[1],[19],[27],[56],[70],[41],[41],[32],[52],[42],[21],[3],[-27],[-43],[-10],[-7],[-16],[-14],[-23],[-28],[-10],[1],[5],[18],[17],[18],[-12],[3],[25],[5],[-22],[-22],[-28],[14],[3],[46],[29],[-6],[-12],[-19],[-32],[-36],[-55],[-32],[-35],[-20],[-21],[-12],[-13],[-3],[-18],[-22],[-5],[-35],[-34],[-12],[21],[1],[4],[27],[37],[24],[41],[10],[-13],[4],[-7],[-27],[-3],[-11],[32],[35],[24],[26],[49],[30],[34],[67],[51],[17],[5],[38],[23],[10],[16],[1],[11],[26],[-5],[-8],[50],[38],[26],[17],[41],[32],[24],[5],[-16],[-29],[-66],[-47],[-17],[-7],[-15],[8],[31],[27],[9],[1],[-14],[18],[-4],[-21],[-14],[5],[14],[32],[6],[-15],[-16],[-22],[1],[-13],[-11],[11],[-21],[-33],[-28],[-6],[-45],[-19],[-23],[-22],[17],[30],[21],[34],[12],[12],[40],[12],[-21],[-14],[30],[33],[67],[54],[48],[70],[34],[18],[1],[-17],[-16],[-20],[5],[59],[54],[41],[46],[37],[3],[-26],[-51],[-54],[-22],[0],[45],[51],[74],[89],[62],[62],[62],[25],[34],[-7],[25],[10],[1],[14],[-7],[-15],[-22],[-45],[-20],[-33],[-21],[0],[17],[32],[58],[56],[16],[21],[-44],[-66],[-58],[-71],[-48],[-23],[-28],[-4],[10],[40],[-16],[-26],[-30],[-38],[-47],[-13],[-4],[-6],[-5],[-18],[-34],[-57],[-68],[-86],[-74],[-45],[-42],[4],[24],[43],[37],[62],[40],[36],[8],[0],[30],[15],[3],[10],[41],[22],[4],[37],[6],[1],[0],[10],[44],[32],[61],[92],[93],[76],[69],[16],[11],[27],[11],[35],[11],[6],[48],[74],[77],[58],[57],[20],[9],[14],[41],[21],[20],[51],[30],[25],[26],[0],[-26],[-45],[-54],[-20],[-28],[-31],[15],[-3],[-12],[30],[21],[-3],[-19],[-13],[-34],[-47],[-15],[-11],[2],[20],[-11],[-22],[13],[-11],[-50],[-68],[-24],[-28],[-37],[-23],[12],[-21],[-55],[-48],[-16],[20],[-10],[8],[16],[54],[53],[84],[66],[48],[45],[3],[-8],[18],[40],[12],[11],[52],[28],[26],[30],[16],[34],[12],[13],[53],[73],[44],[26],[52],[36],[12],[32],[30],[21],[24],[54],[51],[38],[60],[42],[2],[-26],[-8],[8],[-4],[2],[34],[25],[72],[54],[25],[-3],[-5],[-44],[-60],[-22],[-36],[-44],[-11],[12],[-8],[-4],[-6],[-8],[14],[-19],[2],[3],[24],[33],[9],[-27],[-28],[-40],[-50],[-28],[2],[-8],[-11],[19],[21],[24],[19],[44],[24],[8],[30],[36],[10],[-14],[13],[32],[21],[-6],[32],[35],[22],[18],[54],[69],[57],[57],[19],[4],[29],[-14],[-10],[-19],[-11],[14],[11],[32],[38],[42],[-7],[-22],[-7],[0],[26],[27],[44],[33],[38],[35],[61],[4],[-63],[-76],[-52],[-50],[-49],[-3],[34],[21],[48],[17],[30],[-7],[-21],[-49],[1],[-3],[-12],[28],[12],[-13],[17],[1],[-13],[-21],[-6],[-19],[-15],[35],[27],[16],[32],[1],[-24],[-22],[-19],[-32],[-10],[-32],[-11],[16],[33],[52],[18],[-8],[11],[2],[-7],[2],[44],[37],[27],[37],[76],[59],[26],[3],[18],[12],[25],[40],[44],[27],[28],[12],[26],[27],[18],[26],[13],[12],[19],[20],[16],[6],[-15],[-21],[-34],[-16],[18],[3],[-7],[24],[29],[7],[16],[20],[-3],[-17],[-26],[-7],[32],[40],[11],[-6],[16],[17],[-22],[-39],[-13],[-21],[-36],[-19],[8],[32],[41],[55],[35],[15],[8],[-20],[-14],[24],[9],[2],[20],[49],[22],[1],[11],[-37],[-43],[-35],[-14],[5],[52],[43],[34],[64],[37],[16],[19],[-21],[-39],[-19],[-17],[-8],[21],[22],[12],[3],[12],[12],[-14],[12],[-12],[31],[8],[8],[-7],[-18],[-11],[-38],[-46],[-21],[-27],[-32],[5],[44],[36],[19],[36],[17],[-11],[-34],[-55],[-14],[-6],[-23],[-21],[25],[29],[5],[-19],[0],[5],[-18],[16],[28],[24],[38],[7],[3],[30],[-12],[-44],[-22],[-22],[-27],[-20],[33],[42],[45],[48],[19],[10],[0],[5],[-15],[-11],[38],[34],[18],[20],[48],[6],[-18],[-2],[-18],[-18],[27],[32],[25],[19],[25],[29],[1],[-13],[-47],[-34],[-7],[-30],[-30],[18],[40],[12],[4],[33],[3],[-44],[-37],[-35],[-11],[-11],[-6],[9],[25],[7],[-29],[-39],[-19],[-51],[-44],[-47],[-21],[-7],[-7],[8],[31],[6],[-17],[-10],[-6],[-19],[-28],[0],[-6],[5],[37],[33],[4],[0],[10],[16],[43],[20],[4],[50],[34],[19],[52],[41],[19],[31],[26],[39],[42],[46],[34],[37],[28],[14],[10],[8],[32],[41],[19],[24],[46],[24],[1],[19],[43],[27],[-5],[1],[-7],[-12],[12],[19],[-7],[-32],[-10],[-20],[-23],[12],[0],[0],[32],[22],[8],[-4],[13],[-18],[-23],[-30],[-36],[-16],[-17],[-18],[-20],[-6],[-21],[-20],[5],[-12],[-8],[30],[23],[17],[24],[41],[20],[3],[14],[0],[-20],[-18],[-5],[-6],[-9],[-7],[4],[20],[39],[49],[30],[56],[30],[12],[22],[24],[-10],[-30],[-28],[19],[22],[21],[39],[44],[18],[16],[43],[37],[28],[32],[39],[33],[26],[28],[34],[1],[-31],[-26],[-38],[-3],[-5],[-5],[5],[34],[22],[9],[5],[12],[-20],[-29],[1],[-25],[-20],[-46],[-27],[-36],[-35],[-12],[-22],[13],[5],[-4],[22],[13],[16],[-11],[-23],[-14],[-35],[-30],[-5],[-16],[22],[7],[-3],[17],[48],[13],[7],[10],[15],[14],[56],[46],[25],[28],[19],[-5],[-6],[-5],[-23],[-28],[20],[19],[20],[33],[69],[50],[25],[43],[12],[16],[5],[28],[45],[26],[9],[21],[-7],[6],[-21],[-34],[-8],[-4],[-4],[43],[75],[70],[57],[53],[24],[32],[0],[-27],[-25],[-6],[-27],[6],[24],[17],[17],[35],[0],[-15],[-5],[-19],[-7],[14],[3],[19],[29],[9],[2],[-14],[17],[-5],[-21],[5],[27],[12],[0],[33],[9],[2],[10],[-13],[-24],[1],[-6],[0],[4],[23],[-10],[26],[21],[8],[-8],[32],[14],[6],[-6],[27],[21],[10],[-9],[2],[-8],[-12],[7],[0],[10],[39],[4],[11],[20],[25],[1],[2],[21],[4],[22],[33],[21],[16],[27],[-6],[30],[11],[-6],[-4],[-6],[2],[34],[24],[12],[16],[-3],[28],[9],[0],[26],[13],[17],[26],[36],[20],[11],[8],[0],[-6],[7],[-13],[16],[9],[0],[-3],[-10],[15],[6],[28],[33],[10],[13],[37],[10],[-14],[0],[10],[-28],[-39],[-10],[-3],[-10],[-10],[25],[22],[6],[37],[20],[3],[-7],[6],[-15],[-15],[21],[4],[-27],[-13],[3],[-3],[-12],[32],[2],[8],[19],[27],[53],[19],[-12],[-4],[-28],[9],[-20],[6],[-4],[-3],[25],[34],[19],[10],[33],[8],[4],[10],[14],[16],[16],[14],[8],[-12],[-23],[-5],[-11],[-11],[11],[7],[20],[33],[11],[-3],[17],[-19],[-20],[29],[34],[37],[37],[60],[44],[31],[27],[46],[19],[-6],[4],[25],[21],[17],[14],[3],[-13],[17],[12],[0],[-7],[21],[21],[20],[25],[32],[42],[19],[-14],[-8],[7],[-7],[-30],[-14],[-20],[-10],[-10],[-8],[20],[2],[-23],[-5],[26],[16],[11],[2],[-5],[19],[-9],[-12],[16],[-2],[-27],[-26],[16],[17],[12],[11],[5],[-4],[2],[-18],[16],[27],[18],[6],[46],[40],[18],[6],[14],[-15],[-31],[-20],[17],[25],[31],[43],[38],[27],[14],[3],[-7],[1],[-13],[5],[48],[27],[28],[19],[29],[8],[-6],[0],[26],[0],[18],[32],[34],[40],[24],[26],[-23],[-55],[-44],[-26],[-43],[-18],[-7],[20],[49],[37],[25],[33],[10],[-20],[-8],[34],[12],[-4],[5],[13],[9],[-10],[3],[-17],[-39],[-28],[10],[22],[37],[35],[24],[60],[38],[0],[-3],[-31],[-22],[-37],[-12],[21],[32],[22],[40],[12],[33],[12],[1],[29],[21],[10],[6],[35],[28],[7],[-3],[-18],[-51],[-26],[-18],[-21],[1],[20],[31],[45],[28],[26],[34],[-16],[-22],[-39],[-28],[4],[-19],[-19],[11],[6],[18],[27],[12],[2],[29],[13],[5],[34],[36],[-8],[-19],[3],[-18],[-39],[-45],[-29],[-5],[-12],[9],[29],[50],[28],[18],[17],[4],[18],[-19],[-23],[9],[-15],[16],[9],[0],[26],[29],[15],[44],[11],[16],[12],[5],[2],[5],[9],[-5],[16],[7],[0],[12],[27],[25],[18],[32],[23],[19],[48],[17],[15],[18],[41],[19],[-7],[16],[0],[-12],[13],[1],[-10],[-11],[13],[5],[1],[14],[-10],[-12],[32],[28],[13],[12],[51],[34],[16],[30],[28],[-6],[-16],[-14],[-5],[-5],[33],[8],[24],[5],[1],[32],[6],[20],[28],[16],[19],[13],[14],[-6],[-5],[-9],[11],[0],[27],[9],[-6],[36],[11],[-4],[-6],[-20],[18],[-6],[-22],[14],[0],[-18],[-18],[-16],[2],[-22],[-12],[-20],[1],[-12],[3],[-19],[-23],[-4],[-15],[13],[-3],[23],[8],[-4],[19],[-5],[-21],[10],[-7],[-25],[-15],[29],[19],[-3],[-3],[12],[-5],[10],[13],[-13],[-26],[-16],[-15],[4],[19],[46],[28],[16],[26],[28],[2],[1],[26],[11],[1],[24],[37],[57],[36],[26],[40],[1],[0],[16],[-7],[-11],[26],[34],[30],[40],[13],[40],[19],[-10],[-8],[21],[13],[3],[25],[25],[24],[10],[-11],[-14],[-30],[-27],[4],[-13],[6],[13],[18],[11],[30],[4],[-32],[-47],[-42],[9],[-8],[16],[4],[16],[22],[-8],[14],[-10],[-27],[6],[-24],[-11],[36],[22],[3],[-7],[-7],[-36],[-18],[-27],[-30],[-13],[26],[19],[30],[41],[32],[40],[10],[8],[-25],[-13],[2],[-2],[17],[10],[15],[13],[2],[21],[8],[-6],[32],[40],[39],[46],[71],[41],[29],[48],[15],[-19],[-8],[8],[3],[7],[21],[26],[48],[30],[15],[47],[22],[2],[1],[28],[-4],[28],[15],[3],[18],[2],[-20],[-5],[-10],[3],[10],[41],[25],[31],[5],[0],[3],[-21],[-29],[-10],[-19],[-26],[13],[6],[-8],[20],[2],[-10],[0],[27],[10],[-7],[16],[24],[5],[-5],[19],[-15],[-19],[-12],[2],[-4],[-11],[1],[17],[0],[-3],[-5],[-9],[25],[18],[6],[9],[44],[37],[26],[27],[29],[9],[-18],[-20],[3],[5],[4],[14],[6],[53],[22],[49],[31],[14],[5],[0],[-5],[1],[32],[21],[11],[10],[30],[9],[-8],[7],[-12],[-11],[25],[8],[28],[12],[12],[8],[-5],[13],[0],[0],[-13],[-23],[6],[-4],[-18],[10],[6],[-19],[-10],[5],[1],[-8],[29],[13],[0],[25],[13],[11],[34],[11],[-18],[-29],[0],[-23],[-22],[-8],[-24],[4],[2],[14],[50],[34],[6],[-5],[26],[17],[-3],[-5],[18],[-3],[-15],[2],[15],[-11],[20],[-4],[-11],[-3],[5],[12],[-7],[32],[9],[-6],[8],[32],[7],[20],[-4],[0],[10],[38],[4],[7],[18],[36],[20],[13],[11],[5],[0],[0],[42],[25],[5],[4],[0],[20],[3],[-11],[-3],[33],[17],[-5],[0],[31],[11],[-12],[-13],[6],[-8],[-12],[-16],[-11],[10],[-11],[3],[6],[-8],[3],[2],[6],[43],[22],[43],[20],[2],[17],[-12],[-22],[5],[-11],[-6],[12],[4],[9],[2],[12],[-3],[0],[24],[5],[-10],[16],[32],[11],[11],[36],[27],[-4],[22],[13],[1],[-4],[13],[1],[8],[10],[31],[5],[1],[4],[-20],[12],[6],[6],[28],[39],[35],[27],[42],[36],[10],[20],[19],[-10],[3],[4],[0],[23],[9],[5],[34],[11],[-10],[2],[32],[12],[17],[14],[5],[0],[-7],[-3],[-11],[-22],[-18],[-20],[2],[25],[5],[5],[8],[36],[19],[5],[4],[21],[-6],[-5],[-6],[-4],[22],[1],[-10],[12],[-8],[-16],[-6],[26],[14],[5],[16],[19],[15],[4],[10],[-16],[-24],[2],[-3],[9],[29],[-7],[-3],[38],[24],[5],[6],[25],[3],[4],[9],[36],[-3],[11],[-5],[-6],[-19],[-7],[-17],[13],[4],[10],[45],[39],[25],[17],[37],[24],[10],[10],[12],[33],[4],[15],[13],[-4],[-7],[11],[-12],[-4],[25],[17],[6],[16],[43],[26],[10],[16],[25],[1],[-17],[18],[5],[-13],[-6],[26],[14],[0],[32],[13],[34],[10],[0],[2],[24],[9],[7],[34],[16],[-6],[1],[13],[1],[9],[4],[34],[22],[14],[21],[17],[37],[17],[-5],[0],[-6],[19],[1],[13],[22],[2],[32],[19],[1],[24],[18],[10],[4],[28],[0],[8],[1],[-11],[7],[12],[-13],[6],[-12],[13],[5],[5],[8],[13],[40],[9],[7],[12],[-11],[12],[-16],[6],[-15],[-12],[27],[3],[0],[28],[15],[2],[8],[24],[-12],[-11],[-14],[-18],[-8],[1],[20],[5],[-11],[-10],[-6],[24],[9],[8],[34],[27],[11],[23],[22],[-3],[-19],[0],[5],[-6],[-16],[18],[10],[-3],[31],[9],[30],[19],[20],[12],[26],[11],[29],[6],[5],[6],[3],[24],[9],[13],[38],[23],[7],[8],[14],[-7],[4],[-15],[-10],[-10],[-9],[-10],[20],[5],[-9],[-7],[26],[13],[0],[4],[-12],[-10],[-5],[16],[26],[9],[-13],[2],[-18],[-12],[-10],[12],[-6],[-12],[32],[22],[12],[12],[6],[13],[-5],[10],[-3],[0],[0],[-5],[1],[0],[19],[-2],[-11],[0],[14],[11],[8],[24],[26],[5],[-4],[16],[1],[-9],[6],[4],[8],[21],[5],[18],[20],[-10],[5],[-9],[-3],[30],[8],[12],[7],[3],[9],[-5],[24],[11],[-11],[10],[20],[7],[11],[38],[11],[0],[20],[-12],[-12],[-13],[-10],[18],[5],[0],[33],[18],[2],[10],[9],[-19],[8],[9],[-7],[-5],[18],[9],[16],[16],[-5],[-3],[26],[11],[-7],[0],[3],[3],[17],[30],[14],[-7],[-5],[-8],[27],[10],[2],[17],[26],[41],[5],[1],[17],[0],[13],[-7],[1],[25],[10],[-6],[37],[33],[11],[2],[-10],[-6],[9],[-8],[-5],[5],[38],[17],[-5],[20],[21],[2],[-8],[27],[10],[-8],[1],[30],[17],[-7],[8],[11],[-8],[-28],[0],[-16],[-10],[22],[1],[11],[11],[33],[16],[-3],[-7],[-17],[-10],[-15],[-11],[-12],[19],[9],[-5],[8],[-12],[-7],[-12],[9],[-13],[-21],[12],[10],[-5],[-14],[20],[11],[-5],[-4],[-12],[9],[-15],[15],[-6],[-3],[16],[-5],[-10],[10],[-8],[-21],[-12],[16],[-10],[27],[-4],[8],[11],[37],[16],[-4],[4],[20],[-8],[20],[12],[-7],[-8],[-3],[4],[10],[-14],[10],[8],[6],[42],[26],[18],[16],[34],[19],[5],[19],[19],[-9],[-4],[31],[14],[4],[36],[21],[2],[0],[29],[2],[24],[4],[2],[7],[12],[29],[3],[14],[18],[-3],[-16],[-11],[0],[14],[-3],[-6],[22],[7],[-9],[4],[-11],[22],[11],[5],[32],[5],[-4],[-8],[-13],[5],[-15],[-33],[4],[-21],[13],[6],[-5],[33],[18],[6],[22],[31],[3],[-3],[27],[11],[-8],[0],[21],[8],[-10],[1],[-14],[16],[18],[9],[16],[51],[38],[12],[40],[27],[4],[1],[-14],[10],[-3],[-7],[-4],[29],[21],[17],[37],[25],[14],[12],[33],[17],[14],[29],[19],[1],[20],[25],[-4],[-19],[5],[-4],[12],[27],[8],[12],[11],[28],[17],[22],[0],[20],[1],[-5],[15],[-11],[-15],[6],[-13],[-8],[30],[16],[9],[15],[31],[3],[-10],[-11],[-10],[12],[-6],[-12],[16],[13],[-5],[0],[4],[-5],[13],[6],[24],[5],[32],[24],[14],[1],[8],[-11],[-14],[-14],[-15],[-3],[-5],[28],[15],[18],[48],[29],[4],[27],[17],[4],[2],[28],[4],[9],[8],[30],[11],[8],[26],[14],[-5],[20],[5],[8],[38],[25],[9],[36],[22],[3],[-8],[18],[-5],[-6],[-7],[-6],[2],[4],[10],[0],[35],[6],[11],[11],[45],[29],[1],[20],[-4],[0],[12],[-6],[-13],[12],[13],[4],[5],[20],[16],[-5],[-14],[22],[8],[-6],[-4],[-10],[11],[-3],[5],[1],[-7],[22],[-11],[0],[20],[8],[9],[31],[17],[10],[10],[33],[11],[-5],[-4],[5],[2],[29],[6],[-13],[-7],[0],[28],[13],[-8],[32],[21],[9],[11],[36],[21],[2],[17],[-7],[2],[5],[5],[25],[9],[8],[31],[11],[-5],[18],[19],[6],[4],[0],[27],[8],[-8],[4],[-12],[23],[2],[3],[31],[15],[6],[8],[-11],[20],[3],[-14],[-10],[20],[11],[6],[21],[5],[5],[29],[11],[-10],[3],[13],[2],[-11],[28],[20],[11],[0],[20],[-12],[0],[1],[21],[-10],[1],[24],[12],[9],[32],[2],[-10],[-15],[12],[1],[-16],[20],[18],[13],[21],[17],[13],[8],[20],[-6],[-14],[24],[-6],[13],[3],[1],[37],[21],[6],[3],[30],[9],[-6],[0],[24],[22],[3],[7],[35],[-4],[7],[-13],[3],[12],[-7],[1],[0],[24],[1],[-11],[22],[10],[-10],[8],[18],[7],[-3],[3],[2],[3],[-6],[22],[4],[0],[3],[14],[0],[0],[15],[2],[-7],[-11],[-16],[-19],[-23],[12],[-7],[-14],[29],[9],[-5],[0],[19],[-8],[1],[13],[-3],[-16],[12],[-15],[-14],[5],[-9],[-5],[-4],[10],[-13],[20],[4],[-3],[29],[17],[5],[3],[0],[1],[24],[-20],[11],[-12],[0],[25],[4],[6],[38],[18],[2],[17],[8],[20],[26],[9],[1],[31],[13],[2],[32],[10],[-8],[2],[30],[6],[30],[12],[1],[26],[8],[15],[-5],[8],[19],[4],[9],[1],[0],[-8],[-4],[-7],[11],[0],[3],[33],[21],[11],[27],[27],[7],[1],[25],[-7],[-11],[13],[-4],[1],[-14],[27],[20],[3],[-4],[29],[13],[-11],[3],[24],[9],[3],[27],[11],[-8],[5],[11],[-13],[4],[3],[-20],[-11],[22],[0],[-14],[21],[6],[-12],[16],[3],[0],[-3],[21],[8],[0],[32],[12],[-11],[-6],[13],[-12],[16],[3],[-14],[1],[10],[2],[16],[0],[0],[19],[4],[14],[17],[5],[5],[27],[9],[-11],[13],[-15],[0],[7],[-6],[-8],[22],[21],[12],[13],[40],[25],[6],[6],[11],[-13],[-11],[-14],[15],[0],[-15],[8],[9],[-16],[4],[14],[2],[-12],[8],[21],[8],[8],[17],[2],[13],[16],[-4],[-17],[5],[-3],[-20],[-16],[15],[3],[0],[34],[3],[2],[16],[-5],[25],[4],[-13],[0],[11],[-14],[-16],[12],[-17],[8],[12],[2],[8],[40],[11],[3],[21],[6],[3],[30],[13],[-4],[-4],[25],[5],[-8],[20],[12],[-5],[14],[23],[-7],[11],[10],[-12],[1],[0],[32],[30],[16],[17],[39],[21],[6],[20],[33],[5],[2],[4],[35],[18],[-6],[13],[16],[-4],[-6],[-4],[29],[2],[15],[1],[32],[27],[12],[4],[33],[13],[-13],[-10],[18],[-7],[-7],[22],[5],[-12],[0],[22],[1],[-4],[-10],[1],[0],[24],[10],[-5],[-12],[-18],[-6],[-17],[0],[13],[-3],[-12],[10],[26],[13],[1],[30],[8],[-8],[12],[25],[4],[-14],[9],[-7],[4],[22],[10],[8],[37],[24],[9],[11],[37],[16],[-5],[0],[25],[10],[-5],[16],[29],[14],[11],[40],[26],[9],[6],[9],[12],[12],[10],[1],[32],[18],[3],[18],[24],[10],[-4],[1],[2],[20],[12],[30],[7],[9],[38],[26],[4],[3],[3],[1],[-4],[-4],[20],[2],[-6],[25],[18],[10],[5],[32],[16],[6],[30],[15],[0],[20],[-12],[-18],[-19],[-16],[-16],[19],[8],[-5],[-5],[-3],[26],[13],[0],[-3],[2],[27],[9],[-10],[16],[16],[-9],[-12],[10],[-8],[-7],[27],[9],[19],[4],[12],[10],[32],[14],[-9],[15],[-3],[-14],[9],[5],[0],[35],[0],[-7],[28],[14],[3],[7],[33],[1],[0],[2],[19],[-6],[5],[-11],[8],[-6],[7],[-4],[12],[20],[9],[20],[29],[11],[-10],[6],[21],[11],[-6],[24],[-7],[-5],[19],[3],[4],[34],[18],[6],[10],[13],[31],[11],[5],[29],[15],[-7],[-7],[25],[13],[2],[4],[22],[13],[11],[33],[17],[9],[8],[28],[2],[14],[0],[8],[27],[15],[-3],[-6],[19],[8],[0],[1],[2],[5],[33],[17],[-4],[0],[11],[-16],[1],[18],[3],[3],[28],[14],[3],[12],[7],[16],[-3],[-5],[23],[-5],[19],[2],[22],[2],[-16],[24],[11],[1],[-4],[-8],[-6],[9],[8],[38],[22],[6],[5],[34],[21],[12],[12],[33],[19],[9],[16],[1],[20],[-3],[-8],[27],[19],[3],[8],[12],[8],[29],[10],[-4],[11],[21],[9],[-4],[20],[9],[19],[3],[5],[1],[20],[1],[6],[29],[11],[-6],[-4],[-5],[2],[3],[8],[19],[-8],[-7],[-4],[-3],[8],[18],[-11],[-8],[13],[26],[0],[-3],[8],[-5],[17],[5],[5],[20],[1],[-13],[10],[16],[-6],[-7],[-11],[22],[6],[-9],[-6],[24],[12],[1],[1],[33],[17],[2],[1],[27],[0],[-4],[-6],[-7],[-3],[0],[-9],[24],[0],[2],[3],[2],[8],[32],[2],[34],[9],[8],[30],[9],[-5],[-6],[-9],[11],[-5],[1],[-3],[-3],[22],[34],[19],[5],[32],[25],[1],[12],[17],[0],[4],[31],[-5],[24],[15],[3],[0],[19],[6],[-3],[18],[28],[16],[5],[9],[4],[26],[-9],[0],[14],[2],[-12],[6],[11],[-3],[4],[17],[-7],[24],[13],[1],[16],[28],[13],[-6],[12],[13],[-13],[-15],[11],[-7],[30],[22],[2],[22],[27],[9],[2],[6],[2],[-8],[16],[20],[2],[2],[28],[16],[4],[0],[2],[4],[3],[1],[9],[18],[11],[8],[18],[31],[14],[-4],[0],[0],[5],[6],[28],[6],[3],[19],[30],[11],[10],[33],[19],[8],[9],[29],[8],[6],[24],[-12],[17],[-7],[-6],[5],[-7],[26],[6],[3],[3],[3],[-4],[18],[-15],[11],[3],[2],[22],[2],[-6],[29],[4],[3],[8],[4],[34],[17],[7],[8],[0],[-5],[25],[-5],[-10],[18],[9],[-7],[4],[17],[5],[10],[36],[14],[18],[24],[11],[28],[5],[30],[15],[3],[35],[6],[30],[8],[0],[34],[25],[13],[16],[18],[14],[41],[27],[8],[5],[30],[19],[1],[1],[27],[12],[4],[30],[16],[6],[9],[24],[0],[2],[-3],[-7],[-8],[-5],[-10],[-9],[0],[-11],[3],[5],[32],[17],[1],[14],[-6],[0],[22],[3],[-7],[0],[4],[0],[17],[-7],[-10],[-10],[-11],[17],[2],[6],[-10],[29],[27],[11],[9],[10],[8],[33],[1],[14],[-4],[-6],[13],[-4],[-3],[27],[14],[4],[8],[32],[2],[3],[8],[3],[34],[17],[2],[4],[26],[13],[3],[8],[37],[17],[-3],[0],[24],[6],[14],[36],[20],[5],[19],[1],[-5],[8],[1],[-6],[24],[16],[2],[32],[14],[3],[36],[6],[3],[26],[6],[-11],[-5],[-5],[11],[-6],[-7],[-7],[-5],[4],[0],[25],[11],[0],[32],[24],[8],[11],[-9],[9],[18],[-4],[-14],[25],[18],[2],[9],[34],[18],[-7],[20],[14],[-10],[-10],[0],[3],[6],[3],[32],[18],[-8],[3],[-15],[0],[-14],[12],[10],[1],[0],[29],[1],[10],[-4],[4],[20],[-6],[7],[-5],[14],[17],[-7],[19],[3],[-16],[8],[9],[-5],[-14],[24],[18],[4],[8],[12],[-7],[9],[14],[0],[-15],[20],[-7],[1],[0],[20],[21],[0],[-3],[-6],[1],[-8],[32],[3],[1],[1],[-3],[1],[10],[-8],[6],[-9],[8],[19],[0],[0],[6],[32],[8],[9],[31],[4],[14],[26],[10],[1],[24],[26],[12],[0],[-7],[-3],[-6],[20],[-5],[-3],[29],[14],[-2],[0],[2],[28],[-7],[-10],[-6],[-6],[17],[-3],[27],[14],[-4],[11],[21],[8],[-12],[8],[14],[-6],[6],[20],[-6],[22],[4],[-11],[9],[20],[0],[-4],[27],[17],[5],[8],[32],[1],[-5],[17],[0],[0],[26],[11],[-7],[1],[1],[3],[31],[2],[12],[-5],[38],[7],[8],[4],[25],[10],[-6],[-5],[10],[-7],[-7],[12],[2],[5],[32],[2],[22],[7],[8],[34],[14],[2],[28],[22],[4],[1],[28],[-7],[-6],[-8],[23],[11],[4],[35],[12],[-5],[24],[0],[-3],[0],[18],[6],[-6],[14],[22],[3],[-4],[-10],[11],[0],[-5],[22],[4],[20],[2],[1],[5],[8],[0],[19],[-11],[5],[-15],[0],[-8],[8],[-8],[0],[6],[18],[2],[4],[0],[18],[12],[-7],[12],[22],[-4],[0],[7],[-6],[28],[21],[8],[9],[32],[15],[1],[18],[26],[12],[3],[18],[2],[16],[24],[-7],[-11],[17],[-3],[3],[29],[19],[4],[35],[28],[5],[20],[25],[-4],[0],[29],[11],[-5],[-3],[12],[0],[1],[3],[4],[24],[1],[5],[31],[18],[-3],[17],[16],[-6],[-10],[8],[-7],[-4],[-6],[28],[-4],[3],[8],[27],[13],[2],[27],[9],[-3],[-3],[21],[5],[-11],[8],[14],[-6],[-16],[20],[10],[-5],[-4],[-3],[0],[18],[6],[8],[33],[13],[-3],[-4],[21],[0],[0],[-4],[22],[-7],[-5],[5],[2],[28],[11],[0],[16],[14],[-5],[24],[10],[-10],[16],[8],[-5],[27],[10],[4],[38],[18],[3],[18],[27],[-3],[11],[-5],[2],[19],[-6],[10],[-6],[28],[6],[-9],[21],[5],[-7],[6],[8],[36],[11],[37],[27],[3],[22],[11],[-7],[9],[18],[3],[4],[0],[4],[0],[26],[4],[6],[31],[21],[5],[5],[4],[30],[16],[-3],[26],[12],[-14],[16],[10],[1],[-12],[13],[16],[4],[8],[14],[-3],[32],[20],[8],[24],[5],[0],[25],[10],[-4],[-3],[28],[6],[-7],[22],[4],[19],[28],[4],[26],[10],[-3],[30],[2],[3],[8],[26],[9],[12],[33],[10],[-9],[12],[2],[5],[31],[20],[7],[6],[29],[12],[2],[11],[22],[4],[0],[20],[-4],[27],[13],[1],[34],[14],[2],[0],[23],[8],[-7],[12],[23],[1],[19],[5],[0],[24],[4],[0],[25],[14],[-3],[0],[-6],[9],[-7],[28],[17],[1],[1],[-5],[23],[-3],[-15],[26],[6],[-7],[14],[-3],[1],[21],[-5],[-10],[5],[-11],[8],[20],[2],[31],[8],[-11],[20],[21],[8],[4],[10],[1],[8],[36],[22],[4],[0],[16],[25],[11],[5],[28],[-7],[0],[0],[2],[4],[2],[-3],[-4],[-7],[-6],[0],[25],[-8],[15],[-3],[10],[23],[8],[-5],[28],[14],[-8],[-8],[12],[18],[-7],[28],[10],[-4],[16],[18],[2],[2],[1],[0],[-6],[26],[14],[-4],[-5],[1],[17],[-4],[24],[13],[-5],[-7],[12],[-3],[0],[3],[12],[1],[11],[21],[-4],[10],[-5],[26],[9],[-5],[14],[25],[12],[12],[36],[11],[4],[2],[3],[2],[26],[-7],[11],[23],[4],[0],[10],[18],[3],[-17],[26],[11],[0],[5],[5],[6],[21],[7],[32],[15],[-4],[-6],[13],[-3],[5],[-4],[10],[0],[36],[4],[31],[5],[4],[10],[4],[30],[10],[-3],[31],[16],[2],[1],[-8],[-7],[-7],[21],[0],[-4],[18],[29],[7],[18],[3],[3],[24],[6],[-8],[0],[17],[7],[14],[-3],[20],[-4],[17],[5],[4],[28],[13],[4],[18],[0],[0],[29],[13],[-5],[-7],[19],[0],[3],[34],[13],[3],[2],[2],[18],[2],[2],[24],[2],[1],[19],[24],[1],[8],[27],[10],[3],[27],[15],[-6],[11],[-5],[11],[20],[3],[-9],[26],[13],[0],[24],[10],[-5],[12],[25],[14],[0],[4],[-3],[0],[22],[9],[-6],[0],[0],[-6],[22],[6],[0],[24],[13],[-2],[0],[0],[-5],[21],[-3],[-12],[20],[12],[-5],[-3],[-7],[-14],[21],[7],[-8],[-6],[19],[8],[0],[32],[24],[9],[26],[1],[-4],[0],[20],[0],[-19],[-11],[-8],[-4],[1],[29],[14],[1],[-3],[1],[16],[4],[6],[34],[19],[-5],[3],[-6],[22],[8],[-11],[3],[4],[27],[9],[8],[11],[11],[8],[-12],[25],[7],[-14],[-8],[25],[-5],[3],[25],[9],[-6],[13],[-6],[1],[19],[26],[12],[-3],[19],[26],[8],[-6],[20],[18],[-7],[-10],[15],[2],[5],[31],[17],[8],[8],[5],[4],[19],[3],[-4],[18],[-5],[0],[-4],[-8],[21],[-10],[-8],[12],[-9],[16],[23],[9],[-3],[28],[17],[2],[2],[22],[6],[-10],[7],[9],[-5],[-6]]}}