{"protected":{"ver":"v1","alg":"HS256","iat":1740144625},"signature":"6d001a58b255699f0a5b0a376fc9ab048577a320642534f94f1ab686a077bf07","payload":{"device_name":"E6:61:78:C1:27:19:92:28","device_type":"DATA_FORWARDER","interval_ms":0.0625,"sensors":[{"name":"audio","units":"wav"}],"values":[[3],[3],[28],[12],[-9],[6],[-8],[-12],[-11],[-3],[-18],[21],[15],[0],[16],[20],[-5],[1],[6],[13],[0],[32],[5],[-4],[-9],[-10],[0],[1],[-3],[-8],[-7],[-5],[29],[-11],[16],[20],[5],[-12],[26],[18],[1],[13],[19],[5],[-7],[8],[16],[-7],[-10],[14],[-5],[-19],[19],[9],[-8],[-5],[1],[2],[35],[19],[3],[0],[-7],[24],[10],[-14],[1],[9],[-5],[-20],[-15],[-11],[13],[1],[-11],[0],[19],[0],[10],[-7],[9],[-10],[6],[-12],[17],[-5],[-16],[13],[-20],[9],[-12],[-12],[11],[-14],[6],[17],[-5],[-14],[-7],[9],[-8],[9],[13],[-11],[4],[-13],[-16],[-11],[-13],[16],[5],[-10],[0],[6],[2],[-3],[1],[29],[13],[-13],[-3],[-15],[5],[-7],[12],[-3],[0],[25],[5],[-15],[-14],[28],[0],[-8],[24],[16],[-4],[6],[-8],[25],[15],[1],[2],[0],[2],[-4],[28],[19],[4],[-6],[28],[10],[-12],[1],[-17],[4],[13],[1],[-11],[5],[18],[3],[-11],[-7],[21],[2],[-14],[-14],[-8],[-7],[-9],[-15],[11],[-12],[-13],[12],[-13],[-11],[16],[2],[-13],[8],[-6],[18],[1],[2],[26],[9],[-12],[-14],[-14],[11],[-8],[-21],[18],[-12],[-8],[-8],[20],[7],[0],[25],[2],[24],[3],[2],[3],[-15],[21],[4],[-20],[-8],[-3],[-14],[-20],[-4],[-14],[22],[8],[-6],[0],[26],[11],[-5],[11],[-5],[-11],[12],[-3],[-14],[0],[12],[-13],[-5],[-5],[25],[8],[-10],[1],[18],[4],[-12],[-10],[-7],[13],[-3],[-16],[19],[3],[-11],[-14],[-18],[-18],[-16],[-8],[-6],[-3],[-5],[13],[-6],[-14],[19],[-4],[-25],[8],[5],[-8],[-12],[2],[-16],[-3],[9],[-5],[-17],[8],[8],[-10],[-10],[22],[-8],[-8],[4],[-12],[-10],[-11],[-8],[-12],[6],[5],[-10],[12],[1],[1],[30],[18],[2],[-5],[23],[11],[-6],[11],[-6],[-5],[10],[-8],[12],[2],[3],[29],[6],[0],[28],[20],[5],[3],[30],[14],[1],[15],[21],[6],[6],[19],[2],[-4],[24],[-7],[-8],[-5],[27],[5],[1],[28],[0],[12],[0],[-5],[1],[3],[26],[6],[-7],[14],[23],[11],[-5],[24],[-5],[16],[5],[-11],[0],[14],[-10],[-3],[-3],[25],[12],[0],[29],[1],[27],[10],[-5],[12],[20],[3],[-13],[20],[-8],[32],[-3],[0],[22],[-3],[-7],[27],[11],[-4],[-7],[21],[9],[1],[4],[22],[3],[2],[26],[14],[-4],[1],[21],[2],[1],[26],[6],[4],[5],[6],[25],[-3],[16],[25],[9],[-7],[20],[24],[13],[4],[8],[24],[-3],[24],[21],[4],[-3],[27],[13],[-7],[-3],[-6],[-8],[30],[15],[-4],[-3],[28],[11],[-4],[2],[13],[-4],[10],[-4],[8],[16],[-5],[-3],[20],[9],[-15],[16],[0],[20],[4],[5],[31],[13],[2],[33],[6],[2],[3],[3],[22],[5],[3],[26],[11],[-3],[2],[27],[13],[5],[10],[-7],[26],[-3],[0],[5],[2],[8],[25],[3],[32],[27],[8],[4],[6],[18],[4],[2],[30],[19],[9],[20],[8],[8],[11],[4],[28],[11],[0],[16],[3],[6],[4],[33],[15],[-3],[10],[23],[2],[3],[1],[18],[24],[6],[7],[4],[-5],[-6],[-13],[23],[5],[-11],[-13],[21],[13],[4],[20],[21],[8],[8],[5],[3],[23],[0],[-3],[0],[27],[6],[1],[26],[14],[1],[8],[-6],[2],[10],[7],[34],[6],[27],[7],[8],[33],[21],[5],[3],[28],[15],[4],[25],[12],[2],[34],[26],[6],[0],[-4],[-4],[20],[-6],[18],[10],[0],[24],[8],[37],[18],[-8],[28],[17],[0],[16],[26],[5],[23],[25],[8],[5],[30],[15],[-4],[13],[21],[8],[-7],[32],[26],[12],[11],[-3],[-5],[25],[-7],[-6],[26],[7],[-5],[31],[16],[4],[2],[27],[7],[-6],[27],[11],[3],[16],[32],[13],[-5],[10],[19],[-11],[16],[14],[3],[-12],[18],[-8],[0],[3],[4],[3],[17],[28],[6],[5],[33],[24],[10],[6],[35],[14],[3],[5],[30],[17],[5],[25],[9],[10],[13],[14],[9],[25],[34],[14],[17],[3],[28],[14],[13],[13],[18],[41],[14],[27],[34],[20],[22],[19],[19],[22],[24],[24],[44],[30],[25],[19],[18],[35],[21],[24],[53],[38],[26],[25],[53],[41],[26],[41],[52],[35],[22],[53],[41],[25],[41],[30],[53],[40],[39],[62],[41],[25],[25],[47],[34],[19],[20],[46],[25],[26],[55],[41],[29],[55],[37],[22],[25],[52],[39],[26],[25],[25],[24],[38],[24],[22],[28],[16],[19],[45],[30],[11],[26],[36],[22],[20],[49],[33],[20],[32],[16],[18],[41],[30],[18],[47],[38],[25],[27],[24],[20],[36],[18],[48],[38],[20],[38],[43],[22],[24],[49],[20],[34],[11],[49],[34],[25],[29],[27],[44],[27],[25],[44],[29],[20],[37],[21],[25],[46],[25],[21],[28],[25],[52],[36],[17],[22],[52],[37],[25],[32],[28],[21],[22],[50],[33],[16],[17],[43],[32],[19],[20],[44],[32],[21],[52],[21],[32],[21],[35],[22],[46],[31],[16],[47],[30],[18],[15],[11],[16],[15],[33],[9],[5],[30],[9],[25],[37],[25],[12],[22],[29],[13],[16],[43],[25],[5],[12],[13],[31],[5],[18],[24],[5],[5],[34],[16],[2],[25],[1],[10],[4],[4],[7],[6],[11],[14],[5],[2],[28],[13],[-4],[1],[24],[9],[-5],[11],[-5],[22],[6],[-11],[-11],[20],[1],[-13],[5],[14],[-4],[-16],[14],[-5],[-20],[-5],[-3],[-19],[0],[1],[-16],[13],[-3],[-20],[-10],[-7],[-22],[-24],[-23],[-28],[0],[-28],[-22],[-39],[-22],[-15],[-31],[-42],[-20],[-12],[-26],[-38],[-7],[-23],[-39],[-39],[-27],[-40],[-15],[-20],[-39],[-39],[-45],[-48],[-24],[-31],[-46],[-47],[-21],[-45],[-56],[-38],[-49],[-46],[-45],[-23],[-40],[-53],[-30],[-42],[-56],[-46],[-31],[-45],[-53],[-27],[-47],[-56],[-21],[-31],[-50],[-44],[-53],[-52],[-56],[-60],[-22],[-38],[-54],[-48],[-59],[-59],[-35],[-56],[-46],[-38],[-53],[-44],[-48],[-49],[-21],[-49],[-46],[-47],[-37],[-48],[-53],[-53],[-54],[-61],[-60],[-53],[-64],[-32],[-47],[-59],[-57],[-61],[-40],[-39],[-52],[-48],[-36],[-51],[-63],[-35],[-54],[-54],[-28],[-54],[-58],[-62],[-63],[-46],[-60],[-60],[-30],[-41],[-62],[-46],[-59],[-28],[-42],[-56],[-58],[-43],[-57],[-27],[-47],[-62],[-28],[-62],[-32],[-40],[-51],[-59],[-44],[-40],[-61],[-35],[-55],[-53],[-30],[-54],[-30],[-43],[-55],[-54],[-31],[-47],[-70],[-33],[-45],[-56],[-44],[-30],[-51],[-50],[-43],[-56],[-56],[-37],[-55],[-56],[-44],[-31],[-50],[-44],[-25],[-45],[-47],[-23],[-40],[-55],[-48],[-36],[-49],[-56],[-56],[-53],[-35],[-50],[-50],[-18],[-31],[-42],[-40],[-16],[-30],[-48],[-16],[-33],[-49],[-28],[-23],[-35],[-48],[-15],[-21],[-36],[-35],[-12],[-31],[-42],[-6],[-32],[-30],[-10],[-23],[-35],[-3],[-13],[-24],[-24],[4],[-8],[-24],[-22],[-4],[-21],[-29],[-14],[-11],[-23],[0],[-23],[-11],[-13],[19],[3],[-23],[2],[8],[-8],[-8],[22],[-4],[-14],[11],[-18],[-18],[5],[-26],[-22],[4],[-11],[-20],[0],[16],[-15],[6],[-8],[-8],[14],[-15],[-18],[3],[-11],[3],[-13],[7],[1],[-20],[0],[-20],[15],[-6],[-22],[-11],[11],[3],[-11],[28],[4],[-13],[12],[24],[5],[4],[30],[20],[12],[12],[33],[14],[1],[24],[5],[11],[27],[13],[8],[37],[27],[9],[28],[25],[17],[17],[44],[16],[19],[17],[33],[39],[25],[25],[51],[19],[14],[29],[12],[28],[18],[44],[27],[46],[25],[43],[45],[30],[27],[52],[36],[25],[25],[26],[27],[53],[44],[28],[27],[54],[43],[35],[48],[53],[37],[20],[35],[48],[33],[25],[27],[30],[45],[52],[36],[34],[38],[44],[44],[65],[48],[33],[31],[61],[44],[30],[27],[52],[37],[20],[36],[42],[30],[34],[36],[42],[40],[27],[65],[53],[37],[33],[54],[37],[26],[27],[27],[48],[33],[30],[58],[32],[20],[56],[48],[35],[20],[57],[48],[32],[32],[29],[46],[26],[41],[49],[40],[29],[47],[54],[37],[21],[52],[28],[33],[29],[55],[43],[30],[30],[56],[33],[22],[56],[21],[26],[24],[48],[32],[33],[34],[35],[58],[43],[25],[41],[45],[26],[58],[26],[27],[22],[33],[40],[61],[38],[24],[58],[43],[31],[33],[54],[27],[24],[24],[33],[28],[59],[43],[23],[20],[48],[34],[23],[34],[18],[52],[40],[23],[33],[45],[29],[12],[40],[40],[29],[16],[53],[41],[17],[41],[42],[26],[10],[42],[35],[19],[18],[19],[25],[18],[46],[19],[24],[21],[33],[49],[25],[24],[49],[31],[19],[48],[34],[18],[14],[12],[5],[36],[31],[20],[16],[27],[13],[45],[34],[11],[42],[33],[18],[12],[41],[26],[14],[13],[38],[11],[12],[35],[8],[9],[2],[4],[8],[8],[18],[5],[13],[14],[48],[12],[28],[14],[11],[41],[24],[5],[8],[5],[10],[-5],[13],[20],[-8],[28],[18],[2],[3],[19],[-3],[-8],[-8],[18],[-9],[22],[8],[-10],[-14],[10],[-13],[-11],[18],[2],[-21],[0],[0],[-21],[-22],[5],[-11],[-27],[4],[-26],[9],[-7],[-30],[-22],[-35],[-20],[-29],[-30],[-29],[-24],[-29],[0],[-8],[-26],[-19],[-31],[-29],[-30],[-20],[-33],[-17],[0],[-23],[-24],[-22],[-23],[11],[-6],[-26],[12],[-10],[-27],[-29],[-8],[-29],[-16],[-11],[-27],[-28],[2],[-26],[-23],[-21],[0],[-12],[-16],[14],[1],[-21],[-16],[3],[-21],[-27],[3],[1],[-17],[-8],[13],[-11],[6],[16],[1],[-17],[18],[1],[-18],[-5],[-22],[8],[6],[-6],[-19],[16],[1],[-13],[-11],[19],[8],[-3],[17],[-5],[-7],[1],[-3],[-3],[23],[8],[-9],[-11],[20],[-11],[12],[21],[3],[1],[20],[-3],[-6],[26],[-8],[11],[-5],[24],[-7],[-5],[29],[13],[-4],[3],[7],[4],[0],[1],[-5],[-2],[25],[7],[-7],[13],[22],[0],[2],[1],[19],[1],[0],[-6],[-7],[8],[24],[4],[-3],[13],[-6],[9],[-6],[-6],[0],[1],[1],[28],[11],[1],[22],[9],[8],[35],[13],[1],[19],[2],[0],[27],[11],[-7],[-7],[25],[11],[0],[16],[31],[15],[5],[10],[7],[30],[13],[8],[29],[18],[5],[6],[33],[21],[1],[18],[2],[12],[4],[32],[18],[1],[2],[3],[19],[9],[16],[31],[14],[5],[30],[12],[0],[22],[10],[2],[24],[33],[19],[8],[37],[21],[11],[25],[12],[41],[29],[10],[11],[10],[28],[12],[16],[41],[18],[21],[21],[20],[15],[16],[13],[33],[22],[21],[46],[29],[19],[32],[21],[22],[24],[24],[25],[49],[23],[10],[42],[26],[11],[38],[25],[12],[29],[40],[16],[18],[18],[46],[32],[20],[22],[19],[44],[33],[17],[15],[19],[35],[18],[14],[8],[33],[14],[14],[19],[36],[15],[15],[18],[43],[25],[11],[28],[29],[14],[31],[34],[19],[18],[45],[20],[44],[30],[17],[14],[40],[21],[8],[34],[34],[18],[6],[36],[21],[11],[28],[35],[23],[10],[28],[28],[13],[12],[37],[5],[8],[18],[8],[20],[5],[19],[31],[14],[13],[39],[10],[41],[28],[14],[11],[37],[21],[3],[2],[28],[6],[4],[31],[14],[4],[12],[9],[13],[19],[13],[32],[12],[9],[10],[3],[3],[1],[4],[0],[1],[26],[10],[-4],[29],[17],[2],[14],[2],[33],[15],[-3],[26],[20],[0],[22],[0],[0],[5],[0],[29],[14],[-5],[26],[14],[2],[12],[3],[0],[9],[-7],[8],[-8],[11],[14],[-4],[-4],[22],[3],[-10],[10],[-5],[-6],[-6],[-6],[0],[14],[-7],[9],[-10],[8],[10],[-12],[14],[-7],[-7],[23],[6],[-8],[7],[-9],[24],[13],[-7],[-5],[-9],[-7],[5],[0],[26],[6],[-11],[8],[15],[3],[-8],[16],[14],[0],[1],[28],[14],[2],[0],[17],[6],[-4],[27],[13],[-6],[1],[-6],[22],[10],[-5],[16],[24],[1],[9],[27],[13],[1],[8],[24],[9],[-8],[28],[13],[0],[1],[27],[13],[2],[6],[30],[17],[2],[16],[3],[-4],[30],[7],[6],[4],[5],[11],[10],[22],[32],[12],[15],[9],[10],[1],[36],[11],[35],[21],[9],[21],[31],[10],[13],[30],[14],[11],[14],[13],[11],[11],[23],[33],[18],[5],[34],[28],[12],[12],[13],[14],[17],[24],[11],[24],[9],[15],[14],[27],[14],[16],[36],[19],[12],[44],[30],[17],[15],[35],[11],[21],[6],[40],[30],[17],[22],[17],[18],[17],[38],[12],[11],[34],[9],[9],[33],[11],[42],[13],[10],[25],[11],[27],[17],[13],[14],[32],[9],[10],[40],[16],[1],[32],[18],[3],[41],[14],[14],[9],[33],[19],[8],[16],[5],[33],[9],[12],[14],[15],[13],[8],[8],[19],[8],[26],[11],[25],[32],[20],[9],[24],[12],[11],[21],[11],[40],[25],[13],[41],[19],[9],[23],[5],[20],[6],[8],[12],[12],[15],[18],[16],[30],[13],[44],[29],[12],[11],[9],[6],[32],[30],[14],[16],[43],[25],[7],[18],[30],[17],[8],[13],[31],[12],[50],[28],[13],[8],[35],[21],[11],[13],[8],[8],[35],[22],[13],[12],[14],[10],[16],[15],[41],[28],[13],[18],[20],[9],[14],[14],[10],[27],[30],[9],[12],[38],[22],[9],[43],[27],[13],[13],[16],[10],[41],[26],[12],[27],[24],[12],[21],[4],[37],[20],[8],[14],[9],[12],[8],[5],[34],[25],[9],[18],[33],[18],[4],[19],[4],[0],[28],[20],[11],[0],[34],[1],[12],[25],[12],[-6],[32],[0],[25],[19],[4],[0],[1],[21],[-5],[16],[20],[1],[-3],[0],[11],[-4],[14],[3],[0],[2],[3],[16],[-3],[12],[21],[9],[-3],[4],[22],[10],[-3],[3],[36],[1],[15],[22],[2],[0],[21],[4],[-8],[22],[8],[-5],[29],[2],[1],[0],[-8],[30],[17],[4],[6],[13],[-7],[4],[2],[-14],[3],[-7],[-11],[24],[13],[-5],[32],[5],[3],[-4],[28],[-8],[24],[14],[-5],[-10],[20],[-3],[-18],[27],[11],[-6],[-6],[12],[-9],[0],[18],[5],[-11],[24],[5],[-11],[8],[20],[6],[-7],[12],[19],[4],[-8],[17],[-3],[-3],[27],[0],[21],[1],[28],[14],[-4],[2],[1],[-3],[-5],[10],[-9],[5],[6],[-11],[5],[12],[-13],[-4],[-6],[0],[17],[3],[3],[-4],[0],[6],[-13],[20],[14],[-3],[1],[27],[3],[-7],[27],[5],[4],[30],[17],[2],[3],[26],[9],[-9],[13],[2],[31],[14],[-8],[21],[-4],[2],[-12],[25],[-10],[-4],[-7],[-7],[-10],[12],[18],[6],[-10],[12],[22],[-2],[0],[5],[-10],[-9],[22],[11],[-4],[-4],[27],[3],[-15],[16],[12],[2],[-6],[26],[12],[-5],[-6],[22],[7],[-7],[2],[17],[2],[-12],[8],[-9],[-12],[4],[19],[4],[-11],[8],[12],[-4],[-4],[-7],[-3],[1],[-5],[-4],[6],[-7],[-5],[16],[-11],[-10],[-6],[21],[3],[-7],[5],[8],[24],[6],[-8],[0],[30],[16],[-4],[28],[10],[-5],[13],[-3],[3],[-4],[-5],[0],[-7],[20],[-6],[-10],[-12],[20],[17],[3],[14],[-12],[20],[10],[-10],[11],[-6],[-7],[19],[-8],[13],[-5],[-7],[15],[-4],[-19],[22],[-11],[-12],[4],[-12],[-9],[-11],[-11],[-6],[-7],[-11],[-6],[-5],[1],[-6],[22],[4],[-10],[9],[21],[8],[0],[29],[17],[-5],[-7],[-6],[13],[9],[-7],[32],[21],[5],[0],[21],[8],[-6],[-5],[24],[14],[0],[-4],[12],[-5],[30],[15],[-3],[12],[25],[12],[-4],[14],[17],[0],[32],[8],[-8],[22],[19],[6],[5],[19],[3],[0],[30],[2],[2],[-3],[25],[12],[-3],[-4],[0],[0],[21],[0],[0],[7],[-11],[20],[-5],[31],[13],[-5],[3],[-5],[12],[0],[12],[2],[13],[-5],[-6],[0],[32],[18],[3],[1],[11],[10],[33],[18],[4],[3],[28],[4],[4],[27],[18],[4],[7],[33],[16],[0],[20],[13],[-3],[12],[27],[15],[1],[15],[7],[4],[30],[13],[-4],[0],[19],[-5],[1],[2],[24],[0],[24],[15],[1],[0],[19],[5],[-12],[20],[16],[3],[2],[27],[12],[1],[1],[25],[6],[-6],[27],[12],[-5],[0],[21],[10],[-5],[0],[19],[4],[-11],[10],[-5],[17],[5],[2],[3],[2],[26],[11],[-6],[9],[18],[2],[0],[-8],[26],[18],[1],[10],[28],[16],[1],[14],[0],[2],[24],[13],[2],[11],[27],[13],[2],[32],[22],[11],[6],[34],[5],[6],[37],[8],[23],[3],[16],[16],[3],[33],[2],[4],[21],[-8],[18],[19],[2],[30],[2],[8],[4],[4],[26],[8],[5],[27],[4],[36],[22],[11],[11],[36],[19],[6],[8],[6],[8],[18],[5],[32],[14],[2],[17],[6],[9],[38],[4],[5],[4],[33],[1],[20],[8],[12],[11],[20],[3],[18],[5],[14],[2],[7],[8],[21],[5],[6],[36],[21],[1],[0],[-3],[20],[8],[9],[34],[17],[-6],[24],[18],[4],[4],[15],[1],[15],[18],[0],[11],[-6],[16],[1],[0],[32],[3],[28],[3],[12],[25],[11],[-5],[-4],[2],[0],[15],[-4],[-5],[-9],[14],[2],[-13],[20],[-4],[-4],[8],[-7],[10],[-3],[28],[-7],[16],[21],[3],[-12],[27],[6],[-11],[16],[17],[1],[1],[30],[-4],[33],[0],[0],[16],[-3],[3],[-4],[11],[-4],[0],[2],[14],[1],[29],[17],[2],[3],[31],[17],[3],[17],[2],[3],[19],[-6],[4],[-9],[24],[-9],[11],[19],[8],[-7],[-6],[-10],[-8],[19],[-5],[12],[17],[1],[-14],[20],[5],[-4],[-6],[21],[4],[-11],[-8],[-10],[-11],[-5],[8],[-9],[6],[-8],[-8],[-5],[-4],[25],[0],[-7],[-6],[-6],[12],[-5],[-7],[6],[-8],[-3],[-6],[-5],[11],[-6],[-6],[-3],[4],[7],[-5],[-5],[0],[-3],[0],[2],[33],[-3],[8],[8],[-6],[26],[17],[-5],[12],[22],[1],[1],[-5],[-8],[2],[13],[-3],[-3],[-8],[-3],[-3],[21],[3],[-10],[16],[-5],[-8],[-8],[-11],[-12],[13],[-8],[-11],[12],[-16],[14],[3],[-13],[-10],[20],[6],[-9],[-8],[8],[-6],[-8],[-12],[4],[-13],[21],[5],[-7],[21],[0],[0],[2],[4],[11],[-7],[24],[1],[-3],[0],[32],[0],[3],[2],[14],[1],[16],[-4],[3],[26],[13],[3],[19],[5],[20],[5],[7],[31],[19],[9],[38],[21],[8],[10],[32],[9],[8],[17],[-3],[34],[8],[9],[2],[14],[25],[11],[8],[25],[-3],[17],[28],[10],[4],[36],[20],[2],[34],[18],[3],[18],[29],[8],[4],[33],[19],[8],[5],[14],[2],[5],[4],[30],[16],[2],[1],[20],[24],[4],[7],[9],[33],[19],[6],[16],[29],[17],[5],[10],[29],[10],[35],[10],[5],[8],[8],[8],[5],[31],[16],[4],[12],[0],[28],[21],[11],[8],[8],[3],[27],[9],[4],[4],[19],[3],[4],[6],[9],[6],[9],[4],[8],[27],[12],[1],[-5],[16],[25],[10],[-3],[16],[27],[8],[21],[3],[3],[12],[27],[10],[-4],[9],[0],[36],[20],[10],[10],[4],[3],[26],[12],[-3],[26],[11],[-3],[13],[26],[2],[21],[1],[18],[-6],[14],[2],[32],[3],[21],[3],[32],[3],[34],[22],[3],[8],[26],[14],[-4],[12],[22],[0],[6],[4],[28],[6],[9],[3],[18],[-7],[13],[24],[13],[0],[13],[23],[4],[30],[18],[1],[17],[0],[28],[6],[2],[34],[19],[3],[4],[22],[3],[32],[18],[5],[4],[21],[9],[-9],[8],[-8],[20],[9],[-4],[4],[27],[14],[2],[26],[4],[2],[32],[17],[-4],[17],[1],[-3],[-5],[24],[-4],[25],[11],[-4],[-5],[19],[0],[0],[2],[28],[2],[29],[5],[3],[29],[-6],[16],[19],[1],[2],[27],[5],[0],[26],[13],[1],[16],[27],[14],[6],[2],[17],[1],[1],[9],[-7],[9],[-7],[13],[25],[6],[2],[28],[-4],[34],[13],[-6],[28],[-3],[2],[22],[-4],[-9],[-13],[9],[0],[-8],[24],[14],[-3],[0],[-8],[-8],[13],[-4],[-11],[12],[17],[-5],[-5],[27],[-4],[-7],[2],[17],[-5],[-8],[19],[5],[-12],[-7],[-11],[-13],[-8],[-7],[18],[2],[-14],[-6],[-7],[-8],[22],[5],[-11],[20],[9],[-6],[-6],[3],[-12],[9],[8],[-7],[0],[12],[-11],[28],[11],[-10],[10],[19],[9],[-5],[13],[14],[0],[-6],[28],[0],[23],[9],[-4],[28],[-5],[12],[21],[0],[3],[0],[9],[-3],[-6],[20],[1],[0],[24],[-4],[-8],[25],[2],[2],[29],[11],[-5],[-3],[30],[5],[0],[29],[0],[1],[19],[3],[-8],[22],[-4],[-6],[-4],[7],[-5],[4],[5],[29],[-5],[4],[20],[4],[0],[26],[-4],[0],[0],[18],[3],[5],[9],[-8],[12],[19],[-4],[0],[-5],[14],[2],[28],[5],[0],[32],[17],[4],[30],[1],[3],[30],[17],[-6],[12],[21],[10],[1],[1],[10],[0],[28],[-6],[-12],[6],[0],[2],[-10],[8],[-8],[2],[0],[25],[-5],[-10],[19],[-6],[-6],[16],[-4],[1],[18],[3],[-8],[13],[20],[7],[-6],[10],[21],[7],[0],[0],[-5],[25],[13],[-10],[16],[0],[1],[18],[-4],[-6],[-7],[-5],[26],[-4],[11],[-6],[-4],[-6],[-6],[-7],[10],[-4],[-3],[3],[24],[2],[25],[10],[1],[-3],[-6],[2],[0],[21],[-10],[19],[-7],[4],[-9],[17],[-8],[10],[19],[4],[-7],[-3],[-7],[8],[-5],[4],[-11],[21],[9],[-6],[1],[-4],[-4],[27],[-5],[1],[2],[27],[10],[-3],[1],[1],[13],[-8],[10],[-3],[0],[29],[17],[-8],[13],[23],[0],[27],[14],[0],[26],[3],[19],[5],[4],[30],[15],[0],[16],[3],[4],[29],[1],[3],[6],[3],[18],[8],[11],[6],[6],[8],[27],[9],[1],[31],[1],[1],[2],[2],[32],[-7],[15],[1],[1],[23],[-4],[3],[24],[-3],[3],[31],[16],[3],[0],[19],[4],[0],[26],[0],[12],[-3],[12],[21],[0],[12],[10],[2],[3],[30],[14],[-10],[24],[0],[0],[-5],[1],[4],[-3],[2],[24],[1],[1],[27],[14],[1],[2],[30],[-6],[13],[24],[0],[29],[14],[-7],[13],[-6],[8],[-5],[0],[13],[-6],[-5],[-11],[6],[-6],[0],[0],[-7],[14],[-8],[-10],[9],[13],[-14],[20],[14],[-8],[12],[-10],[-11],[-8],[-9],[17],[-9],[-7],[-11],[-4],[-14],[0],[-14],[19],[3],[-13],[-8],[-7],[-7],[19],[9],[-7],[-4],[-7],[8],[-16],[16],[-9],[1],[-14],[5],[-15],[17],[-12],[-10],[-3],[-5],[21],[-6],[8],[-13],[-13],[-8],[-4],[6],[-7],[-5],[25],[-13],[5],[14],[-11],[-11],[8],[-13],[-13],[9],[-5],[27],[6],[-14],[25],[-5],[20],[14],[-3],[25],[10],[0],[2],[0],[4],[14],[-4],[2],[26],[9],[-5],[13],[25],[3],[-5],[11],[19],[-4],[-5],[19],[-7],[10],[0],[3],[2],[-6],[-5],[-3],[8],[-6],[-4],[2],[-5],[0],[2],[0],[1],[14],[-5],[-6],[29],[13],[-8],[16],[23],[11],[1],[30],[14],[-5],[2],[26],[11],[0],[-6],[-4],[-4],[14],[5],[6],[27],[15],[3],[29],[2],[17],[3],[6],[2],[3],[3],[-6],[10],[19],[7],[-9],[11],[-4],[18],[0],[0],[-5],[26],[1],[1],[-10],[-9],[22],[9],[-6],[-3],[26],[16],[-6],[-5],[17],[-13],[4],[-11],[22],[-6],[0],[9],[-6],[14],[1],[-16],[16],[12],[-4],[3],[-10],[28],[9],[-7],[-6],[-3],[-2],[18],[4],[-7],[27],[13],[2],[0],[4],[1],[30],[8],[-10],[13],[2],[3],[1],[0],[21],[8],[-7],[-7],[20],[-3],[3],[-5],[0],[0],[18],[-7],[-4],[-7],[18],[-5],[11],[-8],[10],[22],[12],[0],[4],[0],[16],[0],[12],[16],[1],[2],[17],[2],[2],[20],[8],[-7],[20],[12],[-7],[-5],[1],[-3],[15],[2],[-4],[27],[12],[-4],[0],[31],[14],[-5],[-8],[11],[0],[25],[8],[-6],[19],[3],[1],[32],[16],[1],[15],[25],[10],[-5],[-7],[18],[5],[-8],[25],[0],[13],[-4],[0],[-3],[12],[0],[1],[17],[-8],[12],[-5],[0],[-6],[3],[-13],[5],[17],[5],[-12],[16],[-11],[-11],[9],[20],[-4],[-5],[0],[-4],[22],[-7],[-5],[17],[-4],[-7],[-8],[-10],[-10],[-4],[15],[-8],[20],[18],[1],[-11],[26],[-7],[0],[-4],[31],[-3],[-5],[-7],[9],[18],[-5],[0],[-4],[32],[1],[3],[-4],[0],[16],[2],[5],[24],[6],[-15],[23],[5],[-7],[-5],[15],[-6],[-5],[-7],[11],[1],[-5],[26],[1],[3],[5],[21],[3],[17],[3],[3],[27],[13],[1],[0],[-7],[25],[-3],[27],[9],[-7],[-7],[25],[3],[27],[14],[-7],[0],[26],[11],[0],[12],[-3],[11],[13],[-5],[-4],[13],[2],[0],[28],[17],[5],[2],[5],[1],[20],[5],[5],[31],[2],[4],[3],[29],[4],[3],[36],[22],[9],[11],[36],[21],[3],[16],[21],[9],[11],[35],[23],[8],[10],[33],[21],[2],[33],[8],[6],[6],[4],[6],[8],[5],[8],[29],[9],[5],[8],[6],[19],[4],[32],[28],[13],[9],[7],[25],[11],[14],[32],[18],[7],[24],[31],[11],[35],[17],[2],[28],[27],[16],[3],[36],[10],[4],[36],[25],[8],[3],[4],[8],[3],[5],[6],[25],[22],[7],[20],[31],[9],[9],[35],[19],[5],[5],[26],[9],[2],[32],[18],[1],[13],[22],[0],[4],[8],[8],[36],[21],[5],[28],[7],[1],[10],[8],[33],[16],[2],[4],[3],[4],[4],[6],[2],[15],[2],[29],[15],[3],[19],[30],[4],[4],[9],[11],[36],[8],[6],[38],[3],[18],[27],[3],[4],[29],[3],[26],[13],[2],[10],[16],[3],[8],[1],[24],[4],[2],[6],[6],[21],[3],[3],[8],[4],[8],[1],[32],[3],[17],[27],[12],[-4],[20],[17],[1],[10],[29],[17],[7],[34],[17],[4],[10],[27],[0],[18],[24],[11],[8],[34],[22],[0],[5],[2],[32],[25],[11],[11],[35],[5],[25],[9],[9],[33],[19],[8],[4],[29],[7],[27],[4],[8],[10],[8],[9],[37],[22],[9],[9],[36],[20],[8],[8],[7],[8],[8],[10],[9],[25],[8],[38],[25],[11],[8],[35],[20],[4],[5],[33],[20],[7],[10],[33],[17],[5],[21],[10],[7],[5],[19],[1],[16],[28],[13],[-3],[15],[27],[11],[0],[21],[1],[17],[3],[13],[-3],[17],[0],[21],[0],[28],[12],[1],[23],[0],[-4],[-4],[11],[20],[-7],[-4],[13],[23],[2],[3],[21],[-3],[0],[22],[2],[4],[30],[17],[-3],[8],[0],[2],[30],[15],[0],[20],[-4],[13],[25],[-5],[14],[1],[0],[29],[3],[1],[2],[33],[2],[27],[9],[-5],[18],[1],[0],[13],[-3],[3],[1],[26],[0],[4],[3],[27],[0],[1],[13],[23],[9],[-11],[-3],[-4],[16],[3],[5],[13],[-4],[34],[22],[9],[7],[4],[-4],[16],[23],[-3],[9],[0],[35],[22],[2],[16],[16],[1],[2],[0],[19],[5],[5],[11],[7],[34],[20],[8],[5],[28],[13],[0],[19],[19],[5],[9],[0],[28],[18],[-4],[3],[5],[4],[1],[16],[22],[9],[-6],[32],[2],[22],[8],[0],[1],[1],[1],[27],[16],[3],[19],[18],[4],[1],[27],[8],[-5],[27],[12],[1],[4],[15],[0],[18],[-5],[16],[-3],[0],[0],[6],[0],[26],[16],[-7],[3],[6],[32],[2],[33],[11],[-8],[35],[5],[33],[17],[2],[35],[18],[-4],[37],[19],[3],[2],[27],[8],[-8],[30],[12],[-5],[11],[18],[8],[-8],[25],[15],[0],[8],[3],[2],[0],[1],[0],[17],[4],[2],[31],[14],[-4],[17],[2],[2],[-11],[2],[-13],[18],[14],[-3],[-8],[20],[-5],[5],[-9],[-5],[-5],[16],[2],[-10],[-4],[0],[-4],[0],[-3],[2],[0],[25],[3],[1],[21],[3],[4],[24],[8],[-11],[16],[16],[1],[-5],[12],[-8],[4],[20],[8],[-5],[22],[11],[-5],[20],[-6],[8],[21],[8],[-9],[12],[24],[2],[-4],[-4],[26],[13],[0],[8],[9],[7],[25],[10],[-6],[26],[11],[0],[8],[18],[5],[-6],[-4],[-6],[20],[0],[20],[-4],[27],[8],[-7],[6],[-11],[8],[19],[-6],[-3],[-4],[-5],[5],[-11],[9],[-7],[9],[16],[3],[-11],[24],[0],[0],[11],[-9],[22],[-8],[20],[6],[-11],[9],[-6],[13],[19],[1],[2],[25],[8],[-6],[11],[1],[10],[0],[28],[14],[4],[5],[30],[17],[5],[4],[29],[3],[30],[17],[4],[21],[18],[-4],[11],[19],[9],[-5],[11],[-4],[10],[2],[30],[11],[0],[4],[1],[2],[3],[32],[18],[1],[16],[25],[12],[-5],[16],[19],[3],[1],[27],[-7],[10],[-8],[13],[17],[3],[12],[2],[3],[4],[30],[-4],[13],[21],[5],[-8],[28],[21],[1],[4],[11],[-4],[25],[17],[1],[16],[2],[10],[-4],[-3],[26],[2],[26],[13],[-5],[-3],[25],[12],[-4],[-3],[12],[21],[11],[-5],[12],[22],[8],[15],[-6],[10],[20],[6],[0],[27],[13],[-4],[13],[2],[28],[16],[1],[3],[30],[9],[0],[29],[17],[2],[3],[4],[28],[12],[-3],[0],[25],[0],[-7],[-6],[0],[-11],[8],[13],[-9],[9],[15],[5],[-6],[16],[20],[2],[2],[-3],[-5],[22],[2],[2],[-4],[-3],[10],[24],[9],[-5],[12],[22],[-3],[24],[8],[-5],[29],[15],[2],[4],[30],[10],[-5],[12],[19],[-4],[0],[-3],[-3],[4],[-12],[24],[11],[-8],[6],[-12],[16],[4],[3],[31],[0],[-3],[-3],[-5],[20],[6],[-7],[8],[-5],[4],[20],[-7],[0],[16],[-3],[1],[27],[11],[-4],[-6],[-5],[-3],[1],[-2],[21],[4],[-12],[10],[11],[-4],[0],[25],[14],[-8],[8],[15],[-7],[-8],[-7],[26],[-10],[6],[18],[5],[-12],[12],[15],[-12],[-5],[-8],[-6],[1],[3],[17],[1],[-4],[25],[-7],[-6],[-4],[-6],[-4],[-4],[-3],[0],[-7],[-3],[1],[8],[-7],[21],[2],[2],[10],[-13],[-8],[-15],[3],[9],[-6],[-6],[21],[3],[-15],[24],[-8],[18],[2],[-11],[-8],[-10],[9],[-10],[-12],[17],[5],[-7],[27],[11],[-6],[-6],[-13],[0],[11],[2],[-11],[-6],[22],[5],[-12],[0],[-11],[-11],[4],[-8],[3],[-8],[10],[-9],[-7],[26],[10],[-7],[-4],[17],[-3],[1],[0],[9],[-7],[28],[13],[-4],[0],[-6],[-5],[-6],[-3],[9],[-8],[-7],[-8],[15],[1],[-10],[12],[-6],[0],[17],[3],[-12],[26],[11],[-4],[-5],[-5],[10],[-5],[23],[-2],[5],[-11],[27],[-5],[-7],[2],[-4],[-4],[-7],[-8],[-5],[-6],[-3],[-6],[-10],[21],[9],[-10],[-11],[9],[17],[1],[-14],[24],[13],[-12],[18],[12],[-3],[1],[18],[3],[-10],[22],[5],[-8],[18],[11],[-6],[4],[18],[-4],[2],[16],[2],[-11],[24],[12],[-3],[-3],[-7],[16],[16],[-8],[20],[10],[1],[-11],[-13],[6],[16],[2],[0],[29],[12],[-5],[0],[-4],[25],[9],[-7],[6],[11],[-4],[-3],[23],[11],[-6],[8],[12],[-5],[-6],[21],[6],[-13],[13],[16],[4],[-12],[7],[-12],[-6],[-9],[-8],[12],[-10],[-7],[21],[5],[-11],[2],[0],[0],[27],[-6],[-7],[-8],[24],[-5],[0],[28],[11],[-7],[-7],[25],[13],[3],[1],[17],[-3],[-5],[24],[9],[-5],[0],[21],[11],[-6],[13],[24],[11],[-6],[28],[-4],[19],[3],[0],[1],[26],[11],[-4],[14],[22],[1],[29],[1],[0],[25],[11],[-5],[24],[19],[9],[0],[29],[12],[2],[29],[11],[0],[32],[7],[24],[8],[6],[30],[-4],[23],[6],[-9],[24],[21],[3],[4],[4],[21],[1],[1],[28],[13],[0],[21],[9],[-5],[27],[5],[-10],[24],[1],[-3],[0],[-4],[25],[10],[-3],[18],[27],[12],[-4],[12],[20],[5],[-10],[28],[14],[2],[9],[-5],[27],[7],[4],[0],[12],[-4],[16],[19],[2],[2],[26],[10],[-3],[2],[3],[29],[5],[32],[19],[1],[-3],[25],[13],[2],[0],[27],[16],[1],[0],[9],[-8],[0],[21],[5],[-10],[24],[0],[-6],[-8],[-8],[-6],[14],[-7],[10],[12],[-7],[0],[20],[-10],[13],[0],[-12],[24],[11],[-3],[0],[26],[6],[-10],[0],[-5],[-5],[-3],[30],[-3],[-4],[-7],[-4],[-7],[24],[12],[-3],[13],[24],[2],[-3],[-4],[2],[1],[5],[5],[27],[2],[2],[6],[17],[4],[4],[32],[19],[8],[2],[3],[3],[8],[-7],[12],[0],[1],[-5],[24],[8],[-5],[13],[19],[5],[-11],[25],[16],[-2],[8],[19],[6],[5],[4],[29],[10],[0],[12],[-6],[10],[21],[6],[-8],[25],[11],[5],[34],[17],[0],[17],[0],[1],[22],[5],[3],[31],[19],[2],[4],[29],[17],[4],[4],[22],[8],[6],[9],[8],[4],[3],[31],[16],[-6],[32],[-7],[0],[17],[4],[5],[29],[1],[0],[10],[-7],[11],[25],[9],[-11],[28],[1],[14],[1],[2],[14],[-3],[27],[7],[0],[34],[13],[-3],[12],[22],[5],[-6],[28],[12],[-3],[12],[21],[6],[-10],[20],[0],[-4],[-4],[-7],[19],[1],[0],[27],[2],[1],[9],[-8],[16],[-5],[22],[9],[-8],[6],[19],[6],[-9],[20],[19],[5],[0],[28],[0],[19],[5],[0],[13],[-5],[14],[-3],[14],[3],[0],[25],[2],[2],[-7],[12],[-3],[3],[0],[31],[17],[6],[32],[11],[-6],[-4],[14],[1],[-4],[21],[4],[-7],[26],[-4],[-6],[16],[-5],[-8],[-5],[25],[5],[3],[0],[-8],[-6],[0],[21],[9],[-5],[10],[21],[6],[-8],[5],[19],[-3],[-3],[25],[11],[-5],[0],[0],[0],[23],[2],[4],[-5],[0],[22],[6],[-8],[8],[19],[-6],[0],[2],[-5],[-8],[18],[4],[-8],[-4],[-6],[22],[8],[-9],[10],[12],[-4],[-6],[22],[2],[2],[26],[4],[0],[0],[-6],[9],[-4],[28],[-4],[28],[9],[-6],[9],[17],[4],[0],[26],[17],[1],[24],[5],[-11],[5],[-10],[-7],[-8],[-6],[-7],[-6],[29],[1],[-5],[11],[-7],[8],[19],[5],[-6],[9],[-10],[5],[15],[1],[-14],[12],[-8],[19],[2],[-4],[25],[10],[-5],[-8],[22],[-8],[-12],[19],[-10],[6],[22],[6],[-6],[9],[6],[-10],[12],[18],[4],[-8],[25],[10],[-5],[0],[24],[0],[6],[-12],[6],[20],[6],[-9],[10],[21],[7],[-7],[28],[13],[-3],[-2],[29],[8],[0],[32],[-2],[0],[24],[3],[2],[29],[15],[3],[0],[25],[2],[1],[1],[29],[14],[4],[2],[28],[16],[2],[32],[3],[34],[1],[20],[3],[26],[11],[0],[34],[19],[4],[2],[23],[11],[12],[30],[13],[-3],[16],[5],[9],[36],[9],[18],[4],[21],[32],[19],[4],[26],[8],[36],[16],[8],[36],[13],[11],[38],[11],[11],[9],[9],[20],[6],[41],[22],[9],[20],[34],[13],[11],[37],[14],[16],[35],[14],[18],[28],[11],[12],[37],[10],[9],[21],[4],[18],[4],[31],[11],[6],[30],[1],[-5],[36],[4],[10],[6],[6],[30],[16],[8],[12],[8],[35],[24],[5],[1],[1],[3],[13],[23],[6],[18],[13],[9],[33],[21],[8],[6],[4],[3],[17],[25],[19],[19],[55],[37],[17],[18],[27],[-4],[-24],[17],[-13],[10],[21],[13],[16],[44],[17],[20],[13],[32],[33],[19],[9],[19],[2],[28],[22],[3],[-3],[-8],[7],[22],[4],[-6],[1],[29],[17],[12],[32],[15],[11],[9],[35],[12],[-6],[19],[3],[-12],[25],[11],[-5],[6],[22],[9],[11],[35],[5],[23],[8],[20],[12],[40],[11],[25],[3],[14],[-7],[2],[26],[4],[11],[5],[4],[9],[29],[9],[4],[31],[19],[5],[29],[12],[1],[8],[27],[12],[0],[25],[17],[3],[5],[27],[5],[6],[35],[4],[1],[14],[-6],[13],[-4],[3],[18],[4],[5],[32],[16],[-4],[-6],[0],[3],[1],[-3],[12],[25],[10],[-4],[3],[-4],[28],[-4],[12],[21],[3],[1],[-3],[28],[17],[1],[0],[-7],[23],[11],[0],[19],[0],[15],[-4],[2],[27],[6],[14],[-5],[28],[17],[6],[5],[-7],[-5],[0],[18],[13],[0],[27],[11],[-7],[14],[15],[-3],[-3],[-5],[-12],[22],[16],[1],[-8],[22],[11],[5],[1],[29],[17],[3],[2],[23],[8],[-11],[12],[12],[-4],[-5],[24],[6],[-7],[26],[12],[2],[3],[25],[4],[-13],[8],[16],[3],[-7],[27],[11],[-8],[-12],[3],[-15],[0],[12],[3],[-7],[19],[4],[1],[30],[4],[-10],[19],[2],[-12],[5],[20],[-7],[-5],[-5],[12],[-4],[11],[-5],[-7],[-10],[-8],[14],[4],[6],[30],[13],[0],[-6],[-3],[-8],[-7],[-8],[-7],[-5],[-5],[18],[-3],[-6],[18],[22],[18],[5],[43],[25],[8],[5],[26],[9],[-11],[-10],[-9],[1],[6],[41],[28],[12],[18],[16],[43],[12],[8],[8],[-3],[14],[-5],[12],[-3],[3],[4],[30],[12],[1],[8],[33],[15],[17],[10],[12],[12],[4],[5],[3],[25],[14],[2],[12],[32],[11],[22],[2],[14],[20],[4],[-4],[-8],[16],[-4],[1],[26],[21],[8],[32],[26],[6],[26],[22],[8],[6],[8],[36],[12],[12],[18],[17],[10],[30],[8],[-12],[-5],[20],[14],[10],[36],[45],[28],[45],[23],[12],[34],[16],[-12],[-15],[-12],[-11],[-7],[17],[6],[29],[46],[31],[18],[33],[20],[12],[21],[3],[17],[25],[3],[-14],[-8],[-4],[-15],[-8],[29],[27],[21],[36],[38],[17],[18],[16],[22],[-10],[-16],[9],[-5],[-17],[3],[-4],[4],[4],[41],[29],[18],[17],[35],[1],[16],[11],[0],[0],[17],[1],[-20],[-12],[5],[-19],[19],[8],[4],[32],[23],[18],[46],[22],[4],[-5],[4],[-16],[-35],[0],[-26],[-12],[-15],[-6],[1],[-3],[22],[-4],[2],[21],[6],[9],[29],[13],[-5],[-5],[13],[-16],[-21],[3],[-12],[-20],[17],[25],[10],[10],[36],[26],[17],[10],[29],[7],[-15],[0],[17],[2],[-10],[4],[9],[-10],[-12],[25],[-6],[20],[17],[0],[42],[32],[22],[14],[-4],[-3],[-23],[-4],[14],[6],[12],[9],[3],[32],[5],[3],[-5],[9],[-28],[-30],[-11],[-13],[2],[29],[4],[4],[-13],[13],[3],[-8],[10],[0],[28],[30],[8],[11],[4],[-28],[-43],[-40],[-8],[-13],[-19],[-6],[6],[21],[27],[32],[28],[44],[13],[22],[1],[8],[14],[-13],[-17],[6],[-5],[-14],[-14],[17],[-3],[10],[44],[24],[62],[39],[35],[36],[16],[41],[19],[-7],[-14],[4],[-20],[-19],[9],[-14],[5],[32],[47],[44],[30],[48],[42],[15],[0],[17],[-7],[-19],[11],[-11],[-18],[-7],[0],[29],[12],[3],[2],[-5],[2],[-11],[16],[5],[-10],[-3],[29],[-7],[5],[-20],[-24],[-35],[-38],[-27],[-25],[0],[-6],[-13],[14],[9],[-3],[-7],[6],[-31],[-14],[-18],[-31],[-27],[11],[1],[16],[26],[18],[18],[-8],[10],[-15],[-22],[2],[60],[81],[97],[119],[85],[26],[-7],[-21],[-32],[-35],[-14],[6],[11],[12],[20],[26],[48],[52],[20],[0],[38],[25],[6],[32],[-8],[-15],[-47],[-55],[-57],[-60],[-37],[-39],[-42],[-36],[9],[3],[-3],[-7],[5],[-20],[-37],[-44],[-70],[-72],[-82],[-82],[-61],[-70],[-35],[-24],[-32],[-39],[-22],[-27],[-53],[-85],[-75],[-139],[-171],[-222],[-253],[-227],[-139],[60],[290],[426],[518],[490],[379],[245],[79],[-72],[-189],[-261],[-346],[-365],[-291],[-183],[-65],[16],[108],[139],[156],[184],[235],[250],[236],[213],[176],[129],[112],[15],[-78],[-156],[-241],[-286],[-259],[-211],[-103],[0],[104],[212],[269],[306],[336],[362],[352],[305],[202],[82],[-22],[-148],[-243],[-259],[-242],[-188],[-85],[21],[152],[273],[310],[393],[348],[277],[202],[86],[-27],[-120],[-187],[-250],[-272],[-252],[-188],[-120],[-26],[78],[112],[154],[196],[154],[122],[42],[-38],[-115],[-205],[-264],[-311],[-356],[-378],[-367],[-357],[-316],[-302],[-290],[-272],[-294],[-402],[-439],[-200],[305],[835],[1067],[1019],[879],[605],[192],[-193],[-406],[-502],[-722],[-951],[-928],[-557],[-211],[-7],[158],[277],[360],[388],[402],[469],[520],[455],[308],[207],[141],[51],[-54],[-253],[-507],[-663],[-645],[-561],[-448],[-244],[7],[238],[348],[454],[630],[692],[561],[333],[145],[18],[-128],[-285],[-356],[-336],[-334],[-365],[-330],[-175],[2],[46],[69],[160],[290],[378],[433],[403],[356],[266],[137],[-47],[-170],[-255],[-355],[-410],[-412],[-287],[-88],[78],[267],[365],[440],[501],[437],[371],[261],[144],[-35],[-211],[-310],[-354],[-304],[-286],[-256],[-196],[-67],[92],[182],[290],[339],[382],[328],[190],[59],[-13],[-153],[-311],[-388],[-341],[-279],[-220],[-132],[-23],[75],[114],[143],[145],[152],[88],[-33],[-135],[-214],[-295],[-366],[-418],[-485],[-522],[-524],[-563],[-613],[-588],[-214],[420],[989],[1313],[1300],[1099],[773],[303],[-167],[-437],[-590],[-867],[-1150],[-1086],[-656],[-274],[-59],[108],[325],[410],[395],[436],[609],[651],[500],[337],[284],[252],[125],[-103],[-332],[-534],[-739],[-799],[-673],[-443],[-223],[28],[265],[489],[608],[738],[788],[698],[426],[199],[13],[-139],[-268],[-388],[-422],[-416],[-408],[-357],[-188],[36],[108],[116],[242],[363],[425],[410],[404],[363],[261],[115],[-30],[-121],[-205],[-295],[-414],[-391],[-240],[-90],[73],[218],[350],[408],[394],[350],[333],[297],[137],[-26],[-151],[-197],[-251],[-304],[-288],[-193],[-153],[-93],[45],[200],[296],[339],[304],[288],[167],[35],[-118],[-215],[-264],[-336],[-355],[-276],[-146],[-64],[3],[73],[111],[83],[12],[-32],[-76],[-174],[-279],[-328],[-390],[-457],[-522],[-643],[-811],[-559],[172],[932],[1298],[1268],[1070],[895],[441],[-72],[-293],[-357],[-652],[-1115],[-1244],[-784],[-282],[-104],[7],[221],[364],[382],[378],[569],[759],[648],[371],[336],[404],[251],[-11],[-257],[-448],[-701],[-891],[-835],[-552],[-326],[-131],[130],[409],[599],[738],[858],[802],[558],[259],[37],[-66],[-203],[-296],[-356],[-349],[-335],[-311],[-251],[-95],[11],[-12],[40],[247],[410],[460],[447],[504],[485],[317],[103],[-80],[-150],[-272],[-471],[-486],[-320],[-96],[60],[182],[402],[541],[476],[355],[337],[297],[141],[-78],[-165],[-100],[-124],[-165],[-236],[-159],[-41],[-58],[-59],[104],[222],[240],[222],[193],[192],[104],[-49],[-188],[-214],[-239],[-304],[-312],[-257],[-150],[-68],[-23],[50],[133],[168],[59],[-43],[-131],[-178],[-299],[-404],[-475],[-513],[-610],[-724],[-839],[-780],[-152],[740],[1403],[1525],[1260],[1051],[717],[109],[-293],[-418],[-560],[-1061],[-1407],[-1138],[-447],[-138],[-64],[138],[338],[400],[358],[507],[736],[732],[488],[320],[405],[386],[218],[-92],[-335],[-560],[-815],[-964],[-786],[-470],[-285],[-96],[172],[486],[779],[905],[891],[772],[516],[212],[53],[-51],[-203],[-356],[-441],[-434],[-413],[-358],[-182],[-31],[23],[46],[196],[376],[483],[465],[489],[475],[408],[194],[-20],[-71],[-160],[-354],[-502],[-483],[-272],[-99],[18],[200],[405],[528],[505],[448],[474],[370],[147],[-59],[-171],[-214],[-315],[-368],[-346],[-224],[-69],[9],[88],[223],[314],[355],[294],[185],[118],[-4],[-187],[-286],[-325],[-333],[-317],[-258],[-188],[-52],[50],[103],[141],[173],[138],[73],[-62],[-152],[-187],[-292],[-408],[-471],[-530],[-608],[-708],[-842],[-952],[-513],[352],[1176],[1561],[1502],[1348],[1100],[515],[-48],[-317],[-461],[-933],[-1452],[-1463],[-849],[-362],[-211],[-77],[229],[420],[385],[433],[683],[883],[727],[437],[430],[527],[404],[75],[-244],[-510],[-813],[-1109],[-1083],[-766],[-450],[-216],[24],[370],[731],[965],[1009],[884],[691],[398],[123],[-75],[-165],[-237],[-366],[-459],[-461],[-396],[-335],[-234],[-64],[11],[89],[252],[425],[531],[576],[611],[526],[345],[140],[-48],[-206],[-367],[-507],[-564],[-462],[-272],[-117],[44],[283],[468],[569],[632],[554],[476],[370],[155],[-43],[-191],[-296],[-391],[-463],[-418],[-326],[-202],[-69],[62],[228],[346],[427],[371],[301],[199],[18],[-156],[-307],[-397],[-416],[-408],[-367],[-226],[-79],[13],[152],[268],[283],[236],[174],[45],[-79],[-227],[-349],[-443],[-509],[-551],[-599],[-593],[-678],[-780],[-931],[-673],[172],[1137],[1620],[1653],[1535],[1251],[705],[79],[-294],[-511],[-915],[-1466],[-1630],[-1127],[-513],[-272],[-98],[165],[401],[468],[511],[730],[969],[883],[529],[443],[547],[435],[73],[-334],[-651],[-971],[-1203],[-1167],[-800],[-411],[-168],[76],[392],[771],[1048],[1138],[1018],[762],[473],[146],[-30],[-125],[-271],[-488],[-622],[-645],[-567],[-433],[-251],[-67],[26],[148],[282],[537],[687],[723],[660],[511],[298],[43],[-138],[-242],[-363],[-488],[-594],[-547],[-354],[-176],[-9],[168],[336],[446],[552],[633],[619],[555],[355],[160],[-58],[-250],[-368],[-459],[-580],[-596],[-486],[-278],[-78],[145],[354],[524],[525],[433],[346],[257],[22],[-195],[-387],[-475],[-485],[-407],[-335],[-191],[-43],[51],[179],[305],[349],[324],[199],[-12],[-168],[-256],[-353],[-456],[-501],[-560],[-622],[-659],[-680],[-693],[-775],[-791],[-354],[522],[1334],[1736],[1723],[1468],[1082],[524],[-131],[-498],[-724],[-1145],[-1610],[-1559],[-986],[-460],[-213],[28],[376],[640],[673],[717],[938],[1088],[804],[447],[306],[299],[82],[-277],[-562],[-719],[-874],[-992],[-879],[-513],[-196],[22],[280],[581],[918],[1082],[1114],[1036],[764],[380],[60],[-161],[-378],[-581],[-710],[-725],[-614],[-466],[-269],[6],[269],[356],[390],[470],[584],[575],[477],[384],[276],[153],[2],[-141],[-251],[-375],[-491],[-526],[-491],[-352],[-219],[-52],[101],[270],[486],[626],[658],[652],[524],[355],[154],[-71],[-291],[-454],[-547],[-680],[-694],[-517],[-303],[-90],[124],[347],[511],[588],[485],[366],[243],[92],[-135],[-256],[-287],[-249],[-254],[-243],[-173],[-71],[-7],[51],[136],[205],[201],[146],[80],[30],[-71],[-148],[-196],[-320],[-412],[-485],[-501],[-532],[-563],[-603],[-756],[-972],[-754],[80],[1071],[1641],[1688],[1436],[1209],[765],[147],[-287],[-453],[-840],[-1453],[-1694],[-1186],[-471],[-128],[24],[296],[552],[590],[511],[611],[835],[672],[246],[88],[235],[290],[109],[-135],[-353],[-551],[-750],[-760],[-498],[-184],[-79],[3],[198],[515],[820],[950],[874],[711],[441],[59],[-204],[-319],[-438],[-569],[-610],[-461],[-240],[-47],[88],[210],[274],[250],[170],[238],[350],[334],[235],[203],[155],[91],[42],[-28],[-127],[-318],[-467],[-513],[-459],[-391],[-274],[-100],[102],[317],[587],[745],[750],[673],[544],[388],[109],[-232],[-477],[-637],[-752],[-811],[-732],[-501],[-179],[105],[297],[536],[666],[674],[627],[474],[294],[157],[-18],[-196],[-272],[-352],[-439],[-498],[-428],[-293],[-124],[-31],[107],[241],[322],[344],[283],[268],[179],[-35],[-264],[-425],[-538],[-583],[-668],[-684],[-669],[-775],[-962],[-1124],[-796],[149],[1162],[1701],[1785],[1574],[1352],[908],[249],[-194],[-400],[-836],[-1492],[-1728],[-1235],[-570],[-313],[-171],[137],[434],[518],[541],[708],[895],[766],[437],[289],[415],[492],[308],[-18],[-296],[-513],[-768],[-911],[-798],[-583],[-435],[-290],[23],[512],[909],[1089],[1066],[925],[601],[233],[-48],[-259],[-424],[-603],[-706],[-559],[-346],[-146],[28],[138],[154],[107],[74],[113],[246],[305],[246],[238],[267],[328],[284],[104],[-115],[-368],[-603],[-715],[-664],[-513],[-297],[-52],[162],[388],[595],[693],[722],[577],[414],[285],[74],[-199],[-369],[-465],[-558],[-616],[-550],[-372],[-124],[73],[272],[493],[669],[670],[573],[467],[299],[82],[-124],[-239],[-308],[-395],[-446],[-441],[-389],[-268],[-104],[73],[285],[444],[511],[604],[550],[389],[161],[-107],[-427],[-685],[-876],[-947],[-882],[-765],[-614],[-486],[-396],[-366],[-531],[-671],[-138],[893],[1603],[1756],[1568],[1362],[1075],[346],[-314],[-547],[-760],[-1380],[-1920],[-1666],[-801],[-255],[-56],[217],[665],[894],[782],[689],[929],[966],[520],[147],[157],[244],[115],[-183],[-423],[-583],[-832],[-1023],[-843],[-449],[-166],[8],[233],[593],[914],[1026],[998],[811],[511],[61],[-280],[-443],[-470],[-531],[-620],[-522],[-309],[-162],[-114],[-7],[69],[102],[24],[53],[298],[475],[485],[423],[406],[349],[208],[-31],[-273],[-468],[-599],[-699],[-665],[-493],[-226],[-28],[138],[312],[401],[525],[541],[499],[461],[454],[326],[178],[0],[-141],[-248],[-375],[-519],[-542],[-456],[-304],[-75],[166],[408],[577],[662],[621],[513],[368],[179],[-69],[-265],[-410],[-496],[-421],[-326],[-171],[-32],[123],[287],[357],[393],[423],[389],[204],[6],[-229],[-426],[-569],[-688],[-718],[-636],[-565],[-518],[-384],[-272],[-210],[-229],[-416],[-687],[-470],[400],[1217],[1525],[1436],[1203],[1011],[511],[-98],[-405],[-470],[-891],[-1537],[-1619],[-861],[-228],[-84],[-4],[299],[522],[490],[457],[668],[855],[544],[112],[107],[320],[364],[148],[-148],[-351],[-577],[-791],[-724],[-447],[-272],[-221],[-130],[115],[469],[715],[809],[723],[554],[243],[-27],[-149],[-164],[-258],[-431],[-511],[-412],[-295],[-179],[-45],[95],[112],[59],[97],[301],[475],[450],[361],[232],[154],[89],[-34],[-183],[-324],[-478],[-582],[-514],[-324],[-123],[37],[166],[265],[342],[448],[510],[511],[400],[281],[164],[51],[1],[-39],[-110],[-295],[-407],[-447],[-348],[-170],[-54],[103],[305],[448],[531],[621],[613],[403],[146],[-57],[-237],[-343],[-391],[-331],[-261],[-211],[-123],[45],[214],[319],[317],[299],[274],[152],[-24],[-131],[-167],[-307],[-493],[-547],[-512],[-476],[-431],[-358],[-285],[-226],[-267],[-304],[-319],[-547],[-720],[-201],[715],[1347],[1500],[1299],[1269],[980],[288],[-272],[-413],[-647],[-1329],[-1771],[-1429],[-658],[-285],[-207],[70],[550],[698],[603],[664],[902],[879],[457],[255],[319],[347],[144],[-170],[-404],[-570],[-748],[-866],[-725],[-506],[-397],[-294],[-56],[339],[611],[804],[837],[739],[529],[338],[187],[115],[-86],[-357],[-526],[-529],[-484],[-439],[-362],[-235],[-61],[16],[87],[257],[465],[507],[449],[411],[368],[319],[226],[84],[-80],[-239],[-375],[-430],[-429],[-377],[-276],[-196],[-110],[90],[322],[485],[560],[511],[456],[441],[368],[211],[84],[-13],[-122],[-298],[-426],[-374],[-257],[-208],[-128],[83],[214],[379],[449],[432],[428],[354],[153],[27],[-29],[-168],[-287],[-340],[-333],[-229],[-62],[83],[179],[209],[189],[173],[169],[90],[4],[-58],[-159],[-252],[-320],[-382],[-421],[-425],[-399],[-372],[-304],[-269],[-219],[-204],[-217],[-288],[-510],[-634],[-216],[607],[1224],[1363],[1161],[1016],[737],[141],[-383],[-552],[-687],[-1187],[-1599],[-1326],[-584],[-197],[-44],[270],[697],[850],[752],[694],[840],[768],[342],[-58],[-53],[35],[-80],[-355],[-450],[-513],[-632],[-702],[-526],[-237],[-122],[-99],[61],[376],[704],[826],[821],[731],[517],[261],[36],[-183],[-399],[-648],[-781],[-701],[-563],[-394],[-132],[140],[336],[384],[434],[539],[622],[555],[364],[252],[129],[-20],[-96],[-210],[-329],[-455],[-513],[-443],[-291],[-157],[-80],[78],[218],[334],[444],[518],[512],[475],[314],[188],[108],[-22],[-168],[-228],[-244],[-307],[-337],[-274],[-161],[-104],[-38],[70],[250],[433],[485],[474],[408],[259],[56],[-122],[-213],[-277],[-287],[-258],[-195],[-143],[-20],[131],[236],[214],[139],[67],[-22],[-96],[-100],[-61],[-85],[-141],[-186],[-222],[-240],[-315],[-366],[-375],[-371],[-298],[-195],[-62],[-29],[-51],[-189],[-398],[-606],[-524],[44],[713],[962],[979],[906],[873],[597],[100],[-247],[-388],[-747],[-1256],[-1277],[-689],[-159],[-74],[54],[317],[569],[511],[399],[497],[555],[255],[-98],[-50],[159],[210],[130],[19],[-95],[-288],[-468],[-525],[-450],[-437],[-404],[-274],[4],[356],[586],[732],[767],[610],[352],[165],[30],[-197],[-413],[-515],[-513],[-421],[-260],[-61],[143],[245],[194],[201],[239],[336],[288],[202],[116],[97],[122],[121],[123],[91],[-55],[-202],[-292],[-301],[-288],[-243],[-152],[-48],[52],[196],[415],[491],[468],[380],[234],[112],[-53],[-188],[-211],[-146],[-232],[-295],[-203],[-17],[96],[88],[146],[223],[288],[290],[235],[189],[149],[44],[-78],[-93],[-94],[-126],[-155],[-183],[-140],[-82],[-28],[57],[154],[124],[79],[91],[35],[20],[64],[32],[2],[-136],[-222],[-268],[-238],[-266],[-300],[-269],[-188],[-174],[-184],[-200],[-274],[-406],[-540],[-671],[-608],[-66],[742],[1280],[1468],[1262],[1080],[803],[277],[-253],[-522],[-751],[-1199],[-1485],[-1216],[-558],[-214],[-95],[184],[547],[673],[576],[553],[656],[653],[364],[232],[302],[352],[205],[-123],[-363],[-564],[-797],[-909],[-781],[-557],[-375],[-119],[209],[546],[798],[899],[838],[688],[471],[246],[54],[-126],[-315],[-476],[-546],[-480],[-357],[-210],[-71],[68],[118],[114],[190],[309],[424],[438],[437],[342],[243],[160],[99],[-20],[-153],[-365],[-490],[-467],[-400],[-298],[-171],[6],[172],[282],[397],[461],[446],[322],[197],[55],[-39],[-117],[-113],[-128],[-143],[-139],[-166],[-128],[-26],[58],[89],[150],[192],[266],[261],[214],[192],[99],[-33],[-122],[-214],[-283],[-254],[-144],[-79],[49],[134],[195],[245],[262],[228],[161],[104],[36],[-18],[-72],[-129],[-182],[-207],[-237],[-288],[-290],[-255],[-219],[-195],[-134],[-93],[-79],[-94],[-154],[-208],[-283],[-347],[-377],[-323],[-56],[458],[906],[1149],[989],[731],[499],[104],[-340],[-611],[-685],[-828],[-1010],[-902],[-404],[94],[263],[312],[431],[540],[438],[330],[362],[458],[281],[23],[-10],[30],[38],[-117],[-316],[-433],[-496],[-541],[-470],[-262],[-46],[69],[180],[341],[559],[668],[717],[565],[408],[176],[-62],[-239],[-362],[-444],[-484],[-466],[-365],[-221],[-48],[96],[210],[286],[300],[309],[378],[412],[339],[248],[209],[80],[-72],[-170],[-260],[-370],[-460],[-479],[-407],[-255],[-85],[107],[245],[321],[369],[356],[336],[320],[252],[98],[8],[-27],[-120],[-138],[-94],[-121],[-161],[-208],[-220],[-117],[6],[61],[153],[239],[270],[321],[299],[232],[138],[58],[-53],[-128],[-124],[-127],[-88],[-34],[23],[44],[107],[131],[107],[83],[38],[29],[-15],[-46],[-27],[18],[-17],[-84],[-124],[-149],[-159],[-187],[-244],[-284],[-287],[-280],[-308],[-264],[-218],[-237],[-333],[-414],[-333],[-70],[351],[795],[1058],[1001],[767],[522],[218],[-146],[-458],[-610],[-768],[-943],[-959],[-653],[-258],[-13],[118],[252],[410],[480],[470],[451],[484],[403],[210],[35],[21],[67],[-74],[-255],[-365],[-383],[-440],[-418],[-321],[-160],[-5],[129],[309],[483],[604],[619],[516],[357],[118],[-69],[-188],[-287],[-342],[-354],[-299],[-227],[-124],[-19],[99],[186],[244],[242],[241],[235],[256],[177],[86],[65],[-12],[-100],[-111],[-139],[-176],[-208],[-202],[-170],[-117],[-37],[2],[128],[240],[260],[253],[255],[212],[122],[31],[-71],[-127],[-188],[-264],[-208],[-85],[-48],[31],[69],[176],[280],[243],[236],[238],[202],[147],[52],[19],[17],[-28],[-102],[-124],[-132],[-137],[-101],[-62],[38],[129],[138],[165],[244],[249],[240],[180],[136],[36],[-82],[-178],[-203],[-237],[-285],[-283],[-271],[-231],[-187],[-179],[-157],[-149],[-173],[-207],[-226],[-286],[-386],[-501],[-479],[-301],[97],[626],[1014],[1059],[874],[650],[413],[39],[-326],[-553],[-727],[-988],[-1126],[-894],[-455],[-120],[-47],[64],[277],[434],[489],[578],[638],[534],[330],[169],[169],[179],[42],[-206],[-399],[-523],[-554],[-513],[-379],[-248],[-180],[-49],[116],[326],[532],[661],[593],[473],[346],[265],[146],[8],[-113],[-301],[-435],[-451],[-383],[-269],[-144],[-91],[19],[136],[289],[402],[423],[390],[326],[219],[155],[67],[-21],[-125],[-202],[-267],[-285],[-221],[-184],[-171],[-128],[-69],[16],[116],[193],[221],[221],[189],[150],[133],[114],[100],[69],[14],[-35],[-48],[-74],[-74],[-48],[0],[34],[95],[161],[226],[223],[195],[140],[65],[12],[-69],[-104],[-107],[-99],[-39],[37],[102],[177],[206],[191],[170],[153],[84],[35],[-45],[-88],[-95],[-107],[-123],[-91],[-114],[-104],[-123],[-199],[-219],[-240],[-254],[-279],[-252],[-250],[-250],[-247],[-255],[-269],[-278],[-286],[-213],[-38],[296],[649],[880],[869],[693],[423],[151],[-170],[-538],[-756],[-823],[-870],[-832],[-583],[-257],[28],[182],[265],[431],[519],[509],[474],[484],[486],[358],[213],[144],[34],[-147],[-359],[-506],[-540],[-581],[-547],[-399],[-156],[41],[218],[449],[677],[789],[746],[646],[473],[245],[21],[-182],[-369],[-487],[-549],[-559],[-456],[-274],[-100],[36],[159],[283],[416],[453],[421],[402],[371],[282],[180],[94],[33],[-100],[-216],[-372],[-471],[-481],[-464],[-379],[-227],[-103],[82],[233],[352],[478],[492],[453],[376],[246],[132],[64],[-60],[-202],[-276],[-303],[-291],[-226],[-85],[16],[89],[169],[228],[267],[309],[326],[233],[147],[-4],[-75],[-75],[-117],[-89],[-40],[-32],[30],[50],[104],[133],[179],[163],[139],[120],[104],[58],[17],[-9],[-103],[-187],[-216],[-206],[-215],[-179],[-125],[-125],[-110],[-75],[-34],[-55],[-110],[-188],[-224],[-251],[-307],[-331],[-353],[-402],[-370],[-256],[-128],[75],[460],[767],[804],[653],[405],[244],[20],[-306],[-496],[-514],[-599],[-784],[-722],[-371],[-20],[60],[131],[361],[546],[569],[536],[539],[515],[302],[44],[-47],[-13],[-97],[-247],[-365],[-357],[-320],[-309],[-244],[-114],[-21],[32],[122],[254],[416],[506],[511],[438],[279],[100],[-37],[-144],[-258],[-360],[-439],[-391],[-277],[-169],[-24],[164],[256],[282],[261],[283],[292],[230],[92],[40],[-29],[-116],[-152],[-134],[-137],[-174],[-173],[-147],[-78],[-42],[-33],[26],[146],[196],[216],[283],[364],[311],[166],[52],[-36],[-101],[-251],[-324],[-301],[-237],[-188],[-59],[128],[280],[321],[333],[325],[276],[175],[68],[5],[-73],[-111],[-74],[-68],[-70],[-67],[-17],[-18],[-6],[41],[105],[140],[171],[203],[169],[111],[45],[9],[-51],[-135],[-215],[-235],[-264],[-256],[-234],[-181],[-156],[-124],[-141],[-138],[-130],[-148],[-188],[-225],[-310],[-396],[-434],[-416],[-307],[-97],[318],[714],[945],[847],[660],[464],[213],[-179],[-527],[-606],[-624],[-767],[-790],[-479],[-24],[133],[164],[276],[452],[511],[351],[299],[434],[380],[155],[59],[170],[174],[-16],[-226],[-323],[-388],[-470],[-472],[-351],[-173],[-28],[105],[280],[474],[575],[547],[451],[293],[120],[-92],[-244],[-338],[-405],[-426],[-374],[-262],[-93],[32],[152],[239],[266],[280],[300],[308],[256],[188],[150],[75],[-22],[-121],[-150],[-197],[-257],[-302],[-344],[-280],[-182],[-115],[5],[176],[328],[388],[419],[432],[411],[228],[53],[-43],[-154],[-232],[-285],[-285],[-246],[-173],[-127],[-27],[132],[263],[290],[305],[304],[286],[179],[74],[58],[-16],[-95],[-117],[-121],[-81],[-52],[-4],[-15],[33],[31],[32],[86],[119],[143],[164],[108],[13],[-12],[-19],[-42],[-112],[-198],[-252],[-291],[-340],[-322],[-267],[-216],[-221],[-212],[-142],[-80],[-145],[-227],[-279],[-328],[-318],[-162],[244],[760],[1038],[898],[635],[490],[228],[-229],[-549],[-664],[-728],[-940],[-972],[-561],[5],[192],[195],[337],[563],[545],[421],[424],[541],[389],[43],[-93],[14],[59],[-101],[-294],[-342],[-351],[-449],[-442],[-227],[-57],[-16],[47],[185],[362],[488],[541],[464],[364],[156],[16],[-88],[-201],[-307],[-381],[-415],[-308],[-198],[-53],[141],[233],[275],[256],[290],[341],[306],[224],[126],[32],[-26],[-119],[-140],[-97],[-173],[-255],[-307],[-256],[-153],[-91],[-56],[43],[188],[282],[340],[418],[443],[322],[181],[89],[-47],[-150],[-284],[-332],[-299],[-250],[-152],[0],[75],[145],[210],[275],[280],[305],[289],[206],[49],[-45],[-70],[-52],[-98],[-108],[-42],[-21],[-27],[84],[181],[217],[188],[99],[84],[99],[45],[-43],[-78],[-95],[-181],[-248],[-224],[-110],[-112],[-151],[-129],[-126],[-132],[-146],[-163],[-111],[-133],[-212],[-227],[-222],[-222],[-274],[-310],[-330],[-191],[178],[627],[859],[799],[521],[347],[190],[-181],[-417],[-434],[-491],[-768],[-839],[-506],[-21],[115],[88],[283],[475],[476],[345],[406],[511],[400],[43],[-69],[26],[45],[-119],[-309],[-304],[-314],[-371],[-339],[-151],[42],[96],[78],[157],[341],[404],[386],[356],[265],[116],[1],[-43],[-98],[-151],[-186],[-207],[-188],[-149],[-46],[56],[138],[157],[172],[247],[263],[242],[179],[107],[66],[-29],[-146],[-174],[-128],[-174],[-239],[-227],[-131],[-27],[19],[66],[156],[242],[220],[200],[270],[243],[139],[78],[37],[-16],[-100],[-197],[-204],[-146],[-141],[-132],[-57],[78],[133],[165],[228],[315],[296],[274],[187],[148],[72],[-12],[-59],[-61],[-71],[-46],[-26],[-18],[-21],[-12],[-4],[1],[25],[76],[142],[130],[128],[118],[86],[20],[-30],[-96],[-138],[-170],[-175],[-183],[-143],[-154],[-187],[-213],[-214],[-193],[-239],[-278],[-283],[-274],[-295],[-320],[-330],[-338],[-96],[421],[872],[952],[704],[531],[401],[30],[-406],[-498],[-408],[-635],[-940],[-764],[-208],[120],[57],[125],[419],[511],[293],[213],[453],[504],[227],[-35],[67],[256],[97],[-146],[-226],[-273],[-411],[-497],[-397],[-195],[-62],[-50],[95],[325],[543],[590],[568],[494],[292],[111],[18],[-112],[-247],[-343],[-369],[-385],[-307],[-192],[-36],[89],[142],[154],[212],[346],[351],[298],[273],[208],[106],[-5],[-118],[-144],[-198],[-319],[-383],[-308],[-187],[-99],[22],[108],[188],[244],[263],[308],[317],[248],[142],[49],[-31],[-112],[-187],[-212],[-222],[-236],[-244],[-134],[18],[80],[136],[218],[284],[241],[267],[274],[256],[154],[26],[-28],[-49],[-137],[-163],[-109],[-115],[-154],[-95],[14],[128],[197],[205],[240],[250],[192],[133],[128],[94],[-56],[-181],[-244],[-234],[-274],[-287],[-230],[-204],[-224],[-198],[-147],[-119],[-141],[-131],[-135],[-140],[-162],[-223],[-272],[-341],[-476],[-394],[140],[706],[827],[706],[589],[531],[228],[-194],[-308],[-214],[-434],[-868],[-847],[-316],[40],[-32],[16],[319],[461],[232],[152],[405],[548],[263],[-68],[53],[317],[237],[-13],[-102],[-103],[-287],[-517],[-513],[-311],[-212],[-188],[-70],[189],[472],[577],[613],[605],[422],[180],[10],[-167],[-310],[-416],[-422],[-382],[-330],[-203],[8],[203],[202],[146],[161],[236],[234],[162],[132],[179],[148],[53],[-54],[-20],[-38],[-172],[-340],[-315],[-196],[-187],[-174],[-47],[123],[242],[260],[308],[368],[362],[194],[22],[-80],[-149],[-253],[-306],[-262],[-233],[-168],[21],[120],[231],[285],[274],[223],[144],[117],[160],[94],[16],[-7],[-9],[-55],[-87],[-69],[-26],[-53],[-130],[-116],[22],[105],[158],[240],[279],[252],[158],[111],[68],[-8],[-128],[-246],[-261],[-275],[-319],[-316],[-250],[-175],[-181],[-166],[-122],[-90],[-64],[-74],[-106],[-166],[-244],[-371],[-475],[-205],[409],[805],[797],[626],[531],[442],[11],[-331],[-311],[-237],[-596],[-922],[-624],[-6],[107],[-59],[123],[479],[389],[62],[156],[481],[418],[-48],[-140],[179],[313],[68],[-112],[-49],[-67],[-316],[-459],[-245],[-33],[-93],[-145],[10],[217],[333],[384],[464],[395],[195],[46],[-38],[-68],[-187],[-263],[-271],[-279],[-261],[-141],[72],[168],[160],[123],[203],[267],[228],[173],[205],[169],[29],[-82],[-97],[-46],[-96],[-209],[-257],[-179],[-92],[-68],[-58],[66],[186],[173],[161],[250],[336],[236],[92],[2],[-13],[-88],[-157],[-199],[-180],[-141],[-115],[-84],[-14],[99],[193],[222],[254],[298],[273],[178],[65],[12],[-58],[-142],[-175],[-144],[-76],[-37],[21],[65],[141],[135],[91],[90],[93],[62],[33],[49],[37],[35],[0],[-21],[-79],[-118],[-207],[-271],[-280],[-248],[-237],[-246],[-192],[-136],[-108],[-108],[-120],[-186],[-268],[-402],[-506],[-109],[633],[1005],[942],[733],[697],[465],[-146],[-464],[-340],[-338],[-819],[-1118],[-668],[8],[82],[-43],[232],[558],[351],[20],[222],[594],[417],[-49],[-98],[182],[170],[-64],[-159],[-93],[-222],[-507],[-514],[-220],[26],[27],[62],[237],[316],[309],[384],[444],[294],[24],[-103],[-140],[-198],[-252],[-226],[-195],[-216],[-255],[-104],[105],[182],[161],[141],[243],[336],[309],[257],[314],[228],[12],[-162],[-187],[-151],[-189],[-323],[-319],[-215],[-116],[-61],[52],[208],[265],[185],[173],[222],[282],[216],[170],[91],[8],[-63],[-127],[-126],[-111],[-146],[-165],[-136],[-67],[42],[116],[168],[230],[241],[202],[204],[146],[75],[10],[-67],[-117],[-122],[-90],[-37],[-10],[6],[43],[55],[5],[33],[41],[26],[13],[34],[43],[43],[9],[-15],[-68],[-94],[-176],[-201],[-222],[-203],[-201],[-285],[-308],[-302],[-312],[-363],[-416],[-503],[-450],[50],[772],[1105],[1035],[886],[868],[511],[-67],[-380],[-318],[-513],[-1054],[-1168],[-655],[-195],[-211],[-186],[248],[496],[257],[114],[437],[711],[460],[104],[205],[386],[182],[-156],[-265],[-232],[-441],[-749],[-669],[-325],[-148],[-86],[65],[340],[514],[532],[570],[584],[443],[109],[-59],[-137],[-222],[-299],[-344],[-327],[-314],[-296],[-177],[-12],[80],[66],[109],[194],[341],[364],[434],[449],[369],[224],[53],[-83],[-165],[-303],[-453],[-468],[-403],[-287],[-145],[-6],[162],[261],[271],[324],[348],[327],[210],[115],[47],[3],[-22],[-52],[-28],[-36],[-135],[-210],[-185],[-140],[-87],[-16],[113],[214],[267],[292],[251],[249],[166],[33],[-80],[-136],[-156],[-189],[-219],[-178],[-119],[-49],[22],[94],[138],[138],[73],[28],[93],[129],[74],[-27],[-71],[-137],[-230],[-325],[-351],[-309],[-308],[-363],[-368],[-335],[-344],[-411],[-191],[379],[829],[833],[722],[734],[635],[184],[-181],[-188],[-209],[-603],[-966],[-765],[-316],[-214],[-286],[-19],[309],[222],[34],[220],[568],[533],[225],[130],[291],[250],[10],[-75],[-34],[-224],[-553],[-613],[-423],[-292],[-305],[-158],[69],[214],[296],[457],[643],[585],[377],[189],[143],[83],[-109],[-199],[-191],[-280],[-408],[-366],[-216],[-90],[-35],[-30],[107],[207],[268],[354],[368],[338],[236],[139],[77],[40],[-57],[-152],[-232],[-319],[-351],[-279],[-164],[-36],[11],[48],[125],[241],[280],[292],[306],[300],[218],[139],[110],[77],[-81],[-263],[-342],[-325],[-310],[-238],[-86],[56],[170],[172],[236],[312],[305],[206],[126],[57],[-17],[-92],[-83],[-53],[-108],[-212],[-219],[-159],[-113],[-107],[-58],[44],[105],[105],[91],[153],[173],[19],[-148],[-244],[-288],[-332],[-375],[-350],[-300],[-313],[-375],[-357],[-24],[513],[836],[835],[709],[634],[457],[77],[-207],[-238],[-316],[-656],[-887],[-695],[-286],[-116],[-149],[8],[255],[233],[144],[340],[589],[537],[252],[141],[201],[131],[-36],[-195],[-268],[-445],[-605],[-556],[-310],[-92],[-38],[77],[276],[339],[360],[472],[509],[350],[88],[-54],[-80],[-95],[-136],[-146],[-99],[-93],[-130],[-70],[22],[48],[27],[8],[29],[90],[182],[293],[317],[286],[202],[145],[21],[-86],[-170],[-226],[-275],[-307],[-252],[-125],[48],[157],[200],[287],[307],[294],[294],[267],[212],[106],[-19],[-96],[-95],[-163],[-221],[-255],[-239],[-235],[-196],[-71],[114],[190],[225],[244],[284],[242],[149],[68],[34],[-69],[-207],[-283],[-258],[-193],[-209],[-172],[-67],[-4],[50],[117],[147],[164],[99],[34],[-63],[-161],[-264],[-340],[-400],[-423],[-433],[-404],[-324],[-24],[444],[726],[757],[685],[617],[442],[171],[-75],[-103],[-209],[-448],[-616],[-510],[-254],[-227],[-180],[-32],[123],[148],[124],[291],[452],[371],[202],[198],[204],[116],[4],[-24],[-117],[-328],[-446],[-388],[-257],[-177],[-118],[-18],[118],[210],[248],[346],[431],[324],[152],[44],[44],[-19],[-112],[-158],[-166],[-184],[-127],[-46],[46],[101],[100],[77],[87],[59],[89],[186],[209],[171],[153],[220],[199],[97],[12],[-38],[-85],[-147],[-135],[-76],[6],[53],[58],[101],[188],[190],[162],[128],[75],[-23],[-69],[-84],[-117],[-147],[-174],[-154],[-136],[-121],[-48],[52],[124],[101],[81],[96],[73],[-90],[-222],[-237],[-262],[-318],[-298],[-243],[-156],[-187],[-214],[-164],[-144],[-171],[-135],[58],[314],[481],[556],[578],[535],[401],[139],[-91],[-238],[-364],[-536],[-613],[-511],[-353],[-227],[-94],[112],[208],[256],[275],[332],[385],[337],[234],[174],[200],[146],[68],[9],[-88],[-216],[-316],[-351],[-298],[-247],[-149],[-47],[80],[179],[241],[347],[379],[357],[211],[82],[17],[-60],[-84],[-118],[-98],[-149],[-123],[-86],[5],[88],[123],[156],[228],[260],[281],[255],[213],[105],[-48],[-125],[-144],[-142],[-228],[-252],[-183],[-107],[-19],[57],[166],[264],[238],[200],[213],[169],[64],[-28],[-118],[-198],[-273],[-347],[-326],[-299],[-293],[-254],[-179],[-94],[3],[16],[27],[28],[-24],[-162],[-248],[-298],[-324],[-200],[106],[406],[552],[510],[400],[278],[71],[-189],[-278],[-301],[-346],[-410],[-363],[-162],[28],[62],[80],[170],[180],[138],[115],[175],[248],[219],[140],[158],[160],[140],[18],[-90],[-175],[-327],[-407],[-311],[-207],[-106],[11],[113],[192],[243],[255],[257],[259],[134],[13],[-8],[53],[31],[4],[-43],[-32],[-53],[-70],[-20],[69],[114],[121],[180],[253],[337],[344],[317],[209],[81],[-50],[-166],[-208],[-173],[-191],[-183],[-133],[-18],[94],[162],[211],[248],[229],[134],[83],[100],[52],[-70],[-174],[-208],[-278],[-316],[-296],[-247],[-206],[-204],[-158],[-61],[-43],[-53],[-88],[-67],[-107],[-188],[-231],[-266],[-264],[-231],[-66],[278],[560],[609],[494],[365],[253],[-26],[-251],[-264],[-195],[-253],[-386],[-294],[-78],[37],[-28],[-30],[36],[32],[12],[68],[192],[246],[208],[197],[194],[136],[66],[-21],[-80],[-221],[-351],[-311],[-164],[-106],[3],[115],[232],[269],[204],[202],[261],[206],[84],[62],[57],[47],[10],[-47],[-54],[-92],[-173],[-172],[-60],[52],[152],[242],[330],[362],[350],[281],[177],[63],[-80],[-179],[-242],[-229],[-152],[-127],[-102],[-34],[31],[42],[81],[56],[25],[27],[-18],[-26],[-33],[-51],[-108],[-163],[-208],[-212],[-257],[-261],[-257],[-247],[-262],[-264],[-256],[-191],[53],[416],[668],[588],[482],[373],[215],[-71],[-260],[-231],[-193],[-362],[-474],[-283],[-40],[41],[9],[70],[148],[109],[63],[169],[320],[241],[186],[230],[226],[123],[41],[54],[-35],[-223],[-295],[-190],[-38],[-31],[-23],[68],[225],[268],[184],[182],[258],[181],[49],[33],[76],[66],[-55],[-77],[-103],[-120],[-128],[-37],[67],[136],[113],[180],[248],[259],[176],[83],[-11],[-119],[-264],[-286],[-239],[-150],[-111],[-101],[-4],[64],[92],[57],[46],[56],[31],[-39],[-29],[14],[-38],[-116],[-177],[-225],[-274],[-384],[-398],[-395],[-391],[-291],[18],[365],[572],[611],[601],[511],[283],[3],[-205],[-284],[-384],[-507],[-515],[-332],[-108],[-26],[24],[106],[120],[102],[112],[226],[326],[323],[321],[353],[326],[250],[205],[90],[-89],[-251],[-357],[-290],[-150],[-61],[62],[219],[277],[317],[306],[281],[245],[109],[-14],[-29],[-78],[-37],[5],[45],[76],[59],[82],[83],[100],[124],[114],[107],[104],[63],[36],[-31],[-115],[-196],[-228],[-259],[-290],[-267],[-189],[-141],[-86],[11],[41],[69],[51],[21],[-31],[-61],[-163],[-250],[-287],[-270],[-229],[-96],[84],[169],[205],[210],[171],[114],[32],[-9],[9],[-58],[-111],[-101],[-83],[-59],[-85],[-92],[-62],[-75],[-30],[90],[225],[275],[289],[291],[267],[141],[16],[-6],[-56],[-108],[-103],[17],[127],[173],[196],[217],[166],[60],[-26],[-62],[-60],[-74],[-80],[-46],[30],[39],[35],[81],[76],[60],[39],[68],[98],[115],[113],[144],[114],[101],[59],[-50],[-132],[-157],[-218],[-273],[-243],[-203],[-149],[-72],[-20],[9],[65],[22],[0],[-43],[-93],[-114],[-143],[-158],[-114],[-16],[74],[147],[204],[226],[170],[94],[54],[43],[-44],[-115],[-126],[-114],[-143],[-136],[-64],[-21],[-28],[-27],[19],[128],[177],[186],[232],[243],[224],[159],[110],[88],[33],[-47],[-102],[-99],[-120],[-109],[-60],[13],[25],[37],[96],[97],[101],[116],[89],[96],[108],[25],[3],[-15],[-72],[-125],[-115],[-90],[-80],[-82],[-58],[34],[58],[28],[48],[58],[31],[-7],[-32],[-77],[-95],[-123],[-161],[-133],[-127],[-115],[-90],[-86],[-32],[41],[30],[6],[42],[28],[25],[-29],[-27],[26],[89],[86],[117],[127],[83],[-3],[-48],[-37],[-35],[-72],[-83],[-40],[-33],[16],[37],[27],[30],[19],[-6],[4],[82],[105],[106],[110],[145],[138],[180],[152],[117],[93],[67],[2],[-31],[-37],[-22],[-38],[-61],[-58],[-56],[-36],[40],[58],[42],[37],[13],[29],[34],[11],[5],[27],[16],[-29],[-19],[-22],[-38],[-75],[-92],[-118],[-132],[-141],[-119],[-116],[-117],[-124],[-116],[-61],[-39],[-28],[-10],[-24],[-24],[-16],[5],[-12],[19],[-24],[-64],[-35],[-21],[-8],[-5],[-6],[-17],[14],[0],[22],[82],[121],[104],[84],[122],[118],[90],[27],[-12],[-28],[-82],[-80],[-52],[4],[40],[62],[53],[75],[104],[80],[77],[102],[77],[57],[88],[129],[130],[109],[104],[59],[-4],[-46],[-48],[-13],[-46],[-54],[-30],[-12],[22],[2],[34],[9],[-22],[-45],[-47],[0],[22],[17],[38],[51],[10],[-16],[5],[-4],[-38],[-63],[-95],[-143],[-148],[-159],[-149],[-98],[-40],[-28],[13],[90],[138],[120],[82],[71],[1],[-59],[-77],[-63],[-52],[-53],[-13],[3],[25],[78],[72],[65],[83],[81],[61],[85],[90],[70],[59],[44],[36],[57],[29],[-3],[0],[4],[4],[21],[66],[72],[91],[98],[58],[48],[91],[47],[17],[-15],[-12],[-22],[-22],[0],[14],[36],[80],[69],[45],[60],[63],[10],[-55],[-60],[-72],[-95],[-112],[-116],[-98],[-76],[-108],[-102],[-47],[-43],[-30],[19],[42],[62],[41],[31],[20],[41],[-9],[-38],[-54],[-71],[-51],[-71],[-54],[-19],[0],[34],[37],[48],[101],[83],[74],[85],[58],[30],[34],[19],[72],[74],[57],[64],[100],[68],[50],[34],[45],[84],[78],[83],[120],[100],[75],[90],[66],[40],[30],[13],[-22],[-17],[6],[16],[80],[85],[86],[99],[62],[19],[3],[-44],[-68],[-44],[-31],[-14],[17],[72],[38],[30],[51],[30],[13],[-16],[-22],[-38],[-39],[-93],[-101],[-94],[-135],[-170],[-148],[-148],[-130],[-110],[-68],[-21],[4],[36],[19],[64],[83],[48],[16],[42],[0],[-67],[-112],[-107],[-117],[-133],[-142],[-133],[-84],[-65],[-39],[9],[46],[82],[132],[117],[100],[126],[135],[93],[62],[62],[37],[11],[12],[26],[46],[32],[92],[105],[102],[99],[97],[62],[44],[14],[38],[67],[51],[12],[28],[16],[8],[-4],[-3],[-5],[-6],[12],[15],[53],[89],[115],[66],[83],[40],[-4],[-11],[-31],[-53],[-100],[-109],[-114],[-68],[-69],[-61],[-22],[-24],[-10],[-23],[21],[57],[61],[44],[43],[30],[-9],[-45],[-62],[-84],[-100],[-136],[-108],[-36],[-34],[11],[14],[18],[-3],[2],[31],[77],[46],[9],[27],[23],[12],[17],[2],[2],[-15],[-68],[-80],[-8],[-7],[-21],[8],[26],[54],[36],[67],[50],[44],[13],[3],[3],[-3],[17],[2],[11],[-22],[-52],[-58],[-38],[-17],[6],[39],[41],[60],[113],[84],[95],[59],[33],[26],[-44],[-38],[-43],[-35],[-7],[-18],[-12],[12],[12],[19],[59],[35],[25],[12],[3],[-7],[20],[-14],[-36],[-40],[-52],[-55],[-27],[3],[26],[2],[19],[50],[52],[40],[68],[71],[35],[-15],[15],[-8],[-23],[-12],[-28],[-21],[13],[-8],[30],[45],[26],[14],[27],[19],[19],[22],[6],[-20],[-19],[-20],[-13],[14],[20],[18],[-10],[-34],[-8],[7],[18],[40],[21],[17],[24],[32],[16],[43],[-13],[-74],[-69],[-68],[-55],[-39],[10],[10],[28],[40],[76],[80],[40],[-18],[-39],[-85],[-86],[-63],[-4],[18],[74],[65],[51],[68],[49],[42],[19],[-24],[-26],[-57],[-40],[14],[24],[20],[56],[35],[58],[56],[40],[38],[45],[19],[-13],[-28],[13],[-20],[-33],[3],[-24],[0],[-27],[-32],[1],[-6],[11],[29],[46],[64],[66],[91],[55],[42],[49],[4],[-34],[-23],[-43],[-64],[-68],[-42],[-39],[-30],[5],[33],[30],[68],[65],[24],[4],[-16],[-6],[-36],[-63],[-50],[-53],[-18],[-20],[-8],[37],[29],[18],[50],[52],[26],[16],[5],[-32],[-37],[-15],[-28],[-26],[-11],[16],[1],[-11],[0],[-3],[10],[-12],[10],[21],[27],[49],[83],[49],[13],[17],[3],[16],[-3],[-4],[29],[-11],[-5],[-12],[5],[17],[-28],[-19],[-8],[36],[53],[66],[86],[114],[82],[67],[66],[80],[44],[4],[-13],[-49],[-53],[-54],[-33],[-62],[-74],[-47],[-72],[-45],[-8],[59],[51],[30],[53],[49],[50],[11],[-5],[-23],[-45],[-87],[-63],[-34],[-34],[-45],[-13],[-15],[-21],[-7],[7],[-11],[-6],[4],[42],[30],[70],[74],[58],[55],[20],[5],[21],[-23],[-61],[-63],[-32],[-29],[10],[42],[98],[79],[56],[57],[86],[54],[45],[67],[41],[4],[-8],[22],[16],[-6],[5],[-14],[-11],[-6],[27],[29],[42],[64],[53],[57],[101],[106],[70],[41],[58],[21],[-21],[-28],[3],[-16],[-31],[-13],[20],[8],[-21],[-11],[-36],[-26],[-36],[-31],[-11],[29],[26],[74],[53],[25],[34],[-16],[-61],[-96],[-126],[-100],[-101],[-86],[-54],[-4],[24],[19],[16],[40],[1],[-45],[-63],[-38],[-53],[-32],[-8],[36],[17],[7],[0],[18],[-12],[-26],[16],[20],[17],[74],[112],[106],[82],[57],[24],[32],[-47],[-64],[-72],[-79],[-57],[-38],[22],[94],[101],[101],[91],[73],[72],[32],[12],[9],[17],[-6],[2],[10],[0],[14],[-19],[-38],[-39],[-6],[12],[22],[40],[63],[46],[44],[56],[17],[-9],[-6],[-22],[-55],[-61],[-28],[-30],[-27],[-3],[-21],[-15],[-18],[-33],[-39],[-22],[-8],[-6],[8],[48],[46],[52],[52],[50],[2],[3],[-37],[-78],[-60],[-62],[-54],[-45],[-30],[16],[29],[38],[34],[21],[22],[38],[18],[12],[56],[59],[24],[18],[41],[13],[-16],[-8],[14],[-4],[-13],[2],[38],[72],[46],[33],[51],[24],[-6],[15],[-23],[-19],[-26],[-32],[16],[36],[19],[36],[25],[16],[41],[12],[-13],[-7],[-13],[-20],[-24],[5],[-3],[-23],[-32],[-18],[-25],[1],[-7],[-16],[-22],[-6],[-7],[2],[24],[5],[11],[29],[-9],[-32],[-28],[-46],[-24],[-58],[-31],[-23],[2],[27],[17],[51],[35],[32],[46],[19],[-2],[11],[-6],[11],[-3],[4],[34],[18],[27],[65],[37],[48],[30],[16],[8],[2],[18],[14],[25],[54],[49],[51],[56],[74],[46],[29],[32],[44],[25],[32],[45],[19],[-6],[11],[-8],[-18],[1],[-26],[-49],[-40],[-38],[-39],[-40],[8],[25],[32],[59],[30],[10],[26],[18],[-11],[-21],[-20],[1],[-37],[-53],[-30],[-12],[-27],[-35],[-18],[-9],[10],[8],[-4],[2],[19],[3],[-5],[25],[10],[-7],[12],[6],[-17],[-16],[-21],[0],[-23],[-16],[3],[28],[8],[19],[29],[12],[-36],[-28],[-10],[-7],[-9],[19],[12],[2],[-10],[-8],[8],[21],[-10],[20],[-7],[6],[31],[26],[41],[42],[53],[58],[84],[74],[59],[46],[54],[24],[11],[20],[-11],[-24],[-19],[-5],[-37],[-39],[-4],[-13],[-24],[-7],[-7],[5],[14],[33],[65],[97],[75],[91],[59],[26],[26],[-19],[-44],[-22],[-51],[-63],[-40],[1],[-14],[-16],[20],[4],[-12],[-5],[40],[28],[35],[22],[56],[40],[29],[40],[17],[9],[-7],[-8],[-21],[-10],[-7],[5],[21],[36],[59],[33],[13],[33],[15],[-14],[-24],[8],[-18],[0],[3],[-3],[5],[-10],[-15],[1],[16],[9],[-3],[26],[22],[21],[20],[14],[22],[1],[-38],[-48],[-59],[-49],[-43],[-31],[-9],[-12],[24],[29],[33],[22],[39],[18],[-5],[-15],[8],[1],[-5],[5],[19],[25],[45],[17],[10],[2],[24],[10],[12],[42],[54],[37],[27],[42],[21],[6],[5],[-12],[24],[9],[3],[21],[59],[51],[46],[80],[70],[48],[40],[69],[45],[22],[34],[19],[17],[20],[6],[29],[25],[48],[9],[12],[5],[-14],[-30],[-10],[0],[28],[8],[22],[38],[35],[21],[10],[20],[22],[2],[-10],[0],[-13],[-19],[-18],[12],[-5],[-13],[-11],[-14],[-6],[12],[21],[24],[12],[6],[-12],[-39],[-28],[-49],[-39],[-20],[-30],[-23],[46],[37],[14],[25],[28],[-4],[-31],[0],[-10],[20],[17],[10],[34],[66],[44],[14],[19],[-4],[-17],[-26],[-20],[-15],[-7],[3],[38],[29],[23],[28],[33],[11],[7],[27],[7],[-7],[21],[36],[14],[28],[34],[23],[31],[22],[-5],[-11],[-23],[0],[-13],[-16],[20],[6],[0],[15],[0],[14],[-12],[-23],[-21],[-31],[-21],[-28],[-24],[-18],[-13],[-30],[-29],[4],[6],[-11],[-14],[24],[1],[16],[6],[22],[-11],[-23],[-27],[-19],[9],[-4],[-4],[13],[16],[4],[0],[23],[-13],[-27],[-16],[5],[41],[19],[52],[56],[52],[67],[27],[2],[-6],[-21],[1],[-18],[5],[38],[18],[50],[35],[20],[48],[9],[2],[-6],[20],[1],[25],[24],[58],[37],[33],[29],[39],[24],[37],[37],[3],[25],[-10],[-21],[-26],[-27],[1],[14],[-4],[9],[38],[14],[21],[-11],[-28],[-12],[-27],[-39],[-35],[-7],[-18],[-24],[-19],[-8],[-17],[16],[-5],[6],[16],[21],[27],[52],[36],[29],[9],[7],[-28],[-35],[-65],[-69],[-45],[-51],[5],[15],[19],[30],[43],[36],[66],[43],[21],[29],[7],[14],[52],[27],[30],[31],[31],[32],[28],[6],[8],[27],[3],[-11],[13],[-3],[-28],[-20],[-13],[-19],[1],[18],[13],[29],[56],[35],[52],[44],[29],[38],[24],[9],[2],[-3],[13],[-12],[16],[2],[-21],[-20],[-30],[2],[-11],[-22],[-22],[11],[-3],[-5],[33],[22],[14],[48],[14],[-24],[-20],[-12],[-26],[-36],[10],[21],[24],[26],[62],[44],[12],[-10],[-24],[-10],[-33],[-41],[-17],[-30],[-38],[-29],[-19],[21],[4],[-11],[-3],[-4],[28],[49],[46],[41],[59],[33],[35],[52],[5],[13],[-19],[-38],[-53],[-12],[-25],[-13],[1],[17],[17],[6],[20],[8],[5],[-11],[4],[-12],[-6],[42],[30],[57],[37],[31],[47],[11],[11],[3],[-12],[-18],[11],[-4],[9],[10],[-5],[-21],[-23],[-39],[1],[5],[10],[25],[51],[26],[21],[29],[41],[6],[-22],[0],[4],[-4],[16],[57],[41],[20],[5],[22],[8],[-20],[-39],[-18],[-35],[-40],[-11],[14],[7],[2],[24],[10],[-14],[-15],[13],[-6],[-7],[21],[12],[1],[18],[2],[-22],[-6],[-43],[-64],[-43],[-49],[-35],[25],[17],[51],[33],[15],[41],[5],[-12],[-18],[10],[-21],[-36],[-8],[-20],[-13],[13],[-8],[-7],[3],[11],[43],[38],[30],[48],[53],[37],[25],[26],[-7],[-27],[0],[-31],[-54],[-40],[-14],[-19],[-15],[24],[46],[30],[32],[54],[32],[6],[0],[1],[3],[27],[11],[13],[36],[-5],[-21],[-35],[-38],[-26],[-44],[-26],[21],[20],[10],[24],[10],[2],[-12],[-15],[-12],[-15],[9],[-6],[12],[28],[53],[35],[12],[-6],[17],[6],[-11],[21],[17],[-7],[13],[7],[25],[16],[5],[14],[-14],[-32],[0],[1],[31],[19],[10],[10],[25],[1],[1],[25],[4],[-12],[5],[50],[42],[29],[40],[30],[1],[-23],[-28],[-31],[-39],[-22],[-25],[-16],[37],[36],[31],[33],[50],[22],[9],[8],[-18],[18],[-14],[-3],[-18],[-18],[18],[-3],[-15],[3],[-13],[-11],[17],[-7],[-22],[18],[-15],[-16],[-11],[-3],[-4],[-8],[-8],[-15],[24],[-15],[-5],[-19],[-22],[6],[-4],[0],[45],[37],[27],[24],[42],[22],[11],[20],[31],[19],[28],[43],[18],[14],[10],[22],[2],[1],[9],[13],[40],[25],[12],[28],[35],[19],[20],[40],[18],[18],[22],[19],[19],[21],[19],[29],[-11],[-23],[5],[-7],[-20],[-12],[18],[13],[4],[50],[43],[28],[41],[17],[-3],[4],[10],[-12],[-14],[2],[19],[-7],[21],[15],[12],[29],[15],[9],[29],[8],[9],[12],[36],[34],[9],[19],[3],[-3],[-29],[-37],[-21],[-40],[0],[-5],[-5],[44],[30],[17],[24],[52],[21],[24],[17],[21],[-12],[-16],[-21],[1],[-36],[-39],[-24],[-30],[-15],[33],[26],[12],[32],[41],[21],[25],[37],[10],[7],[-27],[5],[1],[-13],[22],[-12],[10],[2],[4],[40],[27],[35],[48],[21],[-4],[28],[0],[4],[-22],[6],[-7],[-21],[-19],[-11],[25],[-6],[-16],[12],[8],[16],[41],[28],[16],[44],[40],[30],[28],[17],[18],[16],[-9],[32],[5],[25],[2],[3],[-8],[19],[4],[35],[2],[-14],[24],[2],[3],[29],[8],[8],[-4],[19],[8],[1],[6],[29],[8],[13],[10],[34],[28],[19],[58],[30],[1],[-13],[11],[-17],[-38],[-28],[-38],[-10],[-21],[-12],[30],[14],[-12],[-11],[21],[6],[-15],[-12],[4],[-12],[-19],[1],[-5],[5],[27],[6],[-13],[1],[-12],[18],[-14],[-7],[-24],[1],[-18],[-26],[3],[-21],[-11],[4],[-15],[4],[-10],[5],[40],[21],[10],[24],[41],[27],[14],[43],[9],[25],[-5],[-13],[18],[20],[10],[14],[27],[27],[5],[37],[16],[0],[0],[25],[1],[2],[12],[16],[41],[16],[44],[32],[12],[8],[14],[-11],[-22],[1],[-3],[-5],[22],[28],[11],[0],[-5],[23],[-17],[1],[-21],[-14],[20],[18],[4],[42],[21],[-7],[-15],[-24],[-28],[-29],[0],[-29],[4],[9],[1],[0],[32],[16],[-8],[-27],[4],[-13],[-21],[-4],[3],[-11],[32],[19],[3],[3],[25],[-4],[-27],[0],[-7],[-10],[26],[19],[19],[59],[29],[26],[32],[42],[18],[35],[21],[7],[9],[37],[27],[25],[42],[41],[25],[24],[43],[16],[-5],[27],[2],[-13],[24],[29],[20],[0],[26],[15],[6],[22],[11],[9],[45],[32],[19],[22],[18],[15],[28],[-5],[-9],[-18],[-21],[-23],[2],[-15],[-21],[11],[5],[5],[31],[14],[-13],[19],[8],[-9],[23],[6],[-8],[30],[13],[-10],[-11],[-8],[2],[-21],[-5],[10],[-8],[-11],[17],[31],[12],[9],[31],[6],[-5],[9],[-13],[-23],[0],[-11],[0],[27],[15],[-4],[8],[3],[38],[27],[16],[24],[56],[39],[26],[38],[40],[13],[-19],[2],[-8],[-15],[2],[20],[12],[12],[11],[40],[31],[20],[8],[23],[-7],[-3],[-3],[-6],[18],[-10],[-4],[8],[-8],[-19],[-16],[8],[-15],[-17],[-19],[-12],[-6],[-5],[-11],[26],[17],[-6],[0],[-15],[12],[2],[-18],[-16],[1],[-13],[16],[9],[-3],[19],[26],[9],[-5],[34],[19],[-13],[-11],[11],[2],[-7],[12],[25],[10],[-11],[-8],[-8],[3],[38],[21],[2],[-3],[19],[-3],[-12],[21],[11],[-3],[5],[36],[34],[25],[32],[31],[57],[18],[9],[3],[25],[0],[-4],[23],[11],[0],[28],[22],[3],[17],[27],[9],[-8],[16],[21],[8],[15],[45],[35],[12],[23],[12],[-10],[8],[-5],[-7],[3],[3],[-15],[12],[-3],[-7],[16],[-11],[-26],[-8],[-4],[-16],[-10],[14],[-10],[1],[28],[29],[4],[8],[5],[9],[-7],[31],[24],[10],[2],[19],[-8],[-7],[18],[-12],[2],[3],[4],[6],[9],[44],[31],[13],[35],[18],[-8],[-11],[13],[-3],[-13],[11],[4],[10],[15],[20],[18],[10],[24],[12],[17],[17],[20],[45],[29],[12],[19],[28],[9],[-13],[-19],[-7],[-14],[4],[37],[35],[26],[46],[47],[11],[36],[18],[-4],[20],[3],[-7],[0],[26],[0],[33],[19],[-7],[-3],[5],[-7],[-19],[9],[23],[22],[17],[48],[51],[37],[20],[16],[-14],[12],[-17],[-16],[4],[-4],[33],[16],[9],[43],[12],[32],[10],[-10],[0],[22],[12],[10],[21],[26],[24],[10],[25],[5],[-7],[-12],[-28],[12],[10],[-7],[18],[19],[26],[22],[-3],[18],[27],[0],[-4],[2],[36],[18],[-3],[4],[40],[8],[26],[10],[3],[0],[8],[-7],[-15],[29],[-4],[0],[21],[10],[3],[21],[6],[-15],[-12],[-3],[-20],[-19],[-16],[13],[8],[3],[2],[4],[5],[0],[27],[15],[4],[5],[32],[17],[0],[4],[-7],[14],[-14],[-14],[-11],[-11],[27],[20],[14],[20],[50],[39],[26],[24],[44],[12],[5],[27],[8],[-13],[16],[4],[-11],[-12],[-5],[17],[40],[26],[29],[60],[49],[21],[13],[19],[14],[2],[-8],[-11],[2],[-15],[18],[-12],[-13],[12],[-14],[-11],[28],[5],[4],[28],[8],[12],[5],[21],[8],[7],[24],[4],[-11],[-10],[18],[-10],[21],[5],[-17],[22],[12],[4],[-3],[20],[8],[-4],[13],[19],[12],[-5],[-14],[-16],[10],[-6],[24],[10],[-4],[6],[4],[29],[14],[3],[0],[-7],[15],[4],[0],[-6],[-11],[-12],[-10],[-5],[3],[33],[21],[5],[20],[30],[5],[1],[3],[-4],[6],[8],[-10],[-16],[20],[1],[-10],[16],[24],[5],[-7],[-4],[0],[0],[-6],[1],[33],[13],[-12],[8],[-18],[-19],[-22],[-23],[-16],[-12],[-8],[-7],[5],[8],[6],[25],[9],[-3],[0],[16],[-5],[-6],[27],[5],[-15],[0],[11],[-5],[-12],[9],[25],[14],[-3],[29],[17],[4],[16],[8],[0],[0],[1],[5],[-11],[20],[1],[2],[25],[6],[-6],[0],[-4],[-16],[-15],[19],[2],[-4],[25],[12],[3],[20],[29],[12],[5],[1],[-27],[8],[-32],[-31],[-9],[-24],[-5],[6],[-12],[14],[-13],[9],[-4],[2],[32],[20],[12],[18],[46],[14],[1],[-14],[-5],[-34],[-34],[-14],[-35],[-16],[-21],[9],[30],[14],[9],[6],[-8],[4],[16],[5],[-7],[30],[9],[-8],[10],[0],[32],[-3],[-19],[-4],[-18],[-26],[-12],[10],[0],[11],[16],[16],[26],[21],[28],[-10],[-10],[-8],[11],[-3],[-7],[18],[25],[9],[7],[8],[5],[5],[9],[21],[3],[26],[8],[24],[4],[0],[21],[-13],[-11],[-3],[28],[18],[10],[21],[23],[20],[19],[46],[0],[-14],[-16],[-18],[0],[2],[-22],[-18],[13],[3],[-9],[17],[30],[14],[0],[16],[11],[12],[1],[-3],[18],[-10],[16],[6],[-16],[-28],[-8],[-17],[-29],[3],[-11],[1],[42],[31],[13],[11],[36],[22],[9],[6],[17],[-4],[-4],[26],[5],[-9],[10],[-12],[14],[-4],[-23],[-27],[-4],[-13],[0],[9],[25],[41],[36],[61],[47],[28],[13],[27],[8],[-14],[-15],[10],[-16],[25],[14],[3],[15],[17],[20],[23],[50],[33],[27],[49],[38],[17],[5],[31],[12],[-4],[-5],[25],[16],[9],[14],[16],[20],[23],[22],[19],[45],[20],[2],[16],[17],[3],[0],[-3],[-6],[-3],[9],[-11],[26],[22],[13],[12],[33],[15],[-5],[-7],[17],[3],[-12],[-9],[-8],[-7],[-4],[-5],[-8],[-11],[-7],[4],[12],[0],[3],[4],[24],[5],[2],[35],[0],[16],[-5],[-15],[-7],[-7],[-3],[-10],[-14],[-11],[23],[4],[35],[16],[33],[22],[48],[18],[15],[8],[-8],[2],[-12],[-11],[20],[11],[-3],[3],[24],[2],[13],[34],[20],[6],[25],[37],[11],[9],[29],[14],[11],[29],[13],[-3],[-4],[15],[3],[12],[40],[14],[17],[44],[25],[-4],[-7],[21],[4],[-15],[6],[2],[6],[34],[8],[0],[-8],[22],[4],[-10],[29],[22],[10],[8],[29],[8],[-5],[18],[17],[-6],[-22],[-17],[4],[-11],[-4],[33],[20],[5],[2],[3],[-4],[22],[9],[0],[29],[18],[7],[12],[9],[18],[3],[18],[18],[3],[-8],[25],[0],[0],[8],[48],[31],[11],[13],[4],[19],[-3],[-12],[25],[10],[-7],[-3],[29],[13],[2],[2],[31],[12],[2],[32],[23],[3],[-8],[-7],[17],[0],[-16],[0],[11],[-19],[13],[0],[-11],[-5],[-7],[13],[1],[16],[24],[-6],[-15],[10],[6],[-7],[-7],[21],[9],[-6],[9],[17],[-15],[2],[-10],[-20],[13],[6],[-3],[4],[13],[-7],[-6],[27],[3],[-19],[20],[0],[0],[21],[13],[10],[11],[15],[0],[8],[12],[-15],[1],[11],[-13],[13],[29],[4],[24],[24],[4],[-5],[-14],[-13],[-10],[-5],[-3],[22],[10],[13],[41],[12],[9],[20],[-5],[9],[18],[8],[0],[-6],[-4],[8],[5],[27],[0],[-3],[18],[-14],[-13],[21],[-6],[19],[0],[6],[4],[4],[8],[12],[8],[30],[12],[-10],[-12],[4],[-7],[-16],[13],[-6],[-12],[26],[10],[-9],[-8],[11],[-13],[1],[-14],[7],[-11],[-3],[13],[5],[-7],[18],[9],[-11],[18],[-4],[-14],[-15],[17],[-12],[9],[-4],[8],[33],[12],[6],[16],[-4],[24],[5],[-8],[-7],[20],[1],[-12],[16],[10],[29],[15],[10],[6],[20],[28],[5],[8],[8],[19],[2],[1],[15],[16],[-5],[-8],[16],[-13],[-15],[-12],[12],[-7],[29],[5],[4],[17],[3],[25],[10],[1],[12],[18],[4],[4],[26],[13],[3],[6],[29],[9],[-7],[10],[13],[-3],[-3],[-8],[27],[-7],[8],[10],[-14],[-14],[-3],[-16],[24],[11],[5],[6],[25],[0],[-5],[22],[1],[0],[22],[10],[0],[36],[19],[6],[5],[31],[4],[0],[28],[14],[-12],[6],[5],[-12],[-8],[-3],[-18],[16],[-6],[-3],[25],[12],[11],[10],[20],[4],[9],[19],[4],[-5],[-14],[12],[0],[-18],[-12],[26],[16],[-4],[12],[6],[32],[28],[14],[3],[4],[0],[7],[-10],[29],[5],[-13],[24],[-3],[32],[16],[-4],[-7],[22],[-5],[-6],[28],[16],[3],[9],[36],[19],[5],[18],[28],[13],[0],[2],[13],[4],[36],[19],[3],[16],[13],[-4],[26],[10],[-10],[11],[1],[16],[33],[22],[16],[28],[19],[17],[35],[15],[-8],[-10],[25],[0],[6],[2],[3],[16],[33],[18],[5],[20],[4],[0],[31],[19],[8],[25],[32],[15],[11],[25],[4],[20],[15],[-3],[12],[28],[10],[11],[9],[20],[2],[-5],[-6],[0],[3],[5],[8],[11],[46],[33],[21],[21],[44],[23],[1],[14],[0],[-3],[25],[13],[1],[20],[33],[19],[16],[41],[19],[2],[9],[18],[-11],[-12],[2],[-12],[8],[18],[9],[11],[21],[9],[15],[41],[5],[4],[0],[1],[28],[9],[-6],[-4],[-7],[12],[-12],[-16],[-18],[-11],[3],[8],[25],[5],[9],[16],[5],[18],[25],[-5],[-9],[20],[-14],[0],[3],[28],[14],[8],[11],[32],[16],[2],[32],[21],[-4],[-8],[-3],[0],[30],[3],[19],[10],[6],[31],[19],[5],[8],[29],[20],[8],[23],[15],[10],[37],[22],[2],[2],[6],[1],[3],[15],[8],[40],[36],[17],[11],[6],[8],[18],[7],[5],[4],[11],[10],[22],[4],[8],[21],[5],[5],[33],[19],[10],[26],[12],[9],[30],[11],[-13],[-12],[16],[-13],[16],[2],[-14],[-11],[-10],[-8],[9],[-5],[24],[-7],[-3],[5],[-12],[8],[23],[9],[-8],[12],[12],[-5],[-6],[20],[-5],[12],[-3],[-4],[24],[-5],[19],[-6],[-6],[18],[0],[-15],[2],[10],[-8],[18],[26],[14],[12],[36],[11],[-5],[27],[5],[-13],[-12],[12],[-13],[-12],[-11],[-6],[24],[2],[4],[5],[2],[32],[21],[3],[-5],[10],[13],[-3],[-16],[8],[-11],[-11],[16],[3],[-11],[9],[19],[0],[5],[0],[17],[19],[2],[0],[-14],[0],[5],[-8],[-23],[13],[-11],[-8],[13],[0],[32],[19],[1],[-5],[17],[1],[-20],[0],[8],[-15],[-14],[21],[5],[-11],[0],[17],[4],[-10],[5],[9],[-5],[16],[25],[-4],[6],[7],[30],[4],[-11],[24],[14],[-6],[29],[17],[5],[3],[28],[1],[25],[6],[-6],[12],[24],[9],[-5],[18],[27],[8],[25],[9],[8],[33],[14],[-6],[-3],[24],[-5],[1],[33],[15],[17],[43],[31],[10],[11],[9],[28],[10],[-5],[-8],[-8],[11],[-8],[16],[28],[12],[9],[10],[11],[2],[24],[21],[5],[0],[26],[0],[27],[6],[-11],[-8],[18],[0],[-9],[27],[-5],[-4],[-6],[-10],[32],[22],[2],[6],[30],[13],[-5],[33],[15],[-4],[-7],[22],[0],[-3],[1],[2],[6],[37],[21],[2],[3],[28],[11],[-12],[1],[-14],[-13],[6],[-11],[-5],[3],[-14],[21],[3],[8],[31],[11],[-11],[9],[-6],[-3],[28],[3],[5],[1],[-3],[26],[9],[-20],[0],[-4],[-16],[-7],[28],[9],[9],[16],[33],[18],[1],[13],[19],[2],[-14],[11],[15],[0],[33],[21],[11],[9],[35],[12],[0],[23],[3],[-14],[5],[14],[-7],[12],[28],[6],[3],[3],[0],[-3],[-5],[0],[-5],[-3],[13],[6],[20],[35],[16],[2],[5],[-5],[8],[-10],[10],[-4],[-6],[-4],[0],[2],[13],[20],[-5],[11],[-5],[-3],[13],[2],[2],[0],[-6],[15],[27],[9],[-5],[22],[6],[-12],[-14],[11],[-5],[-11],[25],[17],[9],[25],[30],[10],[9],[27],[3],[-12],[26],[14],[-7],[0],[3],[4],[42],[5],[8],[28],[6],[17],[26],[6],[31],[16],[2],[28],[23],[8],[5],[30],[16],[1],[3],[0],[32],[23],[14],[16],[43],[21],[16],[35],[18],[1],[3],[1],[3],[32],[22],[11],[26],[35],[14],[41],[37],[21],[19],[40],[22],[6],[5],[9],[38],[13],[18],[18],[46],[25],[23],[49],[18],[47],[28],[16],[48],[38],[22],[8],[38],[30],[16],[33],[15],[26],[14],[36],[41],[24],[25],[54],[36],[14],[10],[36],[11],[35],[8],[11],[11],[12],[36],[18],[7],[18],[8],[11],[12],[37],[20],[6],[6],[30],[12],[-4],[28],[3],[-18],[0],[7],[-7],[-5],[18],[1],[1],[28],[13],[0],[6],[-11],[5],[-13],[-6],[4],[-20],[4],[-12],[-12],[-10],[24],[13],[1],[-5],[22],[5],[-10],[-16],[13],[-16],[-14],[-11],[20],[-15],[-19],[-6],[-23],[-12],[-6],[-20],[-21],[-21],[-14],[-7],[9],[0],[0],[0],[27],[12],[-8],[0],[-15],[-12],[-24],[-26],[4],[-8],[-19],[16],[15],[1],[32],[11],[5],[28],[10],[-7],[-7],[25],[3],[2],[0],[31],[17],[5],[4],[24],[4],[-14],[2],[-13],[-5],[4],[29],[12],[-9],[12],[14],[-3],[-15],[-15],[13],[-19],[8],[-5],[0],[10],[0],[32],[0],[21],[18],[1],[-16],[18],[-12],[3],[-11],[1],[20],[6],[-7],[11],[-10],[10],[20],[-6],[13],[-7],[-7],[22],[3],[-10],[18],[0],[2],[-3],[24],[9],[-6],[10],[18],[3],[-12],[16],[-14],[-6],[-20],[12],[-22],[-20],[1],[16],[-8],[-8],[1],[0],[-7],[-7],[2],[-5],[20],[19],[2],[-14],[18],[4],[-11],[2],[-12],[0],[0],[25],[10],[-8],[-5],[-5],[-6],[20],[19],[0],[0],[20],[-5],[22],[11],[-7],[-7],[23],[10],[-7],[0],[-4],[27],[-5],[0],[-3],[12],[19],[-8],[26],[10],[-8],[-8],[17],[-11],[-15],[15],[4],[-10],[3],[24],[5],[3],[18],[25],[9],[-8],[4],[-14],[17],[12],[-6],[-6],[22],[11],[-3],[14],[18],[3],[1],[16],[-5],[12],[21],[5],[-10],[2],[12],[-8],[22],[5],[-6],[2],[0],[2],[3],[24],[6],[-7],[-6],[0],[15],[0],[13],[24],[11],[-7],[16],[20],[8],[0],[-6],[17],[-3],[-8],[17],[5],[-4],[-6],[21],[9],[2],[11],[1],[36],[8],[8],[19],[28],[4],[0],[16],[-14],[-19],[-13],[-8],[-10],[17],[-5],[-5],[25],[14],[3],[16],[25],[13],[3],[3],[21],[4],[2],[15],[2],[-4],[11],[-14],[3],[-20],[20],[12],[-5],[0],[-10],[10],[-7],[11],[24],[0],[9],[-11],[2],[13],[-4],[10],[-6],[8],[27],[0],[4],[14],[-7],[6],[-5],[-3],[-3],[21],[2],[-11],[1],[-3],[24],[12],[-4],[3],[14],[3],[4],[10],[-8],[12],[22],[10],[-6],[8],[-7],[-5],[20],[-11],[1],[-16],[2],[-8],[24],[4],[-8],[30],[17],[-3],[-6],[15],[-6],[4],[15],[-5],[-18],[6],[-7],[-17],[2],[-13],[-4],[-6],[-7],[2],[-12],[19],[11],[-11],[6],[20],[1],[12],[17],[-9],[10],[13],[-6],[-20],[13],[-4],[-14],[-14],[-16],[-13],[9],[-8],[-7],[20],[-7],[-16],[20],[4],[-13],[22],[3],[-13],[9],[-13],[16],[-4],[-16],[18],[6],[-7],[-6],[-2],[-16],[26],[14],[-10],[16],[1],[0],[19],[-10],[0],[21],[-6],[-6],[10],[-6],[2],[1],[25],[-4],[25],[12],[1],[0],[25],[-9],[1],[19],[1],[3],[34],[2],[16],[21],[3],[1],[30],[20],[4],[18],[1],[-7],[10],[-11],[2],[-15],[20],[6],[-5],[40],[10],[28],[9],[19],[5],[6],[28],[13],[0],[28],[17],[2],[1],[30],[14],[-4],[0],[20],[9],[10],[35],[13],[8],[34],[3],[35],[19],[1],[17],[2],[2],[28],[14],[3],[16],[22],[1],[-3],[17],[26],[-7],[10],[19],[0],[-4],[12],[24],[4],[34],[19],[7],[6],[32],[5],[10],[13],[5],[37],[15],[13],[29],[7],[-8],[20],[17],[-4],[15],[0],[18],[5],[18],[37],[18],[4],[21],[8],[4],[8],[26],[9],[16],[26],[8],[5],[33],[2],[21],[1],[16],[24],[1],[25],[10],[-7],[33],[19],[6],[7],[33],[18],[3],[8],[25],[1],[32],[6],[3],[28],[0],[-8],[8],[-9],[-12],[18],[13],[-7],[6],[-8],[0],[17],[6],[1],[32],[19],[2],[16],[4],[30],[21],[4],[-13],[26],[18],[-3],[2],[22],[-6],[-4],[22],[7],[32],[18],[1],[2],[4],[22],[4],[22],[10],[20],[8],[20],[27],[8],[-8],[25],[19],[8],[14],[40],[11],[22],[12],[26],[36],[14],[13],[9],[5],[9],[34],[26],[14],[6],[4],[4],[3],[8],[30],[5],[3],[29],[18],[11],[13],[39],[16],[13],[10],[30],[9],[-5],[16],[25],[13],[3],[28],[31],[10],[33],[17],[2],[16],[21],[-7],[0],[1],[-5],[25],[21],[9],[11],[37],[22],[9],[10],[27],[12],[8],[22],[6],[5],[24],[9],[7],[27],[9],[22],[6],[16],[9],[5],[32],[12],[3],[28],[31],[16],[14],[37],[24],[9],[12],[18],[29],[9],[26],[11],[14],[1],[1],[-3],[17],[1],[0],[30],[3],[0],[5],[6],[32],[16],[2],[12],[21],[9],[-6],[-7],[1],[33],[11],[-11],[28],[-5],[4],[-6],[-6],[1],[4],[0],[5],[3],[17],[1],[10],[24],[2],[32],[-5],[-7],[-6],[19],[2],[1],[30],[19],[6],[6],[6],[3],[8],[12],[-10],[30],[16],[3],[3],[27],[12],[1],[16],[21],[3],[15],[0],[26],[13],[2],[3],[19],[-4],[20],[20],[10],[8],[16],[23],[5],[6],[33],[15],[5],[8],[4],[1],[-3],[11],[-6],[-5],[-4],[-7],[27],[16],[1],[0],[33],[-3],[22],[1],[-11],[20],[6],[-8],[0],[16],[-3],[-3],[-7],[-11],[7],[-8],[0],[10],[-13],[-10],[-6],[24],[11],[-4],[-6],[17],[4],[-12],[-11],[-12],[17],[5],[-9],[0],[19],[8],[-3],[2],[18],[2],[-14],[4],[14],[1],[-16],[20],[9],[-13],[20],[-12],[-10],[4],[18],[7],[-5],[24],[17],[0],[2],[-7],[6],[14],[-11],[-11],[-12],[-13],[20],[12],[-8],[25],[12],[3],[-3],[-4],[10],[-4],[0],[5],[24],[2],[-8],[26],[13],[-3],[2],[18],[-6],[21],[8],[-5],[16],[-3],[17],[-5],[-5],[-5],[11],[19],[2],[-14],[22],[0],[1],[-6],[-7],[25],[13],[-6],[8],[19],[5],[-6],[10],[25],[10],[-7],[26],[19],[-7],[4],[-8],[25],[6],[-10],[10]]}}